Edad,Estado_residencia,Estado_nacimiento,Nombre_trabajo,Vacunado
55.13847597710812,Sinaloa,Jalisco,Médico,0
37.03590306792379,Jalisco,Jalisco,Médico,1
53.21665670707459,Jalisco,Sinaloa,Chef,0
55.47497144954125,Jalisco,Sinaloa,Policía,1
53.69281176695752,Jalisco,Jalisco,Médico,1
54.71270372434933,Jalisco,Jalisco,Médico,1
54.15822343719268,Jalisco,Sinaloa,Policía,0
54.45556510854116,Sinaloa,Sinaloa,Policía,0
54.68539479849498,Sinaloa,Sinaloa,Médico,1
54.79943206571526,Sinaloa,Sinaloa,Médico,0
55.22509937720511,Sinaloa,Sinaloa,Médico,0
49.85501420969305,Jalisco,Sinaloa,Policía,0
54.05816048607471,Sinaloa,Sinaloa,Médico,0
34.22200605189583,Jalisco,Jalisco,Médico,1
50.3752783224879,Jalisco,Sinaloa,Policía,1
51.8642307747982,Sinaloa,Jalisco,Médico,0
53.941826616062954,Sinaloa,Jalisco,Médico,0
39.34447367942279,Jalisco,Sinaloa,Médico,1
55.1893290960189,Sinaloa,Sinaloa,Policía,0
52.43037580309832,Jalisco,Sinaloa,Policía,1
50.90971848709049,Jalisco,Jalisco,Médico,1
53.22910477090972,Jalisco,Sinaloa,Médico,1
50.47627695923784,Jalisco,Sinaloa,Médico,1
60.71738002664808,Sinaloa,Sinaloa,Médico,0
53.33830660220651,Jalisco,Sinaloa,Policía,0
34.96404144070241,Jalisco,Sinaloa,Médico,1
52.623397969527694,Sinaloa,Sinaloa,Médico,1
52.058290063305805,Jalisco,Jalisco,Policía,0
51.85370023083116,Sinaloa,Jalisco,Médico,0
50.05338799334298,Jalisco,Sinaloa,Médico,1
50.72294042128728,Sinaloa,Jalisco,Médico,0
45.58174235343898,Jalisco,Sinaloa,Policía,1
47.55898079779482,Jalisco,Sinaloa,Profesor,0
50.88863529981065,Sinaloa,Sinaloa,Policía,0
54.487610735319215,Sinaloa,Jalisco,Médico,1
47.90167778173415,Jalisco,Jalisco,Policía,1
43.59986026003756,Jalisco,Jalisco,Médico,1
47.58753173231984,Sinaloa,Sinaloa,Policía,0
53.87153071124131,Sinaloa,Jalisco,Policía,0
34.481091195637674,Jalisco,Sinaloa,Médico,1
52.16124845840588,Jalisco,Sinaloa,Médico,1
49.13837994445601,Jalisco,Sinaloa,Médico,0
54.003290012971114,Sinaloa,Sinaloa,Médico,0
56.94680769853844,Sinaloa,Jalisco,Médico,0
53.76732334658213,Jalisco,Sinaloa,Médico,1
55.643497142808755,Sinaloa,Jalisco,Médico,0
51.92087535926939,Jalisco,Jalisco,Policía,0
54.87849707599151,Jalisco,Jalisco,Policía,0
52.36924208197734,Jalisco,Sinaloa,Médico,1
53.560557830083724,Sinaloa,Sinaloa,Médico,0
50.487845384946105,Sinaloa,Sinaloa,Policía,1
57.70396396638778,Sinaloa,Sinaloa,Chef,0
53.69281857339345,Jalisco,Sinaloa,Médico,1
44.28015727615729,Jalisco,Sinaloa,Policía,1
41.48960586811796,Jalisco,Jalisco,Médico,1
49.54209891285144,Jalisco,Sinaloa,Médico,1
56.02857996242352,Jalisco,Sinaloa,Policía,0
53.57900689649701,Jalisco,Sinaloa,Médico,1
53.493792023378376,Sinaloa,Sinaloa,Policía,0
54.05056783680406,Sinaloa,Sinaloa,Médico,0
55.9467144449119,Sinaloa,Sinaloa,Médico,1
47.858766590029546,Jalisco,Jalisco,Policía,0
56.09421382665774,Jalisco,Sinaloa,Médico,1
41.24262708855356,Jalisco,Jalisco,Policía,1
36.61196786240399,Jalisco,Jalisco,Médico,1
56.00537054689115,Sinaloa,Jalisco,Médico,1
40.801394715502454,Jalisco,Sinaloa,Policía,1
50.22705873291747,Jalisco,Sinaloa,Médico,0
51.74530362690527,Jalisco,Sinaloa,Médico,1
45.12846024660864,Jalisco,Sinaloa,Policía,1
50.17257086631819,Jalisco,Jalisco,Policía,1
42.07418750138959,Jalisco,Sinaloa,Médico,1
41.7615687626914,Jalisco,Sinaloa,Policía,1
38.90297684349477,Jalisco,Sinaloa,Médico,1
58.071504080921194,Sinaloa,Sinaloa,Médico,1
53.44119121115147,Jalisco,Sinaloa,Policía,0
52.45456426196648,Jalisco,Sinaloa,Chef,0
45.61176805236798,Jalisco,Jalisco,Médico,0
54.86567917488687,Jalisco,Jalisco,Médico,0
49.40556732256893,Jalisco,Sinaloa,Médico,1
54.89746850742915,Sinaloa,Jalisco,Policía,0
36.05059808812168,Jalisco,Sinaloa,Médico,1
50.90358901922457,Sinaloa,Jalisco,Policía,1
35.43151557795463,Jalisco,Sinaloa,Policía,1
52.94768921839181,Jalisco,Jalisco,Policía,0
53.63372400733389,Sinaloa,Sinaloa,Policía,0
52.40977494603309,Sinaloa,Sinaloa,Chef,0
51.7338995483305,Sinaloa,Sinaloa,Médico,0
53.37851611163008,Jalisco,Sinaloa,Policía,1
50.39915678875501,Sinaloa,Jalisco,Médico,0
38.767194946700535,Jalisco,Sinaloa,Médico,1
54.476432985635064,Jalisco,Jalisco,Médico,1
53.22692313813551,Sinaloa,Sinaloa,Médico,0
53.121462074539465,Sinaloa,Sinaloa,Médico,0
50.53803350726568,Jalisco,Jalisco,Policía,1
54.88233806654933,Jalisco,Jalisco,Médico,1
34.73391377119833,Jalisco,Sinaloa,Médico,1
39.925952964509065,Jalisco,Sinaloa,Médico,1
50.04376546133164,Jalisco,Sinaloa,Médico,0
41.25601477262133,Jalisco,Sinaloa,Policía,1
52.00907953529176,Jalisco,Sinaloa,Médico,1
51.79423184875622,Jalisco,Sinaloa,Médico,1
49.19111967445113,CDMX,Sinaloa,Médico,1
52.21555464938465,Sinaloa,Jalisco,Profesor,0
33.69415822950599,Jalisco,Sinaloa,Médico,1
56.51862970007649,Jalisco,Jalisco,Médico,1
42.06596460020066,Jalisco,Sinaloa,Médico,1
57.292274571572555,Sinaloa,Sinaloa,Médico,0
53.66517240655989,Jalisco,Sinaloa,Médico,0
52.98628448883513,Jalisco,Sinaloa,Policía,0
55.845844795133196,Jalisco,Sinaloa,Médico,1
56.112956174583196,Sinaloa,Sinaloa,Médico,0
50.7960289793513,Sinaloa,Jalisco,Policía,1
49.94006090574322,Jalisco,Sinaloa,Policía,0
37.40895464329468,Jalisco,Sinaloa,Profesor,1
47.61225740448944,Jalisco,Jalisco,Médico,1
60.753715205775116,Sinaloa,Sinaloa,Policía,0
52.466105272469356,Sinaloa,Jalisco,Policía,0
56.636742114039976,Jalisco,Jalisco,Policía,0
49.52565771282471,Jalisco,Sinaloa,Médico,0
31.631443300188796,Sinaloa,Sinaloa,Profesor,1
43.883939795882554,Jalisco,Sinaloa,Médico,1
55.877279425939975,Sinaloa,Sinaloa,Chef,0
42.73967569910398,Jalisco,Sinaloa,Médico,1
33.02982107816752,Sinaloa,Sinaloa,Médico,1
51.706323392264174,Jalisco,Jalisco,Médico,1
56.371257828471855,Jalisco,Jalisco,Médico,1
56.47072045707864,Sinaloa,Jalisco,Chef,0
53.031995920152745,Jalisco,Sinaloa,Policía,1
52.81737131280532,Sinaloa,Jalisco,Médico,0
49.61248338862292,Jalisco,Sinaloa,Policía,1
57.253165632020696,Sinaloa,Sinaloa,Médico,0
55.40162618969343,Sinaloa,Jalisco,Policía,0
31.62057143957366,Jalisco,Sinaloa,Médico,1
52.43138568087987,Sinaloa,Sinaloa,Chef,0
37.97656728660867,Jalisco,Sinaloa,Médico,1
52.66968818820052,Sinaloa,Jalisco,Médico,0
54.32570621670323,Sinaloa,Sinaloa,Médico,1
54.975864762608026,Sinaloa,Sinaloa,Médico,0
49.888105501331694,Jalisco,Jalisco,Policía,1
53.32871983202239,Jalisco,Sinaloa,Policía,0
51.74366890522649,Sinaloa,Jalisco,Médico,0
59.49906013036791,Sinaloa,Jalisco,Policía,0
52.56757710312327,Sinaloa,Sinaloa,Policía,0
54.68267397335055,Sinaloa,Jalisco,Médico,0
57.03666686903041,Sinaloa,Sinaloa,Médico,0
52.39139010452271,Jalisco,Sinaloa,Policía,1
47.49898728832636,Jalisco,Jalisco,Policía,0
52.31718294410428,Jalisco,Sinaloa,Policía,0
52.359798418850744,Jalisco,Sinaloa,Policía,1
54.71093619105603,Sinaloa,Jalisco,Médico,0
56.755592685230596,Jalisco,Jalisco,Médico,1
55.3905342611948,Sinaloa,Jalisco,Médico,1
52.92420694762065,Sinaloa,Sinaloa,Médico,0
52.37019233188608,Sinaloa,Jalisco,Médico,1
58.40451640184596,Sinaloa,Sinaloa,Chef,0
53.87580540382275,Jalisco,Sinaloa,Chef,0
41.82304943800397,Jalisco,Jalisco,Médico,1
33.67795679428126,Jalisco,Sinaloa,Médico,1
52.00861983846341,Sinaloa,Sinaloa,Médico,1
50.917329091269885,Jalisco,Jalisco,Médico,1
52.073288407524316,Sinaloa,Jalisco,Médico,0
52.31714636349092,Jalisco,Sinaloa,Médico,1
54.80024628925018,Sinaloa,Sinaloa,Médico,0
52.36248990450617,Sinaloa,Jalisco,Policía,0
33.0622161879671,Sinaloa,Sinaloa,Médico,1
47.51279610184949,Jalisco,Sinaloa,Policía,0
53.197126903759894,Jalisco,Sinaloa,Médico,1
55.53400133286979,Jalisco,Sinaloa,Policía,0
56.40232048027725,Sinaloa,Sinaloa,Chef,0
54.99711735661447,Sinaloa,Sinaloa,Médico,0
35.92694595727666,Jalisco,Jalisco,Médico,0
60.735832987280766,Sinaloa,Jalisco,Médico,0
54.20242315508225,Jalisco,Sinaloa,Chef,0
39.660317392020744,Jalisco,Jalisco,Médico,1
52.32763750838735,Jalisco,Sinaloa,Policía,0
53.73967668239476,Jalisco,Sinaloa,Chef,0
34.39576654824157,Jalisco,Sinaloa,Médico,1
55.592356168143226,Jalisco,Sinaloa,Médico,1
41.93061922923525,Jalisco,Sinaloa,Médico,1
42.80128666927926,Jalisco,Jalisco,Médico,1
51.47964941928455,Sinaloa,Sinaloa,Policía,0
20.798407008151937,Sinaloa,Sinaloa,Profesor,1
53.946251870772365,Sinaloa,Sinaloa,Médico,0
50.84578522952819,Jalisco,Sinaloa,Médico,1
51.769919881062535,Jalisco,Sinaloa,Médico,1
54.543310546801465,Sinaloa,Jalisco,Médico,0
46.99473635600687,Jalisco,Sinaloa,Médico,0
56.998073446419355,Sinaloa,Sinaloa,Médico,0
56.98577103292694,Sinaloa,Sinaloa,Chef,0
53.69137507644938,Sinaloa,Sinaloa,Médico,0
56.810166015792426,Jalisco,Jalisco,Médico,1
50.90748602037555,Jalisco,Jalisco,Médico,1
54.35494835659422,Jalisco,Jalisco,Policía,1
52.15192836854567,Jalisco,Sinaloa,Médico,1
30.230703699184026,Jalisco,Jalisco,Médico,1
52.74940885316623,Jalisco,Jalisco,Chef,0
52.11464325712307,Sinaloa,Sinaloa,Policía,0
50.79685597264075,Jalisco,Sinaloa,Médico,0
34.973651225792224,Jalisco,Jalisco,Médico,1
56.09341796881728,Jalisco,Sinaloa,Policía,0
53.31616022821362,Jalisco,Jalisco,Médico,1
54.23179128524482,Sinaloa,Jalisco,Médico,0
53.38723762136639,Sinaloa,Jalisco,Médico,0
49.59217814496495,Jalisco,Sinaloa,Médico,1
48.305779521457325,Jalisco,Sinaloa,Médico,0
54.002091544898185,Jalisco,Sinaloa,Policía,0
57.01195394892292,Sinaloa,Sinaloa,Médico,0
53.70407571420318,Sinaloa,Sinaloa,Médico,0
49.38294423526051,Jalisco,Sinaloa,Médico,0
49.10594961905268,Jalisco,Jalisco,Policía,1
57.06905047409825,Sinaloa,Jalisco,Profesor,0
57.579167552913006,Jalisco,Sinaloa,Chef,0
34.398918971044075,Jalisco,Jalisco,Médico,1
60.27814536725555,Sinaloa,Jalisco,Médico,0
55.57589663973647,Sinaloa,Sinaloa,Médico,0
52.072101935245946,Jalisco,Jalisco,Policía,1
53.010796581019086,Jalisco,Sinaloa,Policía,0
48.106667131683665,Sinaloa,Sinaloa,Médico,0
50.05799783440833,Jalisco,Sinaloa,Policía,0
53.782832359969994,Jalisco,Sinaloa,Médico,1
54.05699840673749,Sinaloa,Sinaloa,Médico,1
50.54420738493477,Jalisco,Sinaloa,Médico,1
42.158634011059654,Jalisco,Sinaloa,Policía,1
52.60288681962508,Sinaloa,Jalisco,Chef,0
50.303425493853766,Jalisco,Sinaloa,Policía,1
50.60395909775881,Sinaloa,Jalisco,Chef,0
53.38422669385421,Sinaloa,Jalisco,Médico,0
50.43297892255951,Jalisco,Sinaloa,Policía,1
53.93321108878017,Jalisco,Sinaloa,Policía,0
55.834291746762595,Jalisco,Jalisco,Médico,1
54.902994440536474,Jalisco,Sinaloa,Médico,1
56.17015212864434,Jalisco,Sinaloa,Médico,1
52.585413504107066,Jalisco,Jalisco,Médico,1
56.295864736203555,Jalisco,Sinaloa,Policía,0
54.50411709924585,Jalisco,Sinaloa,Policía,0
52.24340146911651,Sinaloa,Sinaloa,Policía,0
46.20824653254299,Jalisco,Sinaloa,Médico,1
50.011370895699976,Jalisco,Sinaloa,Médico,0
54.92622548592352,Jalisco,Sinaloa,Policía,0
51.746727926532515,Jalisco,Jalisco,Policía,1
36.50586171729658,Jalisco,Sinaloa,Médico,1
50.2085650299936,Jalisco,Sinaloa,Policía,1
55.14285547581145,Sinaloa,Sinaloa,Médico,0
34.57874181343003,Sinaloa,Sinaloa,Médico,1
46.347998332089375,Jalisco,Jalisco,Policía,0
46.82224398848662,Jalisco,Sinaloa,Médico,1
49.97880497823037,Jalisco,Jalisco,Policía,0
55.010238990867556,Sinaloa,Sinaloa,Chef,0
54.1854890834633,Sinaloa,Sinaloa,Chef,0
53.91475169232718,Sinaloa,Jalisco,Policía,0
43.30973415706986,Jalisco,Jalisco,Médico,1
54.24438317118459,Sinaloa,Sinaloa,Chef,0
56.953434859602275,Sinaloa,Sinaloa,Policía,0
24.220649679953443,Sinaloa,Jalisco,Profesor,1
53.764510593385346,Jalisco,Jalisco,Médico,1
50.80693613614311,Jalisco,Sinaloa,Policía,0
47.62474606603928,Jalisco,Sinaloa,Policía,1
50.907043455009756,Jalisco,Jalisco,Policía,0
41.65181309904719,Jalisco,Sinaloa,Médico,1
45.53986233088123,Jalisco,Jalisco,Médico,1
53.622056343146504,Jalisco,Sinaloa,Policía,0
51.97708201085149,Jalisco,Sinaloa,Chef,0
47.34482993571761,Jalisco,Sinaloa,Policía,0
54.72243015395821,Jalisco,Jalisco,Médico,1
57.29326002318976,Jalisco,Sinaloa,Policía,0
49.28603849278038,Jalisco,Sinaloa,Policía,1
56.08645991007859,Sinaloa,Sinaloa,Chef,0
54.74355944193913,Sinaloa,Jalisco,Médico,0
55.4836678989304,Sinaloa,Jalisco,Médico,0
51.176100520820384,Jalisco,Sinaloa,Médico,1
57.921718261388094,Jalisco,Sinaloa,Chef,0
32.779601867266365,Jalisco,Jalisco,Médico,1
54.145689041143676,Sinaloa,Sinaloa,Médico,0
54.79100389906333,Jalisco,Jalisco,Policía,0
32.810182812602264,Sinaloa,Sinaloa,Médico,1
51.43274769434029,Jalisco,Jalisco,Médico,1
54.95965467129745,Jalisco,Sinaloa,Profesor,1
27.43253459253819,Sinaloa,Jalisco,Profesor,1
58.211775060168954,Sinaloa,Jalisco,Médico,1
51.060488130311406,Sinaloa,Jalisco,Policía,0
54.80837356552722,Sinaloa,Jalisco,Policía,0
54.2621783802411,Jalisco,Sinaloa,Policía,1
53.324228016482195,Jalisco,Jalisco,Policía,0
41.06617636574346,Jalisco,Sinaloa,Médico,1
38.14321156884034,Jalisco,Jalisco,Médico,1
43.8070826917873,Jalisco,Jalisco,Médico,1
52.92014382304222,Jalisco,Jalisco,Policía,1
43.98407736044734,Jalisco,Jalisco,Médico,1
51.19141987399334,Sinaloa,Jalisco,Médico,0
43.11910833266336,Jalisco,Jalisco,Médico,1
51.91241678781815,Jalisco,Jalisco,Médico,1
49.53304794491595,Jalisco,Jalisco,Policía,1
51.27051762528851,Jalisco,Sinaloa,Médico,1
55.81069053207635,Jalisco,Jalisco,Policía,0
42.09220235506879,Jalisco,Sinaloa,Médico,1
44.681447831357964,Jalisco,Sinaloa,Médico,0
53.44307192174167,Jalisco,Jalisco,Policía,1
49.668666679149375,Jalisco,Jalisco,Médico,0
52.69594819113813,Sinaloa,Sinaloa,Médico,1
50.36318216557035,Jalisco,Sinaloa,Policía,1
55.05200436995734,Sinaloa,Jalisco,Chef,0
57.97287860397522,Jalisco,Jalisco,Policía,0
56.413423378876516,Jalisco,Jalisco,Chef,0
50.396757318453695,Sinaloa,Jalisco,Médico,0
54.86125579721098,Sinaloa,Sinaloa,Médico,0
41.1606578355131,Jalisco,Jalisco,Médico,1
42.660494470578506,Jalisco,Sinaloa,Médico,1
55.250636159161196,Jalisco,Jalisco,Médico,1
56.95345265823958,Jalisco,Jalisco,Médico,1
42.45501731293946,Jalisco,Jalisco,Médico,1
52.66619972060547,Jalisco,Sinaloa,Médico,0
56.70042840375385,Sinaloa,Sinaloa,Médico,0
52.825830377173084,Sinaloa,Jalisco,Médico,0
37.64552125113674,Jalisco,Jalisco,Médico,1
53.70057049129298,Jalisco,Sinaloa,Policía,0
45.89564205615185,Jalisco,Sinaloa,Policía,1
52.64716567639967,Sinaloa,Sinaloa,Policía,0
41.56089731649872,Jalisco,Sinaloa,Médico,1
37.969199794210155,Jalisco,Sinaloa,Médico,1
38.952319633865514,Jalisco,Sinaloa,Médico,1
48.91008029866723,Jalisco,Sinaloa,Médico,0
50.44474453258453,Jalisco,Jalisco,Médico,0
54.85676935299171,Jalisco,Sinaloa,Médico,1
38.424519150504864,Jalisco,Sinaloa,Médico,1
47.78173895141338,Jalisco,Sinaloa,Médico,0
58.361336940522044,Sinaloa,Jalisco,Policía,0
50.56143352232099,Sinaloa,Jalisco,Médico,0
55.456041033005924,Sinaloa,Sinaloa,Médico,1
54.81096728873731,Sinaloa,Sinaloa,Médico,0
56.169199097122466,Sinaloa,Sinaloa,Médico,0
53.42771826759622,Jalisco,Sinaloa,Médico,1
54.98604487205504,Jalisco,Sinaloa,Policía,0
51.48226423532922,Jalisco,Jalisco,Policía,0
57.245987934150136,Sinaloa,Sinaloa,Policía,1
58.015802027048046,Sinaloa,Sinaloa,Médico,0
56.06019615442601,Sinaloa,Sinaloa,Médico,0
38.31615457147389,Jalisco,Jalisco,Médico,1
51.805613307248876,Sinaloa,Jalisco,Médico,0
45.472978600093526,Jalisco,Jalisco,Policía,1
54.27787485979652,Jalisco,Sinaloa,Médico,1
38.52531045615167,Jalisco,Jalisco,Médico,1
38.873442068314375,Jalisco,Sinaloa,Médico,1
53.644717988669704,Jalisco,Sinaloa,Policía,0
50.17318472210246,Jalisco,Sinaloa,Médico,0
51.97375124594306,Sinaloa,Sinaloa,Médico,0
54.680899741371505,Jalisco,Sinaloa,Médico,1
50.868065326503974,Sinaloa,Sinaloa,Policía,0
53.00151838194074,Sinaloa,Sinaloa,Médico,0
55.51276620565018,Sinaloa,Jalisco,Policía,0
37.1534417098588,Jalisco,Jalisco,Profesor,1
51.11806560306769,Jalisco,Sinaloa,Médico,1
54.28182591673781,Sinaloa,Jalisco,Chef,0
45.57513998254815,Jalisco,Jalisco,Policía,1
55.57928944838841,Jalisco,Sinaloa,Médico,1
50.399963625996904,Sinaloa,Sinaloa,Médico,0
52.87682031782148,Jalisco,Jalisco,Policía,0
54.06463634668503,Jalisco,Sinaloa,Policía,0
32.66649776118919,Jalisco,Jalisco,Médico,1
53.559059479884354,Jalisco,Sinaloa,Policía,0
52.799733879319895,Jalisco,Sinaloa,Policía,0
54.58437745473762,Sinaloa,Sinaloa,Policía,0
43.5067471764347,Jalisco,Jalisco,Médico,1
54.526120442783004,Sinaloa,Sinaloa,Policía,0
37.71322195088517,Jalisco,Sinaloa,Médico,1
52.68240366742719,Jalisco,Sinaloa,Policía,0
55.13481487112216,Jalisco,Jalisco,Policía,0
52.51609756343211,Jalisco,Jalisco,Médico,1
48.08344062875146,Jalisco,Jalisco,Médico,0
41.595049419156055,Jalisco,Sinaloa,Médico,1
45.635914872041766,Jalisco,Sinaloa,Policía,1
38.208424486414295,Jalisco,Sinaloa,Médico,1
38.14759733454822,Jalisco,Jalisco,Médico,1
38.868023089378504,Jalisco,Sinaloa,Médico,1
49.649648584430665,Sinaloa,Jalisco,Médico,0
45.76657047355472,Jalisco,Sinaloa,Médico,1
54.27242200580397,Jalisco,Jalisco,Policía,0
47.004445207889034,Jalisco,Jalisco,Policía,1
53.73362114420359,Jalisco,Sinaloa,Policía,0
50.06718296392382,Jalisco,Sinaloa,Policía,0
28.032817202699377,Sinaloa,Sinaloa,Profesor,1
55.331217728687136,Jalisco,Sinaloa,Médico,1
58.35620148036987,Sinaloa,Sinaloa,Médico,0
53.34654239895705,Jalisco,Jalisco,Policía,0
52.18392957190128,Jalisco,Jalisco,Médico,1
40.56185347846957,Jalisco,CDMX,Médico,1
54.48019507471647,Sinaloa,Sinaloa,Médico,0
49.34751441393872,Jalisco,Sinaloa,Policía,1
55.22375147746234,Sinaloa,Sinaloa,Policía,0
38.638231113228144,Jalisco,Jalisco,Médico,1
53.95727774552041,Sinaloa,Sinaloa,Médico,0
48.70706515866771,Jalisco,Sinaloa,Médico,1
51.571509885836434,Jalisco,Jalisco,Médico,0
51.41465861940036,Sinaloa,Jalisco,Policía,1
54.507123065914584,Sinaloa,Sinaloa,Médico,0
55.1677096576947,Sinaloa,Jalisco,Chef,0
55.62159815153957,Sinaloa,Sinaloa,Médico,0
45.71300446359057,Jalisco,Sinaloa,Policía,1
54.50319146023008,Sinaloa,Jalisco,Chef,0
47.07143508991697,Jalisco,Sinaloa,Médico,0
40.578973294514256,Jalisco,Sinaloa,Médico,1
54.75335081022117,Jalisco,Sinaloa,Policía,0
57.31049289710011,Sinaloa,Sinaloa,Chef,0
50.853093569037206,Sinaloa,Sinaloa,Médico,0
56.372569927521425,Jalisco,Sinaloa,Médico,1
57.14015730415529,Sinaloa,Jalisco,Chef,0
53.95937893680918,Jalisco,Jalisco,Médico,0
51.82196713899447,Jalisco,Sinaloa,Médico,1
52.76719860044649,Jalisco,Sinaloa,Policía,1
50.253532616681284,Jalisco,Sinaloa,Profesor,0
37.73889151326916,Jalisco,Jalisco,Médico,1
50.83407963857079,Jalisco,Jalisco,Policía,1
52.34521797837714,Jalisco,Jalisco,Chef,0
50.92456793950878,Sinaloa,Jalisco,Médico,0
53.222543851612215,Jalisco,Sinaloa,Médico,1
54.966017467887625,Sinaloa,Sinaloa,Chef,0
42.161379869666604,Jalisco,Sinaloa,Policía,1
56.07309340136169,Sinaloa,Sinaloa,Médico,0
35.27123191326211,Jalisco,Sinaloa,Profesor,1
48.95238039434872,Jalisco,Jalisco,Profesor,0
39.35395740880711,Jalisco,Jalisco,Médico,1
49.915827160960475,Sinaloa,Jalisco,Policía,0
51.92720717169012,Jalisco,Jalisco,Policía,0
40.73084611618701,Jalisco,Jalisco,Policía,1
51.76171562092127,Jalisco,Sinaloa,Médico,1
42.03553148052248,Jalisco,Sinaloa,Policía,1
49.68637217433481,Jalisco,Jalisco,Médico,1
51.97472994685694,Sinaloa,Jalisco,Chef,0
51.44347650242614,Jalisco,Sinaloa,Médico,1
54.29696732690712,Sinaloa,Sinaloa,Médico,1
52.44596730504119,Jalisco,Sinaloa,Médico,1
56.2996102014218,Sinaloa,Jalisco,Chef,0
51.33954968455277,Sinaloa,Sinaloa,Médico,0
53.75172457912337,Jalisco,Sinaloa,Médico,1
51.985563225064865,Jalisco,Jalisco,Policía,0
54.95734547596414,Sinaloa,Jalisco,Médico,0
58.89410041089618,Jalisco,Sinaloa,Médico,1
44.12876638813405,Jalisco,Jalisco,Policía,1
53.896571626015415,Jalisco,Jalisco,Policía,0
55.43277851130441,Jalisco,Jalisco,Policía,0
53.266331853963756,Jalisco,Sinaloa,Médico,1
53.35980093629954,Jalisco,Sinaloa,Médico,1
35.14499563189145,Jalisco,Jalisco,Médico,1
54.194519271374524,Sinaloa,Jalisco,Médico,0
54.92459742184008,Jalisco,Sinaloa,Médico,1
54.26311639313599,Sinaloa,Sinaloa,Médico,0
55.799430976164544,Sinaloa,Sinaloa,Policía,0
53.57471087427446,Sinaloa,Sinaloa,Chef,0
51.54460400993381,Jalisco,Sinaloa,Policía,0
59.05682213629296,Jalisco,Jalisco,Médico,1
54.262886089848486,Jalisco,Sinaloa,Policía,0
45.093464866667134,Jalisco,Jalisco,Médico,1
53.18226718295912,Jalisco,Sinaloa,Médico,1
53.78613053193709,Jalisco,Sinaloa,Médico,1
36.347004108105295,Jalisco,Jalisco,Médico,1
42.526672283934786,Jalisco,Sinaloa,Médico,1
52.963600067468796,Sinaloa,Jalisco,Médico,0
53.02105278006102,Jalisco,Jalisco,Médico,0
33.99811690145131,Jalisco,Jalisco,Médico,1
51.587357898206534,Jalisco,Jalisco,Policía,1
57.820376490403014,Sinaloa,Sinaloa,Chef,0
53.070344764608784,Jalisco,Sinaloa,Policía,1
51.100645550665114,Sinaloa,Jalisco,Médico,0
51.076546356745965,Sinaloa,Jalisco,Médico,0
54.97609208851177,Sinaloa,Sinaloa,Médico,0
54.043805226324054,Jalisco,Sinaloa,Policía,0
48.308379115009814,Jalisco,Sinaloa,Médico,1
53.56475925302546,Jalisco,Jalisco,Médico,1
40.02226953709736,Jalisco,Sinaloa,Médico,1
53.27199426528924,Jalisco,Sinaloa,Médico,1
53.71498698237269,Jalisco,Sinaloa,Policía,0
52.34741987085853,Jalisco,Sinaloa,Policía,0
55.39928633491193,Jalisco,Sinaloa,Médico,1
43.265383574165824,Jalisco,Sinaloa,Profesor,0
50.28732603221532,Sinaloa,Sinaloa,Médico,0
54.444444272620835,Sinaloa,Jalisco,Médico,0
53.75401232329322,Jalisco,Jalisco,Médico,1
52.13232376802974,Sinaloa,Jalisco,Médico,0
37.917034408765446,Jalisco,Sinaloa,Médico,1
50.592601310691364,Jalisco,Jalisco,Policía,1
53.51159727309235,Jalisco,Sinaloa,Médico,1
53.83952933597734,Sinaloa,Sinaloa,Médico,0
54.46414403199599,Sinaloa,Sinaloa,Médico,1
53.28254542493141,Jalisco,Sinaloa,Policía,0
46.95602123179329,Jalisco,Jalisco,Médico,1
51.413521374027184,Jalisco,Sinaloa,Policía,0
60.222791043605774,Sinaloa,Sinaloa,Policía,0
51.567446918502164,Sinaloa,Sinaloa,Policía,0
56.790213463177835,Sinaloa,Sinaloa,Médico,0
51.57719564531185,Sinaloa,Sinaloa,Chef,0
53.97979833602139,Jalisco,Sinaloa,Médico,1
40.78486724129934,Jalisco,Jalisco,Médico,1
45.02181243451547,Jalisco,Jalisco,Policía,1
52.92774281193055,Jalisco,Sinaloa,Policía,0
53.60350266202799,Jalisco,Sinaloa,Chef,0
30.742073449000358,Sinaloa,Sinaloa,Profesor,1
35.01248626223721,Jalisco,Sinaloa,Médico,1
55.633881291680616,Jalisco,Jalisco,Médico,1
51.26446295147765,Jalisco,Jalisco,Policía,1
28.162148814413335,Sinaloa,Sinaloa,Profesor,1
53.95813940142647,Jalisco,Jalisco,Policía,0
53.62105994806942,Sinaloa,Sinaloa,Policía,1
52.78348027886606,Jalisco,Sinaloa,Médico,1
54.44921304745295,Jalisco,Sinaloa,Policía,0
54.3877662931242,Sinaloa,Jalisco,Médico,0
39.60800916533695,Jalisco,Sinaloa,Policía,1
48.12708895550561,Jalisco,Jalisco,Médico,0
55.24986714850099,Jalisco,Jalisco,Chef,0
51.441800876099244,Sinaloa,Jalisco,Médico,1
49.21741847373907,Jalisco,Sinaloa,Policía,0
52.354283070502845,Jalisco,Jalisco,Médico,1
38.811464951868174,Jalisco,Jalisco,Médico,1
52.151604394636564,Jalisco,Jalisco,Médico,0
51.83806612185973,Jalisco,Jalisco,Policía,1
51.31600349645962,Sinaloa,Jalisco,Médico,0
63.89969202369516,CDMX,Jalisco,Policía,0
38.2109916985262,Jalisco,Jalisco,Médico,1
54.55897922864502,Jalisco,Jalisco,Policía,0
45.29368204933098,Jalisco,Sinaloa,Profesor,0
31.496952418825355,Jalisco,Sinaloa,Profesor,1
59.69198093420585,Sinaloa,Jalisco,Médico,1
50.20264220592568,Sinaloa,Sinaloa,Médico,0
53.072522002014225,Sinaloa,Jalisco,Médico,0
53.52336499317142,Jalisco,Sinaloa,Chef,0
47.854948307273986,Jalisco,Sinaloa,Médico,0
52.91661448002746,Jalisco,Jalisco,Policía,0
43.940924568028066,Jalisco,Sinaloa,Médico,1
40.089151186259386,Jalisco,Sinaloa,Médico,1
40.43467577758763,Jalisco,Jalisco,Médico,1
32.83147391978944,Jalisco,Sinaloa,Médico,1
36.935192799790514,Jalisco,Jalisco,Médico,1
53.60102563541611,Jalisco,Sinaloa,Chef,0
55.693138146777834,Sinaloa,Jalisco,Médico,0
52.681998421725254,Sinaloa,Sinaloa,Médico,0
28.936582054175126,Sinaloa,Jalisco,Profesor,1
55.586831238569076,Jalisco,Sinaloa,Policía,0
51.969474455827076,Jalisco,Jalisco,Policía,0
55.42040284754375,Sinaloa,Jalisco,Chef,0
54.25371193090865,Jalisco,Sinaloa,Médico,1
52.70710397430617,Sinaloa,Sinaloa,Policía,1
42.20438951019548,Jalisco,Sinaloa,Policía,1
40.23667433325407,Jalisco,Jalisco,Médico,1
50.126810027486194,Jalisco,Sinaloa,Policía,1
56.855439714273096,Jalisco,Jalisco,Médico,0
36.11668503401226,Jalisco,Sinaloa,Médico,1
42.50180798196786,Jalisco,Jalisco,Médico,1
52.61028520483538,Jalisco,Jalisco,Médico,0
51.667711159051414,Jalisco,Sinaloa,Médico,0
39.770877380626295,Jalisco,Sinaloa,Médico,1
54.998632157048725,Jalisco,Sinaloa,Policía,0
51.08817683392092,Sinaloa,Jalisco,Chef,0
51.784326505204895,Jalisco,Jalisco,Médico,0
52.28714650035071,Jalisco,Jalisco,Policía,0
58.13546644872528,Sinaloa,Sinaloa,Policía,0
58.99729930932671,Sinaloa,Sinaloa,Médico,1
39.29019373398994,Jalisco,Sinaloa,Médico,1
34.84891876493387,Jalisco,Sinaloa,Médico,1
51.144001066023606,Jalisco,Sinaloa,Policía,1
55.41135437865544,Jalisco,Sinaloa,Policía,0
38.07148109448224,Jalisco,Sinaloa,Policía,1
32.173964789669036,Sinaloa,Sinaloa,Médico,1
53.989912619424345,Jalisco,Sinaloa,Médico,1
53.69085836963207,Jalisco,Sinaloa,Policía,0
56.08868402313687,Sinaloa,Jalisco,Policía,0
53.42571495594781,Jalisco,Sinaloa,Médico,0
50.827330504004024,Jalisco,Jalisco,Chef,0
50.092231454274085,Jalisco,Sinaloa,Policía,0
33.476661154837,Jalisco,Sinaloa,Médico,1
53.80746311356549,Jalisco,Sinaloa,Policía,0
46.21584529919318,Jalisco,Sinaloa,Médico,0
56.04439443969922,Sinaloa,Sinaloa,Médico,1
37.16189513211011,Jalisco,Sinaloa,Médico,1
53.56834146061714,Sinaloa,Jalisco,Médico,0
50.76504259996434,Jalisco,Jalisco,Médico,0
36.86718547976264,Jalisco,Sinaloa,Médico,1
32.95358928733003,Sinaloa,Jalisco,Profesor,1
50.71529628161191,Sinaloa,Jalisco,Chef,0
51.53532928845625,Jalisco,Sinaloa,Policía,1
55.432309001110745,Jalisco,Sinaloa,Policía,0
45.14309125158742,Jalisco,Jalisco,Policía,1
55.930139850711775,Jalisco,Jalisco,Médico,1
36.30159213320023,Jalisco,Sinaloa,Médico,1
53.56476147493939,Jalisco,Sinaloa,Médico,1
51.264751569149034,Sinaloa,Sinaloa,Policía,0
56.12191816338285,Jalisco,Jalisco,Médico,1
52.28601730747723,Jalisco,Jalisco,Policía,0
58.13091915599166,Jalisco,Sinaloa,Chef,1
48.60257297258873,Jalisco,Jalisco,Policía,0
50.08452922674437,Sinaloa,Sinaloa,Policía,0
56.35406787410547,Jalisco,Sinaloa,Policía,0
47.45781110031926,Jalisco,Jalisco,Médico,0
48.65996736138628,Jalisco,Jalisco,Policía,0
52.48031214222659,Jalisco,Jalisco,Policía,0
50.27776119405343,Jalisco,Sinaloa,Policía,1
34.488921491134064,Jalisco,Sinaloa,Profesor,1
55.77400900188701,Sinaloa,Jalisco,Médico,0
40.26753052890187,Jalisco,Jalisco,Médico,1
55.45215401211456,Jalisco,Jalisco,Policía,1
48.376928425426144,Jalisco,Sinaloa,Policía,1
55.63349307407592,Sinaloa,Sinaloa,Policía,0
51.65203997810296,Jalisco,Sinaloa,Médico,1
51.086602273048086,Jalisco,Sinaloa,Médico,1
55.168738725856194,Sinaloa,Sinaloa,Médico,1
50.160196547590985,Jalisco,Jalisco,Policía,1
51.26590525225059,Sinaloa,Jalisco,Médico,0
53.65502091435494,Sinaloa,Sinaloa,Policía,0
54.439756789635105,Jalisco,Sinaloa,Médico,1
50.75563397318322,Jalisco,Sinaloa,Policía,0
52.61474419924806,Jalisco,Sinaloa,Policía,0
30.328335586501495,Sinaloa,Jalisco,Profesor,1
50.998939004506916,Sinaloa,Sinaloa,Médico,0
55.28865852477203,Sinaloa,Jalisco,Médico,0
41.86585126462259,Jalisco,Jalisco,Médico,1
41.38510100083455,Jalisco,Sinaloa,Policía,1
51.96271704479532,Sinaloa,Sinaloa,Médico,0
49.73128930740326,Jalisco,Sinaloa,Médico,0
52.69729588954458,Jalisco,Jalisco,Médico,1
40.46725015595173,Jalisco,Jalisco,Médico,1
49.31778936801567,Jalisco,Jalisco,Policía,1
50.5661896316426,Sinaloa,Sinaloa,Policía,0
45.244387916868604,Jalisco,Jalisco,Policía,1
49.80182033794219,Sinaloa,Jalisco,Policía,1
43.83593893956777,Jalisco,Jalisco,Médico,1
54.945082551414465,Sinaloa,Sinaloa,Médico,0
54.53208947772811,Sinaloa,Sinaloa,Policía,0
51.49714475976055,Sinaloa,Sinaloa,Médico,1
34.032870686526906,Jalisco,Sinaloa,Médico,1
56.155207501598625,Sinaloa,Sinaloa,Policía,0
47.35341167323516,Jalisco,Sinaloa,Policía,1
54.37700234208062,Jalisco,Sinaloa,Médico,1
51.92529467430048,Sinaloa,Jalisco,Médico,0
48.72118812029881,Jalisco,Sinaloa,Médico,0
50.33578310744612,Sinaloa,Jalisco,Médico,0
53.42560290806185,Jalisco,Sinaloa,Médico,1
57.743207743026055,Sinaloa,Sinaloa,Policía,1
48.75340173935253,Jalisco,Sinaloa,Policía,0
40.49625313191458,Jalisco,Sinaloa,Médico,1
52.69663818059357,Sinaloa,Sinaloa,Policía,0
52.90942358990516,Jalisco,Jalisco,Policía,0
51.89406396633303,Jalisco,Sinaloa,Chef,0
50.86212640917165,Jalisco,Sinaloa,Policía,0
52.04110427550334,Sinaloa,Sinaloa,Médico,0
49.63852988971129,Sinaloa,Sinaloa,Médico,0
38.04607702541598,Jalisco,Jalisco,Médico,1
56.20203929226876,Sinaloa,Sinaloa,Policía,0
55.50246032414413,Jalisco,Sinaloa,Policía,1
55.08228424482736,Jalisco,Sinaloa,Médico,1
57.32628411133129,Sinaloa,Jalisco,Policía,0
52.9778228321186,Jalisco,Sinaloa,Chef,0
33.20456401454261,Jalisco,Jalisco,Médico,1
51.42955408909555,Sinaloa,Jalisco,Médico,0
45.52641070355939,Jalisco,Sinaloa,Médico,0
49.055364130434384,Sinaloa,Sinaloa,Médico,0
54.11875320822822,Jalisco,Jalisco,Médico,0
54.07673191091621,Sinaloa,Jalisco,Policía,0
31.594227820958544,Sinaloa,Jalisco,Médico,1
51.668013872147625,Jalisco,Sinaloa,Médico,1
52.99443504737884,Sinaloa,Sinaloa,Médico,0
52.235189679652265,Sinaloa,Jalisco,Chef,0
51.46124921224031,Jalisco,Jalisco,Médico,1
57.40406654946225,Sinaloa,Sinaloa,Médico,1
54.75861103360315,Jalisco,Jalisco,Policía,0
53.82204664547993,Sinaloa,Sinaloa,Policía,0
52.582586235665595,Jalisco,Jalisco,Médico,1
48.691657832571124,Jalisco,Sinaloa,Policía,0
45.812452185047604,Jalisco,Sinaloa,Policía,1
53.22058999049761,Sinaloa,Jalisco,Policía,0
51.208898584030095,Sinaloa,Jalisco,Policía,0
53.4383214590872,Jalisco,Jalisco,Médico,1
51.96892352627857,Jalisco,Sinaloa,Médico,0
53.63480056536822,Sinaloa,Sinaloa,Policía,0
47.734678074478246,Jalisco,Sinaloa,Policía,1
51.66456085116192,Jalisco,Sinaloa,Policía,0
50.884544461243365,Sinaloa,Sinaloa,Policía,1
51.628163135665865,Jalisco,Sinaloa,Médico,0
52.858791610277855,Jalisco,Sinaloa,Médico,1
49.82654399095403,Jalisco,Jalisco,Profesor,0
52.508847467186804,Jalisco,Sinaloa,Policía,0
54.08376088663968,Jalisco,Sinaloa,Chef,0
51.87518607221581,Sinaloa,Sinaloa,Policía,1
46.93285524569002,Sinaloa,Jalisco,Policía,1
55.775404471620874,Sinaloa,Sinaloa,Médico,0
56.06770919477273,Jalisco,Jalisco,Médico,1
52.34061460094141,Jalisco,Jalisco,Médico,1
54.97529485918143,Sinaloa,Jalisco,Policía,0
42.90268958799565,Jalisco,Sinaloa,Policía,1
35.22393583284547,Jalisco,Jalisco,Médico,1
55.29557709122684,Jalisco,Sinaloa,Policía,0
51.987020019056374,Jalisco,Jalisco,Médico,1
55.027765605007545,Sinaloa,Jalisco,Médico,0
47.68053717089394,Jalisco,Sinaloa,Policía,0
38.99406571088076,Jalisco,Sinaloa,Médico,1
38.55334387486494,Jalisco,Sinaloa,Médico,1
52.79526051146205,Sinaloa,Jalisco,Policía,0
52.109269822674364,Jalisco,Jalisco,Médico,0
51.45587815888539,Sinaloa,Sinaloa,Médico,0
42.80759934184892,Jalisco,Sinaloa,Policía,1
53.16146521104232,Jalisco,Jalisco,Policía,0
53.47806649879405,Jalisco,Jalisco,Policía,0
58.168915768905705,Sinaloa,Jalisco,Médico,0
41.976598911895664,Jalisco,Jalisco,Policía,1
51.86012643237429,Sinaloa,Sinaloa,Médico,0
55.391228851860006,Jalisco,Sinaloa,Médico,1
60.52749008428532,Sinaloa,Jalisco,Policía,0
41.48556326408707,Jalisco,Jalisco,Médico,1
51.27023977170649,Jalisco,Jalisco,Médico,1
51.66513186324506,Sinaloa,Jalisco,Médico,0
55.01730623696999,Jalisco,Jalisco,Médico,1
51.51574393864132,Jalisco,Jalisco,Médico,1
52.42138666261065,Sinaloa,Sinaloa,Policía,1
52.236737100455514,Jalisco,Sinaloa,Profesor,0
38.86461702118281,Jalisco,Jalisco,Médico,1
33.63197276103273,Jalisco,Jalisco,Médico,1
35.756460830853726,Jalisco,Sinaloa,Médico,1
57.253517970830096,Jalisco,Jalisco,Médico,1
50.51819345026338,Jalisco,Sinaloa,Policía,0
51.372484566681734,Sinaloa,Sinaloa,Médico,0
45.43461421969215,Jalisco,Sinaloa,Profesor,0
53.16211750545974,Jalisco,Jalisco,Médico,1
56.67674660438965,Jalisco,Jalisco,Policía,1
53.45681240190985,Jalisco,Jalisco,Médico,0
53.76224496127694,Sinaloa,Jalisco,Médico,0
54.02092646279481,Jalisco,Jalisco,Médico,1
52.333471780797005,Jalisco,Jalisco,Policía,0
45.83314532160098,Jalisco,Sinaloa,Médico,0
55.61270892822952,Sinaloa,Jalisco,Chef,0
44.00496470042815,Jalisco,Jalisco,Médico,1
55.707930716573735,Sinaloa,Sinaloa,Policía,0
52.46149482314603,Sinaloa,Jalisco,Médico,0
52.13948483165803,Sinaloa,Sinaloa,Chef,0
57.35041439210928,Jalisco,Sinaloa,Chef,1
51.82008760935084,Sinaloa,Jalisco,Médico,0
52.34401744668273,Sinaloa,Jalisco,Médico,0
53.97565174089405,Jalisco,Sinaloa,Médico,1
44.3247377868367,Jalisco,Sinaloa,Policía,1
50.375426467589406,Jalisco,Jalisco,Policía,1
40.31637575584894,Jalisco,Sinaloa,Médico,1
55.795606466689925,Sinaloa,Sinaloa,Policía,0
56.001950080015376,Sinaloa,Sinaloa,Chef,0
51.451069821550654,Jalisco,Sinaloa,Policía,1
46.79603407793026,Jalisco,Sinaloa,Policía,1
54.0721101077761,Jalisco,CDMX,Médico,0
45.59652411719449,Jalisco,Sinaloa,Médico,0
55.32153311743071,Jalisco,Sinaloa,Policía,0
45.017027272864496,Jalisco,Sinaloa,Médico,1
47.304819914702215,Jalisco,Sinaloa,Policía,1
50.765617817446795,Jalisco,Jalisco,Policía,1
56.0893652193219,Sinaloa,Sinaloa,Médico,0
38.18417368437583,Jalisco,Sinaloa,Médico,1
52.66523589688065,Jalisco,Jalisco,Policía,0
51.53600260094048,Jalisco,Sinaloa,Médico,1
50.65260047983517,Sinaloa,Sinaloa,Médico,0
52.76045465329034,Jalisco,Sinaloa,Médico,1
55.4683257492618,Sinaloa,Sinaloa,Chef,0
51.46387770690531,Sinaloa,Sinaloa,Médico,0
50.89357653668939,Jalisco,CDMX,Policía,1
52.86787894121932,Jalisco,Sinaloa,Médico,1
53.93634155137626,Sinaloa,Sinaloa,Médico,0
47.50783834198002,Jalisco,Sinaloa,Policía,0
53.1831915604634,Sinaloa,Jalisco,Policía,0
58.35239445304511,Sinaloa,Sinaloa,Médico,1
54.32254413488435,Jalisco,Jalisco,Chef,0
51.67323208320283,Jalisco,Jalisco,Policía,0
43.98028854695151,Jalisco,Jalisco,Policía,1
53.82338705488907,Jalisco,Sinaloa,Médico,1
48.66123977874533,Sinaloa,Sinaloa,Médico,0
39.24946965442787,Jalisco,Sinaloa,Médico,1
51.2961778579688,Sinaloa,Sinaloa,Médico,0
39.75970431665276,Jalisco,Jalisco,Médico,1
52.6216755986305,Sinaloa,Sinaloa,Policía,0
50.27946902932347,Jalisco,Sinaloa,Chef,0
48.125689002222195,Jalisco,Sinaloa,Médico,0
54.373799143743646,Jalisco,Jalisco,Médico,1
54.62817010546122,Jalisco,Sinaloa,Policía,0
55.63223702413481,Jalisco,Jalisco,Médico,1
42.15423876165,Jalisco,Sinaloa,Policía,1
53.20323566722942,Jalisco,Jalisco,Médico,0
43.34314903767135,Jalisco,Jalisco,Médico,1
52.45600961975237,Sinaloa,Sinaloa,Médico,0
44.934278329359884,Jalisco,Jalisco,Médico,1
54.8128925264165,Jalisco,Sinaloa,Médico,1
47.21529715956025,Jalisco,Jalisco,Policía,1
51.104919584508394,Jalisco,Sinaloa,Policía,0
54.84958237243903,Sinaloa,Jalisco,Médico,0
52.03370777453869,Jalisco,Sinaloa,Médico,0
43.17115860868621,Jalisco,Jalisco,Policía,1
55.369319107389536,Jalisco,Sinaloa,Policía,0
53.50599505390754,Jalisco,Jalisco,Médico,1
52.30281432663442,Jalisco,Jalisco,Chef,0
53.23405205236583,Sinaloa,Jalisco,Policía,1
53.54218999519919,Sinaloa,Sinaloa,Chef,0
51.733169461700264,Sinaloa,Sinaloa,Policía,0
38.476398942443865,Jalisco,Jalisco,Médico,1
55.99766362253461,Sinaloa,Sinaloa,Profesor,0
53.85885355720767,Jalisco,Jalisco,Policía,0
40.745935979162724,Jalisco,Sinaloa,Médico,1
54.05266780794511,Jalisco,Sinaloa,Policía,0
52.34259413951426,Sinaloa,Sinaloa,Médico,1
38.14101682861738,Jalisco,Sinaloa,Médico,1
38.93096250134961,Jalisco,Sinaloa,Médico,1
51.432340684894804,Jalisco,Jalisco,Policía,0
57.28076228280194,Jalisco,Jalisco,Médico,1
38.30681665120936,Jalisco,Jalisco,Médico,1
54.439432643226404,Jalisco,Sinaloa,Policía,1
61.58361438246978,Sinaloa,Jalisco,Policía,0
49.68054659883366,Jalisco,Sinaloa,Policía,0
53.782671385704774,Jalisco,Jalisco,Policía,0
56.25580422408714,Jalisco,Sinaloa,Policía,0
25.958495773258676,Sinaloa,Jalisco,Profesor,1
27.356036278246403,Sinaloa,Sinaloa,Médico,1
53.97386299818254,Jalisco,Jalisco,Policía,0
54.13429380828093,Jalisco,Jalisco,Médico,1
58.225468537901946,Sinaloa,Jalisco,Policía,0
46.84651188103518,Jalisco,Jalisco,Policía,1
50.61245407457549,Jalisco,Jalisco,Policía,1
57.216069999630626,Sinaloa,Sinaloa,Policía,0
39.61572557743645,Jalisco,Sinaloa,Policía,1
31.186346808705434,Sinaloa,Jalisco,Profesor,1
52.09935954957344,Jalisco,Jalisco,Médico,1
55.21671173340805,Sinaloa,Sinaloa,Profesor,1
53.73619539675015,Jalisco,Sinaloa,Policía,0
56.84408309142805,Jalisco,Sinaloa,Médico,0
54.00081663599413,Jalisco,Jalisco,Chef,0
40.688976939504414,Jalisco,Jalisco,Médico,1
35.68373733391049,Jalisco,Jalisco,Médico,1
33.4699877579139,Sinaloa,Jalisco,Médico,1
52.52237809215621,Jalisco,Jalisco,Policía,0
52.51611566382134,Sinaloa,Jalisco,Chef,0
51.27407642402929,Jalisco,Jalisco,Policía,0
34.30773478852686,Jalisco,Sinaloa,Médico,1
53.36068322987194,Jalisco,Sinaloa,Policía,0
53.53668616249333,Jalisco,Jalisco,Médico,1
52.60884749154292,Jalisco,Sinaloa,Policía,0
54.495049427747475,Jalisco,Jalisco,Médico,1
53.24279146710027,Sinaloa,Sinaloa,Policía,0
28.75253626488511,Sinaloa,Sinaloa,Profesor,1
56.402288224459774,Jalisco,Sinaloa,Médico,1
52.12244919348041,Jalisco,Jalisco,Chef,0
51.0854961635359,Sinaloa,Sinaloa,Médico,0
45.64907374045445,Jalisco,Jalisco,Médico,1
53.24544212558762,Jalisco,Sinaloa,Médico,1
54.49216518226362,Sinaloa,Jalisco,Policía,0
54.79143246186712,Jalisco,Jalisco,Médico,1
53.40561847292941,Jalisco,Jalisco,Policía,0
53.61814727937466,Jalisco,Jalisco,Médico,1
52.716118507115056,Jalisco,Sinaloa,Chef,0
57.264532195996686,Sinaloa,Sinaloa,Médico,0
53.7831685407286,Jalisco,Sinaloa,Médico,1
57.47660943512499,Jalisco,Sinaloa,Policía,0
33.313297016294435,Jalisco,Sinaloa,Médico,1
40.79898758131531,Jalisco,Sinaloa,Médico,1
56.97773057826743,Jalisco,Sinaloa,Médico,0
52.36446459035022,Sinaloa,Sinaloa,Médico,0
52.50165958417999,Sinaloa,Sinaloa,Chef,0
52.195825611863185,Jalisco,Sinaloa,Médico,1
55.00260021432034,Sinaloa,Jalisco,Médico,0
52.12987822285476,Jalisco,Sinaloa,Policía,0
54.196865664483056,Jalisco,Sinaloa,Médico,0
51.52959845561781,Sinaloa,Jalisco,Chef,0
53.97724405281098,Jalisco,Sinaloa,Policía,0
52.79331047573729,Jalisco,Jalisco,Médico,1
52.59862935721965,Jalisco,Jalisco,Médico,1
53.00383613856469,Sinaloa,Jalisco,Policía,0
54.03384742604957,Sinaloa,Jalisco,Médico,1
51.970136278394605,Jalisco,Jalisco,Policía,0
52.667175196009225,Sinaloa,Jalisco,Policía,0
50.107466601523384,Sinaloa,Sinaloa,Chef,0
50.302790841262386,Sinaloa,Jalisco,Médico,0
45.999462082206605,Jalisco,Jalisco,Policía,1
34.119600351346435,Jalisco,Jalisco,Médico,1
51.15329084790784,Sinaloa,Sinaloa,Policía,0
52.53170453839136,Jalisco,Jalisco,Policía,0
48.07393943978515,Jalisco,Sinaloa,Policía,0
54.14021355174462,Jalisco,Sinaloa,Policía,0
52.85127781038571,Jalisco,Jalisco,Policía,0
51.967838506210775,Sinaloa,Jalisco,Médico,0
55.23883398210945,Jalisco,Sinaloa,Chef,0
53.85585699057467,Sinaloa,Sinaloa,Policía,0
53.68205586823478,Jalisco,Sinaloa,Médico,1
28.14609445093312,Sinaloa,Sinaloa,Profesor,1
53.469887171962924,Sinaloa,Sinaloa,Policía,1
54.0882167595388,Jalisco,Jalisco,Médico,1
40.170080472677384,Jalisco,Sinaloa,Médico,1
55.64618308941862,Jalisco,Jalisco,Médico,1
55.92035452557036,Sinaloa,Jalisco,Médico,0
50.44873725059294,Sinaloa,Sinaloa,Chef,0
55.33874690223704,Sinaloa,Sinaloa,Policía,0
53.13311884646628,Jalisco,Sinaloa,Médico,1
36.70390929773407,Jalisco,Jalisco,Médico,1
35.65004062540279,Jalisco,Sinaloa,Médico,1
54.18886930867815,Jalisco,Jalisco,Médico,1
53.82603764819399,Sinaloa,Sinaloa,Médico,0
54.982113754777245,Sinaloa,Sinaloa,Policía,0
53.417760538760106,Sinaloa,Sinaloa,Chef,0
46.082644010192,Jalisco,Sinaloa,Médico,1
50.78448692266477,Sinaloa,Sinaloa,Médico,0
47.181872734194286,Jalisco,Jalisco,Policía,0
58.152949983314564,Sinaloa,Sinaloa,Médico,0
46.11488677932256,Jalisco,Jalisco,Policía,1
55.04924804272012,Jalisco,Jalisco,Médico,1
51.544672603849115,Jalisco,Sinaloa,Policía,1
54.33835838876713,Jalisco,Sinaloa,Médico,1
55.05608690904616,Sinaloa,Sinaloa,Médico,0
47.281779836376415,Jalisco,Sinaloa,Policía,1
50.765591128753584,Jalisco,Sinaloa,Profesor,0
54.1032457134996,Sinaloa,Sinaloa,Médico,1
43.05776868864906,Jalisco,Jalisco,Policía,1
48.32090857933798,Jalisco,Sinaloa,Policía,1
52.173969293126646,Sinaloa,Sinaloa,Médico,0
52.258275273964195,Sinaloa,Sinaloa,Chef,0
36.20444100274388,Jalisco,Sinaloa,Médico,1
57.79400796182053,Jalisco,Sinaloa,Médico,1
52.63883000167047,Jalisco,Sinaloa,Policía,0
56.098721453520085,Jalisco,Jalisco,Médico,0
46.12551805202482,Jalisco,Sinaloa,Policía,1
41.899957006026966,Jalisco,Sinaloa,Policía,1
52.94565546503204,Jalisco,Sinaloa,Chef,0
54.38630222449804,Jalisco,Sinaloa,Policía,1
50.65662894396338,Jalisco,Sinaloa,Policía,1
54.067332329351,Jalisco,Sinaloa,Médico,0
40.775639772415005,Jalisco,Sinaloa,Médico,1
52.36444782018737,Sinaloa,Sinaloa,Médico,0
55.218559953148045,Sinaloa,Sinaloa,Médico,0
54.827029336219596,Jalisco,Jalisco,Policía,0
51.67311436903469,Jalisco,Sinaloa,Policía,1
51.24676342323995,Sinaloa,Sinaloa,Médico,0
53.461828859143274,Sinaloa,Sinaloa,Médico,0
51.2287957753431,Jalisco,Sinaloa,Chef,0
52.54893162198328,Jalisco,Sinaloa,Médico,1
56.099466834552686,Sinaloa,Sinaloa,Médico,0
51.183045055627595,Jalisco,Jalisco,Médico,1
52.00446228916858,Sinaloa,Sinaloa,Policía,1
59.349644386954594,Sinaloa,Sinaloa,Médico,1
51.39445238285209,Jalisco,Sinaloa,Médico,1
53.14893266304658,Jalisco,Sinaloa,Policía,0
52.895859700339955,Jalisco,Sinaloa,Médico,1
54.94914251518782,Sinaloa,Sinaloa,Médico,0
57.009066954192896,Sinaloa,Jalisco,Policía,0
40.92730239176139,Jalisco,Sinaloa,Médico,1
43.721011712936225,Jalisco,Sinaloa,Médico,1
53.341354865666865,Sinaloa,Sinaloa,Policía,0
52.343766774192936,Sinaloa,Sinaloa,Médico,0
53.947473970895956,Jalisco,Jalisco,Policía,0
37.37872866885196,Jalisco,Sinaloa,Médico,1
55.24221992052341,Sinaloa,Sinaloa,Médico,0
50.74149947845244,Sinaloa,Jalisco,Médico,0
50.63886199439193,Sinaloa,Sinaloa,Médico,0
52.591626687319575,Jalisco,Sinaloa,Policía,0
54.187340842256496,Sinaloa,Sinaloa,Médico,0
46.78671402432347,Jalisco,Jalisco,Médico,0
48.15075729281179,Jalisco,Jalisco,Médico,0
51.42931575995634,Sinaloa,Sinaloa,Médico,0
48.9178305632185,Jalisco,Jalisco,Policía,1
45.39785673171504,Jalisco,Sinaloa,Médico,1
51.24155394232175,Sinaloa,Sinaloa,Médico,0
50.24009751774228,Jalisco,Jalisco,Policía,0
50.73547276602943,Jalisco,Jalisco,Médico,1
52.87068163786339,Sinaloa,Jalisco,Médico,0
54.40878765502705,Jalisco,Sinaloa,Médico,1
59.36550431465366,Sinaloa,Jalisco,Chef,0
53.876120748452465,Jalisco,Sinaloa,Policía,0
45.91147351163258,Jalisco,Sinaloa,Médico,1
42.67398694092695,Jalisco,Jalisco,Policía,1
55.33719368671236,Jalisco,Sinaloa,Policía,0
55.97891280982362,Jalisco,Jalisco,Médico,1
42.55156883662421,Jalisco,Jalisco,Policía,1
52.801131070627186,Sinaloa,Jalisco,Médico,0
53.875375763320335,Sinaloa,Jalisco,Chef,0
54.29431270934555,Sinaloa,Sinaloa,Médico,0
39.778113911180455,Jalisco,Sinaloa,Médico,1
52.5342849387552,Jalisco,Jalisco,Policía,1
30.29116091184331,Sinaloa,Jalisco,Médico,1
40.48164941015459,Jalisco,Jalisco,Médico,1
41.518115429424675,Jalisco,Sinaloa,Médico,1
51.41406375899618,Jalisco,Sinaloa,Profesor,0
49.78154449817592,Sinaloa,Sinaloa,Médico,0
55.876036369167615,Jalisco,Jalisco,Médico,1
55.798430317881895,Sinaloa,Sinaloa,Médico,0
51.96328379423179,Jalisco,Sinaloa,Policía,0
51.32696378082218,Sinaloa,Sinaloa,Policía,0
49.568904908185644,Jalisco,Sinaloa,Policía,0
49.02290839659161,Jalisco,Sinaloa,Médico,1
51.49359251805717,Sinaloa,Sinaloa,Médico,0
47.41413871092382,Jalisco,Sinaloa,Policía,1
54.32567543642204,Sinaloa,Sinaloa,Policía,0
50.993521462003415,Jalisco,Sinaloa,Policía,0
52.279232929479676,Jalisco,Jalisco,Policía,0
52.88801918608506,Sinaloa,Sinaloa,Médico,0
54.6537436913243,Jalisco,Sinaloa,Médico,1
38.76432534664298,Jalisco,Sinaloa,Médico,1
54.26670227534106,Sinaloa,Jalisco,Médico,0
47.85721988763854,Jalisco,Sinaloa,Policía,1
52.02600621694254,Sinaloa,Jalisco,Médico,0
52.35634628300026,Jalisco,Jalisco,Médico,1
54.42828131464652,Sinaloa,Sinaloa,Médico,1
39.51274785469652,Jalisco,Sinaloa,Médico,1
48.36212628835631,Jalisco,Jalisco,Policía,0
55.59308155755673,Jalisco,Jalisco,Policía,0
52.44180088360794,Jalisco,Jalisco,Médico,0
53.12821001188231,Jalisco,Jalisco,Policía,0
53.80816662948103,Jalisco,Jalisco,Policía,0
49.495369646984564,Jalisco,Sinaloa,Policía,1
34.416895831062774,Jalisco,Sinaloa,Médico,1
55.82787638057047,Jalisco,Sinaloa,Médico,1
54.839048942219996,Sinaloa,Jalisco,Policía,1
46.951176926049285,Jalisco,Sinaloa,Policía,1
48.62470375325107,Sinaloa,Jalisco,Médico,0
37.04265806225506,Jalisco,Jalisco,Médico,1
48.6048200532434,Jalisco,Sinaloa,Policía,1
56.239035796224385,Jalisco,Sinaloa,Médico,1
34.72558869954719,Jalisco,Jalisco,Médico,1
50.88008282029095,Jalisco,Sinaloa,Médico,1
55.345066606598145,Jalisco,Sinaloa,Médico,0
34.441833323989485,Jalisco,Jalisco,Médico,1
51.76583804761257,Jalisco,Sinaloa,Médico,1
53.03412678475345,Sinaloa,Sinaloa,Policía,0
56.03779990520241,Jalisco,Jalisco,Médico,1
51.848465311919256,Jalisco,Sinaloa,Policía,1
53.654970129731886,Jalisco,Jalisco,Médico,1
55.07743918138492,Sinaloa,Jalisco,Policía,0
55.323296018335746,Sinaloa,Jalisco,Policía,1
53.05813127092177,Jalisco,Sinaloa,Policía,0
48.899490163835,Sinaloa,Jalisco,Médico,0
55.17996127811334,Jalisco,Sinaloa,Médico,1
59.298726252736174,Jalisco,Sinaloa,Médico,0
55.397762185113734,Jalisco,Jalisco,Médico,1
53.15170287938684,Jalisco,Sinaloa,Policía,0
55.38461356850948,Jalisco,Jalisco,Médico,1
55.75403536595103,Jalisco,Sinaloa,Policía,0
56.08562587712987,Sinaloa,Sinaloa,Médico,1
52.689974157083356,Sinaloa,Jalisco,Profesor,0
55.68695079554335,Sinaloa,Sinaloa,Médico,1
42.24611121321523,Jalisco,Jalisco,Policía,1
48.57518269758825,Jalisco,Sinaloa,Médico,0
53.3683553465697,Jalisco,Sinaloa,Policía,0
50.517054242252755,Jalisco,Sinaloa,Chef,0
34.68690210504476,Jalisco,Jalisco,Profesor,1
52.99570637384999,Sinaloa,Jalisco,Chef,0
49.999439856170156,Jalisco,Sinaloa,Policía,0
51.30453788132997,Jalisco,Sinaloa,Médico,1
47.983299892088965,Jalisco,Jalisco,Policía,1
54.30214591087086,Sinaloa,Jalisco,Médico,1
56.85710483229329,Sinaloa,Jalisco,Chef,0
54.02850028019544,Jalisco,Sinaloa,Policía,0
51.58975971114598,Jalisco,Sinaloa,Médico,1
51.70183337637779,Sinaloa,Sinaloa,Médico,0
46.21147594160115,Jalisco,Sinaloa,Policía,1
32.33185771864188,Sinaloa,Jalisco,Profesor,1
53.446171011308,Sinaloa,Sinaloa,Chef,0
51.02214960072108,Jalisco,Sinaloa,Policía,0
57.5808277729933,Jalisco,Sinaloa,Médico,1
50.789193782112136,Jalisco,Sinaloa,Profesor,0
49.34652902694973,Sinaloa,Jalisco,Médico,0
62.92544771065265,CDMX,Sinaloa,Policía,0
54.81527809372326,Sinaloa,Sinaloa,Médico,0
48.26157546259272,Jalisco,Jalisco,Policía,0
38.77007386582386,Jalisco,Jalisco,Médico,1
37.13107220871076,Jalisco,Jalisco,Médico,0
51.281453673290095,Jalisco,Jalisco,Policía,1
34.39788434447793,Jalisco,Jalisco,Médico,1
33.14661201094711,Sinaloa,Sinaloa,Profesor,1
52.92870348942009,Jalisco,Sinaloa,Médico,1
53.67657869844612,Sinaloa,Sinaloa,Médico,0
55.60355917616372,Jalisco,Sinaloa,Médico,0
47.90535461992426,Jalisco,Jalisco,Policía,1
39.47319477362531,Jalisco,Sinaloa,Médico,1
49.68126674781497,Jalisco,Jalisco,Policía,0
42.15938467066549,Jalisco,Jalisco,Policía,1
38.49782644830668,Jalisco,Sinaloa,Médico,1
53.08885968474185,Jalisco,Jalisco,Chef,0
60.640001853666966,Sinaloa,Jalisco,Profesor,0
49.892079122278034,Jalisco,Jalisco,Policía,1
55.39187106457548,Jalisco,Jalisco,Médico,1
51.96711175685257,Sinaloa,Jalisco,Médico,0
56.37696011674809,Jalisco,Sinaloa,Policía,0
55.42283972325742,Sinaloa,Sinaloa,Médico,0
52.17806792684224,Sinaloa,Jalisco,Médico,0
40.92784095475979,Jalisco,Jalisco,Médico,1
58.37211174690885,Sinaloa,Jalisco,Policía,0
46.435298957494304,Jalisco,Jalisco,Policía,1
52.28475268300842,Jalisco,Sinaloa,Chef,0
49.72393015928545,Sinaloa,Sinaloa,Médico,0
54.764007585473486,Sinaloa,Jalisco,Médico,1
51.86456667234572,Sinaloa,Sinaloa,Médico,1
45.980501529046336,Jalisco,Jalisco,Policía,1
42.07475534017304,Jalisco,Sinaloa,Médico,1
56.686656375253136,Sinaloa,Sinaloa,Médico,1
50.608273017184345,Jalisco,Sinaloa,Chef,0
56.82260443740777,Sinaloa,Jalisco,Médico,0
54.37731332215593,Sinaloa,Sinaloa,Policía,0
54.51210490843799,Sinaloa,Sinaloa,Policía,0
29.164534329315202,Sinaloa,Jalisco,Profesor,1
52.961690729412396,Jalisco,CDMX,Médico,1
52.16845167056585,Jalisco,Sinaloa,Médico,1
52.47733352910918,Jalisco,Sinaloa,Médico,1
53.36300084851672,Sinaloa,Sinaloa,Médico,0
53.43726419047616,Sinaloa,Jalisco,Policía,1
47.47359277371653,Jalisco,Sinaloa,Policía,0
49.59789655227781,Jalisco,Jalisco,Policía,0
41.48102862144755,Jalisco,Jalisco,Médico,1
50.643626059904406,Sinaloa,Sinaloa,Policía,1
57.74060378443943,Jalisco,Jalisco,Policía,0
51.171281470421285,Jalisco,Sinaloa,Médico,1
51.518005936895236,Jalisco,Jalisco,Policía,0
52.82682742300024,Sinaloa,Sinaloa,Policía,0
38.95642535152251,Jalisco,Jalisco,Médico,1
52.07614359922277,Sinaloa,Jalisco,Chef,1
41.46230879196389,Jalisco,Sinaloa,Médico,1
49.355236276893756,Jalisco,Jalisco,Médico,1
52.894515194018894,Sinaloa,Sinaloa,Médico,0
51.91360176166206,Jalisco,Sinaloa,Médico,1
51.1759511382352,Jalisco,Sinaloa,Policía,1
54.91116454707313,Jalisco,Jalisco,Policía,0
54.75754342891275,Sinaloa,Sinaloa,Policía,0
34.132044198140576,Jalisco,Jalisco,Médico,1
38.97959302138537,Jalisco,Jalisco,Médico,1
28.434534788561916,Sinaloa,CDMX,Profesor,1
50.06626944937002,Jalisco,Jalisco,Policía,0
33.758640467162806,Jalisco,Sinaloa,Médico,1
54.0742403254058,Jalisco,Sinaloa,Policía,0
56.428630908806646,Sinaloa,Jalisco,Médico,1
55.59454529065408,Sinaloa,Jalisco,Chef,0
55.34409832837303,Sinaloa,Sinaloa,Policía,0
31.062662574137363,Sinaloa,Jalisco,Médico,1
51.324952209426506,Sinaloa,Sinaloa,Médico,0
52.79785424016929,Jalisco,Sinaloa,Policía,0
52.892396559365345,Jalisco,Jalisco,Médico,1
47.14205466600836,Jalisco,Sinaloa,Policía,1
53.09512459999605,Jalisco,Jalisco,Médico,1
53.189614757439784,Sinaloa,Jalisco,Policía,0
45.56828822868894,Jalisco,Sinaloa,Policía,1
50.26823203931048,Sinaloa,Jalisco,Médico,0
51.550289107611114,Jalisco,Sinaloa,Policía,0
57.62873700186265,Sinaloa,Sinaloa,Policía,0
55.85692786776157,Jalisco,Sinaloa,Policía,0
56.10970480419055,Sinaloa,Jalisco,Médico,0
54.97211109692202,Jalisco,Sinaloa,Policía,0
55.03902575172298,Jalisco,Sinaloa,Médico,1
53.286298758264564,Jalisco,Sinaloa,Policía,1
53.810356918450175,Jalisco,Sinaloa,Médico,1
56.2306015640447,Sinaloa,Sinaloa,Médico,0
46.12321754323686,Jalisco,Jalisco,Policía,1
52.86836685335057,Sinaloa,Jalisco,Médico,0
51.1168915560595,Jalisco,Sinaloa,Chef,0
52.2476638862886,Jalisco,Sinaloa,Médico,1
53.49472496792914,Sinaloa,Jalisco,Policía,0
46.670534997496404,Jalisco,Jalisco,Médico,1
55.77113854311304,Jalisco,Jalisco,Médico,1
49.102003280194516,Jalisco,Sinaloa,Médico,1
57.023471324133915,Sinaloa,Jalisco,Policía,0
43.16407824359902,Jalisco,Sinaloa,Médico,1
55.06735886593603,Jalisco,Jalisco,Policía,0
52.44629320123054,Jalisco,Sinaloa,Policía,1
50.96625011647025,Jalisco,Jalisco,Policía,1
49.138175305025314,Jalisco,Sinaloa,Policía,0
52.056933592596444,Sinaloa,Jalisco,Profesor,0
42.26506002188188,Jalisco,Jalisco,Médico,1
54.07257258526464,Sinaloa,Sinaloa,Médico,1
49.017548944677,Jalisco,Sinaloa,Policía,0
51.16492932804689,Sinaloa,Jalisco,Chef,0
39.53280472670163,Jalisco,Sinaloa,Médico,1
55.419104772354615,Sinaloa,Sinaloa,Chef,0
53.77439424555647,Sinaloa,Sinaloa,Médico,1
57.143622087250115,Jalisco,Jalisco,Médico,1
52.429921386975465,Sinaloa,Sinaloa,Chef,0
53.81554526049723,Jalisco,Sinaloa,Policía,0
53.711749640195706,Sinaloa,Sinaloa,Policía,1
51.81822124857943,Jalisco,Sinaloa,Policía,0
49.06362118130643,Sinaloa,Sinaloa,Médico,0
50.38124610378066,Sinaloa,Sinaloa,Médico,0
50.293424434914336,Jalisco,Jalisco,Policía,1
55.31394987300524,Jalisco,Jalisco,Médico,1
51.89808726019558,Jalisco,Sinaloa,Médico,1
39.2785490037203,Jalisco,Sinaloa,Médico,1
56.212152915582976,Sinaloa,Sinaloa,Médico,0
32.50737269884606,Sinaloa,Sinaloa,Médico,1
49.57695865428613,Jalisco,Sinaloa,Policía,0
55.1781421646593,Sinaloa,Sinaloa,Médico,0
51.6423345749937,Jalisco,Sinaloa,Policía,1
54.49537565461102,Jalisco,Sinaloa,Médico,1
48.534310594425655,Jalisco,Sinaloa,Policía,1
51.35820263820496,Jalisco,Sinaloa,Médico,1
51.16100220989152,Sinaloa,Sinaloa,Chef,0
47.76147280212139,Jalisco,Jalisco,Profesor,0
48.81745305827714,Jalisco,Sinaloa,Médico,0
52.771235539342854,Jalisco,Jalisco,Médico,0
57.09275876570826,Jalisco,Jalisco,Profesor,1
36.26966097039668,Jalisco,Sinaloa,Médico,1
54.5876245306517,Sinaloa,Sinaloa,Médico,0
44.349649773466574,Jalisco,Sinaloa,Policía,1
34.24892710424483,Jalisco,Jalisco,Médico,1
45.46489175420321,Jalisco,Sinaloa,Médico,1
58.62935535509525,Sinaloa,Jalisco,Médico,0
51.76089204561092,Jalisco,Sinaloa,Médico,1
53.55807899237629,Sinaloa,Jalisco,Policía,0
50.01264449477492,Sinaloa,Sinaloa,Chef,0
53.684109662111446,Jalisco,Sinaloa,Médico,1
53.1126596844178,Sinaloa,Jalisco,Policía,1
49.211034570124,Jalisco,Jalisco,Policía,0
56.01848938236631,Jalisco,Jalisco,Policía,0
56.607511468442254,Jalisco,Sinaloa,Médico,1
53.5919411658432,Sinaloa,Jalisco,Chef,0
49.06942263136374,Jalisco,Jalisco,Policía,1
42.98531446123255,Jalisco,Jalisco,Médico,1
52.15834662418074,Jalisco,Sinaloa,Policía,0
65.0,CDMX,Sinaloa,Policía,0
41.2343691652774,Jalisco,Jalisco,Policía,1
41.468525170376125,Jalisco,Jalisco,Policía,1
52.40118378900367,Jalisco,Sinaloa,Policía,0
52.32568449508752,Jalisco,Sinaloa,Médico,1
51.06923499833585,Jalisco,Jalisco,Policía,0
54.78300636096636,Sinaloa,Sinaloa,Policía,0
56.085147535319244,Sinaloa,Sinaloa,Policía,0
51.20371122562271,Jalisco,Sinaloa,Médico,1
46.6550355056953,Jalisco,Sinaloa,Policía,1
49.49618808210195,Jalisco,Jalisco,Médico,0
46.80133258660549,Jalisco,Jalisco,Médico,0
56.78431858629952,Jalisco,Sinaloa,Médico,1
54.97905818558818,Sinaloa,Sinaloa,Médico,1
51.65446995174024,Jalisco,Sinaloa,Médico,0
36.66289902580911,Jalisco,Sinaloa,Médico,1
48.35481660514666,Jalisco,Sinaloa,Médico,0
50.84131246346293,Jalisco,Sinaloa,Policía,1
56.950793467583715,Sinaloa,Jalisco,Policía,0
55.00466497413969,Sinaloa,Sinaloa,Policía,0
37.558806597634835,Jalisco,Jalisco,Médico,1
49.596387333405346,Jalisco,Sinaloa,Médico,0
51.50259501687953,Sinaloa,Jalisco,Chef,0
36.93151129524562,Jalisco,Sinaloa,Médico,1
53.663610771860526,Sinaloa,Jalisco,Médico,0
36.861129055647574,Jalisco,Sinaloa,Médico,1
57.024617639293574,Jalisco,Sinaloa,Médico,1
49.837937769659995,Sinaloa,Sinaloa,Policía,1
43.918901044999984,Jalisco,Sinaloa,Médico,1
49.146510949287006,Jalisco,Sinaloa,Policía,1
54.22024349178103,Jalisco,Sinaloa,Policía,0
55.36653165341364,Sinaloa,Sinaloa,Chef,0
48.86176204048539,Sinaloa,Sinaloa,Médico,0
54.37033816357427,Sinaloa,Sinaloa,Policía,0
52.31941050359875,Sinaloa,Sinaloa,Médico,0
55.59209832293643,Sinaloa,Jalisco,Policía,0
52.830387534658215,Jalisco,Jalisco,Médico,1
49.924329823712114,Sinaloa,Sinaloa,Médico,1
57.59310125293399,Jalisco,CDMX,Médico,1
45.118380882422315,Jalisco,Jalisco,Policía,1
48.00576922150021,Jalisco,Sinaloa,Policía,1
53.01330899445858,Jalisco,Sinaloa,Médico,1
49.753490939513455,Jalisco,Sinaloa,Médico,1
50.78180795697908,Sinaloa,Sinaloa,Policía,0
39.12287337675862,Jalisco,Jalisco,Médico,1
52.517693155122814,Sinaloa,Jalisco,Médico,0
46.66657759426707,Jalisco,Sinaloa,Médico,0
54.16849624001641,Sinaloa,Sinaloa,Médico,0
46.59613399273656,Jalisco,Sinaloa,Médico,0
51.59486351902528,Sinaloa,Sinaloa,Policía,0
56.928747872009495,Sinaloa,Jalisco,Médico,1
50.51177764692447,Jalisco,Jalisco,Chef,0
48.7599396887696,Jalisco,Sinaloa,Policía,0
45.45452310419442,Jalisco,Sinaloa,Policía,1
53.22483105620108,Jalisco,Sinaloa,Chef,1
46.23737996865628,Jalisco,Sinaloa,Profesor,0
54.98043040595957,Sinaloa,Sinaloa,Médico,0
50.360409015025965,Jalisco,Jalisco,Médico,1
37.56103238495665,Jalisco,Jalisco,Médico,1
51.138399523670174,Jalisco,Sinaloa,Médico,1
43.250781341206554,Jalisco,Sinaloa,Policía,1
51.86657868065753,Sinaloa,Sinaloa,Chef,0
57.6734923264443,Jalisco,Sinaloa,Policía,0
49.38415089170195,Jalisco,Sinaloa,Policía,1
35.650604811601305,Jalisco,Jalisco,Médico,1
32.81489625219956,Jalisco,Sinaloa,Médico,1
56.748211139022246,Sinaloa,Sinaloa,Médico,1
39.6280129542145,Jalisco,Jalisco,Médico,1
42.61615010257661,Jalisco,Jalisco,Policía,1
56.475095027552484,Sinaloa,Sinaloa,Policía,0
51.19595300564179,Jalisco,Jalisco,Médico,1
52.950139236199874,Sinaloa,Sinaloa,Chef,0
54.6449163842233,Sinaloa,Jalisco,Médico,0
56.55622768122748,Sinaloa,Sinaloa,Médico,0
52.55831335988445,Jalisco,Sinaloa,Médico,1
53.29754279547862,Jalisco,Sinaloa,Policía,1
29.312695642577072,Sinaloa,Sinaloa,Profesor,1
44.45779429019722,Jalisco,Sinaloa,Policía,1
51.588426148530615,Jalisco,Jalisco,Profesor,0
54.759560218571295,Sinaloa,Sinaloa,Médico,1
47.47095724010136,Jalisco,Sinaloa,Policía,1
56.80953507717082,Sinaloa,Sinaloa,Policía,0
51.43339678053612,Jalisco,Sinaloa,Chef,0
57.03664284959474,Sinaloa,Sinaloa,Médico,0
50.286741805263745,Sinaloa,Sinaloa,Médico,0
51.397092145205555,Sinaloa,Sinaloa,Médico,1
54.875559114632516,Sinaloa,Sinaloa,Chef,0
49.01470212483032,Sinaloa,Sinaloa,Médico,0
50.11990563191331,Jalisco,Jalisco,Profesor,0
44.00364235116578,Jalisco,Jalisco,Policía,1
52.47752903370866,Jalisco,Jalisco,Policía,0
55.90424566290963,Jalisco,Sinaloa,Médico,1
48.61011776099883,Jalisco,Sinaloa,Médico,0
53.94756846738757,Jalisco,Jalisco,Policía,1
56.05787681695742,Sinaloa,Jalisco,Médico,0
50.32256464320299,Jalisco,Jalisco,Policía,0
56.19556175029269,Jalisco,Sinaloa,Policía,0
52.99216125757846,Jalisco,Jalisco,Policía,1
50.57751351719912,Jalisco,Sinaloa,Policía,1
50.074545230513955,Jalisco,Sinaloa,Médico,0
54.68838650043493,Sinaloa,Jalisco,Médico,0
52.846531514785354,Jalisco,Sinaloa,Médico,0
38.34100301727473,Jalisco,Jalisco,Médico,1
45.497868689536375,Jalisco,Jalisco,Médico,1
29.699398935649516,Sinaloa,Jalisco,Profesor,1
51.1513454069933,Jalisco,Sinaloa,Médico,1
50.69994198451928,Jalisco,Sinaloa,Policía,1
49.64012189958937,Jalisco,Jalisco,Policía,0
59.02372558905736,Jalisco,Jalisco,Policía,0
55.54252128860031,Jalisco,Jalisco,Médico,1
42.44781404918183,Jalisco,Jalisco,Médico,1
35.3904616085127,Jalisco,Sinaloa,Médico,1
53.921256446352544,Sinaloa,Sinaloa,Policía,0
52.81355510750051,Jalisco,Sinaloa,Policía,1
54.186756895190946,Sinaloa,Sinaloa,Profesor,0
43.04969604485299,Jalisco,Sinaloa,Médico,1
51.54462830465569,Jalisco,Sinaloa,Policía,0
52.34290116857918,Jalisco,Sinaloa,Médico,1
52.64345727644904,Jalisco,Sinaloa,Policía,0
58.14449513139517,Sinaloa,Jalisco,Médico,0
53.51989483224152,Sinaloa,Jalisco,Médico,0
49.855470518675205,Sinaloa,Sinaloa,Médico,0
54.57059013904558,Jalisco,Sinaloa,Médico,1
35.90889923121406,Jalisco,Sinaloa,Médico,1
36.39675676869726,Jalisco,Sinaloa,Médico,1
52.08489669230871,Jalisco,Jalisco,Médico,1
56.436749495896066,Jalisco,Sinaloa,Médico,0
43.180846013948035,Jalisco,Sinaloa,Médico,1
49.72895182397385,Sinaloa,Sinaloa,Médico,1
51.104605211041005,Jalisco,Jalisco,Policía,1
53.92285092086313,Sinaloa,Jalisco,Chef,0
55.867566564317336,Jalisco,Sinaloa,Policía,0
39.771950916999636,Jalisco,Sinaloa,Médico,1
47.582987674964556,Jalisco,Sinaloa,Médico,0
55.94145153701104,Jalisco,Sinaloa,Policía,0
50.70364826106027,Sinaloa,Sinaloa,Médico,0
48.85245728663388,Jalisco,Sinaloa,Policía,1
55.952511288932946,Jalisco,Sinaloa,Médico,1
52.98576460958088,Sinaloa,Sinaloa,Médico,0
51.555494800375776,Sinaloa,Jalisco,Policía,1
54.68776050779429,Jalisco,Sinaloa,Policía,0
49.187083835907316,Jalisco,Jalisco,Policía,0
50.416878693311496,Jalisco,Sinaloa,Médico,1
56.88670100049191,Sinaloa,Jalisco,Policía,0
34.688825419667964,Jalisco,Sinaloa,Médico,1
52.0393423171607,Jalisco,Sinaloa,Chef,0
39.83701581379802,Jalisco,Jalisco,Médico,1
56.572009919724856,Sinaloa,Jalisco,Médico,1
53.16297559843688,Jalisco,Sinaloa,Policía,0
40.78905623836769,Jalisco,Jalisco,Médico,1
56.36254744881513,Sinaloa,Jalisco,Médico,0
53.81408637038813,Sinaloa,Sinaloa,Médico,1
43.46441367073644,Jalisco,Jalisco,Policía,1
58.73970734211337,Jalisco,Jalisco,Médico,1
52.255934297508105,Jalisco,Sinaloa,Médico,1
52.50203122851703,Jalisco,Sinaloa,Médico,0
54.275776917447,Jalisco,Sinaloa,Médico,0
51.03548267940477,Jalisco,Jalisco,Médico,0
43.43765075391097,Jalisco,Sinaloa,Médico,1
37.84100388470781,Jalisco,Sinaloa,Médico,1
56.896608520904216,Jalisco,CDMX,Policía,0
47.61005701067326,Jalisco,Jalisco,Policía,0
42.17574003779933,Jalisco,Jalisco,Médico,1
54.77113512752774,Sinaloa,Sinaloa,Médico,0
55.641323162954876,Jalisco,Sinaloa,Policía,0
41.810310226599654,Jalisco,Sinaloa,Médico,1
40.29290076645614,Jalisco,Sinaloa,Médico,1
51.101070298282885,Sinaloa,Sinaloa,Médico,0
53.241978899607936,Sinaloa,Sinaloa,Policía,0
49.45093948072518,Sinaloa,Sinaloa,Policía,0
37.14267222682033,Jalisco,Jalisco,Médico,1
54.29771638312264,Sinaloa,Sinaloa,Médico,0
51.54965878063859,Sinaloa,Sinaloa,Médico,0
40.42878362398899,Jalisco,Sinaloa,Policía,1
38.41604209861528,Jalisco,Sinaloa,Médico,1
56.711515165597554,Sinaloa,Sinaloa,Médico,0
37.36897713336772,Jalisco,Sinaloa,Médico,1
51.02402562530951,Jalisco,Jalisco,Médico,1
44.94488405922283,Jalisco,Jalisco,Policía,1
37.764284668679466,Jalisco,Sinaloa,Médico,1
41.402161933832005,Jalisco,Sinaloa,Policía,1
35.34098274541402,Jalisco,Sinaloa,Médico,1
51.09617577095061,Jalisco,Sinaloa,Policía,1
51.38475692438473,Jalisco,Jalisco,Médico,0
51.0587527009068,Jalisco,Sinaloa,Chef,0
52.56675167392129,Jalisco,Jalisco,Médico,1
52.47546574626805,Jalisco,CDMX,Médico,1
52.31305055628744,Jalisco,Sinaloa,Médico,1
53.32028277411961,Jalisco,CDMX,Médico,1
47.94203426520876,Jalisco,Sinaloa,Policía,1
56.176241440661414,Jalisco,Sinaloa,Profesor,1
40.70395364441373,Jalisco,Jalisco,Médico,1
40.209713264929604,Jalisco,Jalisco,Médico,1
52.52118494420938,Sinaloa,Jalisco,Médico,0
54.09367338701891,Sinaloa,Jalisco,Médico,0
41.35268981915277,Jalisco,Sinaloa,Médico,1
55.02066423711155,Jalisco,Sinaloa,Médico,1
37.13517976153334,Jalisco,Sinaloa,Médico,1
41.96938720205101,Jalisco,Sinaloa,Médico,1
55.02447265775136,Sinaloa,Sinaloa,Médico,0
42.820378650747614,Jalisco,Sinaloa,Policía,1
51.083566615155846,Sinaloa,Sinaloa,Médico,0
59.19543982252527,Sinaloa,Sinaloa,Policía,0
48.11671803094097,Jalisco,Sinaloa,Profesor,0
54.90573359223776,Jalisco,Jalisco,Médico,1
52.48278996954967,Jalisco,Jalisco,Médico,1
53.47626824299923,Jalisco,Jalisco,Policía,0
58.449589657289415,Sinaloa,Jalisco,Chef,0
39.33092700677365,Jalisco,Sinaloa,Médico,1
50.51354618418013,Jalisco,Sinaloa,Policía,0
53.68391923295761,Jalisco,Sinaloa,Policía,0
53.7394296262498,Jalisco,Sinaloa,Chef,0
37.30053708387794,Jalisco,Jalisco,Médico,1
40.91135183327037,Jalisco,Jalisco,Médico,1
50.87406250400276,Jalisco,Sinaloa,Médico,1
32.798801515512835,Sinaloa,Jalisco,Médico,1
52.77289048458728,Sinaloa,Sinaloa,Médico,0
51.628416221829276,Sinaloa,Sinaloa,Médico,0
36.63094515330706,Jalisco,Sinaloa,Médico,1
53.851591146508675,Jalisco,Sinaloa,Médico,1
52.05179981339674,Sinaloa,Sinaloa,Médico,0
51.418918995936124,Jalisco,Jalisco,Policía,1
51.87154513467688,Jalisco,Jalisco,Policía,1
58.358905253324295,Sinaloa,Jalisco,Profesor,1
51.64858369907343,Sinaloa,Sinaloa,Ingeniero,0
56.460237029551934,Jalisco,Jalisco,Policía,0
55.23418820509476,Jalisco,Sinaloa,Médico,1
42.59599047256387,Jalisco,Sinaloa,Médico,1
50.163625044787516,Sinaloa,Sinaloa,Policía,0
53.460898971094714,Jalisco,Sinaloa,Policía,0
53.412468802828,Sinaloa,Sinaloa,Médico,0
51.09307485670124,Jalisco,Jalisco,Policía,0
51.826949239394374,Jalisco,Sinaloa,Policía,0
54.13367027368756,Sinaloa,Jalisco,Médico,1
53.46621643513745,Jalisco,Sinaloa,Policía,0
36.5217180054246,Jalisco,Sinaloa,Médico,1
52.92427044313237,Jalisco,Jalisco,Policía,1
45.442317554760265,Jalisco,Jalisco,Policía,1
41.63834056189869,Jalisco,Sinaloa,Médico,1
37.8877465008386,Jalisco,Sinaloa,Policía,1
47.35443984976639,Jalisco,Jalisco,Policía,1
43.01795844494607,Jalisco,Sinaloa,Policía,1
54.05335569611618,Sinaloa,Sinaloa,Médico,0
46.18922603364196,Jalisco,Jalisco,Médico,0
43.3921732414052,Jalisco,Sinaloa,Médico,1
31.851870244315045,Jalisco,Sinaloa,Profesor,1
32.762725062633784,Sinaloa,Sinaloa,Médico,1
54.4330300802782,Sinaloa,Jalisco,Médico,0
56.91045831853181,Jalisco,Sinaloa,Policía,0
53.98832827630635,Jalisco,Sinaloa,Chef,0
48.8666502264793,Jalisco,Jalisco,Médico,1
56.02384572754154,Sinaloa,Sinaloa,Policía,0
53.25161181545374,Jalisco,Jalisco,Médico,1
52.53920525303891,Jalisco,Jalisco,Policía,0
27.864419516618785,Sinaloa,Sinaloa,Profesor,1
54.6473485416667,Jalisco,Jalisco,Médico,1
51.64093370230167,Jalisco,Jalisco,Médico,1
51.42117632261617,Jalisco,Sinaloa,Policía,0
38.53811339334145,Jalisco,Jalisco,Médico,1
52.63029864766355,Sinaloa,Sinaloa,Policía,1
50.0018789612728,Jalisco,Jalisco,Policía,1
47.41745030996363,Jalisco,Sinaloa,Policía,1
42.425639108256696,Jalisco,Sinaloa,Médico,1
42.23703269304322,Jalisco,Jalisco,Policía,1
52.512325150643214,Sinaloa,Jalisco,Médico,0
47.437285795931324,Jalisco,Jalisco,Policía,1
43.75135680095436,Jalisco,Sinaloa,Policía,1
49.772797648293256,Jalisco,Jalisco,Policía,0
42.82293700022499,Jalisco,Sinaloa,Policía,1
51.74868927512877,Sinaloa,Jalisco,Médico,0
43.06967866228119,Jalisco,Jalisco,Médico,1
57.513214067067324,Jalisco,Jalisco,Policía,0
53.06767988146952,Jalisco,Jalisco,Policía,1
53.179391955395786,Jalisco,Jalisco,Médico,1
52.33827098311617,CDMX,Jalisco,Médico,0
53.38897100913042,Jalisco,Sinaloa,Policía,0
56.552805745740294,Sinaloa,Jalisco,Médico,1
51.81298366936854,Sinaloa,Sinaloa,Médico,0
54.29073013044518,Jalisco,Sinaloa,Médico,1
52.12562600894279,Jalisco,Sinaloa,Médico,1
46.996189542306304,Jalisco,Jalisco,Policía,1
50.73392305799949,Jalisco,Sinaloa,Médico,1
38.95828952471575,Jalisco,Sinaloa,Médico,1
52.51667515217492,Sinaloa,Sinaloa,Policía,1
53.24749231615035,Sinaloa,Sinaloa,Médico,0
32.927981643255286,Sinaloa,Sinaloa,Médico,1
52.4320223375439,Jalisco,CDMX,Médico,0
53.34321683270852,Jalisco,Jalisco,Policía,0
54.561849000530714,Sinaloa,Sinaloa,Chef,0
49.56136265257813,Jalisco,Jalisco,Chef,1
52.41955479053892,Jalisco,Jalisco,Médico,1
54.74723258178474,Sinaloa,Jalisco,Médico,0
55.59714729651547,Sinaloa,Sinaloa,Policía,0
50.690008731881086,Jalisco,Sinaloa,Policía,1
48.4747412554581,Jalisco,Sinaloa,Policía,1
52.89449211165332,Sinaloa,Sinaloa,Médico,1
53.29902598948612,Jalisco,Jalisco,Chef,0
55.565793688929965,Jalisco,Jalisco,Médico,1
48.79781314131607,Sinaloa,CDMX,Médico,0
30.300058975347618,Jalisco,Sinaloa,Profesor,1
41.63168028970553,Jalisco,Sinaloa,Médico,1
56.871450449727114,Sinaloa,Sinaloa,Médico,1
44.00253359270974,Jalisco,Jalisco,Médico,1
36.83391735039338,Jalisco,Sinaloa,Médico,1
41.00413673181174,Jalisco,Sinaloa,Médico,1
56.951051445318456,Sinaloa,Sinaloa,Chef,0
51.114936842128145,Jalisco,Jalisco,Médico,1
53.21271974064741,Jalisco,Sinaloa,Policía,0
51.07278927141874,Jalisco,Jalisco,Policía,0
53.61834520307794,Jalisco,Sinaloa,Médico,1
52.79502161103927,Sinaloa,Sinaloa,Policía,0
53.987381349254946,Jalisco,Sinaloa,Chef,0
42.20354146159779,Jalisco,Sinaloa,Policía,1
54.10425708037975,Sinaloa,Sinaloa,Policía,1
31.649557268305347,Sinaloa,Sinaloa,Profesor,1
52.65390629037063,Sinaloa,Jalisco,Médico,0
30.672027921091136,Sinaloa,Sinaloa,Profesor,1
41.70189148904628,Jalisco,Sinaloa,Médico,1
54.919253446005385,Sinaloa,Jalisco,Médico,0
52.04294386589743,Jalisco,Sinaloa,Médico,1
56.11361858051366,Sinaloa,Sinaloa,Policía,0
45.63412326890353,Jalisco,Sinaloa,Médico,0
56.35561793682821,Sinaloa,Sinaloa,Médico,1
39.967261514336755,Jalisco,Jalisco,Policía,1
43.72281190707649,Jalisco,Sinaloa,Médico,0
55.49135894423141,Sinaloa,Jalisco,Médico,1
46.19829056861025,Jalisco,Sinaloa,Médico,1
48.58148890997103,Jalisco,Jalisco,Médico,0
53.525065586407095,Jalisco,Sinaloa,Policía,0
53.06456460765368,Sinaloa,Sinaloa,Médico,0
53.440426801897196,Jalisco,Jalisco,Policía,0
43.24283093859569,Jalisco,Sinaloa,Médico,1
41.38973635860637,Jalisco,Jalisco,Médico,1
52.83837836065839,Jalisco,Sinaloa,Policía,0
49.33751534942651,Jalisco,Sinaloa,Médico,1
49.20249563938748,Sinaloa,Jalisco,Policía,1
51.723890139445174,Sinaloa,Sinaloa,Médico,0
54.25112664348846,Sinaloa,Jalisco,Médico,0
56.14217336994496,Jalisco,Sinaloa,Médico,1
53.369378433641025,Jalisco,Sinaloa,Policía,0
55.093134059361184,Sinaloa,Sinaloa,Médico,1
49.97041028252467,Jalisco,Sinaloa,Policía,0
50.56620776634107,Jalisco,Sinaloa,Policía,1
54.93850503519346,Sinaloa,Sinaloa,Médico,0
49.71108877600519,Jalisco,Jalisco,Profesor,0
37.856238109751224,Jalisco,Sinaloa,Médico,1
49.882443925456826,Jalisco,Jalisco,Policía,0
50.2653205393743,Jalisco,Sinaloa,Policía,0
34.067066278109436,Jalisco,Sinaloa,Médico,1
50.425074479506264,Jalisco,Sinaloa,Policía,1
51.16215795640925,Sinaloa,Sinaloa,Chef,0
32.82180290196705,Sinaloa,Sinaloa,Profesor,1
50.33710087892216,Jalisco,Jalisco,Médico,1
53.31632574597019,Jalisco,Jalisco,Médico,1
54.918249697934925,Sinaloa,Sinaloa,Médico,0
53.61466679238644,Jalisco,Sinaloa,Policía,0
53.26927999150738,Sinaloa,Sinaloa,Médico,0
57.638189170723244,Sinaloa,Sinaloa,Policía,0
50.69401739648059,Jalisco,Sinaloa,Policía,0
48.29439081909102,Jalisco,Jalisco,Médico,0
53.986755944877494,Jalisco,Sinaloa,Policía,0
53.25835145756391,Jalisco,Jalisco,Policía,0
40.956189979514505,Jalisco,Jalisco,Médico,1
50.26716273368134,Sinaloa,Sinaloa,Médico,0
57.53292632076229,Jalisco,Jalisco,Profesor,1
41.284719260745945,Jalisco,Sinaloa,Policía,1
54.040298437022756,Sinaloa,Sinaloa,Médico,0
30.93249571564128,Jalisco,Jalisco,Médico,1
51.704927616216345,Sinaloa,Sinaloa,Chef,0
49.817838910741656,Jalisco,Sinaloa,Médico,0
51.4535360863734,Jalisco,Sinaloa,Policía,1
54.5371281093612,Jalisco,Sinaloa,Médico,1
54.25617927089049,Sinaloa,Sinaloa,Policía,0
40.3747219444751,Jalisco,Jalisco,Médico,1
29.60229031391625,Sinaloa,Sinaloa,Profesor,1
46.08197964293106,Jalisco,Sinaloa,Policía,1
39.46223018177844,Jalisco,Jalisco,Médico,1
55.59614960499976,Sinaloa,Sinaloa,Chef,0
54.75624903798188,Sinaloa,Jalisco,Policía,0
49.84936185142422,Jalisco,Sinaloa,Médico,1
45.466109696129266,Jalisco,Sinaloa,Profesor,0
47.41644562008123,Jalisco,Sinaloa,Policía,0
54.44293980274444,Sinaloa,Jalisco,Médico,0
53.35672242024193,Jalisco,Jalisco,Médico,0
45.99012395620359,Jalisco,Jalisco,Médico,0
51.531556120314875,Jalisco,Sinaloa,Policía,0
57.39176811902475,Sinaloa,Jalisco,Médico,0
36.61966478861282,Jalisco,Jalisco,Médico,1
31.196731394222706,Sinaloa,Sinaloa,Profesor,1
54.81449009060245,Jalisco,Sinaloa,Policía,0
51.945410809490944,Jalisco,Jalisco,Policía,0
48.10243400696032,Jalisco,Jalisco,Médico,0
51.599959805498955,Jalisco,Sinaloa,Médico,1
48.98497484896567,Jalisco,Sinaloa,Médico,1
51.385853717298865,Sinaloa,Jalisco,Chef,0
51.699273166242556,Jalisco,Jalisco,Policía,0
51.33763194585863,Jalisco,Jalisco,Policía,1
48.763167220371145,Jalisco,Jalisco,Policía,0
38.25662280190494,Jalisco,Jalisco,Policía,1
51.27843131763052,Sinaloa,Sinaloa,Policía,0
49.395338962141686,Jalisco,Sinaloa,Policía,0
54.87805963685721,Sinaloa,Sinaloa,Médico,1
56.15319027504456,Sinaloa,Sinaloa,Policía,0
58.15771678161337,Sinaloa,Sinaloa,Médico,0
50.84486770556697,Jalisco,Sinaloa,Médico,1
39.97487225195253,Jalisco,Jalisco,Médico,1
47.943624009768506,Jalisco,CDMX,Policía,1
32.38924469935318,Sinaloa,Jalisco,Profesor,1
49.63592653858638,Jalisco,Jalisco,Médico,1
57.03786408046068,Sinaloa,Jalisco,Policía,0
51.88022109058931,Sinaloa,Sinaloa,Médico,0
54.75207075513915,Jalisco,Jalisco,Policía,0
51.340187246103184,Jalisco,Jalisco,Policía,1
50.924639308602686,Sinaloa,Jalisco,Policía,1
56.81108248789179,Jalisco,Sinaloa,Médico,0
54.709783696368575,Sinaloa,Sinaloa,Profesor,0
54.92508243241502,Sinaloa,Sinaloa,Médico,1
50.66135624220228,Jalisco,Sinaloa,Médico,1
53.493926122341925,Sinaloa,Sinaloa,Policía,0
53.355893159687525,Sinaloa,Jalisco,Médico,0
35.077626197282214,Jalisco,Jalisco,Médico,1
45.19913426870468,Jalisco,Sinaloa,Médico,0
54.14167850451408,Sinaloa,Sinaloa,Médico,1
32.13643010282167,Jalisco,Sinaloa,Médico,1
54.012931020508134,Sinaloa,Sinaloa,Chef,0
45.639387661811114,Jalisco,Sinaloa,Policía,1
38.64749614770621,Jalisco,Sinaloa,Médico,1
44.01608017602933,Jalisco,Jalisco,Médico,1
54.49736829166939,Sinaloa,Sinaloa,Médico,0
58.077615186820886,Jalisco,Sinaloa,Médico,1
51.320673630417815,Jalisco,Jalisco,Médico,1
52.28330494551497,Jalisco,Sinaloa,Policía,0
56.651142205417216,Sinaloa,Sinaloa,Chef,0
54.173512864409965,Sinaloa,Sinaloa,Chef,0
56.37234823268001,Sinaloa,Jalisco,Médico,1
39.22298109657905,Jalisco,Jalisco,Médico,1
56.610444059584616,Jalisco,Jalisco,Policía,0
56.506926026017545,Sinaloa,Jalisco,Médico,0
44.22040480444558,Jalisco,Sinaloa,Policía,1
56.46980114838249,Sinaloa,Sinaloa,Médico,0
44.58854183240889,Jalisco,Jalisco,Policía,1
57.1483503194528,Sinaloa,Jalisco,Médico,1
51.87846882785162,Jalisco,Sinaloa,Policía,1
52.57176311236904,Sinaloa,Sinaloa,Chef,0
53.158531281991394,Sinaloa,Sinaloa,Policía,0
53.01964748546791,Jalisco,CDMX,Chef,1
54.10180965290503,Jalisco,Sinaloa,Médico,1
53.884110542327996,Jalisco,Jalisco,Médico,0
53.73331197995783,Jalisco,Sinaloa,Policía,0
48.38714347666492,Sinaloa,Jalisco,Policía,0
47.412517964578285,Jalisco,Jalisco,Médico,0
55.645039533107,Sinaloa,Sinaloa,Médico,1
51.67146912244406,Jalisco,Sinaloa,Médico,1
52.256359675146925,Jalisco,Sinaloa,Policía,0
53.971441257236435,Jalisco,Sinaloa,Policía,0
48.59359808064889,Sinaloa,Jalisco,Médico,0
50.93478635120455,Jalisco,Sinaloa,Policía,0
54.852338541880435,Jalisco,Jalisco,Policía,0
47.50367563280256,Jalisco,Jalisco,Policía,1
54.35896736057087,Sinaloa,Sinaloa,Chef,0
49.15772632990141,Jalisco,Sinaloa,Policía,1
52.25638781324333,Jalisco,Sinaloa,Policía,1
55.98665648911643,Jalisco,Jalisco,Profesor,1
47.87003078274409,Sinaloa,Sinaloa,Médico,0
53.00160890761822,Jalisco,Sinaloa,Policía,0
57.463868194791246,Sinaloa,Jalisco,Médico,0
57.077112049872596,Jalisco,Sinaloa,Médico,1
51.446858259563,Jalisco,Jalisco,Policía,0
54.488632829981476,Sinaloa,Sinaloa,Chef,0
37.458703242441224,Jalisco,Jalisco,Médico,1
51.5038064778252,Jalisco,Sinaloa,Policía,0
41.976789925032264,Jalisco,Sinaloa,Médico,1
56.68395056268883,Sinaloa,Sinaloa,Médico,0
55.80773094323051,Sinaloa,Jalisco,Médico,0
51.99448022554011,Sinaloa,Jalisco,Médico,1
54.34787337562544,Sinaloa,Sinaloa,Médico,0
53.28757220282894,Jalisco,Sinaloa,Policía,1
45.1441971171338,Jalisco,Sinaloa,Policía,1
51.34181213400592,Jalisco,Jalisco,Policía,1
46.6987544963832,Jalisco,Jalisco,Policía,0
48.27066620618773,Jalisco,Jalisco,Policía,1
21.995426693324582,Sinaloa,Jalisco,Profesor,1
55.01861538005498,Jalisco,Sinaloa,Médico,1
30.959020660016606,Sinaloa,Sinaloa,Profesor,1
51.26550912194941,Jalisco,Jalisco,Policía,1
54.14971238212504,Sinaloa,Sinaloa,Chef,0
37.803865485613784,Jalisco,Jalisco,Médico,1
51.155283124810595,Jalisco,Jalisco,Médico,1
49.99332899727655,Jalisco,Jalisco,Policía,1
53.7360413091858,Jalisco,Sinaloa,Policía,0
57.98521114416159,Jalisco,Jalisco,Policía,0
34.511513497815,Jalisco,Sinaloa,Médico,1
54.0979505606059,Jalisco,Jalisco,Policía,0
51.475779278576674,Jalisco,Sinaloa,Médico,1
54.95502828911676,Jalisco,Sinaloa,Policía,0
55.77942779139099,Sinaloa,Jalisco,Médico,0
50.52041080895443,Jalisco,Jalisco,Policía,0
52.44295245383005,Jalisco,Sinaloa,Médico,1
51.409135014347214,Sinaloa,Sinaloa,Médico,0
41.39483921941989,Jalisco,Jalisco,Médico,1
53.324390671396124,Jalisco,Sinaloa,Policía,1
54.942977239552384,Sinaloa,Jalisco,Médico,0
53.723166750392764,Jalisco,Sinaloa,Policía,1
58.8599450419807,Sinaloa,Sinaloa,Médico,0
59.2354016262008,Sinaloa,Jalisco,Policía,0
52.57929835673692,Jalisco,Sinaloa,Policía,0
53.88764085654177,Jalisco,Jalisco,Médico,1
50.86964730743823,Sinaloa,Jalisco,Médico,0
54.661400657311454,Jalisco,Jalisco,Policía,0
56.50913310594829,Sinaloa,Sinaloa,Policía,0
56.90206125791502,Jalisco,Sinaloa,Policía,0
49.39677590906712,Jalisco,Sinaloa,Médico,0
51.51239075880195,Jalisco,Sinaloa,Médico,1
53.55095084949411,Jalisco,Jalisco,Policía,0
49.99776446592894,Jalisco,Jalisco,Policía,1
40.11096318961681,Jalisco,Sinaloa,Médico,1
53.8533742116858,Jalisco,Sinaloa,Policía,0
53.822996324370315,Jalisco,Sinaloa,Chef,0
50.98479340150304,Jalisco,Jalisco,Médico,1
56.2190405823542,Sinaloa,Jalisco,Chef,0
56.534605684977095,Jalisco,Sinaloa,Médico,0
53.05841077426877,Sinaloa,Sinaloa,Médico,0
49.64982906536597,Jalisco,Sinaloa,Médico,0
50.12921943792536,Jalisco,Sinaloa,Médico,1
51.76519561334465,Jalisco,Jalisco,Policía,0
56.246150632487975,Jalisco,Sinaloa,Médico,0
51.86501839408636,Jalisco,Sinaloa,Médico,1
56.21688137581536,Sinaloa,Jalisco,Médico,0
50.332941532783444,Jalisco,Sinaloa,Médico,1
35.39797245618436,Jalisco,Sinaloa,Médico,1
31.788091458704088,Sinaloa,Jalisco,Médico,1
52.56618512399827,Jalisco,Sinaloa,Policía,0
58.09103272017685,Jalisco,Sinaloa,Médico,1
38.89118918850407,Jalisco,Sinaloa,Médico,1
34.73472232549156,Jalisco,Sinaloa,Médico,1
57.794843389559084,Jalisco,Jalisco,Policía,0
45.59847925956383,Jalisco,Sinaloa,Policía,1
55.65767347399935,Jalisco,Sinaloa,Profesor,1
55.864473689781974,Sinaloa,Sinaloa,Policía,0
51.291719986062645,Jalisco,Sinaloa,Médico,0
47.400251979644366,Jalisco,Sinaloa,Policía,0
34.80786251276659,Jalisco,Jalisco,Médico,1
49.463168723159406,Sinaloa,Sinaloa,Médico,0
50.73679657350706,Sinaloa,Jalisco,Policía,0
27.603172453562653,Sinaloa,Jalisco,Profesor,1
49.13959032040765,Sinaloa,Jalisco,Médico,0
41.17048370927219,Jalisco,Sinaloa,Policía,1
39.496398071267194,Jalisco,Sinaloa,Médico,0
45.57411077264274,Jalisco,Sinaloa,Médico,1
52.928657276986876,Sinaloa,Sinaloa,Chef,0
51.312172433873066,Sinaloa,Sinaloa,Chef,0
48.49655672842019,Jalisco,Sinaloa,Médico,0
49.65767529838419,Sinaloa,Jalisco,Médico,0
39.42879653401469,Jalisco,Sinaloa,Médico,1
52.3774765498233,Jalisco,Sinaloa,Médico,1
50.747203209869554,Jalisco,Sinaloa,Policía,1
59.7684903631779,Sinaloa,Jalisco,Médico,0
34.604758393576745,Jalisco,Jalisco,Médico,1
30.778944137196056,Sinaloa,Sinaloa,Médico,1
42.59643127858082,Jalisco,Jalisco,Policía,1
51.77058341821584,Jalisco,Sinaloa,Policía,1
38.209114881679014,Jalisco,Sinaloa,Médico,1
55.9267825371947,Jalisco,Sinaloa,Policía,0
56.03688625146504,Jalisco,Sinaloa,Policía,0
51.072627443717515,Sinaloa,Jalisco,Chef,0
51.66166403654192,Jalisco,Sinaloa,Médico,1
52.44229798958377,Sinaloa,Jalisco,Médico,0
51.33353650411178,Jalisco,Sinaloa,Chef,0
50.54142969970422,Sinaloa,Sinaloa,Médico,0
31.732985877906472,Sinaloa,Jalisco,Profesor,1
53.35135280524437,Jalisco,Sinaloa,Médico,1
49.11320033519051,Jalisco,Sinaloa,Policía,0
53.2724603829793,Jalisco,Jalisco,Médico,1
55.47614220292339,Jalisco,Jalisco,Policía,0
56.37936079370477,Sinaloa,Jalisco,Médico,0
52.68839104851789,Jalisco,Jalisco,Policía,0
54.604424811210876,Jalisco,Sinaloa,Policía,0
31.47163686428607,Jalisco,Jalisco,Médico,1
53.32462898107937,Sinaloa,Sinaloa,Policía,0
52.18117171044572,Sinaloa,Sinaloa,Médico,0
50.23865279440836,Jalisco,Sinaloa,Médico,0
34.41012680195743,Jalisco,Sinaloa,Médico,1
54.54062194902815,Sinaloa,Sinaloa,Médico,0
49.02472141270823,Jalisco,Sinaloa,Médico,0
53.3029026431137,Jalisco,Sinaloa,Médico,1
31.467132657558942,Jalisco,Jalisco,Médico,1
49.09386181838281,Jalisco,Jalisco,Profesor,0
39.224281719825626,Jalisco,Jalisco,Médico,1
52.08001181280034,Jalisco,Jalisco,Médico,0
42.716661328609135,Jalisco,Sinaloa,Policía,1
53.51498794626907,Sinaloa,Sinaloa,Policía,0
57.26936669347289,Sinaloa,CDMX,Policía,0
55.97551557776723,Sinaloa,Sinaloa,Médico,1
33.89033322876997,Sinaloa,Sinaloa,Profesor,1
60.39378039483109,Sinaloa,Jalisco,Médico,0
39.48318775596274,Jalisco,Sinaloa,Médico,1
48.951206240117614,Jalisco,Sinaloa,Policía,1
36.109517154021724,Jalisco,Sinaloa,Médico,1
53.282590558977766,Sinaloa,Jalisco,Chef,0
57.149131700490564,Sinaloa,Sinaloa,Policía,0
52.659263737877865,Sinaloa,Sinaloa,Policía,1
53.47337577291409,Jalisco,Jalisco,Policía,0
54.39015249761013,Jalisco,Sinaloa,Policía,0
53.11177202053766,Sinaloa,Sinaloa,Médico,0
57.01971325454112,Sinaloa,Jalisco,Médico,0
50.40222797931422,Jalisco,Jalisco,Policía,0
55.173036458258636,Jalisco,CDMX,Médico,1
52.39280788765935,Jalisco,Sinaloa,Policía,1
50.71214769585952,Jalisco,Sinaloa,Profesor,0
42.61308299558864,Jalisco,Jalisco,Médico,1
42.49478351199052,Jalisco,Jalisco,Médico,1
49.152935555433544,CDMX,Jalisco,Médico,0
53.87972436457417,Sinaloa,Sinaloa,Profesor,0
50.722679451553574,Jalisco,Jalisco,Médico,1
54.29522267372209,Sinaloa,Sinaloa,Policía,0
51.55260630353355,Jalisco,Sinaloa,Médico,1
52.58149870343565,Sinaloa,Sinaloa,Médico,0
58.9395071661163,Sinaloa,Sinaloa,Médico,0
40.4327296462453,Jalisco,Jalisco,Médico,1
54.91211689800132,Sinaloa,Sinaloa,Policía,0
38.64182931238345,Jalisco,Jalisco,Médico,1
57.58478187593674,Sinaloa,Sinaloa,Chef,0
54.2616400491473,Jalisco,Jalisco,Policía,0
52.24177330806502,Sinaloa,Sinaloa,Policía,0
51.00117980310072,Jalisco,Jalisco,Médico,1
53.26807428228448,Sinaloa,Sinaloa,Policía,0
39.165361459166405,Jalisco,Sinaloa,Médico,1
47.24091008893586,Jalisco,Jalisco,Médico,0
38.251217253097,Jalisco,Sinaloa,Médico,1
39.464236026603594,Jalisco,Jalisco,Médico,1
51.7769061041606,Jalisco,Sinaloa,Médico,1
39.602513164750015,Jalisco,Sinaloa,Policía,1
49.16393610090637,Jalisco,Sinaloa,Profesor,0
51.09092583229007,Jalisco,Sinaloa,Policía,0
54.65036895612887,Sinaloa,Jalisco,Chef,0
53.9337595990062,Sinaloa,Sinaloa,Médico,0
52.080186214025204,Sinaloa,Sinaloa,Chef,0
51.74605832818988,Sinaloa,Sinaloa,Policía,1
44.47984454108929,Jalisco,Jalisco,Policía,1
52.57471673914965,Sinaloa,Sinaloa,Policía,0
29.995208628252975,Sinaloa,Jalisco,Profesor,1
49.246435901170564,Jalisco,Jalisco,Policía,1
56.0513555313468,Jalisco,Sinaloa,Médico,1
35.726832749549864,Jalisco,Jalisco,Médico,1
50.706065094385266,Jalisco,Sinaloa,Médico,0
53.04209981873792,Sinaloa,Sinaloa,Médico,0
45.82566004341584,Jalisco,Sinaloa,Médico,1
51.53765460011185,Jalisco,Sinaloa,Médico,0
51.73662027862575,Jalisco,Sinaloa,Médico,0
38.80718311302071,Jalisco,Jalisco,Médico,1
55.45707449161886,Sinaloa,Jalisco,Médico,1
46.10756304540507,Jalisco,Sinaloa,Policía,1
33.32536218720182,Jalisco,Sinaloa,Médico,1
54.6043698149911,Jalisco,Jalisco,Chef,0
55.22416092111154,Jalisco,Jalisco,Policía,0
45.147365569748004,Jalisco,Sinaloa,Policía,1
54.91647348876872,Jalisco,Sinaloa,Médico,1
52.92368688767695,Sinaloa,Sinaloa,Médico,0
36.34023168377503,Jalisco,Sinaloa,Médico,1
52.25525885866372,Jalisco,Jalisco,Policía,0
53.44567716514518,Jalisco,Sinaloa,Médico,1
54.8502475210673,Sinaloa,Sinaloa,Policía,0
47.55785998417377,Jalisco,Sinaloa,Policía,1
31.472480666062804,Sinaloa,Jalisco,Profesor,1
56.32571240007194,Sinaloa,Sinaloa,Chef,0
52.12222795712626,Sinaloa,Sinaloa,Médico,0
53.33571945000594,Jalisco,Jalisco,Médico,1
43.856476810060244,Jalisco,Sinaloa,Policía,1
56.146298033602086,Sinaloa,Sinaloa,Médico,0
41.252680005941045,Jalisco,Sinaloa,Policía,1
48.3232221203837,Jalisco,Jalisco,Policía,0
53.09781004565719,Jalisco,Sinaloa,Médico,1
53.424236927631426,Jalisco,Jalisco,Médico,1
55.191978977101435,Sinaloa,Jalisco,Médico,1
55.01355858318321,Jalisco,Jalisco,Médico,1
53.063610886259816,Jalisco,Jalisco,Médico,1
31.264519069781592,Sinaloa,Sinaloa,Profesor,1
44.36465416019101,Jalisco,Sinaloa,Policía,1
52.153217871395796,Sinaloa,Jalisco,Médico,0
53.64160709588629,Jalisco,Jalisco,Policía,0
54.23786746637145,Sinaloa,Sinaloa,Chef,0
55.2559323707901,Sinaloa,Jalisco,Médico,0
55.417436032477234,Jalisco,Jalisco,Médico,1
52.2670470945563,Jalisco,Sinaloa,Policía,0
52.306176600457086,Jalisco,Jalisco,Policía,0
54.05876835655788,Sinaloa,Jalisco,Médico,0
53.21232827442765,Jalisco,Jalisco,Médico,1
55.54792439889877,Jalisco,Sinaloa,Médico,1
53.055717123753396,Sinaloa,Sinaloa,Médico,0
58.820218428671694,Jalisco,Sinaloa,Policía,0
36.820809888268386,Jalisco,Sinaloa,Médico,1
57.86921398899272,Jalisco,Jalisco,Policía,0
55.68430314554022,Jalisco,Sinaloa,Policía,0
54.32567495992032,Sinaloa,Sinaloa,Médico,0
56.495055485723285,Sinaloa,Sinaloa,Médico,1
35.419045840525996,Jalisco,Sinaloa,Médico,1
49.75842895779682,Sinaloa,Jalisco,Médico,0
39.22423099917454,Jalisco,Sinaloa,Médico,1
57.995186613011626,Sinaloa,Sinaloa,Médico,0
53.28882634767934,Jalisco,Sinaloa,Médico,1
51.12797311416243,Sinaloa,Jalisco,Chef,0
51.68725680280616,Sinaloa,Jalisco,Médico,0
53.60229655837124,Jalisco,Sinaloa,Chef,0
53.50304001860052,Jalisco,Jalisco,Médico,1
55.004748553099276,Sinaloa,Jalisco,Médico,0
60.478005421042255,Sinaloa,Jalisco,Policía,0
54.52105652819874,Sinaloa,Sinaloa,Médico,0
53.62454324790513,Jalisco,Sinaloa,Médico,1
48.04920580905582,Jalisco,Sinaloa,Médico,0
40.31470981476426,Jalisco,Sinaloa,Médico,1
44.07274014423639,Jalisco,Jalisco,Policía,1
57.41847155305761,Sinaloa,Jalisco,Policía,0
37.08062269115425,Jalisco,Sinaloa,Médico,1
40.603156967216734,Jalisco,Sinaloa,Policía,1
53.614568421537356,Jalisco,Sinaloa,Médico,1
50.80154061127277,Jalisco,Jalisco,Profesor,0
36.795006323481246,Jalisco,Sinaloa,Médico,1
50.309812075676014,Jalisco,Sinaloa,Médico,1
40.810003120345456,Jalisco,Jalisco,Médico,1
46.18218907736122,Jalisco,Sinaloa,Policía,1
57.59467787102854,Sinaloa,Jalisco,Médico,1
56.14436497711861,Jalisco,Sinaloa,Policía,0
45.13983549176406,Jalisco,Jalisco,Médico,1
56.42727964593318,Sinaloa,Sinaloa,Chef,0
54.52576965858932,Jalisco,Sinaloa,Médico,0
55.50160032099943,Sinaloa,Sinaloa,Médico,1
54.645669318811045,Sinaloa,Jalisco,Médico,0
33.228620158020284,Sinaloa,Sinaloa,Profesor,1
53.98102756065016,Sinaloa,Sinaloa,Chef,0
51.77525586977597,Sinaloa,Jalisco,Médico,0
55.838547044489296,Sinaloa,Jalisco,Médico,0
55.78977109053868,Jalisco,Sinaloa,Policía,0
56.31770996844013,Jalisco,Jalisco,Chef,0
42.62522191853594,Jalisco,Sinaloa,Médico,1
51.891815706264104,Sinaloa,Sinaloa,Médico,1
39.04059222647106,Jalisco,Sinaloa,Médico,1
53.67477009539063,Jalisco,Jalisco,Policía,0
52.341542072428815,Jalisco,Sinaloa,Médico,1
53.991742134428534,Jalisco,Sinaloa,Médico,1
52.115459709134726,Jalisco,Jalisco,Médico,1
51.560877701986364,Sinaloa,Jalisco,Médico,0
40.4807204669025,Jalisco,Sinaloa,Médico,1
56.28623226729985,Jalisco,Jalisco,Médico,1
52.19865067823504,Jalisco,Sinaloa,Policía,0
41.042651480568225,Jalisco,Jalisco,Médico,1
50.19534125742438,Sinaloa,CDMX,Médico,0
54.023268041946544,Jalisco,Sinaloa,Médico,1
53.70966209611073,Jalisco,Sinaloa,Policía,0
32.340444112884114,Jalisco,Sinaloa,Médico,1
50.38471601773076,Sinaloa,Jalisco,Médico,0
44.01594172561276,Jalisco,Sinaloa,Médico,1
49.81931347153527,Jalisco,CDMX,Médico,1
40.79692670496395,Jalisco,Sinaloa,Médico,1
51.75569682743981,Jalisco,Jalisco,Policía,0
52.4771126209239,Jalisco,Sinaloa,Chef,0
51.46186099659928,Jalisco,Sinaloa,Policía,0
53.53910047456251,Sinaloa,Jalisco,Médico,0
55.40430368626414,Jalisco,Jalisco,Médico,1
54.298171499383436,Jalisco,Sinaloa,Médico,1
43.08378370401099,Jalisco,Jalisco,Policía,1
56.16886438322618,Jalisco,Sinaloa,Chef,0
50.263941295453186,Jalisco,Jalisco,Médico,0
54.329508507605134,Sinaloa,Sinaloa,Policía,1
52.21814394803789,Sinaloa,Jalisco,Médico,0
37.845960766959294,Jalisco,Jalisco,Médico,1
48.28155999307958,Jalisco,Jalisco,Policía,0
52.147229027598655,Jalisco,Sinaloa,Policía,0
50.08520559087171,Jalisco,Jalisco,Policía,1
42.96856665206978,Jalisco,Sinaloa,Médico,1
32.555072025542785,Sinaloa,Jalisco,Profesor,1
50.46593437639818,Jalisco,Jalisco,Policía,1
52.151583669375825,Jalisco,Sinaloa,Policía,0
38.16553762137211,Jalisco,Sinaloa,Médico,1
50.68306978636342,Jalisco,Sinaloa,Policía,0
54.94499677104541,Sinaloa,Sinaloa,Médico,0
54.70638565960716,Sinaloa,Jalisco,Médico,0
52.41413876855747,Sinaloa,Sinaloa,Médico,0
51.309809583086434,Jalisco,Jalisco,Médico,1
53.84139538173726,Jalisco,Sinaloa,Médico,1
53.730851744817,Jalisco,Sinaloa,Médico,0
59.22838182024695,Sinaloa,Jalisco,Médico,0
53.76871631161082,Jalisco,Jalisco,Médico,1
51.40656633444983,Jalisco,CDMX,Médico,0
32.838214428555105,Jalisco,Sinaloa,Médico,1
51.01103536971664,Jalisco,Sinaloa,Policía,1
56.463572674870804,Sinaloa,Sinaloa,Médico,0
43.36418518231419,Jalisco,Jalisco,Médico,1
53.79019853599654,Jalisco,Jalisco,Médico,1
50.57801515896982,Sinaloa,Jalisco,Chef,1
57.677980103771176,Sinaloa,Sinaloa,Médico,0
53.54403043070584,Jalisco,Jalisco,Médico,1
48.622655511893896,Sinaloa,Sinaloa,Médico,0
51.59455890674424,Jalisco,Jalisco,Chef,0
56.29056833317701,Sinaloa,Jalisco,Policía,0
41.001644991542804,Jalisco,Sinaloa,Médico,1
52.21330285869523,Jalisco,Sinaloa,Médico,1
54.33415448212466,Sinaloa,Sinaloa,Chef,0
49.98339080633767,Jalisco,Sinaloa,Policía,0
51.191625830954656,Jalisco,Jalisco,Policía,0
48.82529281556733,Jalisco,Sinaloa,Policía,0
51.47068888069417,Sinaloa,Sinaloa,Chef,0
53.92547524670448,Jalisco,Sinaloa,Médico,1
52.12667682028787,Jalisco,Sinaloa,Policía,1
55.32034982258576,Jalisco,Jalisco,Médico,1
41.7494064510789,Jalisco,Sinaloa,Médico,1
42.57811715057906,Jalisco,Sinaloa,Médico,1
55.86471655288286,Jalisco,Jalisco,Médico,1
47.66665397008748,Jalisco,Jalisco,Médico,0
57.52734537045302,Sinaloa,Sinaloa,Policía,0
50.308962040333526,Jalisco,Jalisco,Policía,0
51.644011299632155,Sinaloa,Jalisco,Chef,0
35.14930175031651,Jalisco,Jalisco,Médico,1
36.612257945812594,Jalisco,Jalisco,Médico,1
47.17620005866587,Jalisco,Sinaloa,Policía,1
36.35196834837551,Jalisco,Jalisco,Médico,1
49.78177956432293,Jalisco,Sinaloa,Médico,1
52.81932738186301,Jalisco,Sinaloa,Médico,0
52.370806931164644,Jalisco,Jalisco,Médico,1
52.47159584620448,Jalisco,Sinaloa,Médico,1
55.379383647111226,Jalisco,Sinaloa,Médico,1
46.508614916750375,Jalisco,Sinaloa,Policía,1
52.74843932080505,Jalisco,Jalisco,Policía,0
41.53516055168339,Jalisco,Jalisco,Médico,1
57.09273637779733,Sinaloa,Sinaloa,Chef,0
55.881277470831954,Sinaloa,Sinaloa,Médico,1
50.24491861853277,Jalisco,Jalisco,Médico,1
54.464848369761874,Sinaloa,Sinaloa,Médico,0
36.384169792830946,Jalisco,Sinaloa,Médico,1
30.381576028189627,Sinaloa,Sinaloa,Profesor,1
36.77922071412621,Jalisco,Jalisco,Médico,1
43.27158818485576,Jalisco,Sinaloa,Profesor,0
55.94908086526042,Sinaloa,Sinaloa,Policía,0
51.22153178797371,Sinaloa,Sinaloa,Médico,0
55.38854561999603,Sinaloa,Sinaloa,Médico,0
51.53773521704827,Jalisco,Jalisco,Médico,0
52.555721423515905,Jalisco,Sinaloa,Médico,1
51.57574980353066,Jalisco,Sinaloa,Policía,1
56.60455965305936,Jalisco,Sinaloa,Médico,1
56.76790804404727,Sinaloa,Sinaloa,Policía,0
50.37747936576663,Sinaloa,Jalisco,Médico,0
56.61634808503136,Jalisco,Jalisco,Policía,0
54.49204067673072,Jalisco,Jalisco,Policía,0
52.462939832261995,Jalisco,Sinaloa,Policía,1
55.43635474546788,Jalisco,Sinaloa,Médico,1
57.38731412721059,Sinaloa,Sinaloa,Ingeniero,0
51.24776160754198,Jalisco,Jalisco,Médico,1
35.792331331185906,Jalisco,Jalisco,Médico,1
52.14407656329654,Jalisco,Jalisco,Médico,1
53.16169471382493,Sinaloa,Sinaloa,Médico,0
53.07790506252177,Jalisco,Sinaloa,Policía,0
39.03001132252381,Jalisco,Sinaloa,Médico,1
48.7527192981617,Jalisco,Sinaloa,Médico,1
56.44205568021953,Sinaloa,Sinaloa,Médico,0
52.67456550450817,Jalisco,Sinaloa,Médico,1
46.76315693056769,Jalisco,Sinaloa,Policía,1
54.472299693125514,Jalisco,Jalisco,Médico,1
50.087803449655574,Jalisco,Sinaloa,Policía,1
51.6055165843309,Sinaloa,Sinaloa,Médico,0
59.02670708405703,Sinaloa,Sinaloa,Médico,1
52.413690576756586,Jalisco,Jalisco,Médico,1
43.959703276496356,Jalisco,Jalisco,Médico,1
54.060228403274735,Jalisco,Sinaloa,Médico,0
51.3305827387588,Jalisco,Sinaloa,Médico,1
54.75123684409155,Jalisco,Sinaloa,Médico,1
53.2072119955721,Sinaloa,Jalisco,Médico,1
42.27998875695784,Jalisco,Sinaloa,Médico,1
48.38476073272455,Sinaloa,Sinaloa,Médico,0
51.27463214346498,Jalisco,Jalisco,Médico,0
38.8274411290283,Jalisco,Sinaloa,Médico,1
47.96322189815294,Jalisco,Jalisco,Policía,0
51.42514400092065,Jalisco,Sinaloa,Médico,1
49.49124484776117,Sinaloa,Sinaloa,Médico,0
47.69356058030294,Jalisco,Sinaloa,Policía,1
46.501499256356055,Jalisco,Sinaloa,Policía,0
56.713388092401715,Jalisco,Sinaloa,Médico,1
53.58250543188749,Jalisco,Jalisco,Médico,1
46.30900050551301,Jalisco,Jalisco,Policía,1
53.36487485701698,Jalisco,Sinaloa,Policía,1
52.66651141896122,Jalisco,Sinaloa,Médico,1
55.18316545337193,Sinaloa,Sinaloa,Chef,0
50.2688786925283,Jalisco,Jalisco,Policía,1
43.04571997829716,Jalisco,Jalisco,Policía,1
52.5998892549976,Jalisco,Jalisco,Policía,0
56.2229744340121,Sinaloa,Sinaloa,Médico,1
54.387362376744456,Jalisco,Sinaloa,Médico,1
50.61379062953413,Jalisco,Jalisco,Policía,0
58.34548369813995,Sinaloa,Sinaloa,Policía,0
54.46221500406006,Sinaloa,Sinaloa,Chef,0
50.03398048203857,Jalisco,Jalisco,Médico,1
53.42295517721295,Sinaloa,Sinaloa,Policía,0
44.109227385155855,Jalisco,Jalisco,Policía,1
54.06105957436566,Jalisco,Sinaloa,Médico,1
55.96257483893319,Jalisco,CDMX,Médico,1
54.700435456430434,Jalisco,Sinaloa,Médico,1
54.926387812755955,Sinaloa,Jalisco,Chef,0
51.50224636423964,Jalisco,Sinaloa,Policía,0
50.21384971171612,Jalisco,Sinaloa,Profesor,0
55.02999108517983,Jalisco,Sinaloa,Policía,0
38.56099474660329,Jalisco,Sinaloa,Médico,1
59.11653347214191,Sinaloa,Sinaloa,Policía,0
39.791029662978595,Jalisco,Sinaloa,Médico,1
50.32377034853052,Jalisco,Sinaloa,Médico,1
50.08300573109588,Jalisco,Jalisco,Policía,0
55.27656143315014,Sinaloa,Jalisco,Médico,1
49.51607716811944,Jalisco,Jalisco,Policía,0
56.05698553927571,Sinaloa,Sinaloa,Médico,1
44.410121862530154,Jalisco,Sinaloa,Médico,1
52.33831556441542,Sinaloa,Sinaloa,Policía,0
53.671346188669986,Jalisco,Sinaloa,Chef,0
55.235257528121245,Jalisco,Jalisco,Médico,0
56.32654579485854,Jalisco,Sinaloa,Médico,1
42.030067685592016,Jalisco,Sinaloa,Médico,1
45.2126164757252,Jalisco,Sinaloa,Policía,1
42.86797429639822,Jalisco,Sinaloa,Médico,1
53.03564978446515,Jalisco,Sinaloa,Médico,1
54.58693436965365,Sinaloa,Jalisco,Médico,0
33.916398466962946,Jalisco,Sinaloa,Médico,1
57.404897179233174,Sinaloa,Jalisco,Médico,1
51.96391744418524,Sinaloa,Sinaloa,Médico,0
50.173792144718874,Jalisco,Sinaloa,Policía,1
57.04205666630734,Sinaloa,Jalisco,Médico,0
37.68605650351323,Jalisco,Jalisco,Médico,1
56.00212714565981,Jalisco,Sinaloa,Policía,0
38.96204612876269,Jalisco,Jalisco,Médico,1
55.13533608232379,Jalisco,Jalisco,Médico,1
55.37734915026638,Jalisco,Jalisco,Chef,0
52.619326292138346,Sinaloa,Sinaloa,Médico,0
48.44529763501898,Jalisco,Jalisco,Profesor,0
50.315912888303174,Jalisco,Jalisco,Policía,1
51.389047044758,Sinaloa,Sinaloa,Policía,1
54.181925485159994,Jalisco,Jalisco,Médico,1
35.20865448997864,Jalisco,Sinaloa,Médico,1
52.662353059933196,Jalisco,Jalisco,Médico,1
28.459512492680975,Sinaloa,Jalisco,Profesor,1
51.07051615978072,Sinaloa,Sinaloa,Médico,0
37.93315368157511,Jalisco,Jalisco,Médico,1
50.74134316134755,Jalisco,Sinaloa,Médico,1
55.63881254594669,Jalisco,Jalisco,Chef,0
51.59617531062984,Sinaloa,Sinaloa,Médico,1
47.72190652371624,Jalisco,Sinaloa,Policía,1
54.261109119712096,Jalisco,Sinaloa,Policía,0
55.095717877019005,Jalisco,Jalisco,Médico,1
54.62522152549239,Jalisco,Sinaloa,Médico,1
37.70607227094815,Jalisco,Sinaloa,Médico,1
54.480475325073904,Jalisco,Sinaloa,Policía,1
54.25088811253008,Sinaloa,Jalisco,Policía,0
41.960825294760085,Jalisco,Jalisco,Policía,1
57.05560957735704,Sinaloa,Jalisco,Médico,1
52.27479476689976,Sinaloa,Sinaloa,Policía,0
50.00184824172763,Sinaloa,Jalisco,Médico,0
35.58853327595078,Jalisco,Sinaloa,Médico,1
50.60515099891541,Jalisco,Jalisco,Policía,0
52.75289996659532,Jalisco,Sinaloa,Chef,0
51.570044151413896,Jalisco,Sinaloa,Policía,0
39.26560501546463,Jalisco,Sinaloa,Médico,1
51.37669585839586,Sinaloa,Sinaloa,Policía,1
45.36414782984397,Jalisco,Sinaloa,Policía,1
48.35753070993897,Jalisco,Jalisco,Policía,1
51.46150789235877,Jalisco,Jalisco,Médico,1
56.55584109058384,Jalisco,Sinaloa,Chef,0
49.135260243480644,Jalisco,Sinaloa,Policía,1
53.53677569056716,Jalisco,Jalisco,Médico,1
38.33845326756839,Jalisco,Sinaloa,Médico,1
41.06789491036419,Jalisco,Jalisco,Médico,1
47.57951722752978,Jalisco,Jalisco,Policía,1
39.83146920748815,Jalisco,Jalisco,Médico,1
50.099476020321376,Jalisco,Jalisco,Policía,0
49.487880488680474,Jalisco,Jalisco,Policía,1
58.47842114851153,Sinaloa,Sinaloa,Chef,0
49.38419057314793,Sinaloa,Sinaloa,Médico,0
35.00883939106089,Jalisco,Jalisco,Médico,1
46.82512868480897,Jalisco,Sinaloa,Médico,0
50.58152541851821,Sinaloa,Sinaloa,Médico,1
54.11323788459135,Sinaloa,Sinaloa,Médico,1
51.02067264615646,Jalisco,Sinaloa,Policía,0
53.34170148443435,Jalisco,Sinaloa,Médico,1
54.27146106517534,Jalisco,Sinaloa,Médico,1
56.92184129236458,Jalisco,Jalisco,Médico,1
31.201833518415295,Jalisco,Jalisco,Médico,1
50.69762635643423,Jalisco,Sinaloa,Policía,0
60.78449229989128,Sinaloa,Jalisco,Policía,0
54.45440904562198,Sinaloa,Sinaloa,Médico,0
42.859448856269715,Jalisco,Jalisco,Médico,1
48.761145499189205,Jalisco,Jalisco,Policía,0
53.05712975711338,Sinaloa,Jalisco,Médico,1
38.80418101603779,Jalisco,Sinaloa,Médico,1
37.14067820696846,Jalisco,Jalisco,Médico,1
53.48870044323844,Sinaloa,Jalisco,Médico,0
56.6794614477221,Jalisco,Sinaloa,Médico,1
52.17382462190937,Jalisco,Sinaloa,Policía,1
62.89273667552692,CDMX,Sinaloa,Policía,0
35.64181696229167,Jalisco,Sinaloa,Médico,1
32.64071239242626,Sinaloa,Jalisco,Médico,1
50.58943616143956,Sinaloa,Jalisco,Chef,0
54.20798811069675,Sinaloa,Sinaloa,Médico,0
56.418059827995656,Sinaloa,Sinaloa,Médico,0
52.021257840544045,Jalisco,Jalisco,Chef,0
54.99773014869737,Jalisco,Sinaloa,Policía,0
57.54213328039779,Jalisco,Jalisco,Policía,0
61.51520035222242,CDMX,Sinaloa,Policía,0
35.632239458451,Jalisco,Sinaloa,Médico,1
56.86420754264273,Sinaloa,Jalisco,Médico,1
56.987304213656465,Sinaloa,Jalisco,Médico,0
55.04792423189849,Jalisco,Jalisco,Policía,0
59.53978683812996,Sinaloa,Jalisco,Médico,0
53.92840845114203,Sinaloa,Sinaloa,Chef,0
51.46359321659111,Jalisco,Jalisco,Policía,1
54.919548133518134,Jalisco,Sinaloa,Médico,1
55.556325360069806,Sinaloa,CDMX,Policía,0
54.31419072154074,Sinaloa,Sinaloa,Médico,1
52.850097842064294,Jalisco,Jalisco,Policía,0
53.6008490040744,Sinaloa,Sinaloa,Chef,0
50.23096867619276,Sinaloa,Sinaloa,Médico,0
44.06222582168023,Jalisco,Jalisco,Policía,1
52.18252658887857,Jalisco,Jalisco,Policía,1
51.7808794352846,Jalisco,Jalisco,Médico,1
52.45610205653355,Sinaloa,Jalisco,Policía,0
36.01898919965522,Jalisco,Sinaloa,Médico,1
46.12624119166951,Jalisco,Jalisco,Policía,0
40.548878093757395,Jalisco,Sinaloa,Médico,1
36.464502262722405,Jalisco,Sinaloa,Profesor,1
30.237032261080493,Sinaloa,Jalisco,Profesor,1
56.05200261439115,Sinaloa,Sinaloa,Médico,1
55.02587989681367,Sinaloa,Jalisco,Médico,0
51.974862100161666,Sinaloa,Jalisco,Médico,0
57.38920871655526,Jalisco,Sinaloa,Policía,0
54.988558848642015,Sinaloa,Jalisco,Policía,0
50.455636654078106,Sinaloa,Sinaloa,Médico,0
51.2538228961264,Jalisco,Sinaloa,Policía,0
54.571659544243275,Jalisco,Jalisco,Médico,1
53.89719000378191,Sinaloa,Sinaloa,Chef,0
55.90355066798634,Jalisco,Sinaloa,Médico,1
55.34475257650303,Sinaloa,Sinaloa,Médico,0
54.872724400565055,Sinaloa,Sinaloa,Policía,0
37.607275056716276,Jalisco,Sinaloa,Médico,1
37.61677223356688,Jalisco,Sinaloa,Médico,1
53.12293284442361,Sinaloa,Sinaloa,Médico,0
53.01253804969106,Sinaloa,Jalisco,Policía,1
37.21183786704443,Jalisco,Sinaloa,Médico,1
52.54024084292819,Jalisco,Sinaloa,Médico,1
44.61497697701806,Jalisco,Sinaloa,Médico,0
49.223727007598725,Jalisco,Sinaloa,Profesor,0
48.83455862392767,Jalisco,Sinaloa,Policía,1
36.70976548662064,Jalisco,Sinaloa,Médico,1
35.55891732847835,Jalisco,Jalisco,Médico,1
47.36309194120426,Jalisco,Jalisco,Médico,0
51.238167272343965,Sinaloa,Jalisco,Médico,1
54.275340517305516,Jalisco,Sinaloa,Policía,0
48.97071423059203,Jalisco,Jalisco,Policía,1
50.46157055246533,Jalisco,Jalisco,Policía,0
53.75177094681218,Jalisco,Sinaloa,Policía,1
54.84466902123965,Jalisco,Sinaloa,Policía,0
48.84001708577398,Jalisco,Sinaloa,Policía,1
50.700165525613166,Sinaloa,Jalisco,Médico,0
42.51704236163421,Jalisco,Sinaloa,Médico,1
32.644180842817605,Jalisco,Sinaloa,Médico,1
36.57640130605078,Jalisco,Sinaloa,Médico,1
53.60741640908068,Jalisco,Jalisco,Policía,0
43.436959398061106,Jalisco,Jalisco,Policía,1
50.47579939115798,Jalisco,Sinaloa,Policía,0
55.160421238958406,Jalisco,Sinaloa,Médico,1
53.95274861413942,Sinaloa,Sinaloa,Médico,0
43.602478543614076,Jalisco,Sinaloa,Policía,1
54.33629812683367,Sinaloa,Sinaloa,Chef,0
53.031005789209296,Jalisco,Sinaloa,Médico,1
57.4315069920466,Jalisco,Jalisco,Médico,1
53.4220917599365,Sinaloa,Jalisco,Policía,0
48.63718901092258,Jalisco,Sinaloa,Médico,0
53.645492571088084,Sinaloa,Jalisco,Médico,0
51.63639819444945,Sinaloa,Sinaloa,Chef,0
52.24567923401043,Jalisco,Sinaloa,Policía,0
34.599286279974706,Jalisco,Sinaloa,Médico,1
52.49351147584312,Sinaloa,Jalisco,Policía,0
55.93815329677204,Sinaloa,Jalisco,Médico,0
50.85611355067838,Jalisco,Jalisco,Médico,1
37.897540191220045,Jalisco,Jalisco,Médico,1
53.31466459988546,Jalisco,Sinaloa,Médico,1
43.49842873942309,Jalisco,Sinaloa,Médico,1
53.47907333139619,Jalisco,Sinaloa,Policía,0
54.97414302793459,Sinaloa,Jalisco,Médico,0
53.353260692238955,Jalisco,Jalisco,Médico,1
54.12635758551362,Sinaloa,Jalisco,Médico,1
29.488819788807604,Sinaloa,Jalisco,Profesor,1
56.330193212845586,Jalisco,Sinaloa,Médico,1
54.81361270596751,Sinaloa,Jalisco,Médico,1
48.042790801676546,Jalisco,Sinaloa,Policía,1
51.16866259741377,Jalisco,Sinaloa,Médico,1
54.347478893792335,Jalisco,Jalisco,Policía,0
46.914214081853686,Sinaloa,Sinaloa,Médico,0
52.803355089647006,Jalisco,Jalisco,Médico,1
50.288093143823524,Jalisco,Sinaloa,Médico,1
51.400471817238305,Jalisco,Sinaloa,Médico,1
55.842770774483256,Jalisco,Sinaloa,Policía,0
53.09199428178615,Jalisco,Sinaloa,Médico,1
58.397602555408774,Jalisco,Sinaloa,Policía,0
51.27793702170516,Jalisco,Sinaloa,Policía,1
54.78786311483627,Sinaloa,Sinaloa,Médico,0
48.61250701768865,Jalisco,Jalisco,Policía,1
52.74220790074592,Jalisco,Sinaloa,Médico,1
53.367859188330286,Jalisco,Sinaloa,Médico,1
51.66032286991106,Jalisco,Sinaloa,Profesor,0
41.439110909188045,Jalisco,Sinaloa,Policía,1
51.87009310459649,Sinaloa,Sinaloa,Médico,0
48.5503056804195,Jalisco,Jalisco,Médico,0
55.31106819632998,Jalisco,Jalisco,Médico,1
52.438115014502344,Jalisco,Sinaloa,Médico,1
52.74145085172553,Sinaloa,Sinaloa,Médico,0
48.16144213791308,Jalisco,Jalisco,Médico,0
47.83013491316552,Jalisco,Sinaloa,Policía,1
52.96274930335771,Sinaloa,Sinaloa,Chef,0
53.39753087258116,Jalisco,Sinaloa,Médico,1
51.67494242288197,Jalisco,Jalisco,Médico,0
56.682681654972406,Sinaloa,Sinaloa,Ingeniero,0
56.37974321870627,Sinaloa,Sinaloa,Médico,1
22.708698497262798,Sinaloa,Jalisco,Profesor,1
50.162731178893715,Jalisco,Sinaloa,Médico,1
48.543769592872366,Jalisco,Sinaloa,Policía,0
54.43192878629936,Sinaloa,Jalisco,Médico,0
50.9606435695236,Jalisco,Sinaloa,Médico,1
37.583077130440586,Jalisco,Sinaloa,Médico,1
55.02861565781725,Sinaloa,Sinaloa,Chef,0
44.065588151716156,Jalisco,Sinaloa,Policía,1
53.34050707574232,Jalisco,Sinaloa,Chef,1
52.43679271610391,Jalisco,Sinaloa,Médico,1
55.93909007603028,Sinaloa,Sinaloa,Médico,0
51.31664896654835,Jalisco,Sinaloa,Médico,1
58.08612794034335,Jalisco,Sinaloa,Chef,1
57.170938602842135,Jalisco,Sinaloa,Policía,0
53.59377878204824,Jalisco,Jalisco,Médico,1
43.12994359327506,Jalisco,Sinaloa,Médico,1
46.41661982256687,Jalisco,Jalisco,Policía,1
56.274170390981695,Sinaloa,Jalisco,Médico,1
36.198658731632996,Jalisco,Sinaloa,Médico,1
49.68465952702627,Jalisco,Jalisco,Policía,1
51.3850093752731,Jalisco,Jalisco,Policía,1
47.94673366387134,Jalisco,Jalisco,Médico,1
56.95327698709225,Jalisco,Sinaloa,Policía,0
53.4244487903718,Sinaloa,Sinaloa,Profesor,0
54.497356389221615,Jalisco,Sinaloa,Médico,1
34.556792360314375,Jalisco,Sinaloa,Médico,1
54.48332994607873,Jalisco,Sinaloa,Policía,1
39.05064846754202,Jalisco,Sinaloa,Médico,1
50.70023119064075,Jalisco,Sinaloa,Chef,1
46.63536454419295,Jalisco,Sinaloa,Médico,0
51.021093238973094,Jalisco,Jalisco,Policía,1
52.83108084797111,Jalisco,Jalisco,Policía,0
48.8310282734311,Jalisco,Sinaloa,Médico,0
55.236575545478,Sinaloa,Jalisco,Médico,0
52.00878255130836,Jalisco,Sinaloa,Médico,1
58.71566264417954,Jalisco,Sinaloa,Policía,0
47.65931746754526,Jalisco,Jalisco,Policía,1
45.7618185652251,Jalisco,Jalisco,Policía,1
50.588251672434176,Jalisco,Sinaloa,Chef,0
55.88555246159233,Jalisco,Sinaloa,Médico,1
54.49479117687789,Jalisco,Jalisco,Médico,1
54.73214340203059,Sinaloa,Jalisco,Médico,0
55.434573775448484,Jalisco,Sinaloa,Policía,0
43.94151033569864,Jalisco,Sinaloa,Policía,1
31.799902297033743,Jalisco,Jalisco,Médico,1
50.439569811598226,Jalisco,Sinaloa,Chef,0
39.5942195985804,Jalisco,Sinaloa,Policía,1
37.43888438240524,Jalisco,Jalisco,Médico,1
55.602652891700494,Sinaloa,Sinaloa,Médico,0
55.11090954179682,Jalisco,Jalisco,Médico,1
53.91941440451204,Jalisco,Jalisco,Policía,0
52.77493766548844,Jalisco,Sinaloa,Chef,0
42.447405843688685,Jalisco,Jalisco,Médico,1
41.69105361848274,Jalisco,Jalisco,Policía,1
58.856162639755944,Sinaloa,Jalisco,Policía,0
55.17596740127037,Jalisco,Sinaloa,Médico,1
52.27074002156906,Jalisco,Sinaloa,Policía,1
47.26011532144198,Jalisco,Sinaloa,Médico,0
54.818744209478346,Sinaloa,CDMX,Policía,0
53.679892067038956,Jalisco,Jalisco,Médico,1
53.459177648736194,Jalisco,Jalisco,Médico,1
55.66272827202538,Jalisco,Sinaloa,Médico,1
54.18856358327192,Jalisco,Jalisco,Policía,0
52.215514815202255,Jalisco,Sinaloa,Médico,1
39.746102739478744,Jalisco,Sinaloa,Médico,1
53.14480705312123,Jalisco,Sinaloa,Policía,0
51.983256382689326,Jalisco,Jalisco,Médico,1
42.90167760421116,Jalisco,Jalisco,Policía,1
51.00859867765331,Sinaloa,Sinaloa,Médico,0
37.77950748942975,Jalisco,Sinaloa,Médico,1
55.42762901656829,Jalisco,Sinaloa,Policía,0
49.87580638398321,Sinaloa,Sinaloa,Médico,0
43.972890744688044,Jalisco,Jalisco,Policía,1
54.90248497893803,Sinaloa,Sinaloa,Médico,0
53.556150690881694,Jalisco,Sinaloa,Médico,1
50.39495124677905,Jalisco,Sinaloa,Médico,1
50.116453141505126,Sinaloa,Sinaloa,Policía,0
52.54725974477603,Jalisco,Jalisco,Médico,1
53.61936269986377,Sinaloa,Jalisco,Médico,1
40.33413934449311,Jalisco,Sinaloa,Médico,1
50.05565156151558,Sinaloa,Sinaloa,Médico,0
49.70954278281583,Jalisco,Sinaloa,Policía,0
56.915303636472416,Sinaloa,Sinaloa,Médico,0
39.683291490757306,Jalisco,Sinaloa,Médico,1
37.11852611006836,Jalisco,Jalisco,Médico,1
51.52677064004722,Sinaloa,Sinaloa,Médico,0
41.17341638842137,Jalisco,Sinaloa,Policía,1
40.992964070554606,Jalisco,Jalisco,Médico,1
30.776397650642405,Sinaloa,Jalisco,Médico,1
55.33116495573707,Sinaloa,Jalisco,Médico,1
51.31196554612751,Jalisco,Sinaloa,Policía,0
54.810229059622195,Sinaloa,Sinaloa,Médico,0
51.20409143854407,Sinaloa,Jalisco,Policía,0
53.33550850023755,Jalisco,Jalisco,Médico,1
51.95792092984505,Jalisco,Sinaloa,Médico,1
54.520343361000734,Sinaloa,Sinaloa,Médico,1
50.37817140987522,Sinaloa,Sinaloa,Médico,0
55.080535415460474,Sinaloa,Sinaloa,Policía,0
50.57153178147183,Jalisco,Jalisco,Policía,0
52.226902208751596,Jalisco,Jalisco,Policía,0
48.849010031944076,Jalisco,Jalisco,Médico,1
54.32359393230494,Sinaloa,Sinaloa,Médico,0
52.02880091350846,Sinaloa,Sinaloa,Médico,0
56.42845996979627,Sinaloa,Jalisco,Médico,0
54.9037389662171,Jalisco,Jalisco,Médico,1
52.82666946219337,Jalisco,Jalisco,Médico,1
53.03606361143905,Sinaloa,Sinaloa,Médico,0
53.42808407690156,Jalisco,Sinaloa,Policía,0
55.02954899695764,Jalisco,Sinaloa,Médico,1
54.567777802876364,Sinaloa,Sinaloa,Policía,0
49.06892309350667,Jalisco,Jalisco,Médico,1
53.605273874799195,Jalisco,Jalisco,Médico,1
53.32321377705146,Sinaloa,Sinaloa,Chef,0
47.10474770629678,Jalisco,Jalisco,Policía,1
53.00490216631157,Jalisco,Sinaloa,Policía,0
40.60949055289852,Jalisco,Jalisco,Médico,1
56.340955807598235,Sinaloa,Sinaloa,Chef,0
49.143382298137325,Sinaloa,Jalisco,Médico,0
49.99170625014604,Jalisco,Sinaloa,Policía,1
49.03381633589018,Jalisco,Sinaloa,Médico,0
53.16042278061684,Jalisco,Sinaloa,Policía,0
60.01474643402968,Sinaloa,Jalisco,Médico,0
52.364392840760495,Jalisco,Sinaloa,Médico,1
54.31599828941692,Jalisco,Jalisco,Médico,0
51.4126239289465,Sinaloa,Jalisco,Médico,0
35.187685529312574,Jalisco,Sinaloa,Médico,1
53.19633453234105,Sinaloa,Sinaloa,Policía,1
52.667179503309995,Jalisco,Sinaloa,Médico,1
54.05352976730781,Jalisco,Sinaloa,Médico,1
52.65589431053271,Jalisco,Jalisco,Policía,0
56.574044253954554,Jalisco,Sinaloa,Médico,1
51.57792618442868,Sinaloa,Sinaloa,Policía,0
55.4644326938714,Jalisco,Sinaloa,Policía,0
53.12718111065111,Jalisco,Sinaloa,Médico,0
52.47990505576131,Jalisco,Sinaloa,Médico,1
42.53807451236561,Jalisco,Sinaloa,Policía,1
51.41457877863012,Jalisco,Sinaloa,Policía,0
56.720451781248435,Jalisco,Jalisco,Policía,0
41.399125624977465,Jalisco,Sinaloa,Médico,1
52.822570475828044,Jalisco,Jalisco,Policía,0
42.96682916308285,Jalisco,Sinaloa,Médico,1
55.7496687450109,Jalisco,Sinaloa,Policía,0
52.9681616502722,Jalisco,Sinaloa,Policía,1
49.49038414625923,Jalisco,Sinaloa,Médico,0
52.965121785511805,Jalisco,Jalisco,Policía,1
51.907123730482176,Sinaloa,Jalisco,Médico,0
32.7346497406993,Jalisco,Sinaloa,Profesor,1
35.842943632852105,Jalisco,Sinaloa,Médico,1
57.13733803812944,Sinaloa,Jalisco,Médico,1
50.59191784616094,Sinaloa,Sinaloa,Chef,0
49.90893078162051,Jalisco,Sinaloa,Médico,0
52.79628233086711,Sinaloa,Sinaloa,Médico,0
35.82128650224527,Jalisco,Jalisco,Profesor,1
54.3436366612455,Sinaloa,Jalisco,Policía,0
52.90190452287232,Jalisco,Jalisco,Policía,0
48.85800938848904,Sinaloa,Jalisco,Médico,0
32.852699432048496,Jalisco,Sinaloa,Médico,1
53.688295408554616,Jalisco,Sinaloa,Chef,0
45.052450380536754,Jalisco,Jalisco,Policía,1
54.085075925635536,Jalisco,CDMX,Médico,1
57.89907074969612,Sinaloa,Sinaloa,Médico,0
50.42928446427668,Jalisco,Sinaloa,Médico,1
54.15076550170572,Jalisco,Sinaloa,Médico,1
56.11317695101116,Sinaloa,Sinaloa,Policía,0
54.68990395628655,Sinaloa,Sinaloa,Chef,0
51.554615099988965,Jalisco,Sinaloa,Policía,1
37.33459171969174,Jalisco,Jalisco,Médico,1
53.01563014233338,Jalisco,Jalisco,Médico,1
50.71952233124203,Sinaloa,Jalisco,Médico,0
57.64076670287365,Sinaloa,Jalisco,Policía,0
44.166974942926245,Jalisco,Sinaloa,Médico,1
18.991292770656184,Sinaloa,Sinaloa,Profesor,1
51.502349250847686,Jalisco,Jalisco,Policía,0
56.88516336935548,Sinaloa,Jalisco,Médico,1
54.07086862230949,Jalisco,Jalisco,Policía,1
52.10944423521752,Sinaloa,Jalisco,Médico,0
55.494810182475405,Jalisco,Sinaloa,Policía,0
51.31475167395535,Jalisco,Jalisco,Médico,1
51.75514502837719,Jalisco,Sinaloa,Policía,1
53.243910268332,Sinaloa,Jalisco,Policía,0
40.79322097568054,Jalisco,Sinaloa,Médico,1
42.59523214975166,Jalisco,Sinaloa,Médico,1
51.77769759960372,Jalisco,Jalisco,Médico,1
34.40882672116136,Jalisco,Jalisco,Médico,1
52.56927496678558,Sinaloa,Jalisco,Médico,0
42.20023543082529,Jalisco,Sinaloa,Médico,1
41.81037449584795,Jalisco,Sinaloa,Médico,1
49.11674909023877,Jalisco,Sinaloa,Médico,0
52.81239704038772,Jalisco,Sinaloa,Médico,1
48.92989867319907,Jalisco,Sinaloa,Médico,1
54.527664266491556,Jalisco,Jalisco,Médico,1
38.9689682259915,Jalisco,Sinaloa,Médico,1
54.07337014418294,Jalisco,Sinaloa,Médico,1
53.021171440206324,Jalisco,Sinaloa,Policía,0
39.9487592577105,Jalisco,Sinaloa,Médico,1
50.91175973784279,Jalisco,Sinaloa,Médico,1
47.45389550548782,Jalisco,Sinaloa,Policía,0
53.02095337112215,Sinaloa,Sinaloa,Médico,0
39.42829586612628,Jalisco,Sinaloa,Médico,1
49.645681368455186,Jalisco,Jalisco,Médico,0
52.33258269291842,Jalisco,Sinaloa,Policía,0
36.645616363195295,Jalisco,Sinaloa,Médico,1
57.39773045846578,Jalisco,Jalisco,Policía,0
49.81646674998274,Sinaloa,Sinaloa,Médico,0
52.93320752593865,Jalisco,Sinaloa,Médico,0
43.5546434307917,Jalisco,Sinaloa,Médico,1
50.47484031684556,Sinaloa,Sinaloa,Policía,0
52.96144499221063,Jalisco,Sinaloa,Médico,1
55.64414471351725,Jalisco,Sinaloa,Médico,1
49.34653008084685,Jalisco,Sinaloa,Policía,1
41.742226343432286,Jalisco,Sinaloa,Policía,1
49.67850655174436,Sinaloa,Sinaloa,Policía,0
53.71831851845576,Sinaloa,Jalisco,Chef,0
50.7563183520956,Sinaloa,Jalisco,Médico,0
38.05760195985743,Jalisco,Jalisco,Médico,1
56.519653499233804,Jalisco,Sinaloa,Policía,0
40.9084418698538,Jalisco,Sinaloa,Policía,1
39.24135526688319,Jalisco,Sinaloa,Médico,1
49.53481383130801,Sinaloa,Jalisco,Médico,0
53.59597657104508,Jalisco,Jalisco,Médico,1
57.742575188287574,Sinaloa,Jalisco,Médico,0
54.46717936589935,Sinaloa,Sinaloa,Policía,0
48.94068422153363,Sinaloa,Sinaloa,Médico,0
40.831670420290784,Jalisco,Sinaloa,Médico,1
54.19282793543317,Jalisco,Jalisco,Chef,0
55.073104223332436,Sinaloa,Jalisco,Policía,0
57.65908263244152,Sinaloa,Jalisco,Policía,0
55.362605081171154,Sinaloa,Sinaloa,Médico,1
39.31625807537695,Jalisco,Jalisco,Médico,1
46.9637506408062,Jalisco,Sinaloa,Policía,0
48.342609856516944,Sinaloa,Sinaloa,Policía,0
33.65635405000378,Jalisco,Sinaloa,Profesor,1
55.66779483751732,Sinaloa,Jalisco,Médico,0
49.606403649880185,Jalisco,Sinaloa,Médico,0
53.90001811484367,Jalisco,Sinaloa,Policía,0
33.37739050415637,Jalisco,Sinaloa,Médico,1
40.05850253339702,Jalisco,Sinaloa,Médico,1
44.896342475425165,Jalisco,Sinaloa,Policía,1
56.0672043469399,Jalisco,Jalisco,Médico,1
51.630335062899896,Jalisco,Sinaloa,Policía,1
40.23415844945636,Jalisco,Jalisco,Policía,1
39.928115986245395,Jalisco,Sinaloa,Médico,0
53.24370069241754,Sinaloa,Jalisco,Médico,1
55.26071348560951,Jalisco,Sinaloa,Policía,0
56.8971289785052,Sinaloa,Jalisco,Médico,0
54.7243773447517,Sinaloa,Sinaloa,Médico,0
27.976054390255385,Sinaloa,Sinaloa,Profesor,1
50.893404628152766,Sinaloa,Sinaloa,Médico,1
52.65583053250052,Jalisco,Sinaloa,Médico,1
56.048212234767014,Sinaloa,Sinaloa,Médico,0
44.46033853926352,Jalisco,Sinaloa,Profesor,0
51.03106803996052,Jalisco,Jalisco,Policía,0
54.18062825817895,Sinaloa,Sinaloa,Policía,0
42.043724391618284,Jalisco,Sinaloa,Médico,1
41.76435099550779,Jalisco,Sinaloa,Médico,1
53.91571852200781,Sinaloa,Sinaloa,Chef,0
58.76392634997246,Jalisco,Sinaloa,Policía,0
50.77201241942641,Jalisco,Sinaloa,Médico,1
51.49891117251226,Jalisco,Sinaloa,Chef,0
53.14010825775861,Jalisco,Jalisco,Médico,1
54.21557428912031,Jalisco,Sinaloa,Médico,1
50.00702031787537,Jalisco,Sinaloa,Policía,0
53.04619193142142,Jalisco,Jalisco,Médico,1
55.01143801192899,Jalisco,Sinaloa,Médico,1
53.94265093475045,Sinaloa,Jalisco,Médico,0
34.55906184745126,Sinaloa,Jalisco,Médico,1
40.90197351898088,Jalisco,Sinaloa,Médico,1
51.82695410888633,Jalisco,Sinaloa,Policía,1
46.46936168524495,Jalisco,Sinaloa,Médico,1
56.29765364458803,Jalisco,Sinaloa,Médico,1
51.54657446148051,Sinaloa,Jalisco,Médico,0
52.25283426087176,Jalisco,Sinaloa,Médico,0
37.84911728258173,Jalisco,Jalisco,Médico,1
49.31980868067511,Sinaloa,Sinaloa,Policía,0
51.515085706710614,Sinaloa,Jalisco,Médico,0
54.00503734213989,Sinaloa,Sinaloa,Médico,0
57.02364385251685,Sinaloa,Sinaloa,Médico,0
52.13323333460049,Jalisco,Jalisco,Policía,0
54.7587272530769,Jalisco,Sinaloa,Médico,1
42.26445510499629,Jalisco,Jalisco,Policía,1
46.778391930846,Jalisco,Jalisco,Médico,1
38.20957779367868,Jalisco,Jalisco,Médico,1
51.17600927765826,Jalisco,Sinaloa,Policía,1
51.481396136155674,Sinaloa,Sinaloa,Médico,0
57.59482511869381,Jalisco,Sinaloa,Policía,0
51.21146418822033,Jalisco,Sinaloa,Policía,0
51.118837339334924,Jalisco,Jalisco,Policía,1
56.15295510301926,Sinaloa,Sinaloa,Policía,0
56.464568529762,Sinaloa,Sinaloa,Policía,0
55.56298592711528,Jalisco,Sinaloa,Médico,1
52.937520508098245,Jalisco,Jalisco,Médico,1
51.04000349952784,Jalisco,Jalisco,Policía,0
56.69763035480382,Sinaloa,Sinaloa,Policía,0
40.71745080293765,Jalisco,Sinaloa,Médico,1
52.25813629287317,Sinaloa,Sinaloa,Médico,1
50.741966903310505,Sinaloa,Sinaloa,Médico,0
30.259909857805454,Sinaloa,Sinaloa,Médico,1
49.230412635474224,Sinaloa,Sinaloa,Chef,0
54.928233571946514,Jalisco,Sinaloa,Médico,1
39.54847221539765,Jalisco,Sinaloa,Médico,1
58.610330929428876,Sinaloa,Sinaloa,Médico,0
35.62230479129483,Jalisco,Jalisco,Médico,1
51.32840316203457,Jalisco,Sinaloa,Médico,1
53.56937617529413,Jalisco,Sinaloa,Médico,1
36.8824707539195,Jalisco,Sinaloa,Médico,1
43.05601328867202,Jalisco,Jalisco,Médico,1
49.077187629500585,Jalisco,Sinaloa,Policía,0
23.676516558265924,Sinaloa,Jalisco,Profesor,1
48.85884949255175,Jalisco,Sinaloa,Policía,1
41.7689410880037,Jalisco,Jalisco,Médico,1
53.62085837673893,Sinaloa,Jalisco,Médico,0
53.66115833519458,Sinaloa,Sinaloa,Médico,1
53.12218358390432,Jalisco,Sinaloa,Policía,0
50.5795485553354,CDMX,Jalisco,Médico,0
51.18784465472341,Jalisco,Sinaloa,Médico,0
54.54820942653418,Sinaloa,Jalisco,Médico,1
47.58266197027967,Jalisco,Jalisco,Policía,1
48.15419006656217,Jalisco,Jalisco,Médico,0
47.0943334951521,Jalisco,Jalisco,Chef,0
41.15160573388154,Jalisco,Sinaloa,Policía,1
59.712322568999355,Sinaloa,Jalisco,Policía,0
45.5486757859147,Jalisco,Sinaloa,Profesor,0
51.38551257479181,Jalisco,Jalisco,Policía,0
54.73171315945592,Sinaloa,Sinaloa,Policía,0
33.96537241689965,Jalisco,Sinaloa,Médico,1
51.78079550040613,Jalisco,Jalisco,Policía,0
36.23232695308025,Jalisco,Sinaloa,Médico,1
56.64664068103892,Sinaloa,Sinaloa,Policía,0
51.405309600098164,Sinaloa,Sinaloa,Médico,1
53.97755057449482,Jalisco,Sinaloa,Médico,1
38.45602774287768,Jalisco,Jalisco,Médico,1
52.2762723565405,Jalisco,Jalisco,Médico,1
55.18250380650969,Sinaloa,Sinaloa,Policía,0
53.015223237795695,Jalisco,Sinaloa,Médico,1
50.13946219454888,Sinaloa,Jalisco,Médico,0
42.29609019526485,Jalisco,Sinaloa,Médico,0
46.28905713810243,Jalisco,Sinaloa,Médico,0
57.10967746594487,Jalisco,Sinaloa,Policía,0
54.12756779128871,Jalisco,Jalisco,Médico,1
52.34397740940578,Jalisco,Sinaloa,Policía,0
54.83580019731137,Jalisco,Sinaloa,Policía,0
55.558016328046534,Sinaloa,Sinaloa,Médico,0
49.9796853559296,Jalisco,Sinaloa,Médico,0
48.60481952689695,Jalisco,Jalisco,Médico,1
53.2445428101118,Sinaloa,Sinaloa,Policía,0
46.270184375301675,Jalisco,Sinaloa,Policía,1
56.25468575546922,Sinaloa,Sinaloa,Médico,1
56.62425527043157,Sinaloa,Sinaloa,Policía,0
50.875025896312415,Jalisco,Jalisco,Policía,0
34.606680695200026,Sinaloa,Sinaloa,Médico,1
49.93725773653509,Jalisco,Sinaloa,Policía,0
56.00139892507263,Sinaloa,Sinaloa,Médico,1
49.58570060861466,Jalisco,Sinaloa,Médico,1
46.929400117094424,Jalisco,Sinaloa,Médico,0
46.744783938702156,Jalisco,Sinaloa,Policía,0
54.506514502657474,Sinaloa,Jalisco,Médico,0
57.3234148804199,Jalisco,Jalisco,Médico,0
51.47601029997594,Jalisco,Sinaloa,Policía,0
48.189434526953136,Jalisco,Sinaloa,Policía,1
53.48830804413558,Sinaloa,Jalisco,Médico,0
55.43727605661625,Jalisco,Sinaloa,Policía,0
49.851476290433716,Jalisco,Sinaloa,Policía,1
48.462914840879264,Sinaloa,Sinaloa,Chef,0
51.47095362643906,Jalisco,CDMX,Policía,1
50.18119027501339,Sinaloa,Jalisco,Médico,0
51.60639613075488,Jalisco,Sinaloa,Policía,0
53.27973776686518,Jalisco,Sinaloa,Chef,0
52.544164035979975,Jalisco,Jalisco,Médico,1
53.35685458955534,Jalisco,Sinaloa,Médico,0
39.465570183463925,Jalisco,Jalisco,Médico,1
55.21476424432216,Sinaloa,Sinaloa,Médico,0
50.56892531547366,Jalisco,Sinaloa,Policía,1
52.156169479964106,Sinaloa,Jalisco,Médico,0
35.73490284418581,Jalisco,Sinaloa,Médico,1
50.07659446212484,Jalisco,Jalisco,Policía,1
50.03232442620825,Jalisco,Sinaloa,Médico,0
54.478340031769406,Sinaloa,Jalisco,Profesor,0
43.068946108447115,Jalisco,Sinaloa,Policía,1
36.31843794676004,Jalisco,Jalisco,Médico,1
45.36499800136299,Jalisco,Sinaloa,Policía,1
57.508395790600524,Sinaloa,Jalisco,Chef,0
54.50693604087544,Jalisco,Sinaloa,Médico,1
55.20339662319916,Jalisco,Sinaloa,Médico,1
58.58172274995713,Sinaloa,Sinaloa,Médico,1
53.09711227034894,Jalisco,Sinaloa,Médico,1
48.81700842972623,Jalisco,Sinaloa,Policía,1
49.94762005867359,Jalisco,Sinaloa,Policía,1
56.55427663153953,Sinaloa,Sinaloa,Médico,0
54.988684235895384,Sinaloa,Sinaloa,Médico,1
46.12965691013733,Jalisco,Jalisco,Policía,0
53.53110041901321,Sinaloa,Sinaloa,Chef,0
51.00441070370742,Sinaloa,Sinaloa,Médico,1
51.96616039533447,Sinaloa,Sinaloa,Médico,0
59.43493463950958,Sinaloa,Sinaloa,Policía,0
45.606040693647614,Jalisco,Sinaloa,Policía,1
53.41624438539684,Jalisco,Sinaloa,Médico,0
41.31047522350392,Jalisco,Sinaloa,Médico,1
37.55243096216388,Jalisco,Sinaloa,Médico,1
59.20513520849326,Sinaloa,Sinaloa,Policía,0
53.77731539042063,Sinaloa,Sinaloa,Médico,0
53.90088274556803,Jalisco,Jalisco,Médico,1
42.4327227881476,Jalisco,Jalisco,Médico,1
56.09632881810105,Jalisco,Sinaloa,Médico,1
53.19535085193112,Jalisco,Jalisco,Médico,1
56.50185316043952,Jalisco,Jalisco,Profesor,1
53.619702535338334,Sinaloa,Jalisco,Médico,0
55.52411899195716,Jalisco,Jalisco,Médico,1
41.04062318493162,Jalisco,Sinaloa,Policía,1
52.619887876558415,Jalisco,Jalisco,Médico,1
42.46083944021082,Jalisco,Jalisco,Médico,1
51.037461550320955,Jalisco,Jalisco,Policía,0
54.09500556256827,Sinaloa,Jalisco,Médico,0
49.92731829861728,Jalisco,Sinaloa,Chef,0
52.307660472236236,Jalisco,Jalisco,Policía,0
53.76129727091703,Jalisco,Sinaloa,Policía,0
51.78781697451744,Sinaloa,Sinaloa,Policía,1
54.69700369931799,Jalisco,Sinaloa,Profesor,1
49.955357106005806,Jalisco,Jalisco,Policía,1
51.02481862762873,Sinaloa,Sinaloa,Médico,0
53.81666468591338,Sinaloa,Sinaloa,Médico,1
36.740384114614436,Jalisco,Jalisco,Médico,1
54.96517971443724,Sinaloa,Jalisco,Chef,0
54.61231652791966,Jalisco,Sinaloa,Policía,0
54.55246515293091,Jalisco,Jalisco,Médico,1
50.84439642924353,Jalisco,Sinaloa,Médico,0
53.013043935454775,Sinaloa,Jalisco,Profesor,0
47.68605849401335,Jalisco,Sinaloa,Policía,1
53.29061353666888,Sinaloa,Sinaloa,Médico,0
41.489205094653826,Jalisco,Sinaloa,Policía,1
60.8617620739973,Sinaloa,Sinaloa,Médico,0
22.17432250759604,Sinaloa,Sinaloa,Profesor,1
53.67806954346517,Sinaloa,Sinaloa,Policía,0
55.29694858648113,Sinaloa,Jalisco,Médico,1
56.15655651665132,Sinaloa,Jalisco,Médico,0
49.50310055571714,Sinaloa,Jalisco,Médico,0
50.87381259847427,Sinaloa,Sinaloa,Policía,0
55.73660118112295,Sinaloa,Sinaloa,Médico,1
50.36407991852692,Jalisco,Sinaloa,Policía,0
49.08660186152834,Jalisco,Sinaloa,Policía,0
49.13076603807915,Jalisco,Sinaloa,Policía,1
55.145552475457954,Jalisco,Jalisco,Policía,0
46.52307393280313,Jalisco,Jalisco,Policía,1
54.12554746061326,Sinaloa,Sinaloa,Médico,1
54.07003768934625,Jalisco,Sinaloa,Médico,1
50.522095234763896,Sinaloa,Jalisco,Médico,0
53.353309023806794,Sinaloa,Jalisco,Policía,0
48.35941526536867,Jalisco,Jalisco,Policía,0
53.105706555485504,Sinaloa,Sinaloa,Médico,0
33.269530588957,Jalisco,Sinaloa,Médico,1
53.69740289750182,Jalisco,Sinaloa,Médico,1
57.12586309421568,Jalisco,Sinaloa,Policía,0
49.37924510247297,Sinaloa,Jalisco,Médico,0
53.3051302196984,Jalisco,Jalisco,Médico,1
51.52146110935942,Jalisco,Sinaloa,Policía,0
55.850130331349014,Sinaloa,Sinaloa,Médico,0
53.32172116556314,Jalisco,Sinaloa,Médico,1
58.9892963435299,Sinaloa,Sinaloa,Chef,0
34.86196600961134,Jalisco,Sinaloa,Profesor,1
46.048849522868544,Jalisco,Jalisco,Médico,1
57.45688510768402,Jalisco,Sinaloa,Médico,1
37.948658600173246,Jalisco,Jalisco,Médico,1
54.84727165730281,Jalisco,Jalisco,Chef,0
56.12267133105037,Sinaloa,Sinaloa,Chef,0
51.81746243401844,Sinaloa,Jalisco,Chef,0
51.14061289456208,Sinaloa,Sinaloa,Médico,0
56.05147368172735,Sinaloa,Jalisco,Médico,0
48.4251841223452,Sinaloa,Jalisco,Policía,0
52.450547529177214,Jalisco,Jalisco,Policía,0
52.19432683641306,Jalisco,Sinaloa,Médico,1
51.68690645693483,Jalisco,Sinaloa,Policía,0
46.9042558628656,Jalisco,Sinaloa,Policía,1
42.2527277386845,Jalisco,Jalisco,Médico,1
52.79438151903609,Jalisco,Sinaloa,Médico,1
51.252712328361284,Sinaloa,Sinaloa,Policía,1
51.16134239107509,Jalisco,Sinaloa,Policía,0
59.89344326398775,Sinaloa,Sinaloa,Policía,0
49.85329136153198,Jalisco,Sinaloa,Policía,0
23.331729508526283,Sinaloa,Jalisco,Profesor,1
44.715906184150256,Jalisco,Sinaloa,Policía,1
52.66026753515101,Jalisco,Sinaloa,Médico,0
49.63014276724554,Sinaloa,Jalisco,Médico,0
51.85974495327886,Sinaloa,Jalisco,Médico,0
35.69471758372899,Jalisco,Sinaloa,Médico,1
49.2863600427642,Jalisco,Jalisco,Médico,0
45.33011535408767,Jalisco,Jalisco,Policía,1
58.923758328084894,Jalisco,Sinaloa,Profesor,1
51.06789716628275,Jalisco,Sinaloa,Médico,1
48.39994320311694,Jalisco,Sinaloa,Policía,0
36.769598474145226,Jalisco,Jalisco,Médico,1
37.61237923021391,Jalisco,Sinaloa,Médico,1
49.9335334689504,Jalisco,Sinaloa,Policía,0
48.76061960454824,Jalisco,Jalisco,Policía,0
48.777769542190995,Jalisco,Sinaloa,Médico,1
53.16862329573139,Jalisco,Sinaloa,Chef,0
47.71427966999784,Jalisco,Sinaloa,Policía,1
51.10443428476147,Sinaloa,Sinaloa,Médico,0
50.93271199940772,Jalisco,Jalisco,Médico,1
50.54886030475067,Jalisco,Sinaloa,Médico,1
53.187333220812725,Jalisco,Sinaloa,Médico,1
51.310560488725,Sinaloa,Sinaloa,Médico,0
49.61648830715589,Sinaloa,Jalisco,Chef,0
55.6092844057565,Sinaloa,Sinaloa,Médico,0
57.22093028362681,Jalisco,Jalisco,Médico,1
52.15943558203293,Jalisco,Jalisco,Policía,0
53.01687465704328,Jalisco,Jalisco,Policía,0
53.72841177594677,Jalisco,Sinaloa,Policía,1
42.47581370858821,Jalisco,Sinaloa,Médico,1
43.00420557619197,Jalisco,Jalisco,Médico,1
51.713139387119554,Jalisco,Jalisco,Médico,1
53.410345005861544,Jalisco,Sinaloa,Policía,0
54.91991132259192,Jalisco,Sinaloa,Policía,0
49.058249732701256,Jalisco,Jalisco,Policía,1
34.73691838158953,Jalisco,Jalisco,Médico,1
52.17355991455553,Sinaloa,Jalisco,Médico,0
52.64340617402657,Jalisco,Sinaloa,Chef,0
50.042922472183555,Jalisco,Jalisco,Policía,1
38.240661805302715,Jalisco,Sinaloa,Médico,1
54.311742616176666,Sinaloa,Sinaloa,Policía,0
31.910597588614152,Sinaloa,Jalisco,Profesor,1
56.38135127185239,Sinaloa,Sinaloa,Policía,0
53.79562322994552,Sinaloa,Jalisco,Policía,0
55.09274253456209,Sinaloa,Sinaloa,Policía,0
55.545037582158535,Sinaloa,Sinaloa,Médico,0
55.702277773383436,Sinaloa,Sinaloa,Médico,0
55.762468173167534,Sinaloa,Sinaloa,Médico,0
44.05451917116984,Jalisco,Sinaloa,Policía,1
53.79434860643945,Jalisco,Sinaloa,Policía,0
51.45287881135184,Jalisco,Jalisco,Profesor,0
52.987840203565256,Sinaloa,Sinaloa,Policía,0
54.384448731333904,Jalisco,Sinaloa,Médico,1
49.98147617222064,Jalisco,Jalisco,Policía,0
51.57348074288161,Jalisco,Jalisco,Policía,0
32.714582843398226,Sinaloa,Sinaloa,Médico,1
52.79273381286772,Sinaloa,Sinaloa,Médico,0
56.03854139617649,Sinaloa,Sinaloa,Médico,0
35.604777866192364,Jalisco,Jalisco,Médico,1
57.78750547894539,Sinaloa,Sinaloa,Médico,0
56.45142612869694,Jalisco,Sinaloa,Médico,1
59.8979872727192,Sinaloa,Jalisco,Médico,0
50.812082297097945,Jalisco,Sinaloa,Policía,0
53.97436747957831,Sinaloa,Sinaloa,Médico,0
36.69480564490967,Jalisco,Sinaloa,Médico,1
53.46544740680782,Jalisco,Sinaloa,Policía,1
49.775426649049905,Sinaloa,Sinaloa,Médico,0
53.56680412292346,Jalisco,Sinaloa,Policía,0
57.658002496038165,Sinaloa,Sinaloa,Policía,0
33.72605304345765,Jalisco,Sinaloa,Médico,1
47.26405576110383,Jalisco,Jalisco,Policía,1
54.47993216778558,Jalisco,Sinaloa,Médico,1
51.94427950817409,Sinaloa,Sinaloa,Profesor,0
53.484313459711665,Sinaloa,Jalisco,Policía,0
32.57095827897925,Jalisco,Jalisco,Médico,1
49.17793753248813,Jalisco,Sinaloa,Policía,1
41.33820190503057,Jalisco,Sinaloa,Médico,1
52.33125645194819,Jalisco,Jalisco,Policía,0
52.37220510648525,Jalisco,Jalisco,Médico,1
50.45606971956142,Jalisco,Jalisco,Policía,0
53.616136833082834,Jalisco,Jalisco,Policía,0
40.65452085951381,Jalisco,Jalisco,Médico,1
44.58568761882999,Jalisco,Sinaloa,Médico,1
59.48108244260262,Sinaloa,Sinaloa,Médico,0
38.70074199320213,Jalisco,Jalisco,Médico,1
52.850620564351374,Jalisco,Sinaloa,Médico,1
52.248726812372645,Sinaloa,Jalisco,Médico,1
52.986255745097175,Jalisco,Sinaloa,Policía,0
52.77749910587808,Jalisco,Sinaloa,Médico,1
50.7036499869834,Jalisco,Sinaloa,Policía,0
57.211865247542306,Jalisco,Jalisco,Médico,1
49.19572728725763,Jalisco,Sinaloa,Médico,1
53.367773230285096,Jalisco,Jalisco,Médico,1
54.87923335800017,Jalisco,Jalisco,Policía,0
52.68355112039247,Sinaloa,Jalisco,Policía,0
52.28396917831029,Sinaloa,Jalisco,Policía,0
50.36096444980444,Jalisco,Jalisco,Médico,1
52.546435048535315,Sinaloa,Sinaloa,Médico,0
55.85107412697142,Sinaloa,Sinaloa,Médico,1
50.30004051624854,Jalisco,Jalisco,Policía,0
48.93741548154897,Sinaloa,Jalisco,Médico,0
46.81749024916506,Jalisco,Sinaloa,Médico,0
53.10006069156887,Sinaloa,Jalisco,Chef,0
51.663517473490096,Jalisco,Jalisco,Policía,0
53.812972285421544,Jalisco,Sinaloa,Médico,1
40.03494944853268,Jalisco,Jalisco,Médico,1
38.61898176969295,Jalisco,Sinaloa,Médico,1
50.276440066919314,Jalisco,Sinaloa,Médico,0
31.566689056412915,Sinaloa,Jalisco,Profesor,1
57.58266895025471,Sinaloa,Sinaloa,Chef,0
54.64639056500471,Jalisco,Sinaloa,Policía,0
41.62377878498789,Jalisco,Jalisco,Médico,1
52.75514035631256,Sinaloa,Sinaloa,Policía,0
53.96038220040231,Jalisco,Sinaloa,Médico,0
53.07008130331584,Jalisco,Sinaloa,Policía,1
57.29229927114004,Sinaloa,Jalisco,Médico,0
48.92521204512319,Sinaloa,Sinaloa,Médico,0
56.72551218937642,Sinaloa,Jalisco,Policía,0
52.62257361708664,Sinaloa,Jalisco,Médico,0
53.6417947493962,Sinaloa,Sinaloa,Médico,0
57.4345013101219,Sinaloa,CDMX,Médico,1
44.328226125207415,Jalisco,Sinaloa,Policía,1
52.481292343289084,Jalisco,Jalisco,Policía,0
47.37445414217558,Jalisco,Jalisco,Policía,1
53.426994674355036,Jalisco,Jalisco,Policía,0
49.419054645777244,Jalisco,Sinaloa,Policía,0
33.07021115107027,Jalisco,Sinaloa,Médico,1
45.01581153974331,Jalisco,Sinaloa,Policía,1
52.910633133878356,Jalisco,Jalisco,Policía,0
57.82784172553957,Jalisco,Jalisco,Policía,1
40.16007906305222,Jalisco,Sinaloa,Médico,1
48.6237002562872,Jalisco,Jalisco,Policía,1
52.91373644022456,Sinaloa,Sinaloa,Médico,0
47.84817887806768,Jalisco,Sinaloa,Policía,1
50.40455747539329,Jalisco,Sinaloa,Policía,0
53.61991197288673,Jalisco,Sinaloa,Médico,1
48.66623619642105,Jalisco,Sinaloa,Profesor,0
51.489695656933584,Sinaloa,Jalisco,Médico,0
43.93371503736236,Jalisco,Jalisco,Médico,1
40.34952874922557,Jalisco,Jalisco,Policía,1
35.186030190092964,Jalisco,Jalisco,Médico,1
37.982030553294145,Jalisco,Jalisco,Médico,1
49.610336461607886,Sinaloa,Jalisco,Policía,0
55.006066549635364,Jalisco,Sinaloa,Médico,1
51.54891136821977,Jalisco,Jalisco,Médico,1
35.81833502350521,Jalisco,Sinaloa,Médico,1
39.50755657453527,Jalisco,Sinaloa,Médico,1
50.71287742195466,Jalisco,Jalisco,Médico,1
52.639509173927365,Jalisco,Sinaloa,Médico,1
54.321716718110025,Sinaloa,Sinaloa,Médico,1
49.173589759157835,Jalisco,Jalisco,Policía,0
55.10183275855956,Sinaloa,Sinaloa,Médico,1
52.42921749496293,Jalisco,Sinaloa,Médico,1
53.244793779986644,Jalisco,Jalisco,Chef,0
27.57877481469927,Sinaloa,Jalisco,Profesor,1
41.29259760242162,Jalisco,Jalisco,Médico,1
50.77000304859711,Sinaloa,Sinaloa,Policía,0
56.639872355676424,Jalisco,Jalisco,Médico,1
50.59447413946328,Jalisco,Jalisco,Profesor,0
52.127319054032974,Jalisco,Jalisco,Médico,0
54.214429500929675,Jalisco,Sinaloa,Chef,0
52.29417680880381,Sinaloa,Jalisco,Médico,0
40.391940950322066,Jalisco,Jalisco,Médico,1
56.01996282835559,Sinaloa,Sinaloa,Médico,1
50.64531745964661,Sinaloa,Jalisco,Policía,0
55.60178053963942,Sinaloa,Jalisco,Médico,0
55.44361357713544,Jalisco,Sinaloa,Médico,1
52.36372950433211,Jalisco,Jalisco,Policía,0
50.195862422018045,Jalisco,Sinaloa,Policía,0
45.48365762056328,Jalisco,Sinaloa,Policía,1
51.5469606310179,Sinaloa,Jalisco,Médico,0
30.59297572959597,Jalisco,Sinaloa,Médico,1
54.192995041587395,Sinaloa,Sinaloa,Médico,1
35.98263241546735,Jalisco,Sinaloa,Médico,1
50.14152526289349,Sinaloa,Sinaloa,Médico,0
51.750409784181024,Sinaloa,Sinaloa,Médico,0
53.434856470693646,Jalisco,Sinaloa,Policía,0
52.73119953878412,Sinaloa,Jalisco,Médico,0
56.19589587816161,Sinaloa,Sinaloa,Policía,0
56.73258430726758,Sinaloa,Jalisco,Policía,0
28.232273219427857,Sinaloa,Jalisco,Profesor,1
51.87082853768572,Jalisco,Sinaloa,Policía,0
39.86494747655813,Jalisco,Sinaloa,Médico,1
39.186674826820266,Jalisco,Sinaloa,Médico,1
56.211546619746265,Sinaloa,Sinaloa,Médico,1
54.260005195836406,Jalisco,Sinaloa,Policía,0
48.225956880895055,Jalisco,Jalisco,Médico,0
41.13682857342543,Jalisco,Sinaloa,Médico,1
51.408610371137456,Jalisco,Sinaloa,Médico,1
53.799793039050996,Jalisco,Sinaloa,Policía,0
47.65576840954873,Jalisco,Sinaloa,Médico,0
57.400406134047465,Sinaloa,Jalisco,Chef,0
53.631766215008106,Sinaloa,Sinaloa,Policía,0
40.71692317566414,Jalisco,Jalisco,Médico,1
53.35020820289337,Jalisco,Jalisco,Médico,1
49.16044161931325,Jalisco,Jalisco,Médico,0
54.11698284442136,Jalisco,Sinaloa,Médico,1
57.46908789010202,Sinaloa,Jalisco,Policía,0
46.41948141727205,Jalisco,Jalisco,Médico,0
48.483754233707515,Sinaloa,Sinaloa,Médico,0
50.16995714647927,Jalisco,Jalisco,Médico,0
54.31004453067126,Sinaloa,Sinaloa,Médico,0
33.85293853770786,Jalisco,Sinaloa,Médico,1
36.386626986966846,Jalisco,Sinaloa,Médico,1
34.682934481637915,Jalisco,Sinaloa,Médico,1
57.52049645995718,Jalisco,Jalisco,Policía,0
53.69452586507554,Sinaloa,Jalisco,Médico,1
57.37718629406863,Jalisco,Sinaloa,Médico,1
39.79016335707979,Jalisco,Sinaloa,Médico,1
52.304263721445516,Jalisco,Sinaloa,Policía,0
56.60914990696378,Jalisco,Sinaloa,Médico,1
51.91641282091855,Jalisco,Sinaloa,Policía,0
52.70471909233606,Jalisco,Jalisco,Policía,0
51.74369416799556,Jalisco,Sinaloa,Médico,1
54.198899264432825,Jalisco,Sinaloa,Médico,1
53.975179867932546,Sinaloa,Jalisco,Chef,0
54.51568194453415,Jalisco,Sinaloa,Médico,0
53.46901285702273,Jalisco,Jalisco,Médico,1
52.360780997327694,Jalisco,Sinaloa,Policía,0
55.53789144899529,Sinaloa,Jalisco,Médico,1
52.01248888770354,Jalisco,Sinaloa,Médico,1
56.3441349369987,Sinaloa,Sinaloa,Médico,0
35.705721173186355,Jalisco,Jalisco,Médico,1
58.941649003112644,Sinaloa,Sinaloa,Médico,0
39.98005851919242,Jalisco,Jalisco,Médico,1
51.0917837514971,Jalisco,Sinaloa,Médico,0
55.28440604498931,Jalisco,Sinaloa,Médico,1
42.13982522301713,Jalisco,Sinaloa,Policía,1
48.8385123067297,Jalisco,Sinaloa,Profesor,0
53.603824360267524,Sinaloa,Sinaloa,Médico,0
34.032998437861856,Sinaloa,Jalisco,Profesor,1
39.06632593812377,Jalisco,Jalisco,Médico,1
53.305743281676406,Jalisco,Sinaloa,Policía,0
49.43117105534054,Sinaloa,Sinaloa,Médico,0
33.922687136429744,Jalisco,Sinaloa,Médico,1
44.40460006653914,Jalisco,Jalisco,Médico,1
36.1437472581417,Jalisco,Sinaloa,Médico,1
50.288929965737076,Jalisco,Sinaloa,Médico,1
54.20494343222478,Jalisco,Jalisco,Médico,1
38.913294651215644,Jalisco,Sinaloa,Médico,1
58.52878421168239,Jalisco,Sinaloa,Profesor,1
45.86195401321001,Jalisco,Jalisco,Médico,1
52.1583209114717,Jalisco,Sinaloa,Médico,0
51.68347227236499,Jalisco,Sinaloa,Médico,0
52.0000685713465,Jalisco,Sinaloa,Policía,0
53.47523142950415,Jalisco,Sinaloa,Policía,0
58.44463171685839,Sinaloa,Jalisco,Médico,0
45.75112917235107,Jalisco,Sinaloa,Policía,1
52.019841613755005,Jalisco,Sinaloa,Médico,1
32.47168733497752,Jalisco,Sinaloa,Médico,1
52.55117380675981,Jalisco,Sinaloa,Médico,1
46.68213776016828,Jalisco,Jalisco,Policía,1
40.79643244086993,Jalisco,Sinaloa,Médico,1
37.120371050334626,Jalisco,Sinaloa,Médico,1
48.41666845963512,Jalisco,Sinaloa,Policía,0
25.109977837988776,Sinaloa,Sinaloa,Profesor,1
48.95449183814182,Jalisco,Jalisco,Policía,0
52.57033843897992,Sinaloa,Sinaloa,Médico,0
50.4372357725732,Sinaloa,Sinaloa,Policía,0
50.94908877636823,Sinaloa,Sinaloa,Médico,0
53.948888289782694,Sinaloa,Sinaloa,Médico,0
55.17946172648909,Sinaloa,Jalisco,Policía,0
58.9550692532054,Sinaloa,Jalisco,Policía,0
55.085879200661054,Jalisco,Sinaloa,Policía,0
52.92610820520643,Sinaloa,Sinaloa,Médico,0
49.081314942663205,Jalisco,Sinaloa,Médico,0
57.064412297984276,Sinaloa,Jalisco,Chef,0
53.73206388345,Sinaloa,Sinaloa,Policía,0
57.987566669165794,Jalisco,Sinaloa,Policía,0
55.53949241589355,Sinaloa,Sinaloa,Médico,0
30.471070731479877,Sinaloa,Jalisco,Médico,1
54.60951095247414,Sinaloa,Sinaloa,Policía,0
32.234540217347096,Sinaloa,Sinaloa,Profesor,1
52.010112213639935,Jalisco,Sinaloa,Policía,1
53.867347490913424,Jalisco,Sinaloa,Chef,0
54.23901645449429,Jalisco,Jalisco,Policía,0
53.93298877274043,Jalisco,Jalisco,Policía,0
42.40467400911179,Jalisco,Sinaloa,Médico,1
55.99971164063822,Jalisco,Sinaloa,Policía,0
35.19180789450847,Jalisco,Jalisco,Médico,1
51.390917358346385,Sinaloa,Jalisco,Chef,0
49.98944611927648,Jalisco,Jalisco,Policía,0
52.81183288470236,Jalisco,Sinaloa,Chef,0
45.47930239096462,Jalisco,Sinaloa,Profesor,0
52.717327243645286,Jalisco,Sinaloa,Policía,0
49.71614719697051,Jalisco,Jalisco,Médico,0
35.36534226902074,Jalisco,Sinaloa,Médico,1
56.880980642533046,Jalisco,Jalisco,Policía,0
48.549008991196985,Jalisco,Jalisco,Policía,0
50.33896127998264,Jalisco,Sinaloa,Policía,0
50.806193928236304,Jalisco,Sinaloa,Policía,0
54.87011541995531,Jalisco,Jalisco,Médico,1
54.831578055034456,Sinaloa,Sinaloa,Chef,0
52.65760917334954,Jalisco,Sinaloa,Policía,1
55.55784486187908,Jalisco,Jalisco,Médico,1
46.81998261724422,Jalisco,Sinaloa,Policía,1
34.71421523940112,Jalisco,Sinaloa,Médico,1
38.99536351618676,Jalisco,CDMX,Médico,1
49.52365588993172,Jalisco,Sinaloa,Policía,0
56.83978520004105,Sinaloa,Sinaloa,Policía,0
50.36505199882174,Jalisco,Jalisco,Policía,0
50.32946055185463,Sinaloa,Jalisco,Médico,0
49.915119682582215,Jalisco,Jalisco,Policía,1
52.76811471180036,Sinaloa,Sinaloa,Policía,0
50.68289814377888,Jalisco,Sinaloa,Profesor,0
52.51815108017099,Jalisco,Sinaloa,Médico,1
52.5232687324167,Jalisco,Sinaloa,Médico,1
55.55179780567183,Jalisco,Jalisco,Médico,1
39.108284494422094,Jalisco,Jalisco,Médico,1
51.787513647285564,Sinaloa,Jalisco,Policía,0
55.72874056356084,Jalisco,Sinaloa,Médico,1
50.15931203858113,Jalisco,Sinaloa,Policía,0
50.118534699754555,Sinaloa,Sinaloa,Médico,0
53.22395703198552,Jalisco,Sinaloa,Policía,0
55.480098491120074,Sinaloa,Sinaloa,Médico,1
53.35615932055441,Sinaloa,Jalisco,Chef,0
51.39475827904565,Jalisco,Jalisco,Médico,1
54.654188095531985,Sinaloa,Jalisco,Policía,0
50.2670648274704,Sinaloa,Sinaloa,Chef,0
54.908446079862934,Jalisco,Sinaloa,Policía,0
54.64079002601558,Jalisco,Sinaloa,Médico,1
50.984473244729614,Jalisco,Sinaloa,Policía,0
52.69868682047682,Jalisco,Sinaloa,Médico,1
51.919440212198595,Jalisco,Jalisco,Policía,0
54.5780082350467,Jalisco,Jalisco,Médico,1
50.909763197578066,Sinaloa,Sinaloa,Médico,0
55.84169380958492,Sinaloa,Jalisco,Policía,0
51.20997434720558,Jalisco,Sinaloa,Médico,1
55.85975084161005,Sinaloa,Jalisco,Chef,0
46.568041784902675,Jalisco,Sinaloa,Policía,1
46.96057087943812,Jalisco,Sinaloa,Médico,0
51.66563700761542,Jalisco,Jalisco,Médico,1
52.242332905282346,Jalisco,Sinaloa,Policía,0
53.516749200413805,Sinaloa,CDMX,Chef,0
53.390017916095424,Jalisco,Sinaloa,Médico,1
54.21666332832737,Jalisco,Sinaloa,Médico,1
34.70240509754295,Jalisco,Sinaloa,Médico,1
38.68492966369385,Jalisco,Sinaloa,Médico,1
37.17320250916525,Jalisco,Jalisco,Médico,1
36.00340031363841,Jalisco,Sinaloa,Profesor,1
52.90367835399954,Jalisco,Sinaloa,Médico,1
55.95171827403924,Jalisco,Sinaloa,Médico,1
50.01851166104447,Jalisco,Jalisco,Médico,1
48.34363533928894,Sinaloa,Sinaloa,Médico,0
44.11625446406793,Jalisco,Sinaloa,Médico,0
42.18042573384432,Jalisco,Jalisco,Policía,1
35.93210019843929,Jalisco,Jalisco,Médico,1
35.544613209304515,Jalisco,Jalisco,Médico,1
52.0274324074123,Sinaloa,Jalisco,Médico,0
54.046144378604446,Sinaloa,Jalisco,Médico,0
52.07971064134333,Sinaloa,Sinaloa,Médico,0
51.059656184413555,Jalisco,Jalisco,Chef,0
52.94535181642309,Jalisco,Sinaloa,Policía,0
56.268284509625786,Sinaloa,Jalisco,Policía,0
33.968859400173024,Jalisco,Sinaloa,Médico,1
48.29535786975633,Jalisco,Jalisco,Profesor,0
51.525429988621184,Jalisco,Sinaloa,Policía,0
47.50943814464808,Jalisco,Sinaloa,Policía,1
55.30155999900677,Jalisco,Jalisco,Policía,0
54.01088128632161,Sinaloa,Sinaloa,Médico,1
54.23202029494122,Jalisco,Jalisco,Médico,1
41.992145543703245,Jalisco,Jalisco,Médico,1
42.136489709465664,Jalisco,Sinaloa,Médico,1
52.98271585409593,Sinaloa,Jalisco,Médico,0
55.62024928211846,Sinaloa,Jalisco,Médico,1
42.966465101894826,Jalisco,Jalisco,Médico,1
45.32129616367185,Jalisco,Jalisco,Policía,1
42.92192538139062,Jalisco,Jalisco,Policía,1
53.253702535128625,Sinaloa,Sinaloa,Policía,0
52.046827597213266,Jalisco,Jalisco,Médico,1
52.989442822899676,Jalisco,Sinaloa,Médico,1
55.223878027704515,Jalisco,Jalisco,Policía,0
54.68881158992044,Sinaloa,Sinaloa,Médico,1
39.91614272470936,Jalisco,Sinaloa,Médico,1
55.134194806913435,Sinaloa,Sinaloa,Médico,1
45.6709359504244,Jalisco,Jalisco,Policía,1
53.51999870742343,Jalisco,Sinaloa,Médico,1
52.001922976572416,Jalisco,Sinaloa,Policía,0
35.090000847778285,Jalisco,Sinaloa,Médico,1
47.96082243628606,Jalisco,Jalisco,Policía,0
53.105921430391895,Jalisco,Sinaloa,Médico,1
52.717421520989035,Sinaloa,Jalisco,Policía,0
51.155597423424396,Jalisco,Sinaloa,Policía,1
43.521491251171,Jalisco,Sinaloa,Policía,1
55.27238780637167,Jalisco,Sinaloa,Médico,1
57.22204861027853,Sinaloa,Jalisco,Médico,0
46.10680278958728,Jalisco,Sinaloa,Policía,1
48.72542849888336,Jalisco,Sinaloa,Policía,1
48.03963624638641,Jalisco,Jalisco,Policía,1
51.855104843419305,Jalisco,Jalisco,Policía,0
55.13559764750738,Jalisco,Jalisco,Policía,0
39.48453546337524,Jalisco,Sinaloa,Médico,1
57.41727459435766,Sinaloa,Sinaloa,Médico,1
59.11263525489697,Jalisco,Sinaloa,Médico,1
56.52432669667095,Jalisco,Sinaloa,Médico,1
33.573471621802064,Sinaloa,Sinaloa,Profesor,1
43.561673122333445,Jalisco,Sinaloa,Policía,1
44.20725696904921,Jalisco,Jalisco,Médico,1
52.05481468434788,Jalisco,Jalisco,Médico,1
53.26540631579722,Jalisco,Sinaloa,Médico,1
53.23290420920358,Jalisco,Sinaloa,Policía,0
53.02246669012761,Jalisco,Sinaloa,Policía,0
57.07102178595157,Sinaloa,Jalisco,Chef,0
52.41650458174953,Sinaloa,Jalisco,Médico,0
47.044021840497265,Jalisco,Jalisco,Policía,1
51.5841718417694,Jalisco,Jalisco,Médico,1
55.35518951810532,Jalisco,Sinaloa,Médico,1
45.822657474998934,Jalisco,Jalisco,Policía,1
51.86173610174827,Jalisco,Jalisco,Médico,1
55.28725826476382,Sinaloa,Jalisco,Chef,0
56.43243330003688,Sinaloa,Jalisco,Médico,0
53.04183601414647,Jalisco,Sinaloa,Médico,1
49.6199017927195,Jalisco,Sinaloa,Policía,0
56.01256427645395,Jalisco,Jalisco,Médico,1
57.844175824480565,Sinaloa,Sinaloa,Médico,0
52.87299360901372,Sinaloa,Sinaloa,Policía,1
56.552071086247246,Jalisco,Sinaloa,Médico,1
56.027430120900455,Jalisco,Sinaloa,Médico,1
54.8283689341666,Jalisco,Jalisco,Médico,1
42.07413056605955,Jalisco,Jalisco,Policía,1
50.79034440005447,Jalisco,Jalisco,Médico,0
59.54330725285285,Sinaloa,Sinaloa,Policía,0
53.596261920841044,Jalisco,Sinaloa,Médico,1
50.88160959097812,Jalisco,Sinaloa,Médico,0
40.97716857522049,Jalisco,Jalisco,Médico,1
47.78670486857401,Jalisco,Sinaloa,Policía,0
53.0906272249386,Jalisco,Sinaloa,Médico,1
50.94770880656127,Sinaloa,Jalisco,Médico,0
56.05803901137745,Jalisco,Jalisco,Policía,0
52.259561123566776,Jalisco,Jalisco,Médico,1
56.91574742766062,Jalisco,Sinaloa,Médico,1
51.76587661528832,Jalisco,Jalisco,Médico,1
60.45927284044598,Sinaloa,Jalisco,Chef,0
50.7411840253009,Sinaloa,Jalisco,Médico,0
54.13993041710401,Sinaloa,Sinaloa,Médico,0
53.8618758914777,Jalisco,Jalisco,Policía,0
44.293724590804686,Jalisco,Jalisco,Policía,1
51.14219574995495,Sinaloa,Sinaloa,Policía,0
53.93694873146676,Sinaloa,Sinaloa,Médico,0
49.643051999931174,Jalisco,Sinaloa,Policía,1
53.16061169142256,Jalisco,Sinaloa,Policía,0
45.81098259289175,Jalisco,Jalisco,Médico,1
58.05418385322587,Jalisco,Sinaloa,Policía,0
54.744798986208366,Jalisco,Jalisco,Policía,0
58.99183620665649,Sinaloa,Jalisco,Policía,0
56.641318765973345,Jalisco,Sinaloa,Policía,0
51.78725378618708,Jalisco,Sinaloa,Médico,1
36.9908817044497,Jalisco,Sinaloa,Médico,1
47.47989302316542,Jalisco,Jalisco,Policía,1
49.739321931251325,Jalisco,Sinaloa,Médico,1
54.03698153288159,Jalisco,Sinaloa,Policía,0
39.02928942465401,Jalisco,Jalisco,Médico,1
34.836901667714656,Jalisco,Sinaloa,Médico,1
50.65857968399825,Jalisco,Sinaloa,Policía,0
59.166948533836525,Sinaloa,Jalisco,Médico,0
53.87101259005395,Sinaloa,Jalisco,Policía,0
53.80635279356413,Jalisco,Sinaloa,Médico,1
54.5877716203922,Sinaloa,Sinaloa,Médico,0
53.98894643882175,Sinaloa,Sinaloa,Médico,0
40.64146410701258,Jalisco,Jalisco,Médico,1
58.43257548705729,Sinaloa,Jalisco,Policía,0
57.86671466409689,Sinaloa,Jalisco,Médico,0
38.279383428777436,Jalisco,Jalisco,Médico,1
49.53447433215014,Jalisco,Sinaloa,Policía,1
51.87156429682817,Sinaloa,Jalisco,Médico,0
51.795528881608604,Sinaloa,Jalisco,Médico,0
42.09209316043303,Jalisco,Sinaloa,Médico,1
53.25264273389657,Jalisco,Sinaloa,Policía,0
51.605835687830044,Sinaloa,Sinaloa,Policía,0
44.178327748575256,Jalisco,Sinaloa,Policía,1
52.20197829221227,Jalisco,Jalisco,Policía,0
52.794423723382316,Sinaloa,Sinaloa,Médico,0
52.96161079318491,Sinaloa,Sinaloa,Médico,0
54.37651511280596,Sinaloa,Jalisco,Chef,0
52.211314312749536,Sinaloa,Jalisco,Médico,0
55.90837952548225,Sinaloa,Jalisco,Médico,0
54.919429508291586,Jalisco,Sinaloa,Médico,1
49.57729793456966,Jalisco,Jalisco,Profesor,0
52.041782645301105,Sinaloa,Sinaloa,Médico,0
51.81225836818157,Jalisco,Jalisco,Médico,1
52.9171793004711,Sinaloa,Sinaloa,Médico,0
54.466080588777785,Sinaloa,Sinaloa,Médico,0
54.94867380899611,Jalisco,Sinaloa,Policía,0
43.62295822530393,Jalisco,Sinaloa,Policía,1
47.48919801792371,Jalisco,Jalisco,Policía,1
54.46551381933459,Jalisco,Jalisco,Policía,0
50.7123015112811,Jalisco,Jalisco,Médico,1
43.54887753537646,Jalisco,Sinaloa,Médico,1
54.58297656803013,Jalisco,Jalisco,Médico,0
50.98636427529453,Jalisco,Jalisco,Médico,1
60.71000361256727,Sinaloa,Sinaloa,Policía,0
49.98555261384777,Sinaloa,Sinaloa,Médico,0
54.2954683547154,Sinaloa,Jalisco,Médico,0
39.11858908584588,Jalisco,Sinaloa,Médico,1
54.09133028367664,Sinaloa,Sinaloa,Policía,0
54.53666164495909,Sinaloa,Sinaloa,Médico,0
54.92404764373287,Sinaloa,Jalisco,Chef,0
51.23177641354047,Jalisco,Sinaloa,Policía,1
54.675224063986526,Sinaloa,Jalisco,Policía,0
58.12282299047801,Sinaloa,Sinaloa,Policía,0
34.946809766079454,Jalisco,Jalisco,Médico,1
51.64429104138307,Jalisco,Sinaloa,Médico,1
54.98394797170949,Sinaloa,Sinaloa,Médico,0
50.75692702012069,Jalisco,Sinaloa,Policía,0
50.935360993669164,Jalisco,Sinaloa,Policía,1
53.72059335545445,Jalisco,Jalisco,Policía,0
52.470084432320306,Jalisco,Sinaloa,Médico,1
58.152679822698175,Sinaloa,Jalisco,Policía,0
55.800446960522194,Jalisco,Sinaloa,Policía,0
55.01800367400682,Jalisco,Sinaloa,Médico,1
51.62312525292734,Jalisco,Sinaloa,Médico,1
53.09858418489119,Jalisco,Sinaloa,Policía,0
59.8739679580202,Sinaloa,Jalisco,Policía,0
53.220930939528365,Jalisco,Sinaloa,Policía,0
54.741391432055764,Jalisco,Sinaloa,Médico,1
55.05220319680417,Sinaloa,Sinaloa,Policía,1
46.57809427962594,Jalisco,Sinaloa,Policía,1
53.32327453950713,Sinaloa,Sinaloa,Médico,0
39.32702860498742,Jalisco,Sinaloa,Médico,1
38.16716201036586,Jalisco,Sinaloa,Médico,1
54.76716317678489,Jalisco,Jalisco,Médico,1
34.43572557041628,Jalisco,Sinaloa,Médico,1
60.55582405052494,Sinaloa,Jalisco,Médico,0
56.57951118378669,Sinaloa,Sinaloa,Médico,1
47.31509214332128,Jalisco,Jalisco,Médico,0
57.466595591523706,Sinaloa,Sinaloa,Policía,0
53.68816318233263,Jalisco,Jalisco,Médico,1
51.201066423682576,Jalisco,Sinaloa,Médico,1
53.39462655783338,Jalisco,Jalisco,Policía,0
54.81172978275403,Sinaloa,Jalisco,Policía,1
54.59675672825872,Jalisco,Jalisco,Chef,0
50.87088187314969,Jalisco,Sinaloa,Policía,1
51.13483133317999,Jalisco,Sinaloa,Policía,1
45.173262567617144,Jalisco,Jalisco,Policía,1
51.04840340971488,Jalisco,Jalisco,Policía,1
54.267449965956544,Jalisco,Jalisco,Policía,0
51.873512430506004,Sinaloa,Sinaloa,Policía,1
58.588824448109534,Sinaloa,Jalisco,Policía,0
53.02498538040102,Jalisco,Jalisco,Médico,1
55.148067190883665,Sinaloa,Jalisco,Profesor,0
49.990586300850055,Jalisco,Sinaloa,Policía,1
50.950658773091064,Jalisco,Jalisco,Policía,0
52.365030145534114,Jalisco,Sinaloa,Policía,0
53.60782175577786,Sinaloa,Sinaloa,Médico,0
54.89681073839015,Sinaloa,Jalisco,Médico,1
54.63223387385864,Sinaloa,Sinaloa,Médico,0
54.28201145295185,Jalisco,Sinaloa,Policía,0
53.96099089292585,Sinaloa,Sinaloa,Médico,0
51.72717095078443,Jalisco,Jalisco,Policía,0
53.24094487646465,Jalisco,Sinaloa,Médico,1
49.948363397875895,Jalisco,Jalisco,Policía,0
53.63343068132616,Jalisco,Sinaloa,Policía,0
39.68905993951806,Jalisco,Jalisco,Médico,1
52.05771857415349,Jalisco,Sinaloa,Médico,1
48.914414897202576,Jalisco,Sinaloa,Policía,0
52.636541829279054,Sinaloa,Jalisco,Médico,1
54.498044767768405,Jalisco,Sinaloa,Policía,0
51.45436564121486,Jalisco,Jalisco,Policía,0
45.37538657289008,Jalisco,Sinaloa,Médico,1
53.41950870253476,Sinaloa,Jalisco,Policía,0
56.3767479590335,Jalisco,Sinaloa,Médico,1
45.490766256918185,Jalisco,Sinaloa,Médico,0
37.3333300790805,Jalisco,Jalisco,Médico,1
49.80133858577721,Jalisco,Sinaloa,Policía,1
50.06474385609243,Jalisco,Jalisco,Médico,1
55.013590436709755,Sinaloa,Sinaloa,Médico,0
55.56719225596691,Jalisco,Jalisco,Policía,0
38.239274436905355,Jalisco,Jalisco,Médico,1
55.369123920231544,Sinaloa,Sinaloa,Médico,0
29.652461068623712,Sinaloa,Sinaloa,Médico,1
50.80971689295622,Jalisco,Sinaloa,Policía,0
48.13469053774107,Jalisco,Jalisco,Policía,1
45.333088229798264,Jalisco,Jalisco,Policía,1
52.46299730597764,Sinaloa,Sinaloa,Chef,0
49.54323331413705,Jalisco,Sinaloa,Chef,0
52.98182913719634,Jalisco,Sinaloa,Médico,1
53.95994503218399,Jalisco,Jalisco,Policía,0
49.47641174616858,Jalisco,Jalisco,Policía,1
36.525929880132836,Jalisco,Sinaloa,Médico,1
40.88686317297965,Jalisco,Sinaloa,Médico,1
52.02072269340763,Sinaloa,Jalisco,Médico,0
55.6266464173382,Sinaloa,Sinaloa,Médico,0
60.03275954708178,Sinaloa,Sinaloa,Profesor,0
42.54752540002739,Jalisco,Sinaloa,Policía,1
54.76742799195483,Jalisco,Sinaloa,Policía,0
36.81866871480497,Jalisco,Sinaloa,Médico,1
51.582829471399556,Jalisco,Jalisco,Profesor,0
56.403748689448065,Sinaloa,Sinaloa,Médico,0
59.19330483138812,Sinaloa,Sinaloa,Médico,0
36.09233152881296,Jalisco,Jalisco,Médico,1
52.93934177299361,Jalisco,Sinaloa,Policía,0
53.8827096414875,Sinaloa,Sinaloa,Médico,1
52.9808017813924,Jalisco,Sinaloa,Médico,1
55.3651459158648,Sinaloa,Jalisco,Médico,1
40.196457866408615,Jalisco,Jalisco,Médico,1
43.8646513566153,Jalisco,Sinaloa,Policía,1
33.659959454630766,Sinaloa,Sinaloa,Profesor,1
57.383124055136584,Sinaloa,Jalisco,Policía,0
51.68184613915994,Jalisco,Jalisco,Policía,0
49.00501029098938,Jalisco,Sinaloa,Médico,1
51.64235914558759,Jalisco,Sinaloa,Policía,1
49.872177359562095,Jalisco,Jalisco,Médico,1
60.45606142286815,Jalisco,Sinaloa,Policía,0
54.89627299230191,Sinaloa,Jalisco,Médico,0
37.355474983825175,Jalisco,Sinaloa,Médico,1
54.43381886747342,Jalisco,Sinaloa,Policía,0
53.409097543958985,Jalisco,Sinaloa,Médico,0
53.35107252250618,Sinaloa,Jalisco,Policía,0
54.9656386100199,Jalisco,Sinaloa,Médico,1
55.3139886825817,Sinaloa,Jalisco,Policía,0
54.766153333200684,Jalisco,Jalisco,Médico,1
52.42782131235919,Jalisco,Jalisco,Médico,1
58.31890717250958,Sinaloa,Sinaloa,Médico,0
54.79048395868011,Sinaloa,Jalisco,Médico,0
50.72059323850668,Jalisco,Sinaloa,Policía,0
53.547582041552296,Sinaloa,Jalisco,Médico,0
52.94445980832679,Jalisco,Sinaloa,Policía,0
52.76697293871631,Jalisco,Sinaloa,Policía,0
52.85187923565933,Sinaloa,Sinaloa,Policía,0
54.36184290978192,Sinaloa,Jalisco,Médico,0
51.544300950850435,Jalisco,Sinaloa,Policía,1
49.47413533793764,Jalisco,CDMX,Policía,0
50.32374143323332,Sinaloa,Sinaloa,Médico,0
52.666143176648696,Jalisco,Sinaloa,Policía,0
53.82300664940419,Jalisco,Sinaloa,Policía,0
51.081386660341344,Jalisco,Sinaloa,Médico,0
51.26718807007234,Jalisco,Jalisco,Policía,1
52.51984683468701,Jalisco,Jalisco,Policía,0
54.265951293251064,Jalisco,Jalisco,Policía,0
52.82146045167282,Jalisco,Sinaloa,Policía,1
58.821425957280816,Sinaloa,Sinaloa,Médico,0
37.74426933901525,Jalisco,Sinaloa,Médico,1
37.64271197870716,Jalisco,Sinaloa,Médico,1
54.441427397071934,Jalisco,Jalisco,Médico,1
55.831030551886236,Jalisco,Sinaloa,Policía,0
31.392629109879607,Sinaloa,Sinaloa,Profesor,1
53.46788758329935,Sinaloa,Jalisco,Médico,1
44.59574279871848,Jalisco,Jalisco,Médico,1
51.0387785574509,Sinaloa,Sinaloa,Chef,0
36.93818450089316,Jalisco,Sinaloa,Médico,1
50.27555335356635,Sinaloa,Jalisco,Chef,0
49.753535905746446,Sinaloa,Sinaloa,Médico,0
53.60790925427188,Jalisco,Jalisco,Médico,1
43.44019299550226,Jalisco,Jalisco,Policía,1
52.59090141091435,Sinaloa,Sinaloa,Profesor,0
53.988964375196055,Sinaloa,Sinaloa,Policía,1
52.91356690479027,Sinaloa,Jalisco,Chef,0
45.40771597773976,Jalisco,Sinaloa,Profesor,0
48.35052760665625,Jalisco,Sinaloa,Chef,0
46.3202618702,Jalisco,Sinaloa,Médico,1
55.76674060767239,Sinaloa,Sinaloa,Policía,0
51.91034939468601,Jalisco,Sinaloa,Profesor,1
50.778265511907364,Jalisco,CDMX,Médico,1
52.78376681399679,Sinaloa,Sinaloa,Médico,0
56.24708242635179,Sinaloa,Jalisco,Médico,1
32.53887213879545,Sinaloa,Jalisco,Profesor,1
53.2574429530725,Sinaloa,Sinaloa,Médico,0
47.634858234679044,Jalisco,Sinaloa,Policía,1
51.05480904333055,Jalisco,Sinaloa,Médico,0
52.12131850788465,Sinaloa,Jalisco,Chef,0
54.09456534832188,Jalisco,Sinaloa,Policía,1
51.22663927973949,Sinaloa,Sinaloa,Médico,0
54.067998391635136,Jalisco,Sinaloa,Policía,0
34.28703967712278,Jalisco,Sinaloa,Médico,1
51.49733119435838,Jalisco,Jalisco,Médico,1
54.87692686322047,Jalisco,Sinaloa,Policía,0
55.27622617544947,Jalisco,Jalisco,Policía,0
35.874737362821705,Jalisco,Sinaloa,Médico,1
52.947413395696486,Jalisco,Sinaloa,Médico,1
53.46787647067677,Jalisco,Jalisco,Chef,0
54.05104158286961,Sinaloa,Sinaloa,Chef,0
51.32217209854457,Jalisco,Jalisco,Policía,1
53.10921288318311,Jalisco,Jalisco,Médico,1
49.762471092927925,Jalisco,Sinaloa,Profesor,0
53.53006327902887,Sinaloa,Sinaloa,Policía,0
52.87703641010407,Sinaloa,Sinaloa,Médico,0
30.141570355357523,Jalisco,Sinaloa,Médico,1
48.73632170821593,Jalisco,Jalisco,Policía,1
47.658688270609005,Jalisco,Jalisco,Médico,0
49.041364492681055,Jalisco,Sinaloa,Policía,0
53.55818362636127,Jalisco,Jalisco,Policía,0
52.08700945043818,Jalisco,Sinaloa,Policía,0
46.30735214139892,Jalisco,Sinaloa,Policía,1
50.4980062851931,Sinaloa,Jalisco,Médico,0
56.81561697506587,Jalisco,Sinaloa,Chef,0
53.56761368071489,Jalisco,Sinaloa,Médico,1
53.23373641172028,Jalisco,Sinaloa,Chef,0
52.43639706056224,Jalisco,Sinaloa,Policía,1
39.07963630118235,Jalisco,Sinaloa,Médico,1
55.69437278809745,Sinaloa,Sinaloa,Médico,0
53.68266316541106,Sinaloa,Jalisco,Chef,0
54.61296234803566,Sinaloa,Jalisco,Policía,0
54.20819934209774,Jalisco,Sinaloa,Policía,0
52.93947780673947,Sinaloa,Sinaloa,Médico,0
55.39013802480488,Sinaloa,Sinaloa,Médico,0
51.84216314206309,Sinaloa,Sinaloa,Médico,0
54.01513944763552,Jalisco,Jalisco,Médico,1
53.12537431909882,Sinaloa,Sinaloa,Médico,0
57.707427300924664,Sinaloa,Jalisco,Policía,0
50.08415342474302,Sinaloa,Jalisco,Médico,0
41.143877989821476,Jalisco,Sinaloa,Médico,1
54.82097491584465,Sinaloa,Jalisco,Policía,0
54.12464729155525,Sinaloa,Sinaloa,Médico,0
34.831630126393634,Jalisco,Jalisco,Profesor,1
54.222157479142844,Jalisco,Sinaloa,Médico,1
31.564726028234873,Sinaloa,Sinaloa,Médico,1
43.35306713769984,Jalisco,Sinaloa,Médico,1
36.76327430354628,Jalisco,Sinaloa,Médico,1
44.3013203830509,Jalisco,Sinaloa,Policía,1
51.56979458717955,Jalisco,Sinaloa,Policía,0
54.43821897944669,Jalisco,Jalisco,Policía,0
44.319951556549555,Jalisco,Sinaloa,Policía,1
58.73495773097322,Sinaloa,Sinaloa,Médico,0
53.482378917271056,Sinaloa,Jalisco,Chef,0
50.20441949341811,Jalisco,Sinaloa,Médico,0
52.99770007669757,Sinaloa,Sinaloa,Policía,0
51.579482608959935,Jalisco,Sinaloa,Policía,0
48.88009409032107,Jalisco,Sinaloa,Médico,0
31.799710434382263,Sinaloa,Sinaloa,Profesor,1
50.50243489056539,Sinaloa,Jalisco,Policía,1
53.802280262842245,Sinaloa,Jalisco,Médico,0
52.39646324993029,Jalisco,Sinaloa,Policía,0
52.97596987850033,Sinaloa,Jalisco,Médico,0
51.35807528426214,Sinaloa,Jalisco,Médico,0
47.39294686441781,Jalisco,Sinaloa,Médico,0
34.4255403610782,Jalisco,Jalisco,Médico,1
63.602808760007946,CDMX,Sinaloa,Policía,0
52.68054656079569,Jalisco,Sinaloa,Médico,1
53.27770616324607,Sinaloa,Sinaloa,Médico,0
52.94171527582767,Sinaloa,Sinaloa,Médico,0
54.65671397679452,Sinaloa,Jalisco,Policía,1
53.92983307579012,Jalisco,Sinaloa,Médico,1
57.98090180459009,Sinaloa,Sinaloa,Chef,0
50.65552891225671,Jalisco,Jalisco,Médico,1
50.61676429472715,Jalisco,Jalisco,Policía,0
58.90111722336659,Sinaloa,Sinaloa,Médico,0
41.61761380433582,Jalisco,Sinaloa,Médico,1
49.77626365800279,Jalisco,Sinaloa,Policía,1
55.41028668551391,Jalisco,Jalisco,Policía,0
50.908526371220006,Jalisco,Jalisco,Policía,0
45.21772866759787,Jalisco,Sinaloa,Policía,1
51.59648553047002,Sinaloa,Jalisco,Médico,0
51.79107515468264,Jalisco,Sinaloa,Médico,0
36.92161292950968,Jalisco,Sinaloa,Médico,1
57.70357194973018,Sinaloa,Sinaloa,Policía,0
54.829422889947885,Sinaloa,Jalisco,Médico,0
51.08498414947884,Jalisco,Sinaloa,Médico,0
46.509760988831225,Jalisco,Jalisco,Médico,0
59.22364752858975,Sinaloa,Sinaloa,Policía,0
44.261925384787645,Jalisco,Sinaloa,Policía,1
56.15445704956985,Jalisco,Jalisco,Policía,0
52.38695253419312,Jalisco,Jalisco,Médico,1
55.24271743376301,Sinaloa,Jalisco,Médico,1
52.51071434915344,Sinaloa,Sinaloa,Policía,0
49.82874814147461,Sinaloa,Sinaloa,Médico,0
53.395464918432744,Jalisco,Sinaloa,Médico,1
54.541516262517916,Sinaloa,Jalisco,Médico,0
53.53251691896571,Jalisco,Sinaloa,Policía,0
51.97122643601122,Sinaloa,Sinaloa,Policía,0
53.959491354374926,Sinaloa,Sinaloa,Médico,1
58.31149167353835,Jalisco,Sinaloa,Médico,1
50.08222649623041,Sinaloa,Jalisco,Policía,1
50.798193051113316,Jalisco,Sinaloa,Policía,1
51.60654208955605,Jalisco,Jalisco,Policía,0
52.23150159871647,Jalisco,Jalisco,Policía,1
49.81783272637779,Sinaloa,Jalisco,Médico,0
53.540082757177636,Jalisco,Sinaloa,Policía,0
57.53581444028981,Sinaloa,Jalisco,Médico,0
41.13072944236758,Jalisco,Jalisco,Médico,1
53.41784672218593,Jalisco,Sinaloa,Policía,0
53.82056362721729,Sinaloa,Sinaloa,Médico,0
52.8421681998979,Jalisco,Jalisco,Médico,1
52.048031516724265,Jalisco,Sinaloa,Policía,0
39.25585971359811,Jalisco,Sinaloa,Médico,1
54.76132195755938,Sinaloa,Sinaloa,Médico,0
49.468392748503476,Jalisco,Sinaloa,Profesor,0
54.054411366520114,Sinaloa,Sinaloa,Médico,0
48.55608350593518,Jalisco,Sinaloa,Policía,1
53.73838375575117,Jalisco,Sinaloa,Policía,0
30.76658902552436,Sinaloa,Sinaloa,Profesor,1
48.803097198136065,Jalisco,Sinaloa,Policía,1
47.707177897931864,Jalisco,Jalisco,Médico,0
53.272009754012736,Sinaloa,Sinaloa,Policía,1
58.48421585057779,Sinaloa,Sinaloa,Chef,0
50.73221421235008,Sinaloa,Jalisco,Policía,0
58.947028387693244,Jalisco,Sinaloa,Policía,0
51.063874615451994,Jalisco,Sinaloa,Policía,0
45.500669605744406,Jalisco,Jalisco,Médico,0
51.643352473615195,Jalisco,Sinaloa,Policía,0
50.56717688642853,Jalisco,Sinaloa,Policía,0
52.605531810138686,Jalisco,Sinaloa,Policía,1
56.11358565142476,Sinaloa,Sinaloa,Médico,0
55.81522906072898,Sinaloa,Jalisco,Médico,1
53.61180893619646,Sinaloa,Sinaloa,Médico,0
52.08611039047131,Jalisco,Sinaloa,Policía,0
54.702976349677506,Jalisco,Sinaloa,Médico,1
32.43310003420147,Jalisco,Sinaloa,Profesor,1
40.07547224929384,Jalisco,Jalisco,Médico,1
27.864038533381123,Sinaloa,Sinaloa,Profesor,1
56.21887594828393,Jalisco,Sinaloa,Médico,1
55.348567087162564,Sinaloa,Sinaloa,Policía,0
57.76245710495766,Jalisco,Jalisco,Chef,0
50.99234285170065,Jalisco,Jalisco,Médico,1
53.88233067458409,Jalisco,Sinaloa,Chef,0
49.74816719752552,Jalisco,Sinaloa,Médico,0
58.349463125522156,Sinaloa,Sinaloa,Policía,0
49.42562762812227,Jalisco,Sinaloa,Policía,0
52.47047613816675,Jalisco,Jalisco,Policía,1
33.701177950410695,Jalisco,Jalisco,Médico,1
55.62398069416654,Jalisco,Sinaloa,Policía,0
55.53968644146732,Sinaloa,Jalisco,Policía,0
39.65088133659057,Jalisco,Sinaloa,Médico,1
49.4404290000754,Jalisco,Sinaloa,Policía,0
32.35671654782868,Jalisco,Sinaloa,Médico,1
41.69939607248828,Jalisco,Sinaloa,Médico,1
51.73447814867864,Sinaloa,Sinaloa,Médico,0
59.62718877391808,Sinaloa,Sinaloa,Policía,0
50.07096975793159,Jalisco,CDMX,Médico,0
33.631807184575706,Jalisco,Sinaloa,Médico,1
48.69327768674355,Jalisco,Jalisco,Médico,0
57.12401026251938,Sinaloa,Jalisco,Médico,1
48.55382289640296,Jalisco,Sinaloa,Policía,1
52.18386909053567,Jalisco,Jalisco,Policía,1
56.32579847823033,Sinaloa,Jalisco,Chef,0
58.64163352655499,Jalisco,Jalisco,Policía,0
52.787068632695984,Jalisco,Sinaloa,Médico,1
43.81368558188224,Jalisco,Sinaloa,Médico,1
52.43349020203035,Sinaloa,Jalisco,Profesor,0
52.17736972452565,Jalisco,Sinaloa,Médico,1
41.324226985279786,Jalisco,Sinaloa,Médico,1
38.00266714979238,Jalisco,Jalisco,Médico,1
52.17314745079235,Jalisco,Jalisco,Médico,1
52.30945016312253,Jalisco,Sinaloa,Policía,0
32.0193577133672,Sinaloa,Sinaloa,Médico,1
51.43527765401436,Sinaloa,Sinaloa,Médico,0
43.890272014061885,Jalisco,Sinaloa,Médico,1
45.962932663867576,Jalisco,Jalisco,Policía,1
55.1901973777664,Sinaloa,Sinaloa,Policía,0
34.09850064792296,Sinaloa,Jalisco,Médico,1
57.00249498833898,Sinaloa,Jalisco,Médico,0
51.64960430960463,Sinaloa,Sinaloa,Médico,0
23.93490435733046,Sinaloa,Sinaloa,Profesor,1
47.95885962255292,Jalisco,Sinaloa,Policía,1
54.141902918059394,Jalisco,Sinaloa,Médico,1
54.56599270077658,Jalisco,Jalisco,Médico,1
57.13345719347152,Sinaloa,Jalisco,Médico,1
39.09153238441911,Jalisco,Sinaloa,Médico,1
52.30559372797433,Jalisco,Sinaloa,Chef,0
41.95165636011026,Jalisco,Jalisco,Policía,1
51.711931117526746,Jalisco,Jalisco,Policía,1
51.78756359336655,Jalisco,Sinaloa,Médico,1
55.611539641092975,Sinaloa,Sinaloa,Policía,0
50.43551897744774,Jalisco,Sinaloa,Policía,1
33.30752115729438,Jalisco,Sinaloa,Profesor,1
55.338752361816766,Sinaloa,Jalisco,Médico,1
50.5045102499262,Jalisco,Sinaloa,Policía,1
54.4149773943046,Jalisco,Sinaloa,Policía,0
52.205731462826044,Jalisco,Sinaloa,Policía,0
50.53623444725474,Sinaloa,Sinaloa,Médico,0
51.624561036988595,Jalisco,Jalisco,Policía,0
54.10504398893794,Sinaloa,Jalisco,Médico,0
54.79522557152896,Jalisco,Sinaloa,Policía,0
54.863499262452684,Sinaloa,Sinaloa,Profesor,0
53.70552162517264,Jalisco,Sinaloa,Chef,0
53.88443159482786,Jalisco,Sinaloa,Médico,1
53.05056447045869,Sinaloa,Jalisco,Policía,0
53.36464481034467,Sinaloa,Sinaloa,Policía,1
58.64074467962446,Sinaloa,Sinaloa,Médico,0
53.38245049360677,Jalisco,Sinaloa,Policía,1
52.78950287635912,Jalisco,Sinaloa,Médico,1
52.30263944887083,Jalisco,Sinaloa,Médico,0
53.17724789542886,Sinaloa,Jalisco,Policía,0
55.25990578563415,Jalisco,Sinaloa,Policía,0
51.77770530546088,Sinaloa,Jalisco,Policía,0
52.68674524973613,Sinaloa,CDMX,Policía,0
36.113026474394886,Jalisco,Jalisco,Médico,1
53.3350197528038,Jalisco,Jalisco,Médico,1
53.67245453064742,Sinaloa,Jalisco,Médico,0
32.80114284396429,Jalisco,Sinaloa,Médico,1
56.33135430996889,Jalisco,Sinaloa,Médico,1
56.058526467507946,Sinaloa,Jalisco,Médico,1
54.07419139535952,Jalisco,Jalisco,Policía,0
58.697421097722525,CDMX,Sinaloa,Chef,0
51.88524080775631,Sinaloa,Sinaloa,Policía,1
56.33043642073168,Sinaloa,Jalisco,Médico,0
54.54521812748513,Sinaloa,Sinaloa,Médico,0
57.61920322062823,Sinaloa,Sinaloa,Médico,0
33.096909988275065,Jalisco,Jalisco,Médico,1
39.77320667326134,Jalisco,Sinaloa,Médico,1
53.00099964388476,Jalisco,Jalisco,Médico,1
52.58039098875526,Jalisco,Jalisco,Médico,0
38.66173010992155,Jalisco,Sinaloa,Médico,1
41.57253562482333,Jalisco,Sinaloa,Médico,1
54.088913837042355,Jalisco,Sinaloa,Policía,0
49.41074734222451,Sinaloa,Sinaloa,Médico,0
54.0110437623865,Jalisco,Jalisco,Médico,1
44.38203430160748,Jalisco,Jalisco,Policía,1
51.51092636516719,Sinaloa,Sinaloa,Policía,0
50.13231766164185,Sinaloa,Jalisco,Chef,0
36.82464934577618,Jalisco,Sinaloa,Médico,1
53.752787503432,Sinaloa,Sinaloa,Médico,1
39.7360104209788,Jalisco,Sinaloa,Médico,1
55.540244175206475,Sinaloa,Sinaloa,Policía,0
48.39833661186664,Sinaloa,Sinaloa,Chef,0
52.93182445992921,Sinaloa,Sinaloa,Policía,0
51.439924949716044,Jalisco,Jalisco,Médico,1
53.73139631514338,Sinaloa,Sinaloa,Policía,0
46.885000091754904,Jalisco,Jalisco,Médico,1
40.46272914542557,Jalisco,Sinaloa,Policía,1
54.71254660793113,Jalisco,Sinaloa,Médico,1
53.74744031535925,Sinaloa,Jalisco,Médico,1
56.29802403128341,Jalisco,Jalisco,Chef,0
49.96376896384166,Jalisco,Jalisco,Médico,1
40.098175565877526,Jalisco,Sinaloa,Médico,1
41.815653725388415,Jalisco,Jalisco,Policía,1
53.92478201349287,Sinaloa,Sinaloa,Médico,0
53.15487499568807,Jalisco,Sinaloa,Médico,1
37.48447468947282,Jalisco,Sinaloa,Médico,1
56.441878677385596,Sinaloa,Sinaloa,Médico,1
51.0363892344305,Sinaloa,Sinaloa,Médico,0
55.39422492724103,Sinaloa,Sinaloa,Policía,0
56.34400536420911,Sinaloa,Sinaloa,Chef,0
56.40919560240193,Sinaloa,Jalisco,Chef,0
56.55396318922698,Jalisco,Sinaloa,Policía,0
53.04054485649645,Jalisco,Jalisco,Policía,0
53.688338906122645,Sinaloa,Sinaloa,Médico,0
47.71114220887006,Sinaloa,Sinaloa,Médico,0
34.8621784106219,Jalisco,Sinaloa,Médico,1
58.98862057338779,Jalisco,Sinaloa,Policía,0
43.11725436833592,Jalisco,Jalisco,Médico,1
52.49073208260783,Jalisco,Sinaloa,Médico,0
54.03361864289189,Jalisco,Jalisco,Médico,1
52.50717731521699,Jalisco,Sinaloa,Policía,0
52.90623319182973,Jalisco,Jalisco,Médico,1
52.771319809181556,Sinaloa,Sinaloa,Médico,0
57.13181863419959,Sinaloa,Jalisco,Médico,0
52.60222729065418,Sinaloa,Sinaloa,Médico,0
53.64413566408454,Sinaloa,Jalisco,Médico,0
51.75068890372853,Sinaloa,Jalisco,Médico,1
50.283307815583015,Sinaloa,Jalisco,Policía,0
50.618396675437644,Jalisco,Sinaloa,Policía,1
52.812928400793595,Jalisco,Sinaloa,Médico,1
36.58181149624879,Jalisco,Sinaloa,Médico,1
53.21086438213531,Sinaloa,Jalisco,Policía,0
52.42741996702928,Jalisco,Jalisco,Médico,1
53.71450973385411,Jalisco,Jalisco,Médico,1
54.48989866923864,Jalisco,Jalisco,Policía,0
50.94507038375762,Jalisco,Jalisco,Médico,0
53.737706045564224,Sinaloa,Jalisco,Chef,0
52.12240192297609,Jalisco,Jalisco,Policía,0
53.56663959763923,Jalisco,Sinaloa,Médico,0
53.17025962762462,Jalisco,Jalisco,Médico,1
39.19101371295501,Jalisco,Sinaloa,Médico,1
53.41082572600663,Sinaloa,Sinaloa,Médico,1
38.79848724664128,Jalisco,Sinaloa,Médico,1
55.619211026257155,Jalisco,Jalisco,Policía,0
53.45438475530566,Jalisco,Sinaloa,Policía,0
48.71005203970584,Jalisco,Jalisco,Médico,1
38.08350157432994,Jalisco,Jalisco,Médico,1
52.273171520210404,Jalisco,Sinaloa,Policía,1
54.790963322491926,Sinaloa,Sinaloa,Ingeniero,0
55.18914037278828,Jalisco,Sinaloa,Médico,1
52.32946534170067,Jalisco,Jalisco,Policía,0
32.53945010007044,Jalisco,Sinaloa,Médico,1
44.75993397935821,Jalisco,Sinaloa,Médico,1
51.18315048625169,Jalisco,Sinaloa,Médico,0
52.00786848299453,Jalisco,Jalisco,Policía,0
54.42929335630258,Jalisco,Sinaloa,Médico,1
53.15548610837388,Jalisco,Sinaloa,Policía,0
28.344857741613254,Sinaloa,Sinaloa,Profesor,1
54.70270907062644,Jalisco,Sinaloa,Médico,1
54.68045295943127,Jalisco,Sinaloa,Médico,1
52.123073095340466,Sinaloa,Jalisco,Médico,0
53.862639587544116,Jalisco,Sinaloa,Policía,1
48.43070417703544,Jalisco,Sinaloa,Policía,0
52.1847784696557,Sinaloa,Sinaloa,Médico,0
37.82770845348335,Jalisco,Sinaloa,Médico,1
53.9532820475158,Jalisco,Sinaloa,Médico,1
46.75115252903725,Jalisco,Sinaloa,Médico,0
53.97043817779377,Jalisco,Sinaloa,Profesor,1
49.35479696422617,Jalisco,Jalisco,Médico,1
51.70840834966837,Sinaloa,Jalisco,Médico,0
51.70955421486154,Jalisco,Sinaloa,Médico,0
52.18458012660866,Sinaloa,Jalisco,Médico,1
55.10693688948011,Sinaloa,Jalisco,Médico,0
50.8351569231793,Jalisco,Jalisco,Policía,0
54.69533675477215,Sinaloa,Jalisco,Médico,1
52.37075328429229,Jalisco,Sinaloa,Policía,0
56.1092038511471,Jalisco,Jalisco,Médico,1
49.841495949234954,Sinaloa,Sinaloa,Policía,1
56.98700244208272,Sinaloa,Sinaloa,Policía,0
51.79982574128643,Sinaloa,Sinaloa,Chef,0
54.35178762940738,Sinaloa,Sinaloa,Médico,1
33.081891842945964,Jalisco,Jalisco,Profesor,1
53.79514082669245,Sinaloa,Jalisco,Policía,0
51.83813281473623,Sinaloa,Jalisco,Policía,0
54.86512676560081,Jalisco,Sinaloa,Chef,0
52.07168052878939,Jalisco,Sinaloa,Policía,0
54.19226365465425,Jalisco,Sinaloa,Médico,1
56.359884012777904,Sinaloa,Sinaloa,Policía,0
49.41034410237101,Jalisco,Sinaloa,Policía,1
50.9303472636612,Jalisco,Sinaloa,Chef,0
57.20251931953194,Jalisco,Sinaloa,Policía,0
54.73511799537709,Jalisco,Jalisco,Policía,0
49.20241449986795,Jalisco,Sinaloa,Policía,0
54.36268195998786,Jalisco,Sinaloa,Policía,0
53.909411051997154,Sinaloa,Sinaloa,Médico,0
55.439072463439935,Sinaloa,Jalisco,Médico,0
56.29932199297976,Jalisco,Jalisco,Policía,1
52.49297467145941,Jalisco,Sinaloa,Policía,0
30.603247061996598,Sinaloa,Jalisco,Médico,1
51.3318027285006,Jalisco,Sinaloa,Chef,0
53.43828208408788,Jalisco,Jalisco,Policía,0
58.55609065424823,Jalisco,Sinaloa,Profesor,1
46.41501652630485,Jalisco,Jalisco,Médico,0
49.21920821627239,Jalisco,Sinaloa,Profesor,0
52.64554860235955,Jalisco,Sinaloa,Policía,0
44.38572382873503,Jalisco,Sinaloa,Policía,1
55.97760831231836,Jalisco,Sinaloa,Policía,0
34.796440743371036,Jalisco,Sinaloa,Médico,1
55.9025142058561,Sinaloa,Sinaloa,Profesor,0
53.2740975908813,Jalisco,Jalisco,Médico,1
54.45464420581993,Jalisco,Jalisco,Chef,1
50.28396725755541,Jalisco,Sinaloa,Policía,1
53.178797665146085,Sinaloa,Sinaloa,Policía,1
53.01421842514953,Jalisco,Jalisco,Médico,1
55.2716447509864,Sinaloa,Sinaloa,Chef,0
51.972874070518415,Jalisco,Sinaloa,Médico,1
52.751173479748104,Jalisco,Sinaloa,Médico,1
54.91669364169411,Sinaloa,Jalisco,Médico,0
53.906216470860116,Jalisco,Sinaloa,Médico,1
49.701827913408735,Jalisco,Sinaloa,Policía,0
42.602756464567726,Jalisco,Sinaloa,Policía,1
56.630170687169176,Sinaloa,Jalisco,Policía,0
53.602287991963784,Jalisco,Sinaloa,Médico,1
52.411663455141706,Sinaloa,Sinaloa,Médico,0
52.890111493917026,Sinaloa,Sinaloa,Médico,1
35.37713771762918,Jalisco,Jalisco,Médico,1
47.26506320577409,Jalisco,Jalisco,Policía,1
43.556172425467366,Jalisco,Sinaloa,Policía,1
54.778154578109586,Sinaloa,Sinaloa,Médico,0
36.89072072226772,Jalisco,Sinaloa,Médico,1
36.985557711324844,Jalisco,Sinaloa,Médico,1
48.833299556413536,Jalisco,Sinaloa,Policía,0
55.177566361831914,Jalisco,Sinaloa,Policía,0
55.49751243030851,Sinaloa,Sinaloa,Médico,0
53.66935229115905,Jalisco,Jalisco,Médico,1
56.2728241360867,Jalisco,Jalisco,Policía,0
53.69265182202706,Jalisco,Sinaloa,Médico,1
53.5804718507556,Jalisco,Jalisco,Médico,1
53.604068439550886,Sinaloa,Sinaloa,Policía,0
43.34961594688268,Jalisco,Sinaloa,Policía,1
57.14797850923569,Jalisco,Jalisco,Policía,0
46.527180651958716,Jalisco,Sinaloa,Policía,1
56.395588502028545,Sinaloa,Sinaloa,Policía,0
50.71119557326875,Jalisco,Jalisco,Policía,1
32.37843633987387,Jalisco,Jalisco,Médico,1
50.780206894771325,Jalisco,Sinaloa,Policía,0
53.549078850130186,Sinaloa,Sinaloa,Chef,0
53.76858575556549,Jalisco,Jalisco,Médico,0
51.1087317541568,Jalisco,Sinaloa,Chef,1
53.425198112063775,Sinaloa,Jalisco,Médico,0
56.39382851218681,Jalisco,Jalisco,Médico,1
32.88954125595335,Sinaloa,Jalisco,Profesor,1
61.56838962981836,CDMX,Jalisco,Policía,0
57.691907643326196,Sinaloa,Jalisco,Policía,0
51.852598344964896,Jalisco,Sinaloa,Policía,1
54.44302656969302,Jalisco,Sinaloa,Médico,1
36.243739637308835,Jalisco,Jalisco,Médico,1
40.212642954990436,Jalisco,Sinaloa,Médico,1
47.93621779471262,Jalisco,Sinaloa,Policía,1
53.28847855416042,Jalisco,Sinaloa,Policía,0
41.967306684167596,Jalisco,Sinaloa,Médico,1
56.394750998208345,Jalisco,Jalisco,Policía,0
48.07444993789433,Jalisco,Sinaloa,Médico,1
51.98949593331321,Jalisco,Jalisco,Policía,0
52.623007708985995,Sinaloa,Sinaloa,Médico,0
55.07061629502202,Jalisco,Sinaloa,Médico,1
46.642109890791126,Jalisco,Sinaloa,Policía,1
50.008049343642234,Jalisco,Sinaloa,Médico,1
56.75347906753877,Jalisco,Sinaloa,Policía,0
54.679762883182605,Jalisco,Sinaloa,Médico,1
54.073664928625575,Jalisco,Sinaloa,Médico,1
55.03203903827124,Sinaloa,Sinaloa,Médico,0
54.14236551927841,Jalisco,Sinaloa,Chef,0
52.36776808441227,Jalisco,Jalisco,Médico,1
51.02317771331849,Sinaloa,Sinaloa,Médico,0
54.07692891229437,Sinaloa,Jalisco,Médico,0
53.592902835960466,Jalisco,Jalisco,Policía,0
56.29275596319266,Sinaloa,Sinaloa,Policía,0
36.132832642768406,Jalisco,Sinaloa,Médico,1
35.11822907989591,Jalisco,Jalisco,Médico,1
57.36377722427955,Jalisco,Jalisco,Médico,0
56.01038146925563,Sinaloa,Jalisco,Policía,0
54.18600160335216,Sinaloa,Jalisco,Médico,1
53.08855172261311,Sinaloa,Sinaloa,Médico,0
33.42591931590701,Jalisco,Jalisco,Médico,1
34.11535626634419,Jalisco,Sinaloa,Médico,1
31.33237642209736,Sinaloa,Jalisco,Médico,1
55.025117701563545,Jalisco,Sinaloa,Médico,1
52.27968180220508,Jalisco,Jalisco,Policía,0
50.80541917253741,Jalisco,Sinaloa,Policía,0
59.01047823128404,Sinaloa,Sinaloa,Médico,0
48.85934505172004,Sinaloa,Sinaloa,Médico,0
48.606611742911355,Jalisco,Jalisco,Médico,0
52.88348585269046,Jalisco,Sinaloa,Médico,1
52.34199979777334,Jalisco,Jalisco,Profesor,0
46.10641525668352,Jalisco,Sinaloa,Médico,0
51.28963428714087,Jalisco,Sinaloa,Policía,0
40.57419645575451,Jalisco,Jalisco,Médico,1
53.093942971801134,Sinaloa,Sinaloa,Policía,1
51.47403732527209,Jalisco,Sinaloa,Médico,1
54.342204764535666,Sinaloa,Sinaloa,Médico,1
51.804394400359264,Jalisco,Sinaloa,Policía,0
44.98920045169976,Jalisco,Sinaloa,Médico,1
54.267145331794616,Jalisco,Sinaloa,Médico,1
52.95784351638677,Sinaloa,Jalisco,Médico,0
55.69893143555012,Jalisco,Sinaloa,Médico,1
57.305761907736866,Sinaloa,Sinaloa,Policía,0
41.12274969658632,Jalisco,Sinaloa,Médico,1
55.38393340408939,Sinaloa,Jalisco,Policía,0
55.46220813820426,Sinaloa,Jalisco,Médico,1
55.60829672951054,Jalisco,Sinaloa,Médico,1
57.94193207371979,Sinaloa,Sinaloa,Policía,0
42.355337157059765,Jalisco,Jalisco,Médico,1
55.172776220485574,Jalisco,Sinaloa,Policía,0
51.143209696403474,Jalisco,Jalisco,Policía,0
52.23799173946692,Jalisco,Jalisco,Médico,1
49.80370138278586,Jalisco,Jalisco,Policía,1
51.22947291584415,CDMX,Sinaloa,Médico,0
50.63785448826637,Jalisco,Jalisco,Policía,0
51.65029569926638,Jalisco,Jalisco,Médico,0
57.23514664704127,Sinaloa,Jalisco,Policía,0
54.74059818224789,Sinaloa,Sinaloa,Médico,0
55.481885286168655,Sinaloa,Jalisco,Médico,0
47.279099552519796,Jalisco,Sinaloa,Médico,0
58.61221353284851,Jalisco,Sinaloa,Policía,0
50.37186229809654,Sinaloa,Sinaloa,Médico,0
36.987196031649205,Jalisco,Jalisco,Médico,1
29.10077825304334,Sinaloa,Sinaloa,Médico,1
52.93539586418307,Jalisco,Jalisco,Policía,0
51.899377323693685,Jalisco,Sinaloa,Policía,0
38.62535087929268,Jalisco,Sinaloa,Médico,1
55.28588341762102,Jalisco,Sinaloa,Médico,1
55.302051440368764,Jalisco,Sinaloa,Médico,1
55.134067171382206,Jalisco,Sinaloa,Médico,0
52.33008562488019,Jalisco,Jalisco,Médico,1
51.90824234539571,Jalisco,Sinaloa,Médico,0
51.89993023090006,Jalisco,Sinaloa,Policía,1
53.27320222299178,Jalisco,Jalisco,Médico,1
50.70421003928155,Jalisco,Sinaloa,Médico,1
35.86312224036416,Jalisco,Sinaloa,Médico,1
50.087618491089934,Jalisco,Sinaloa,Policía,0
51.63973262616276,Jalisco,Jalisco,Médico,1
50.70805869918261,Jalisco,Sinaloa,Policía,1
28.17137609074576,Sinaloa,Sinaloa,Profesor,1
35.34313678922669,Jalisco,Sinaloa,Médico,1
51.1901532543818,Jalisco,Jalisco,Médico,0
52.769656227680144,Jalisco,Sinaloa,Policía,0
53.0753114501707,Jalisco,Sinaloa,Médico,1
53.62913182964785,Jalisco,Jalisco,Policía,0
54.515966789699704,Sinaloa,Jalisco,Médico,0
55.15103694471124,Jalisco,Sinaloa,Médico,1
56.41748657694058,Sinaloa,Jalisco,Médico,0
52.12334113146612,Jalisco,Jalisco,Policía,0
53.38047629061377,Jalisco,Sinaloa,Médico,1
45.332339599494844,Jalisco,Sinaloa,Policía,1
55.35285151570564,Jalisco,Sinaloa,Policía,0
54.03651221934585,Jalisco,Sinaloa,Policía,0
49.33298368799468,Jalisco,Jalisco,Policía,1
53.18705146256311,Jalisco,Sinaloa,Médico,1
60.985721825824065,Sinaloa,Sinaloa,Médico,0
49.60041281023473,Sinaloa,Sinaloa,Policía,1
56.26885346192312,Jalisco,Jalisco,Médico,1
51.97295375240139,Sinaloa,Jalisco,Policía,1
38.104932639720005,Jalisco,Sinaloa,Médico,1
54.1450349937712,Jalisco,Sinaloa,Policía,0
51.158283310875994,Jalisco,Sinaloa,Médico,1
52.61786404461193,Sinaloa,Jalisco,Chef,0
41.64844813832738,Jalisco,Jalisco,Médico,1
52.47509555904821,Jalisco,Sinaloa,Chef,0
55.305562089529886,Jalisco,Sinaloa,Policía,0
52.000958906841014,Jalisco,Sinaloa,Médico,1
55.70469477389862,Jalisco,Sinaloa,Policía,0
31.178957585398276,Jalisco,Jalisco,Profesor,1
51.551769551552056,Jalisco,Jalisco,Médico,1
53.68986718396376,Jalisco,Sinaloa,Médico,1
49.9425215326684,Jalisco,Sinaloa,Médico,1
54.78888252966527,Jalisco,Sinaloa,Policía,0
52.53413506931114,Sinaloa,Jalisco,Médico,0
35.17766486603444,Jalisco,Sinaloa,Médico,1
53.79546213295475,Jalisco,Jalisco,Policía,0
51.31606061236997,Sinaloa,Sinaloa,Chef,0
42.65335762394334,Jalisco,Jalisco,Médico,1
53.81258388117995,Jalisco,Jalisco,Médico,1
56.87269367775098,Sinaloa,Jalisco,Policía,0
56.18455314018634,Jalisco,Sinaloa,Médico,1
50.52829560857579,Sinaloa,Jalisco,Médico,0
54.59053247409516,Sinaloa,Sinaloa,Médico,0
54.21395785899407,Jalisco,Jalisco,Policía,0
54.1594781792823,Sinaloa,Jalisco,Médico,1
52.877234965564604,Jalisco,Sinaloa,Policía,0
37.20770170202222,Jalisco,Jalisco,Médico,1
51.59107494070143,Sinaloa,Sinaloa,Médico,0
49.64876068331809,Sinaloa,Sinaloa,Chef,0
53.007299373114954,Sinaloa,Jalisco,Policía,0
53.35460449958289,Sinaloa,Jalisco,Médico,0
49.43325065761623,Jalisco,Jalisco,Policía,0
54.16804406833733,Sinaloa,Jalisco,Chef,0
53.325959946947215,Sinaloa,Jalisco,Policía,0
56.53515562573905,Sinaloa,Jalisco,Médico,0
39.6585511656349,Jalisco,Sinaloa,Médico,1
43.897499859165286,Jalisco,Jalisco,Policía,1
52.248146120369704,Jalisco,Jalisco,Policía,1
51.018414125464595,Jalisco,Jalisco,Chef,0
53.54574524533622,Jalisco,Sinaloa,Chef,0
53.77252970976864,Sinaloa,Jalisco,Médico,0
41.95253233658974,Jalisco,Jalisco,Médico,1
53.05622565964848,Sinaloa,Sinaloa,Médico,1
44.38122555155233,Jalisco,Jalisco,Médico,1
54.62913705724741,Sinaloa,Sinaloa,Chef,0
40.65374495197675,Jalisco,Sinaloa,Médico,1
53.18845123534143,Sinaloa,Sinaloa,Médico,0
53.7270199797894,Jalisco,Jalisco,Policía,0
55.54722047255668,Jalisco,Jalisco,Chef,0
54.30491463552203,Sinaloa,Sinaloa,Chef,0
56.52971124881833,Jalisco,Jalisco,Policía,0
39.09837954610629,Jalisco,CDMX,Médico,1
55.06836258023492,Sinaloa,Jalisco,Médico,0
50.80420394278764,Jalisco,Sinaloa,Médico,1
51.82030399144491,Jalisco,Jalisco,Profesor,0
34.559396024723085,Jalisco,Sinaloa,Médico,1
56.16783752861446,Sinaloa,Jalisco,Médico,1
57.78328008850085,Sinaloa,Sinaloa,Médico,0
54.310761753165494,Sinaloa,Jalisco,Médico,0
50.86582993817147,Jalisco,Jalisco,Policía,0
57.895097559136964,Sinaloa,Jalisco,Médico,0
37.59285492966218,Jalisco,Jalisco,Médico,1
54.089385523323024,Sinaloa,Jalisco,Médico,0
40.931387259067726,Jalisco,Jalisco,Médico,1
51.46952562096707,Sinaloa,Sinaloa,Policía,1
49.56624685944962,Sinaloa,Sinaloa,Médico,0
47.46988334092487,Jalisco,Jalisco,Médico,1
41.94371623851245,Jalisco,Sinaloa,Médico,1
53.63076198855894,Sinaloa,Sinaloa,Chef,0
53.623253824033085,Jalisco,Jalisco,Médico,1
58.73890041438314,Sinaloa,Sinaloa,Policía,0
54.790470999276536,Jalisco,Sinaloa,Médico,1
54.40871181707431,Sinaloa,Sinaloa,Médico,0
54.64914911428193,Jalisco,Jalisco,Profesor,1
48.02992215413278,Sinaloa,Jalisco,Médico,0
35.62549722049384,Jalisco,Sinaloa,Médico,1
39.950895794677066,Jalisco,Jalisco,Policía,1
54.13246999636109,Sinaloa,Sinaloa,Médico,0
39.61442112028564,Jalisco,Sinaloa,Médico,1
52.56825965592833,Jalisco,Sinaloa,Chef,0
55.94780623019647,Sinaloa,Sinaloa,Chef,0
36.2926820341436,Jalisco,Jalisco,Médico,1
57.79152993119992,Sinaloa,Jalisco,Médico,1
48.065351943395875,Jalisco,Sinaloa,Médico,0
46.7419725762191,CDMX,Sinaloa,Policía,1
55.140807747933074,Sinaloa,Sinaloa,Médico,0
45.28098399604842,Jalisco,Jalisco,Médico,0
47.15926271232137,Jalisco,Sinaloa,Profesor,0
55.594358539896746,Jalisco,Sinaloa,Chef,0
42.96847512586365,Jalisco,Sinaloa,Médico,1
46.91499326403971,Jalisco,Sinaloa,Médico,0
43.46465701718847,Jalisco,Sinaloa,Médico,1
54.49507374502487,Sinaloa,Sinaloa,Médico,1
43.36225484426296,Jalisco,Sinaloa,Médico,1
54.53164901532366,Jalisco,Sinaloa,Policía,0
57.553580622505166,Sinaloa,Sinaloa,Médico,0
52.422708488936685,Jalisco,Jalisco,Médico,0
52.493834405889125,Jalisco,Sinaloa,Policía,0
48.75507781174657,Sinaloa,Jalisco,Médico,0
52.34669621166944,Jalisco,Jalisco,Policía,0
54.88329703870936,Jalisco,Sinaloa,Médico,1
54.83484610279575,Sinaloa,Sinaloa,Policía,0
57.652030402688126,Sinaloa,Jalisco,Policía,0
50.109748647572275,Jalisco,Sinaloa,Chef,0
53.38110823344209,Jalisco,Jalisco,Policía,0
41.82941333096025,Jalisco,Sinaloa,Policía,1
54.28784929548489,Jalisco,Sinaloa,Policía,0
53.11224138754922,Jalisco,Jalisco,Policía,0
46.258450824422184,Jalisco,Sinaloa,Médico,0
54.828673008089275,Jalisco,Sinaloa,Médico,1
52.59200311347523,Sinaloa,Jalisco,Policía,0
52.955556268602564,Sinaloa,Sinaloa,Policía,0
46.877645702648536,Jalisco,Sinaloa,Policía,1
56.98557188482864,Sinaloa,Sinaloa,Médico,0
37.05576172332282,Jalisco,Jalisco,Médico,1
48.332094200869136,Jalisco,Jalisco,Policía,0
49.20814339475136,Sinaloa,Sinaloa,Médico,0
47.17088406246653,Jalisco,Jalisco,Médico,0
42.994990859323096,Jalisco,Sinaloa,Policía,1
51.89411253758696,Sinaloa,Sinaloa,Médico,0
43.256451196460915,Jalisco,Sinaloa,Médico,1
47.70953147483297,Jalisco,Jalisco,Médico,0
39.675821565821096,Jalisco,Sinaloa,Médico,1
56.78638397320019,Jalisco,CDMX,Médico,1
57.184755463804905,Jalisco,Jalisco,Médico,1
52.36219568376835,Sinaloa,Sinaloa,Policía,1
51.039604302326765,Sinaloa,Sinaloa,Policía,1
35.711463265299216,Jalisco,Sinaloa,Médico,1
47.125961942865395,Jalisco,Sinaloa,Policía,1
53.61036347634433,Sinaloa,Jalisco,Médico,1
52.911608725336514,Jalisco,Sinaloa,Policía,0
51.63347417685728,Sinaloa,Sinaloa,Policía,0
59.22778763866579,Jalisco,Jalisco,Policía,0
35.783315716256304,Jalisco,Jalisco,Médico,1
48.87088588640378,Sinaloa,Jalisco,Médico,0
58.947652503447436,Sinaloa,Sinaloa,Médico,1
35.94403506377456,Jalisco,Jalisco,Médico,1
35.52130534159856,Jalisco,CDMX,Médico,1
47.352110963264806,Jalisco,Jalisco,Profesor,0
38.197127100882355,Jalisco,Sinaloa,Médico,1
52.410628360972154,Jalisco,Sinaloa,Policía,0
52.60756380088025,Jalisco,Sinaloa,Médico,1
52.62611203504009,Sinaloa,Jalisco,Profesor,0
53.17452336897662,Sinaloa,Sinaloa,Policía,0
53.16418541989741,Sinaloa,Sinaloa,Médico,0
49.331519456664616,Jalisco,Sinaloa,Policía,1
46.62856805327411,Jalisco,Jalisco,Policía,1
50.68464781252837,Jalisco,Jalisco,Médico,0
50.52108153642554,Sinaloa,Sinaloa,Policía,0
44.58141387797407,Jalisco,Jalisco,Médico,1
53.36448839958539,Sinaloa,Sinaloa,Policía,1
50.71670799527933,Jalisco,Jalisco,Policía,0
51.89429869523661,Sinaloa,Sinaloa,Médico,0
54.411845235786735,Sinaloa,Jalisco,Médico,1
46.90552483577157,Jalisco,Sinaloa,Profesor,0
52.709382326755424,Jalisco,Sinaloa,Médico,0
38.8872979478003,Jalisco,Jalisco,Médico,1
53.43300394760822,Sinaloa,Sinaloa,Médico,0
53.288054873987164,Sinaloa,Sinaloa,Policía,1
49.75492110492469,Sinaloa,Jalisco,Policía,0
40.85979930109778,Jalisco,Sinaloa,Médico,1
45.256154626540784,Jalisco,Sinaloa,Médico,1
54.938146806867515,Jalisco,Sinaloa,Policía,0
50.8817879440205,Sinaloa,Sinaloa,Médico,0
54.67524242621574,Jalisco,Jalisco,Policía,0
50.616961814937184,Jalisco,Sinaloa,Policía,0
56.87797654084902,Sinaloa,Jalisco,Médico,0
45.65873172954357,Jalisco,Sinaloa,Policía,1
36.10390826037833,Jalisco,Sinaloa,Médico,1
56.191250868934894,Jalisco,Jalisco,Médico,1
57.259427733181006,Sinaloa,Sinaloa,Médico,1
50.36089317306712,Jalisco,Sinaloa,Policía,0
53.151269922496304,Sinaloa,Sinaloa,Médico,0
31.572489798850476,Sinaloa,Sinaloa,Profesor,1
46.707696908195516,Jalisco,Jalisco,Policía,0
52.714206760753285,Jalisco,Sinaloa,Policía,0
52.029427440697994,Sinaloa,Sinaloa,Médico,0
41.86424358920276,Jalisco,Jalisco,Médico,1
55.476688436006974,Sinaloa,Jalisco,Policía,0
55.25271819610088,Jalisco,Sinaloa,Chef,0
53.2999463538293,Jalisco,Jalisco,Médico,1
52.323916919765665,Jalisco,Sinaloa,Policía,1
53.199435808739516,Jalisco,Sinaloa,Policía,1
50.71135226783913,Sinaloa,Sinaloa,Policía,0
50.34351816184882,Jalisco,Jalisco,Policía,0
54.43399655079625,Sinaloa,Sinaloa,Policía,0
53.33759650394064,Jalisco,Jalisco,Médico,1
53.447072092671995,Sinaloa,Sinaloa,Policía,0
56.703703541929144,Sinaloa,Sinaloa,Policía,0
51.630753340185755,Sinaloa,Sinaloa,Médico,0
53.99144471910691,Jalisco,Sinaloa,Policía,0
54.148123971773366,Sinaloa,Sinaloa,Policía,1
47.63626088758956,Jalisco,Sinaloa,Profesor,0
40.41915741242239,Jalisco,Sinaloa,Médico,1
57.28710494357299,Jalisco,Sinaloa,Médico,1
53.741368576387316,Sinaloa,Jalisco,Policía,0
56.02874195077405,Sinaloa,Jalisco,Médico,1
49.25099715607741,Jalisco,Sinaloa,Policía,1
36.53405669223598,Jalisco,Sinaloa,Profesor,1
59.10326969746572,Sinaloa,Jalisco,Policía,0
47.70993327288644,Jalisco,Jalisco,Médico,1
48.76003749024898,Jalisco,Jalisco,Médico,1
52.21415412186465,Jalisco,Jalisco,Médico,1
52.05652926728368,Jalisco,Jalisco,Médico,0
51.113353908556746,Sinaloa,Sinaloa,Chef,0
52.53396036570698,Sinaloa,Jalisco,Médico,0
53.668696586913065,Jalisco,Jalisco,Chef,0
52.58529734942398,Sinaloa,Jalisco,Chef,0
51.524600028426086,Jalisco,Jalisco,Policía,1
52.32750650576752,Jalisco,Jalisco,Médico,1
56.5819242472764,Sinaloa,Jalisco,Médico,0
55.92606482779839,Jalisco,Sinaloa,Médico,1
57.200414408786465,Jalisco,CDMX,Policía,0
49.95048321815292,Jalisco,Sinaloa,Médico,1
52.39921334255149,Jalisco,Jalisco,Médico,1
33.604473817978395,Sinaloa,Jalisco,Médico,1
45.6324971118603,Jalisco,Jalisco,Profesor,0
57.07891242281489,Sinaloa,Sinaloa,Médico,1
55.648249461805904,Jalisco,Jalisco,Médico,1
56.85490894503456,Sinaloa,Jalisco,Chef,0
50.357199737692,Jalisco,Jalisco,Médico,1
52.75395604861094,Jalisco,Sinaloa,Médico,1
51.758824446781105,Sinaloa,Jalisco,Médico,0
54.8582171450936,Jalisco,Jalisco,Médico,1
54.38315729383982,Sinaloa,Sinaloa,Médico,0
41.282549654753666,Jalisco,Sinaloa,Médico,1
54.392787933280275,Sinaloa,Sinaloa,Médico,1
38.16073472209911,Jalisco,Sinaloa,Médico,1
56.703354576055524,Sinaloa,Jalisco,Médico,1
35.84564151214603,Jalisco,Sinaloa,Médico,1
36.03848982302312,Jalisco,Sinaloa,Médico,1
51.696712539027175,Sinaloa,Sinaloa,Policía,0
54.51992605094476,Jalisco,Sinaloa,Policía,0
47.28136874181294,Jalisco,Jalisco,Médico,0
49.11424688432251,Jalisco,Jalisco,Profesor,0
47.38092660142523,Jalisco,Sinaloa,Profesor,0
56.347153741572434,Jalisco,Jalisco,Médico,1
54.650252049296704,Sinaloa,Sinaloa,Médico,1
43.15087314098628,Jalisco,Jalisco,Médico,1
42.422436759085514,Jalisco,Jalisco,Médico,1
53.39689418266712,Sinaloa,Sinaloa,Médico,0
42.303471507258074,Jalisco,Jalisco,Médico,1
45.30672880686408,Jalisco,Sinaloa,Policía,1
55.1276439194261,Sinaloa,Sinaloa,Policía,0
45.265542243639544,Jalisco,Jalisco,Policía,1
51.98746814369401,Jalisco,Sinaloa,Policía,0
46.39888754550584,Jalisco,Sinaloa,Policía,1
39.92917645090726,Jalisco,Sinaloa,Médico,1
44.921470660776585,Jalisco,Jalisco,Médico,0
47.080246069400545,Jalisco,Jalisco,Médico,1
55.68784209299205,Jalisco,Sinaloa,Médico,1
48.29243381138769,Jalisco,Jalisco,Policía,0
53.469217240129986,Jalisco,Jalisco,Médico,1
35.197539851391,Jalisco,Jalisco,Médico,1
35.33899443680599,Jalisco,Jalisco,Médico,1
44.55519056424676,Jalisco,Sinaloa,Médico,1
51.88963352573468,Jalisco,Sinaloa,Chef,0
45.3739624162381,Jalisco,Sinaloa,Médico,1
46.6115608614663,Jalisco,Sinaloa,Médico,1
51.33109250805338,Sinaloa,Jalisco,Médico,0
48.27787121119364,Jalisco,Jalisco,Policía,0
40.245277791614626,Jalisco,Sinaloa,Médico,1
51.15049325691569,Jalisco,Sinaloa,Médico,1
48.035711170251496,Jalisco,Jalisco,Médico,0
55.392460207513366,Sinaloa,Sinaloa,Médico,0
45.23160257183909,Jalisco,Sinaloa,Policía,1
48.47779304212139,Sinaloa,Jalisco,Policía,0
56.83359014264682,Jalisco,Sinaloa,Médico,1
45.106951486277694,Jalisco,Sinaloa,Profesor,0
47.31010731234217,Sinaloa,Sinaloa,Policía,0
56.58384964018677,Sinaloa,Jalisco,Médico,1
43.89136382467174,Jalisco,Sinaloa,Médico,1
36.812561086873046,Jalisco,Sinaloa,Profesor,1
58.79733168775826,Jalisco,Sinaloa,Chef,0
49.67445983993025,Jalisco,Sinaloa,Policía,1
52.22821574808657,Jalisco,Jalisco,Médico,1
54.6073194566006,Sinaloa,Sinaloa,Médico,0
54.67168392386314,Jalisco,Jalisco,Médico,0
56.706191921929694,Sinaloa,Sinaloa,Médico,0
47.8557398826282,Jalisco,Jalisco,Médico,0
49.07429547404422,Jalisco,Sinaloa,Policía,1
52.85344938456486,Jalisco,Sinaloa,Médico,1
54.51003318666376,Sinaloa,Jalisco,Médico,0
51.62159401918449,Jalisco,CDMX,Policía,1
36.21845488852628,Jalisco,Sinaloa,Médico,1
54.79361923750887,Jalisco,Sinaloa,Chef,0
54.82748016162393,Jalisco,Jalisco,Policía,0
54.1451477941142,Jalisco,Sinaloa,Policía,0
49.60535165897047,Jalisco,Sinaloa,Médico,0
48.82745646338917,Jalisco,Sinaloa,Policía,0
56.376704883344175,Jalisco,Jalisco,Policía,0
55.21594286561971,Jalisco,Sinaloa,Policía,0
51.998946917183204,Sinaloa,Jalisco,Médico,0
55.28832394239746,Sinaloa,Sinaloa,Médico,0
39.30817997408376,Jalisco,Sinaloa,Médico,1
32.83882152079966,Jalisco,Sinaloa,Médico,1
55.740757441377234,Jalisco,Sinaloa,Policía,0
38.71005345900602,Jalisco,Jalisco,Médico,1
54.714002028182875,Sinaloa,Jalisco,Médico,0
42.519787237102754,Jalisco,Jalisco,Policía,1
53.59395008170575,Sinaloa,Jalisco,Médico,0
37.369831686462646,Jalisco,Sinaloa,Médico,1
39.659292072491326,Jalisco,Jalisco,Médico,1
48.76729317491517,Jalisco,Jalisco,Médico,0
56.723745891690804,Sinaloa,Sinaloa,Médico,0
54.106864254750285,Jalisco,Sinaloa,Médico,1
40.320237609358145,Jalisco,Jalisco,Médico,1
52.473402278605356,Sinaloa,Jalisco,Médico,0
43.73018729099198,Jalisco,Sinaloa,Policía,1
59.63187905957808,Sinaloa,Jalisco,Policía,0
52.90317636003348,Sinaloa,Jalisco,Chef,0
46.14172108525873,Jalisco,Sinaloa,Médico,0
52.16020014689562,Sinaloa,Jalisco,Médico,0
53.285422758503465,Sinaloa,Sinaloa,Policía,0
41.66354094601372,Jalisco,Sinaloa,Médico,1
54.604815352546225,Sinaloa,Sinaloa,Médico,0
55.02098940264891,Sinaloa,Jalisco,Profesor,0
51.313214014954674,Jalisco,Sinaloa,Policía,0
45.51493529841057,Jalisco,Sinaloa,Policía,1
51.552442533533664,Jalisco,Jalisco,Médico,1
54.627125235641564,Jalisco,Sinaloa,Médico,1
55.63883957503288,Sinaloa,Sinaloa,Profesor,0
51.53874182655853,Jalisco,Sinaloa,Médico,1
47.599148570229545,Jalisco,Sinaloa,Policía,1
54.52395734635892,Sinaloa,Jalisco,Médico,0
41.63315294797699,Jalisco,Sinaloa,Policía,1
53.21400000695562,Sinaloa,Sinaloa,Médico,0
52.738372033604655,Jalisco,Sinaloa,Policía,0
39.59124146560238,Jalisco,Jalisco,Médico,1
52.85281473087804,Sinaloa,Sinaloa,Profesor,0
40.207258008526495,Jalisco,Sinaloa,Médico,1
55.531986620166535,Jalisco,Jalisco,Médico,1
52.93387590239646,Jalisco,Jalisco,Médico,1
54.39260652242643,Jalisco,Sinaloa,Médico,1
48.891119417612344,Jalisco,Jalisco,Policía,0
48.792460054558305,Jalisco,Sinaloa,Policía,1
56.2265802506073,Jalisco,Sinaloa,Médico,1
40.82206734529751,Jalisco,Jalisco,Médico,1
48.14977957190625,Jalisco,Sinaloa,Policía,1
51.69807023818556,Sinaloa,Jalisco,Policía,1
50.66009309416637,Sinaloa,Sinaloa,Médico,0
50.43446246926544,Jalisco,Sinaloa,Médico,1
48.22075683904196,Jalisco,Jalisco,Chef,0
56.63061756256033,Sinaloa,Sinaloa,Médico,0
53.316284005407475,Sinaloa,Sinaloa,Médico,0
52.779244171264864,Jalisco,Jalisco,Médico,0
48.69286426139877,Jalisco,Sinaloa,Médico,1
50.05134571939358,Jalisco,Sinaloa,Policía,1
52.61292291498999,Sinaloa,Sinaloa,Médico,1
55.491149693139604,Sinaloa,Jalisco,Chef,0
57.666472139225306,Sinaloa,Sinaloa,Médico,0
44.029218885843406,Jalisco,Sinaloa,Médico,1
40.464569519920786,Jalisco,Jalisco,Médico,1
37.4646319847033,Jalisco,Sinaloa,Médico,1
51.51576307046474,Jalisco,Jalisco,Policía,1
48.73831973123655,Sinaloa,Sinaloa,Chef,0
31.675550610445164,Sinaloa,Sinaloa,Médico,1
52.57194575580007,Jalisco,Jalisco,Chef,0
36.38981823490758,Jalisco,Jalisco,Médico,1
55.105482466813015,Jalisco,Sinaloa,Policía,0
48.293234522761125,Jalisco,Sinaloa,Policía,1
55.0239595496214,Sinaloa,Jalisco,Médico,0
57.193289845708286,Sinaloa,Sinaloa,Médico,1
32.885950091085796,Jalisco,Jalisco,Médico,1
48.46886082472987,Jalisco,Sinaloa,Policía,0
37.29192868160083,Jalisco,Sinaloa,Profesor,1
45.375108484657346,Jalisco,Sinaloa,Policía,1
54.880469302746796,Jalisco,Jalisco,Policía,0
56.09839609831761,Sinaloa,Jalisco,Médico,0
54.39015945033531,Sinaloa,Jalisco,Policía,0
28.51027212308003,Sinaloa,Jalisco,Profesor,1
32.28318872151327,Jalisco,Sinaloa,Médico,1
51.95222614759683,Sinaloa,Sinaloa,Médico,0
53.803621617089114,Jalisco,Sinaloa,Policía,0
52.6747817324773,Jalisco,Sinaloa,Policía,0
54.09163272954354,Sinaloa,Jalisco,Médico,0
57.87522294327323,Sinaloa,Jalisco,Chef,0
35.12870304399598,Jalisco,Sinaloa,Médico,1
52.19769443651376,Jalisco,Jalisco,Policía,0
53.36224924892189,Sinaloa,Sinaloa,Médico,0
54.493837279395464,Sinaloa,Sinaloa,Médico,0
33.556642997425286,Jalisco,Sinaloa,Médico,1
52.14581656220063,Jalisco,Jalisco,Policía,1
50.6696563037726,Sinaloa,Sinaloa,Médico,0
35.13267738231636,Jalisco,Jalisco,Médico,1
49.81253048113471,Jalisco,Sinaloa,Médico,0
56.915131439894544,Jalisco,Sinaloa,Médico,1
50.681642236736565,Jalisco,Jalisco,Policía,0
53.862780505878085,Jalisco,Sinaloa,Chef,0
49.396708041835396,Jalisco,Sinaloa,Policía,1
53.27337895255629,Jalisco,Sinaloa,Médico,1
57.41687170321296,Jalisco,Sinaloa,Profesor,1
37.006192865320315,Jalisco,Sinaloa,Médico,1
42.59132084850823,Jalisco,Sinaloa,Policía,1
51.56920429423688,Jalisco,Jalisco,Médico,1
41.78279802287801,Jalisco,Sinaloa,Médico,1
41.03231282595752,Jalisco,Jalisco,Médico,1
49.772645251969806,Jalisco,Jalisco,Policía,1
53.538315208788234,Sinaloa,Jalisco,Policía,1
55.98712154217748,Jalisco,Jalisco,Policía,0
54.533250163638,Jalisco,Sinaloa,Policía,0
36.55742522029414,Jalisco,Sinaloa,Médico,1
51.538676660155076,Sinaloa,Sinaloa,Médico,1
50.902987292764365,Jalisco,Jalisco,Médico,1
54.219589333865294,Sinaloa,Sinaloa,Policía,0
47.24306543873601,Jalisco,Jalisco,Médico,0
54.291656077541035,Sinaloa,Sinaloa,Médico,0
57.396084078590334,Sinaloa,Jalisco,Policía,0
55.12355726926082,Jalisco,Sinaloa,Médico,1
48.717588129295265,Sinaloa,Jalisco,Médico,0
40.068942745844794,Jalisco,Sinaloa,Médico,1
56.36404212109699,Sinaloa,Jalisco,Policía,0
49.896805271568766,Jalisco,Sinaloa,Profesor,0
56.01479980944187,Sinaloa,Jalisco,Médico,1
54.19061225533427,Jalisco,Jalisco,Médico,1
43.94675681854211,Jalisco,Sinaloa,Policía,1
50.71423371814408,Jalisco,Sinaloa,Policía,1
58.03104890266321,Sinaloa,Jalisco,Médico,0
32.39026649624945,Jalisco,Jalisco,Médico,1
49.9530839740321,Jalisco,Sinaloa,Policía,1
53.711981785721164,Jalisco,Sinaloa,Policía,0
55.66735075584139,Jalisco,Jalisco,Policía,0
56.07903121974312,Sinaloa,Sinaloa,Médico,0
52.588498899053505,Sinaloa,Sinaloa,Chef,0
50.37523722805886,Jalisco,Sinaloa,Policía,1
55.81538876210676,Sinaloa,Jalisco,Médico,0
41.47634586543775,Jalisco,Sinaloa,Médico,1
51.90200448184971,Jalisco,Jalisco,Policía,0
50.770666962007766,Sinaloa,Jalisco,Policía,0
47.82205805435426,Jalisco,Sinaloa,Médico,0
52.048899606685985,Sinaloa,Jalisco,Policía,0
51.52735922621951,Jalisco,Sinaloa,Médico,0
56.62013287984367,Sinaloa,Sinaloa,Policía,0
51.19601372671774,Jalisco,Jalisco,Policía,1
50.60126439729679,Jalisco,Jalisco,Policía,0
52.093068624581264,Jalisco,Sinaloa,Médico,1
52.93845768333605,Jalisco,Sinaloa,Médico,1
53.438867708550056,Sinaloa,Jalisco,Médico,0
51.88237338735607,Jalisco,Sinaloa,Policía,0
55.21526537487669,Jalisco,Jalisco,Policía,0
51.047826210831495,Sinaloa,Sinaloa,Médico,0
49.53636061503524,Jalisco,Sinaloa,Médico,0
32.5345737670644,Sinaloa,Jalisco,Profesor,1
50.691182811091615,Sinaloa,Sinaloa,Chef,0
55.67331531788496,Sinaloa,Jalisco,Médico,1
53.78299407973928,Jalisco,Sinaloa,Médico,1
52.60290753877545,Jalisco,Jalisco,Médico,1
42.39464293331119,Jalisco,Sinaloa,Policía,1
44.94461428857383,Jalisco,Jalisco,Médico,1
56.94403814120236,Sinaloa,Jalisco,Policía,0
37.41802176744838,Jalisco,Sinaloa,Médico,1
47.76359157868891,Jalisco,Jalisco,Policía,0
54.231841194956004,Jalisco,Sinaloa,Policía,1
56.60348802067453,Sinaloa,Sinaloa,Médico,1
54.30713901831656,Jalisco,Jalisco,Policía,0
38.50726964249632,Jalisco,Jalisco,Médico,1
49.204432460752315,Sinaloa,Sinaloa,Médico,0
53.76960983667764,Sinaloa,Sinaloa,Médico,1
51.73119061683907,Sinaloa,Jalisco,Policía,0
38.98284225098297,Jalisco,Sinaloa,Médico,1
52.387135361025564,Sinaloa,Sinaloa,Médico,1
54.890289225972374,Jalisco,Sinaloa,Médico,1
53.126424744980554,Sinaloa,Sinaloa,Policía,0
42.59182150213525,Jalisco,Jalisco,Médico,1
58.23034488844974,Sinaloa,Sinaloa,Médico,0
53.544986338917234,Jalisco,Sinaloa,Policía,1
58.27727921030102,Jalisco,Sinaloa,Policía,0
54.59630432859667,Sinaloa,Jalisco,Médico,0
55.951555695041314,Sinaloa,Sinaloa,Médico,0
48.70489678449053,Jalisco,Jalisco,Policía,1
52.77813961165081,Jalisco,Sinaloa,Policía,0
54.286281978314484,Sinaloa,Jalisco,Médico,0
53.04474587985103,Sinaloa,Sinaloa,Policía,1
49.96681896822437,Jalisco,Sinaloa,Policía,0
55.24057565325758,Sinaloa,Jalisco,Médico,0
31.44345804061404,Sinaloa,Sinaloa,Profesor,1
49.505259002768405,Jalisco,Sinaloa,Policía,0
52.25744298945952,Jalisco,Sinaloa,Médico,1
47.006259577470466,Jalisco,Sinaloa,Médico,1
52.644691084423066,Sinaloa,Sinaloa,Chef,0
55.080053245719625,Sinaloa,Jalisco,Médico,0
39.63638604478807,Jalisco,Sinaloa,Médico,1
57.011134340269244,Sinaloa,Jalisco,Médico,0
52.01801644919506,Jalisco,Jalisco,Policía,0
56.03655908782392,Jalisco,Sinaloa,Policía,0
50.03787151019432,Jalisco,Sinaloa,Policía,1
54.318360302123374,Jalisco,Sinaloa,Médico,1
50.92887127684098,Sinaloa,Sinaloa,Policía,0
52.3689050786683,Sinaloa,Sinaloa,Médico,0
56.61372901991517,Jalisco,Sinaloa,Chef,0
56.9770117985235,Sinaloa,Sinaloa,Policía,0
43.403843521995455,Jalisco,Sinaloa,Policía,1
51.48184008658038,Jalisco,Sinaloa,Policía,1
59.74826531992329,Sinaloa,Jalisco,Chef,0
51.03338184058226,Sinaloa,Sinaloa,Policía,1
53.045703589481406,Jalisco,Sinaloa,Chef,0
51.588976593463364,Jalisco,Jalisco,Policía,1
52.410331713665094,Jalisco,Jalisco,Médico,1
50.192866279432394,Jalisco,Sinaloa,Policía,0
44.099566064521795,Jalisco,Sinaloa,Médico,0
52.91563370062123,Jalisco,Sinaloa,Policía,0
32.57458323917412,Jalisco,Sinaloa,Profesor,1
57.082730246067385,Sinaloa,Sinaloa,Policía,0
54.28340464919359,Jalisco,Sinaloa,Médico,1
50.89581598935027,Jalisco,Jalisco,Médico,1
48.589914635540644,Jalisco,Sinaloa,Policía,0
37.346341108478875,Jalisco,Sinaloa,Médico,1
41.37858152338918,Jalisco,Sinaloa,Médico,1
58.11668761491967,Sinaloa,Jalisco,Médico,1
56.02910568396013,Sinaloa,Sinaloa,Médico,0
51.68281760100002,Sinaloa,Jalisco,Médico,0
39.16853107249426,Jalisco,Sinaloa,Policía,1
55.50264793782816,Jalisco,Sinaloa,Médico,1
55.03836760150109,Jalisco,Sinaloa,Médico,1
52.43899201052312,Jalisco,Jalisco,Policía,0
32.98293062073633,Jalisco,Jalisco,Médico,1
51.357071910567136,Jalisco,Jalisco,Policía,0
41.33958547356524,Jalisco,Sinaloa,Médico,1
55.98939493174473,Sinaloa,Sinaloa,Policía,0
52.75462789147059,Sinaloa,Sinaloa,Médico,0
47.68681288337563,Jalisco,Sinaloa,Policía,1
56.758107504010184,Jalisco,Jalisco,Médico,0
32.71398807370427,Jalisco,Sinaloa,Médico,1
51.186329749031735,Jalisco,Sinaloa,Médico,1
57.961918443518194,Sinaloa,Jalisco,Médico,0
32.60728879250863,Sinaloa,Sinaloa,Profesor,1
56.50279504708351,Sinaloa,Jalisco,Policía,0
56.145960609583305,Sinaloa,Jalisco,Chef,0
53.024448564824475,Jalisco,Sinaloa,Médico,1
48.78790810957706,Jalisco,Jalisco,Médico,0
53.247415623502405,Sinaloa,Sinaloa,Médico,0
52.73319401667827,Sinaloa,Sinaloa,Médico,0
55.60668429214341,Jalisco,Jalisco,Policía,0
42.3311212098521,Jalisco,Jalisco,Médico,1
46.66370056447912,Jalisco,Jalisco,Policía,1
38.78507840137826,Jalisco,Jalisco,Médico,1
54.49145146902072,Sinaloa,Sinaloa,Médico,0
54.98600759194478,Sinaloa,Sinaloa,Chef,0
43.99471243412971,Jalisco,Sinaloa,Médico,1
56.922466058302575,Jalisco,Jalisco,Policía,0
48.26853815233921,Jalisco,Sinaloa,Policía,0
52.49061649134685,Jalisco,Sinaloa,Médico,1
50.57368444278577,Sinaloa,Sinaloa,Policía,0
44.13409053610029,Jalisco,Jalisco,Policía,1
54.23795233026868,Jalisco,Sinaloa,Policía,0
51.51649245140588,Jalisco,Sinaloa,Policía,0
53.888001647682586,Jalisco,Sinaloa,Policía,0
55.38312950246319,Jalisco,Sinaloa,Médico,1
58.302347198581515,Jalisco,Jalisco,Policía,0
53.62764452394217,Jalisco,Sinaloa,Policía,0
48.05480038771583,Jalisco,Jalisco,Policía,1
51.543822656059035,Sinaloa,Jalisco,Médico,0
50.353012413479256,Jalisco,Sinaloa,Policía,0
53.48049026122406,Jalisco,Sinaloa,Policía,0
54.89152234505588,Sinaloa,Jalisco,Policía,0
56.66534252015609,Jalisco,Sinaloa,Policía,0
38.831128135177856,Jalisco,Jalisco,Médico,1
50.36594728737055,Jalisco,Sinaloa,Policía,1
49.170037876580025,Jalisco,Jalisco,Médico,0
52.67331004899102,Sinaloa,Jalisco,Médico,0
50.207287182634325,Jalisco,Jalisco,Médico,1
49.755719603198415,Sinaloa,Jalisco,Médico,0
35.53974500449894,Jalisco,Jalisco,Médico,1
39.826328674014064,Jalisco,Jalisco,Médico,1
36.24492384868667,Jalisco,Jalisco,Médico,1
52.77423655041387,Jalisco,Sinaloa,Médico,1
53.56061434435713,Jalisco,Jalisco,Policía,0
52.8882559827047,Jalisco,Sinaloa,Policía,0
50.546666061371795,Sinaloa,Jalisco,Médico,0
53.04937176087018,Jalisco,Sinaloa,Médico,1
58.85920248876275,Sinaloa,Sinaloa,Policía,0
38.54576351605148,Jalisco,Sinaloa,Médico,1
55.7383385757348,Jalisco,Jalisco,Médico,1
42.789544042769066,Jalisco,Sinaloa,Médico,1
50.32669392016013,Jalisco,Sinaloa,Policía,1
52.80010231968515,Jalisco,Sinaloa,Médico,1
53.61384951057469,Jalisco,Jalisco,Policía,0
52.46214904380383,Sinaloa,Jalisco,Médico,1
50.45648090553928,Sinaloa,Jalisco,Médico,0
54.068989520740594,Sinaloa,Sinaloa,Chef,0
54.27528832783433,Sinaloa,Sinaloa,Policía,0
57.43742887628985,Sinaloa,Sinaloa,Policía,0
57.033906996646735,Sinaloa,Jalisco,Médico,0
34.71860111064127,Jalisco,Jalisco,Profesor,1
46.93669247636829,Jalisco,CDMX,Policía,1
57.15765191010309,Sinaloa,Sinaloa,Policía,0
52.70056096562528,Jalisco,Jalisco,Policía,1
52.68439294863515,Sinaloa,Jalisco,Médico,1
52.75203285382836,Jalisco,Jalisco,Médico,1
56.06928079952238,Sinaloa,Sinaloa,Médico,0
57.70304395426285,Jalisco,Sinaloa,Profesor,1
31.216577537784637,Sinaloa,Sinaloa,Profesor,1
55.08474170444445,Jalisco,Jalisco,Médico,1
51.03668720427749,Jalisco,Sinaloa,Policía,0
30.234249821681097,Sinaloa,Sinaloa,Profesor,0
56.56609094419287,Jalisco,Sinaloa,Policía,0
57.16566260244605,Sinaloa,Sinaloa,Chef,0
57.70658965579902,Sinaloa,Sinaloa,Policía,0
49.15685202272194,Jalisco,Sinaloa,Policía,1
36.694747870862656,Jalisco,Jalisco,Médico,1
52.572968027951234,Sinaloa,Jalisco,Policía,0
54.409866709035526,Sinaloa,Sinaloa,Médico,1
56.28792793632015,Sinaloa,Jalisco,Médico,0
31.031477830546,Sinaloa,Jalisco,Médico,1
54.523377504716635,Sinaloa,Sinaloa,Chef,0
56.24796542903235,Jalisco,Jalisco,Policía,0
52.81284123989891,Sinaloa,Jalisco,Chef,0
48.59808687990418,Sinaloa,Jalisco,Médico,0
53.352580116551344,Jalisco,Jalisco,Médico,1
50.25883257826474,Jalisco,Sinaloa,Policía,1
53.861345747707745,Jalisco,Sinaloa,Policía,0
52.05980114502617,Sinaloa,Sinaloa,Médico,0
48.812707319686965,Sinaloa,Sinaloa,Chef,0
52.99677029615932,Jalisco,Jalisco,Policía,1
35.48219268172548,Jalisco,Jalisco,Médico,1
54.476029365174604,Jalisco,Sinaloa,Policía,0
54.78703563818198,Sinaloa,Sinaloa,Chef,0
41.35623378236842,Jalisco,Jalisco,Médico,1
54.64093052863852,Jalisco,Sinaloa,Policía,0
53.33492711771354,Jalisco,Sinaloa,Policía,0
55.56884375000129,Sinaloa,Sinaloa,Médico,0
54.488508936832886,Sinaloa,Jalisco,Médico,0
51.16985664216098,Jalisco,Jalisco,Policía,1
49.81412880562364,Jalisco,Sinaloa,Policía,0
36.678374103723954,Jalisco,Sinaloa,Médico,1
52.189397019971786,Jalisco,Sinaloa,Policía,1
40.27814584094227,Jalisco,Jalisco,Médico,1
52.75808207535561,Sinaloa,Sinaloa,Médico,0
49.225218948964184,Sinaloa,Sinaloa,Médico,0
51.54781694188926,Sinaloa,Sinaloa,Chef,0
51.7338863369972,Jalisco,Sinaloa,Policía,0
49.419394087728904,Jalisco,Jalisco,Profesor,0
55.36315310429152,Jalisco,Sinaloa,Médico,0
55.23798855287185,Sinaloa,Sinaloa,Policía,0
53.10646246994143,Jalisco,Sinaloa,Policía,0
28.48499292069947,Sinaloa,Jalisco,Profesor,1
53.89520159916551,Jalisco,Sinaloa,Policía,0
53.74099850720329,Sinaloa,Sinaloa,Chef,0
52.042365836464946,Sinaloa,Sinaloa,Policía,0
58.44570023821271,Jalisco,Sinaloa,Policía,0
50.506283115075426,Jalisco,Sinaloa,Médico,1
55.163000312113255,Jalisco,Sinaloa,Policía,0
55.51405361084041,Sinaloa,Jalisco,Médico,0
54.8820842985392,Sinaloa,Sinaloa,Policía,0
51.67119648386087,Sinaloa,Jalisco,Médico,0
53.914649192442894,Jalisco,Jalisco,Médico,1
51.45047265071564,Jalisco,Jalisco,Policía,0
53.80102421268658,Jalisco,Sinaloa,Médico,1
56.61303701574449,Sinaloa,Jalisco,Médico,1
45.907935536396245,Jalisco,Sinaloa,Policía,1
50.65640388468322,Jalisco,Sinaloa,Policía,0
58.44349130307276,Sinaloa,Sinaloa,Médico,0
50.83557209307108,Jalisco,Sinaloa,Policía,1
52.88044942400044,Jalisco,Sinaloa,Policía,0
52.753400226449486,Sinaloa,Jalisco,Médico,0
53.9237497379621,Sinaloa,Jalisco,Médico,0
42.97155892260034,Jalisco,Sinaloa,Médico,1
54.61117813319331,Jalisco,Jalisco,Médico,1
34.787308258150844,Jalisco,Jalisco,Médico,1
49.88068002145819,Jalisco,Sinaloa,Chef,0
33.178586595455265,Jalisco,Sinaloa,Médico,1
51.16908418295387,Sinaloa,Jalisco,Médico,0
57.33753196178455,Jalisco,Sinaloa,Policía,0
50.84331137858931,Jalisco,Sinaloa,Chef,1
54.50202623968682,Jalisco,Sinaloa,Médico,1
57.1928382497297,Sinaloa,Sinaloa,Policía,0
56.03059185093209,Sinaloa,Sinaloa,Chef,0
45.21831619728913,Jalisco,Sinaloa,Médico,1
43.17671695899648,Jalisco,Jalisco,Médico,1
38.0095991728565,Jalisco,Jalisco,Médico,1
38.83550916050913,Jalisco,Sinaloa,Médico,1
51.372354099053574,Sinaloa,Jalisco,Chef,0
52.96865533452667,Sinaloa,Jalisco,Policía,0
54.35076996924736,Sinaloa,Jalisco,Médico,0
42.48804810628373,Jalisco,Jalisco,Médico,1
55.691936074966584,Jalisco,Sinaloa,Médico,1
41.23049632464833,Jalisco,Sinaloa,Médico,1
52.535276675910076,Sinaloa,Jalisco,Médico,0
51.76044173126189,Sinaloa,Jalisco,Médico,1
45.33728140151003,Jalisco,Sinaloa,Policía,1
54.61994488734602,Jalisco,Jalisco,Médico,1
48.33629233926679,Jalisco,Sinaloa,Policía,1
50.510466657766486,Sinaloa,Jalisco,Médico,0
55.72022111471795,Sinaloa,Jalisco,Médico,1
40.81520373461966,Jalisco,Jalisco,Médico,1
53.92364684612522,Sinaloa,Sinaloa,Médico,1
52.777421179822866,Sinaloa,Jalisco,Médico,0
36.70132011472262,Jalisco,Sinaloa,Médico,1
51.79988737666221,Sinaloa,Sinaloa,Médico,0
50.4413644788948,Sinaloa,Sinaloa,Médico,0
56.43000161466676,Sinaloa,Sinaloa,Médico,1
51.62059683101956,Jalisco,Jalisco,Policía,0
45.73004084152164,Jalisco,Sinaloa,Policía,1
52.76787014523044,Sinaloa,Sinaloa,Médico,0
40.9560010096619,Jalisco,Sinaloa,Médico,1
60.30012977801358,Jalisco,Sinaloa,Médico,0
45.99219881967447,Jalisco,Jalisco,Policía,1
52.998573963356975,Jalisco,Jalisco,Policía,0
53.26453954397867,Jalisco,Jalisco,Policía,0
51.36999057474554,Jalisco,Sinaloa,Médico,0
34.3415385531722,Jalisco,Jalisco,Médico,1
51.63270537636811,Sinaloa,Sinaloa,Policía,1
48.55510731503741,Jalisco,Jalisco,Médico,0
51.66560441453629,Sinaloa,Jalisco,Policía,1
53.91148701396166,Sinaloa,Jalisco,Médico,0
50.52848286805803,Jalisco,Sinaloa,Policía,1
57.84019689594083,Sinaloa,Jalisco,Médico,0
44.965708840844144,Jalisco,Sinaloa,Médico,0
47.41343805165875,Jalisco,Sinaloa,Policía,1
57.28105972691912,Sinaloa,Jalisco,Policía,0
54.042080849955575,Jalisco,Jalisco,Policía,0
56.177714395456,Sinaloa,Sinaloa,Médico,0
49.1623403020031,Jalisco,Jalisco,Médico,1
48.735855951030814,Jalisco,Sinaloa,Médico,0
53.10939902228921,Jalisco,Sinaloa,Médico,1
53.346021238569726,Sinaloa,Sinaloa,Policía,1
53.46385632593475,Sinaloa,Sinaloa,Médico,1
35.10897391171203,Jalisco,Jalisco,Profesor,1
36.173612335114335,Jalisco,Jalisco,Médico,1
32.471706952668136,Jalisco,Sinaloa,Médico,1
51.2035954351613,Jalisco,Jalisco,Chef,0
54.280899739763655,Jalisco,Sinaloa,Policía,0
54.52430024262233,Jalisco,Jalisco,Policía,0
52.74230335333178,Sinaloa,Sinaloa,Ingeniero,0
54.20807250110622,Jalisco,Jalisco,Médico,1
51.190113371523594,Jalisco,Sinaloa,Policía,1
53.715714537749584,Jalisco,Jalisco,Médico,1
51.59959725425894,Jalisco,Sinaloa,Médico,1
51.61660514769702,Sinaloa,Sinaloa,Policía,1
49.03335569652219,Jalisco,Jalisco,Policía,1
49.026802839727594,Sinaloa,Jalisco,Médico,0
56.462704957141526,Sinaloa,Sinaloa,Policía,0
53.526447253801464,Sinaloa,Sinaloa,Policía,0
48.91284744269676,Jalisco,Sinaloa,Policía,1
34.861552492622195,Jalisco,Jalisco,Médico,1
50.43043408752143,Jalisco,Sinaloa,Policía,0
49.04960970320046,Jalisco,Sinaloa,Médico,1
54.77450264467897,Jalisco,Sinaloa,Policía,0
56.19895073796584,Jalisco,Sinaloa,Policía,0
37.76547819442447,Jalisco,Sinaloa,Médico,1
51.613675162769354,Jalisco,Sinaloa,Policía,0
57.182181784321685,Jalisco,Sinaloa,Policía,0
44.937170527494146,Jalisco,Sinaloa,Médico,1
55.654017060399006,Jalisco,Sinaloa,Policía,0
50.185380189794515,Jalisco,Sinaloa,Policía,0
55.22376201254629,Sinaloa,Sinaloa,Médico,0
54.54142150734116,Sinaloa,Jalisco,Médico,1
56.87955720439404,Sinaloa,Sinaloa,Médico,0
55.16098897402787,Sinaloa,Jalisco,Profesor,0
47.75412140375157,Jalisco,Sinaloa,Médico,0
54.516800409396865,Jalisco,Sinaloa,Médico,1
52.248685432032346,Jalisco,CDMX,Médico,1
53.4057870354808,Sinaloa,Jalisco,Médico,0
52.97216561416553,Sinaloa,Sinaloa,Médico,0
52.10456364172361,Sinaloa,Sinaloa,Policía,1
54.29467492954176,Sinaloa,Sinaloa,Policía,1
56.3785366291871,Sinaloa,Sinaloa,Policía,0
40.94010572522505,Jalisco,Sinaloa,Médico,1
50.41115169567986,Jalisco,Sinaloa,Médico,1
53.99092692382212,Jalisco,Jalisco,Policía,0
54.19361947346025,Jalisco,Sinaloa,Médico,1
54.09159656406736,Jalisco,Sinaloa,Médico,1
52.14520525313598,Jalisco,Sinaloa,Médico,1
53.753878899068724,Sinaloa,Sinaloa,Médico,0
54.19392667565871,Sinaloa,Sinaloa,Médico,0
53.63121030300888,Sinaloa,Jalisco,Médico,0
52.52160708272267,Sinaloa,Jalisco,Chef,0
52.90235535590253,Jalisco,Sinaloa,Médico,1
52.33147297024228,Jalisco,Sinaloa,Policía,0
51.697422830473485,Jalisco,Sinaloa,Médico,1
36.52402950570256,Jalisco,Sinaloa,Médico,1
52.27997083500878,Jalisco,Jalisco,Médico,1
53.57449823343383,Jalisco,Sinaloa,Médico,1
56.506354314665785,Sinaloa,Jalisco,Policía,0
58.24717392712379,Sinaloa,Sinaloa,Médico,0
48.882123415183415,Jalisco,Sinaloa,Policía,1
50.496971633471425,Jalisco,Jalisco,Policía,0
35.9113816635618,Jalisco,Sinaloa,Médico,1
53.66466787659509,Jalisco,Jalisco,Policía,0
39.01481360867035,Jalisco,Jalisco,Médico,1
36.97557548689284,Jalisco,Jalisco,Médico,1
44.42300434730155,Jalisco,Sinaloa,Policía,1
35.22389333789339,Jalisco,Jalisco,Médico,1
51.43707383356057,Jalisco,Jalisco,Profesor,0
52.351631877400976,Sinaloa,Sinaloa,Policía,0
33.78503249367813,Jalisco,Jalisco,Profesor,1
54.79131902650846,Jalisco,Jalisco,Policía,0
48.92053584901782,Jalisco,Jalisco,Médico,0
54.28636576525952,Jalisco,Sinaloa,Médico,1
33.13364945679221,Sinaloa,Jalisco,Profesor,1
40.032300711102735,Jalisco,Sinaloa,Médico,1
54.77735862000624,Sinaloa,Sinaloa,Médico,0
55.04148698907766,Sinaloa,Sinaloa,Médico,0
52.11793148353447,Jalisco,Jalisco,Policía,0
44.823852547989134,Jalisco,Sinaloa,Policía,1
42.845844577694514,Jalisco,Jalisco,Policía,1
51.025624604618564,Jalisco,Sinaloa,Policía,1
54.862634137973494,Jalisco,Jalisco,Médico,1
50.76639216414255,Jalisco,Jalisco,Policía,1
47.0418570761682,Jalisco,Sinaloa,Médico,1
32.33020935265097,Sinaloa,Sinaloa,Profesor,1
52.937644819942136,Jalisco,Sinaloa,Médico,1
53.70709232827537,Jalisco,Jalisco,Médico,1
57.05596561449854,Sinaloa,Sinaloa,Chef,0
38.9178915019872,Jalisco,Jalisco,Médico,1
51.19355335403457,Jalisco,Sinaloa,Médico,1
35.00563784189836,Sinaloa,Jalisco,Profesor,1
55.81604359896456,Sinaloa,Sinaloa,Policía,0
53.53948030795139,Jalisco,Jalisco,Policía,1
43.629313208129915,Jalisco,Jalisco,Médico,1
56.80963629247087,Sinaloa,Sinaloa,Policía,0
36.34030985421851,Jalisco,Sinaloa,Médico,1
47.96726038982705,Jalisco,Jalisco,Médico,0
52.468906973437115,Jalisco,Sinaloa,Médico,1
51.20043524124422,Jalisco,Sinaloa,Policía,1
43.293984802217025,Jalisco,Jalisco,Médico,1
48.43809588251946,Jalisco,Sinaloa,Policía,1
55.165453308036355,Jalisco,Jalisco,Policía,0
55.30382838818222,Sinaloa,Jalisco,Médico,0
51.612416511564355,Jalisco,Jalisco,Médico,1
57.46106914392027,Jalisco,Jalisco,Médico,1
52.519112699052364,Sinaloa,Jalisco,Chef,0
41.90656602126717,Jalisco,Jalisco,Médico,1
54.09547095362281,Sinaloa,Jalisco,Policía,1
49.34703960564997,Jalisco,Jalisco,Médico,1
40.44241581707256,Jalisco,Sinaloa,Policía,1
35.24070975245138,Jalisco,Sinaloa,Médico,1
55.894840452511325,Sinaloa,Sinaloa,Médico,0
42.236078316447504,Jalisco,Jalisco,Policía,1
56.5435979795035,Jalisco,Jalisco,Médico,1
51.21396433641916,Sinaloa,Sinaloa,Médico,0
52.01800444067374,Sinaloa,Sinaloa,Médico,0
56.14997836484155,Jalisco,Sinaloa,Policía,0
42.37078164236894,Jalisco,Jalisco,Policía,1
49.2696255219351,Jalisco,Sinaloa,Policía,1
50.104534364782374,Jalisco,Sinaloa,Médico,1
49.664587839180925,Jalisco,Jalisco,Policía,1
54.15327811920585,Jalisco,Sinaloa,Policía,0
49.998848888592924,Jalisco,Sinaloa,Policía,0
53.230971693694194,Jalisco,Sinaloa,Policía,1
52.74730739050549,Jalisco,Sinaloa,Médico,1
45.49332596642721,Jalisco,Sinaloa,Médico,1
47.32286113863432,Jalisco,Sinaloa,Policía,1
60.14782201705091,Sinaloa,Sinaloa,Policía,0
53.94544294052736,Sinaloa,Sinaloa,Médico,0
51.94512712128791,Jalisco,Sinaloa,Médico,1
31.727916726503494,Sinaloa,Sinaloa,Profesor,1
48.701465325401415,Jalisco,Jalisco,Policía,0
48.985852282542126,Jalisco,Sinaloa,Profesor,0
38.00541644841398,Jalisco,Sinaloa,Médico,1
31.986585779274833,Jalisco,Sinaloa,Profesor,1
24.568314624448067,Sinaloa,Jalisco,Profesor,1
61.03965028418122,Sinaloa,Sinaloa,Policía,0
49.12389865892166,Jalisco,Sinaloa,Policía,1
51.5097966349451,Jalisco,Sinaloa,Médico,1
42.56934635497795,Jalisco,Sinaloa,Médico,1
50.38104134113205,Jalisco,Sinaloa,Médico,0
55.90280183937789,Jalisco,Sinaloa,Chef,0
55.45603014692731,Sinaloa,Jalisco,Médico,0
53.08028128510661,Jalisco,Jalisco,Médico,1
34.475306643405524,Jalisco,Jalisco,Médico,1
47.66619105123827,Jalisco,Jalisco,Médico,0
47.442771020637565,Jalisco,Sinaloa,Policía,0
54.323190234856156,Sinaloa,Sinaloa,Policía,0
40.40706979562971,Jalisco,Jalisco,Profesor,1
50.84501049338387,Sinaloa,Jalisco,Policía,0
52.498703673046265,Jalisco,Jalisco,Policía,0
50.96417075982913,Sinaloa,Sinaloa,Médico,0
53.54424866591374,Sinaloa,Sinaloa,Policía,0
50.850512894931015,Jalisco,Sinaloa,Policía,1
56.002495991399435,Jalisco,Jalisco,Médico,1
50.61263725643915,Jalisco,Sinaloa,Médico,0
37.67189944640444,Jalisco,Jalisco,Médico,1
55.29234333474869,Sinaloa,Jalisco,Médico,0
42.968948734091406,Jalisco,Sinaloa,Médico,1
52.72742915933844,Jalisco,Sinaloa,Policía,1
52.26579187561869,Sinaloa,Jalisco,Chef,0
43.18381108336267,Jalisco,Sinaloa,Médico,1
50.79266681872566,Jalisco,Sinaloa,Médico,1
48.51527027252099,Jalisco,Jalisco,Policía,0
52.24776976693883,Jalisco,Sinaloa,Médico,1
44.28452884161203,Jalisco,Sinaloa,Policía,1
41.408247400066756,Jalisco,Jalisco,Médico,1
44.96900758139991,Jalisco,Sinaloa,Policía,1
50.5958831067525,Jalisco,Sinaloa,Policía,0
54.93556866090311,Jalisco,Jalisco,Policía,0
53.31073072568354,Jalisco,Sinaloa,Médico,1
52.58843146895668,Sinaloa,Sinaloa,Médico,0
53.09792439551123,Sinaloa,Sinaloa,Policía,0
56.56717023082974,Sinaloa,Jalisco,Chef,0
51.10639256672707,Sinaloa,Jalisco,Médico,0
50.67449106888575,Sinaloa,Sinaloa,Médico,0
57.63015962704327,Sinaloa,Sinaloa,Médico,0
53.66800878113972,Jalisco,Jalisco,Médico,1
54.108454367359435,Sinaloa,Sinaloa,Chef,0
32.07392153197974,Sinaloa,Sinaloa,Profesor,1
47.75577306754508,Jalisco,Sinaloa,Policía,1
55.29238456551304,Sinaloa,Jalisco,Médico,1
53.82863243766385,Jalisco,Sinaloa,Chef,0
51.472989298356396,Jalisco,Sinaloa,Policía,0
51.72284179181222,Sinaloa,Jalisco,Médico,0
38.643342303757024,Jalisco,Jalisco,Médico,1
39.16775686379841,Jalisco,Jalisco,Médico,1
53.99833961823478,Sinaloa,Sinaloa,Médico,0
54.60171582062604,Jalisco,Jalisco,Médico,0
55.978654968337686,Sinaloa,Sinaloa,Médico,0
47.97566763838949,Jalisco,Sinaloa,Policía,1
56.42167898959532,Sinaloa,Sinaloa,Policía,0
50.15340688940207,Jalisco,Sinaloa,Médico,1
51.6204876181503,Sinaloa,Sinaloa,Médico,0
33.8308887199919,Jalisco,Jalisco,Médico,1
51.72298795489399,Jalisco,Sinaloa,Médico,1
49.094865901699336,Jalisco,Sinaloa,Policía,1
50.58895416658236,Jalisco,Jalisco,Profesor,0
53.40854299819738,Sinaloa,Jalisco,Chef,0
52.1320780950664,Sinaloa,Sinaloa,Chef,0
52.12101979350404,Jalisco,Sinaloa,Policía,1
37.514319249982975,Jalisco,Sinaloa,Médico,1
55.05064326913878,Sinaloa,Jalisco,Policía,0
57.56428516298164,Sinaloa,Sinaloa,Médico,1
53.428477415391235,Sinaloa,Sinaloa,Médico,0
43.89036663333918,Jalisco,Jalisco,Médico,1
36.31300802738967,Jalisco,Sinaloa,Médico,1
38.406510864781175,Jalisco,Jalisco,Médico,1
52.24020078801938,Jalisco,Sinaloa,Policía,0
32.3419921632376,Sinaloa,Sinaloa,Médico,1
44.60449800530816,Jalisco,Sinaloa,Policía,1
51.58659784425844,Jalisco,Sinaloa,Médico,1
46.53233266349085,Jalisco,Sinaloa,Policía,1
54.54429188287027,Jalisco,Sinaloa,Policía,0
50.279430500428504,Sinaloa,Jalisco,Policía,0
53.253441414001976,Sinaloa,Sinaloa,Ingeniero,0
54.27929591559585,CDMX,Jalisco,Médico,0
42.29553735158929,Jalisco,Sinaloa,Médico,1
44.383241524035824,Jalisco,Sinaloa,Policía,1
51.456669147120124,Jalisco,Sinaloa,Policía,1
50.60229285113748,Jalisco,Jalisco,Policía,1
54.49190090168245,Jalisco,Jalisco,Médico,1
38.05625756716507,Jalisco,Jalisco,Médico,1
56.05233815553555,Sinaloa,Jalisco,Ingeniero,0
53.83075057846909,Jalisco,Jalisco,Policía,0
43.39299923252019,Jalisco,Jalisco,Médico,1
54.684250804123906,Sinaloa,Sinaloa,Médico,0
36.35993633530748,Jalisco,Sinaloa,Médico,1
36.04147921035545,Jalisco,Jalisco,Profesor,1
56.83909160624013,Jalisco,Jalisco,Policía,0
53.370590875228686,Sinaloa,Jalisco,Médico,0
52.36869317292091,Jalisco,Sinaloa,Médico,0
51.840180456066726,Sinaloa,Jalisco,Policía,0
18.0,Sinaloa,CDMX,Ingeniero,1
50.83468975532212,Jalisco,Sinaloa,Policía,0
54.40874523009362,Sinaloa,Sinaloa,Policía,0
53.45078969946781,Sinaloa,Sinaloa,Médico,1
51.3572639188687,Jalisco,Jalisco,Policía,0
51.515719361084685,Sinaloa,Sinaloa,Médico,0
59.687188879656105,Sinaloa,Jalisco,Policía,0
36.079460503256726,Jalisco,Jalisco,Médico,1
51.93016379620955,Sinaloa,Jalisco,Médico,0
52.553631950721176,Sinaloa,Sinaloa,Policía,0
52.56249074753917,Jalisco,Sinaloa,Médico,0
45.47389977173008,Jalisco,Sinaloa,Médico,0
51.30341616680917,Jalisco,Jalisco,Policía,0
36.32314935583766,Jalisco,Sinaloa,Médico,1
36.368014093322486,Jalisco,Sinaloa,Médico,1
52.14697830120341,Jalisco,Sinaloa,Policía,0
57.250921447471846,Sinaloa,Sinaloa,Profesor,0
54.563365684262415,Sinaloa,Sinaloa,Médico,0
53.59277571960496,Jalisco,Jalisco,Médico,1
51.7332126836222,Sinaloa,Sinaloa,Médico,0
34.39516843627272,Jalisco,Sinaloa,Médico,1
52.614719129225186,Jalisco,Sinaloa,Policía,0
52.439869825062715,Sinaloa,Jalisco,Médico,0
55.477048125892765,Jalisco,Sinaloa,Médico,0
54.84967138490332,Jalisco,Jalisco,Médico,1
57.138997228320015,Jalisco,Sinaloa,Profesor,1
50.76495791766954,Sinaloa,Sinaloa,Médico,0
39.54268104524693,Jalisco,Jalisco,Policía,1
54.59978808549218,Sinaloa,Sinaloa,Médico,0
53.33732094346336,Jalisco,Jalisco,Médico,1
52.62542120198116,Jalisco,Sinaloa,Médico,1
49.98338731851345,Jalisco,Sinaloa,Policía,0
50.218654173895025,Jalisco,Jalisco,Médico,1
52.04828315232886,Sinaloa,Sinaloa,Médico,0
53.377944779954575,Jalisco,Jalisco,Médico,1
47.60479812913077,Jalisco,Jalisco,Policía,0
55.12008457968178,Sinaloa,Jalisco,Médico,1
53.74307004417747,Jalisco,Jalisco,Policía,0
54.737492164852476,Sinaloa,Jalisco,Chef,0
47.46007085641664,Jalisco,Sinaloa,Policía,1
51.089044786863646,Sinaloa,Sinaloa,Policía,1
54.802313853172016,Jalisco,Sinaloa,Médico,1
54.31778766773656,Jalisco,Sinaloa,Médico,1
41.46243848853997,Jalisco,Jalisco,Médico,1
51.87886520106153,Jalisco,Jalisco,Médico,1
43.12899333651795,Jalisco,Jalisco,Policía,1
42.39216354366573,Jalisco,Jalisco,Policía,1
55.083225822927574,Sinaloa,Jalisco,Policía,0
53.70248827650888,Jalisco,Sinaloa,Policía,0
51.64408191672223,Jalisco,Sinaloa,Policía,1
54.07481509123149,Sinaloa,Sinaloa,Policía,1
51.57250307387496,Jalisco,Jalisco,Policía,0
53.785167155847766,Jalisco,Jalisco,Policía,0
51.6099105148616,Jalisco,Jalisco,Médico,1
30.99494294277056,Sinaloa,Jalisco,Médico,1
41.91988403917438,Jalisco,Sinaloa,Médico,1
49.35917518864085,Jalisco,Jalisco,Policía,1
44.021750794721406,Jalisco,Jalisco,Médico,1
52.15629242748362,Jalisco,Jalisco,Policía,0
42.80778378563476,Jalisco,Jalisco,Policía,1
43.79478922281861,Jalisco,Sinaloa,Médico,1
55.07988162745986,Jalisco,Sinaloa,Policía,0
54.182327223840616,Jalisco,Jalisco,Médico,1
53.53741804468239,Jalisco,Sinaloa,Chef,0
55.68374743941769,Sinaloa,Sinaloa,Policía,0
37.69443354751657,Jalisco,Sinaloa,Médico,1
51.448593756530286,Sinaloa,Sinaloa,Médico,0
54.29764574099394,Jalisco,Jalisco,Policía,0
28.53098148149367,Sinaloa,Jalisco,Profesor,1
50.85737136987359,Sinaloa,Sinaloa,Médico,0
53.92824694219117,Jalisco,Sinaloa,Médico,1
50.8396651192104,Jalisco,Sinaloa,Policía,1
51.27819637814592,Sinaloa,Sinaloa,Médico,0
41.98626249303642,Jalisco,Sinaloa,Policía,1
39.74919019060435,Jalisco,Sinaloa,Médico,1
50.90026986912473,Sinaloa,Sinaloa,Médico,0
50.94529261509585,Sinaloa,Jalisco,Médico,0
37.57402648114558,Jalisco,Jalisco,Profesor,1
58.40944089024205,Sinaloa,Sinaloa,Médico,1
57.16272250416461,Jalisco,Jalisco,Policía,0
56.64345885247827,Jalisco,Jalisco,Policía,0
54.59020333486778,Jalisco,Sinaloa,Médico,1
37.421851861262155,Jalisco,Sinaloa,Médico,1
51.924447359101265,Jalisco,Sinaloa,Policía,1
53.233331836554406,Jalisco,Jalisco,Policía,0
51.37577784232466,Jalisco,Sinaloa,Médico,0
54.240761268300716,Sinaloa,Sinaloa,Médico,0
52.23095570560017,Jalisco,Sinaloa,Policía,0
40.626357738362955,Jalisco,Sinaloa,Médico,1
52.94119952514487,Jalisco,Jalisco,Policía,0
51.161116854571276,Jalisco,Jalisco,Médico,1
60.332078804818266,Sinaloa,Jalisco,Policía,0
55.52560924214298,Sinaloa,Sinaloa,Policía,0
54.07680595231732,Jalisco,Sinaloa,Médico,1
48.06008491447427,Jalisco,Sinaloa,Policía,1
55.06555700068277,Jalisco,Jalisco,Policía,0
56.260219283239806,Sinaloa,Sinaloa,Policía,0
49.79797240336194,Jalisco,Jalisco,Médico,0
52.29854027862559,Sinaloa,Jalisco,Médico,0
51.95316905354584,Sinaloa,Sinaloa,Médico,1
47.964514618715604,Jalisco,Sinaloa,Policía,0
37.140637475017854,Jalisco,Jalisco,Médico,1
52.89567171360414,Jalisco,Sinaloa,Policía,0
49.118704405043516,Jalisco,Jalisco,Policía,1
53.876660727677844,Jalisco,Sinaloa,Médico,0
58.40847970307921,Sinaloa,Sinaloa,Policía,0
45.97958928242212,Jalisco,Jalisco,Policía,1
52.97819898683576,Sinaloa,Jalisco,Policía,0
36.10748759624737,Jalisco,Sinaloa,Médico,1
52.81972239687026,Jalisco,Jalisco,Médico,1
48.50035617546207,Jalisco,Jalisco,Policía,1
37.964966242806156,Jalisco,Jalisco,Médico,1
59.59629267993192,Jalisco,Sinaloa,Policía,0
51.577862593341905,Jalisco,Jalisco,Médico,1
54.969254914028404,Jalisco,Sinaloa,Médico,0
50.820987301022065,Jalisco,Sinaloa,Policía,1
46.84643758167504,Jalisco,Sinaloa,Policía,1
49.70706991700744,Sinaloa,Sinaloa,Policía,0
36.70909094698234,Jalisco,Sinaloa,Médico,1
35.29583688740306,Jalisco,Jalisco,Médico,1
53.40937705420794,Sinaloa,Sinaloa,Médico,0
54.94534856151537,Sinaloa,Sinaloa,Policía,0
38.66287611172521,Jalisco,Jalisco,Médico,1
52.526729762682066,Sinaloa,Jalisco,Médico,0
52.83072006586547,Jalisco,Jalisco,Policía,0
57.279197394198334,Jalisco,Jalisco,Policía,0
55.16629235837391,Sinaloa,Sinaloa,Médico,1
31.157882863183463,Sinaloa,Sinaloa,Profesor,1
54.971738975974255,Sinaloa,Jalisco,Policía,0
56.128100213741725,Sinaloa,Jalisco,Médico,1
43.02278287983774,Jalisco,Sinaloa,Policía,1
55.61620243292463,Jalisco,Sinaloa,Médico,1
52.451692040769906,Jalisco,Sinaloa,Médico,1
56.85314403696652,Jalisco,Jalisco,Médico,1
40.79269029211178,Jalisco,Jalisco,Médico,1
50.06665181708481,Sinaloa,Sinaloa,Médico,0
51.998216131849915,Jalisco,Sinaloa,Médico,1
51.43222605399976,Sinaloa,Jalisco,Chef,0
41.45730075085484,Jalisco,Jalisco,Policía,1
48.64401294581168,Jalisco,Sinaloa,Policía,1
54.230917189933045,Jalisco,Sinaloa,Médico,1
36.388221536041385,Jalisco,Sinaloa,Médico,1
57.2745261740173,Sinaloa,Sinaloa,Médico,0
53.09623162350293,Jalisco,Sinaloa,Médico,1
51.8625020296456,Sinaloa,Sinaloa,Médico,0
49.211911881115334,Jalisco,Jalisco,Policía,0
54.19281397158675,Jalisco,Sinaloa,Policía,0
53.79119545446435,Sinaloa,Jalisco,Policía,0
49.78425432991742,Jalisco,Sinaloa,Policía,0
41.9393320651361,Jalisco,Sinaloa,Policía,1
51.89656857363283,Jalisco,Sinaloa,Médico,1
50.47242183976243,Jalisco,Jalisco,Policía,0
50.84586334811924,Jalisco,Jalisco,Policía,0
55.178992666219315,Jalisco,Jalisco,Policía,0
49.40997327501266,Sinaloa,Sinaloa,Médico,0
54.48834165490675,Sinaloa,Sinaloa,Policía,0
57.14245122823005,Sinaloa,Sinaloa,Chef,0
54.685053256293465,Sinaloa,Sinaloa,Médico,0
52.1500492263409,Jalisco,Sinaloa,Médico,1
56.51743255412722,Jalisco,Sinaloa,Chef,1
53.75005720453589,Sinaloa,Sinaloa,Médico,1
51.203005660647,Jalisco,Sinaloa,Médico,1
58.28907161637897,Jalisco,Jalisco,Policía,0
48.411630856868584,Jalisco,Sinaloa,Policía,1
51.349719072506595,Jalisco,Sinaloa,Médico,1
53.42607858488251,Jalisco,Jalisco,Policía,0
51.44551827007494,Jalisco,Sinaloa,Médico,1
52.019976626647356,Sinaloa,Jalisco,Chef,0
41.5252817760878,Jalisco,Sinaloa,Médico,1
52.03562040233605,Jalisco,Jalisco,Policía,1
52.44201677478714,Jalisco,Sinaloa,Médico,1
48.451288227408725,Jalisco,Sinaloa,Médico,0
54.260843171715614,Sinaloa,Jalisco,Chef,0
52.73894883664187,Jalisco,Jalisco,Médico,1
52.58353607643678,Jalisco,Sinaloa,Médico,1
49.49676089441776,Sinaloa,Jalisco,Médico,0
50.74097485347068,Sinaloa,Sinaloa,Médico,0
56.46274495040548,Jalisco,Jalisco,Médico,1
51.72183572746711,Sinaloa,Sinaloa,Médico,0
34.78283318874098,Jalisco,Sinaloa,Médico,1
56.409029023833924,Jalisco,Sinaloa,Policía,1
50.76113392666577,Jalisco,Sinaloa,Policía,0
41.25910221622776,Jalisco,Jalisco,Médico,1
42.97742410683283,Jalisco,Sinaloa,Médico,1
53.59030847123555,Jalisco,Jalisco,Policía,0
47.90030872590384,Jalisco,Jalisco,Policía,0
55.41081352419887,Sinaloa,Sinaloa,Chef,0
53.49338438392605,Jalisco,Sinaloa,Policía,0
49.2933279253426,Jalisco,Jalisco,Médico,1
54.25975373341058,Jalisco,Jalisco,Policía,0
55.5188965882138,Sinaloa,Sinaloa,Chef,0
51.66019365295877,Jalisco,Sinaloa,Chef,0
37.46414270723666,Jalisco,Jalisco,Médico,1
50.864974767144076,Jalisco,Sinaloa,Policía,0
53.65403909102966,Sinaloa,Jalisco,Médico,1
52.613559151642505,Jalisco,Jalisco,Policía,0
45.57271043361615,Jalisco,Sinaloa,Policía,1
54.44741880158958,Sinaloa,Sinaloa,Médico,0
51.174838962549195,Jalisco,Jalisco,Policía,0
56.70805464316639,Sinaloa,Sinaloa,Médico,0
37.65419986082104,Jalisco,Jalisco,Médico,1
50.59715554441766,Sinaloa,Jalisco,Chef,0
58.85816593536375,Sinaloa,Jalisco,Policía,0
56.048347918107424,Sinaloa,Jalisco,Policía,0
44.568154047497266,Jalisco,Sinaloa,Policía,1
54.46975277501477,Sinaloa,Jalisco,Médico,1
48.5313023589289,Jalisco,Jalisco,Médico,1
50.79328967798283,Jalisco,Sinaloa,Médico,1
37.707429270807204,Jalisco,Jalisco,Médico,1
53.58237772497023,Jalisco,Jalisco,Policía,0
52.80204170758841,Jalisco,Jalisco,Policía,0
43.82840259119443,Jalisco,Jalisco,Médico,1
39.02992397934764,Jalisco,Jalisco,Médico,1
51.86541217986382,Jalisco,Jalisco,Médico,1
51.91359651886143,Jalisco,Jalisco,Policía,0
52.4050313122955,Sinaloa,Sinaloa,Chef,0
51.242414777590255,Jalisco,Jalisco,Policía,1
55.22829320112292,Jalisco,Sinaloa,Policía,0
51.48054849404815,Jalisco,Sinaloa,Médico,1
43.667183438664246,Jalisco,Jalisco,Médico,1
48.17139596160787,Sinaloa,Sinaloa,Policía,0
52.924739410420884,Jalisco,Sinaloa,Policía,1
50.4315952728323,Sinaloa,Jalisco,Policía,0
42.12265622300417,Jalisco,Sinaloa,Médico,1
53.45838247064071,CDMX,Jalisco,Profesor,0
49.89616293574694,Jalisco,Sinaloa,Policía,1
60.483403674118016,Sinaloa,Jalisco,Médico,0
53.67347422456387,Jalisco,Sinaloa,Policía,0
40.097528246085645,Jalisco,Sinaloa,Médico,1
42.32375456065127,Jalisco,Jalisco,Policía,1
50.980797984230655,Sinaloa,Jalisco,Policía,1
55.44414172590424,Jalisco,Jalisco,Policía,0
50.646221152674876,Sinaloa,Sinaloa,Policía,0
58.16204564990226,Sinaloa,Jalisco,Médico,1
51.3569304460878,Jalisco,Sinaloa,Médico,1
54.58272054309976,Sinaloa,Jalisco,Médico,1
49.11032151133689,Jalisco,Sinaloa,Médico,0
49.76340608491718,Jalisco,Sinaloa,Policía,0
51.642291283317284,Sinaloa,Sinaloa,Chef,0
51.75775839744716,Sinaloa,Sinaloa,Policía,0
49.97182630809871,Sinaloa,Jalisco,Médico,0
55.22451639444265,Jalisco,Sinaloa,Policía,0
56.28503832140688,Jalisco,Jalisco,Policía,0
51.97930218511931,Jalisco,Jalisco,Policía,0
51.323729940651205,Sinaloa,Jalisco,Médico,0
55.30452020817655,Jalisco,Jalisco,Médico,1
51.80029061123063,Sinaloa,Sinaloa,Policía,0
54.29722911507707,Sinaloa,Sinaloa,Médico,0
34.78320214267144,Jalisco,Jalisco,Médico,1
52.224449882834996,Sinaloa,Sinaloa,Policía,1
50.264519700604566,Sinaloa,Sinaloa,Médico,0
54.421916510764525,Jalisco,Sinaloa,Chef,0
57.47266325228832,Sinaloa,Sinaloa,Médico,0
34.710821794600406,Sinaloa,Sinaloa,Médico,1
52.43829519538312,Jalisco,Sinaloa,Médico,1
53.8043185275164,Jalisco,Sinaloa,Médico,1
55.18782485841756,Sinaloa,Sinaloa,Chef,0
49.13030300022247,Jalisco,Sinaloa,Policía,1
55.31670556364298,Jalisco,Sinaloa,Médico,1
46.65535030980084,Jalisco,Sinaloa,Profesor,0
53.59417997656465,Sinaloa,Sinaloa,Policía,0
43.36030910420102,Jalisco,Jalisco,Policía,1
54.10065145497753,Sinaloa,Jalisco,Chef,0
53.4650370118049,Sinaloa,Jalisco,Médico,0
52.47905891943488,Jalisco,Jalisco,Médico,1
54.24462951612924,Sinaloa,Sinaloa,Médico,1
57.581806046213764,Sinaloa,Sinaloa,Policía,0
53.14586318895755,Jalisco,Sinaloa,Policía,0
51.81355525099204,Sinaloa,Sinaloa,Médico,0
52.51894170183309,Sinaloa,Sinaloa,Policía,1
48.10214178387175,Jalisco,Jalisco,Policía,0
49.32579685659227,CDMX,Jalisco,Médico,0
44.8904138989739,Jalisco,Jalisco,Policía,1
53.371057868053924,Jalisco,Sinaloa,Profesor,1
55.10592010103884,Sinaloa,Sinaloa,Policía,0
50.87108214745102,Sinaloa,Jalisco,Médico,0
53.72176029675725,Sinaloa,Jalisco,Médico,1
54.269274813086994,Jalisco,Sinaloa,Médico,1
52.80224104564141,Sinaloa,Sinaloa,Médico,0
50.46920862685735,Jalisco,Jalisco,Policía,0
53.33857650375942,Jalisco,Jalisco,Médico,1
55.94026731697617,Jalisco,Sinaloa,Médico,1
50.21207921462231,Sinaloa,Sinaloa,Chef,0
48.49700169159672,Jalisco,Sinaloa,Médico,0
52.29838788713904,Jalisco,Jalisco,Policía,0
52.653612473664616,Sinaloa,Jalisco,Médico,0
51.420985058772786,Sinaloa,Jalisco,Médico,0
29.793188596774975,Sinaloa,Jalisco,Médico,1
57.80513492593404,Sinaloa,Jalisco,Médico,1
33.29568497277417,Sinaloa,Sinaloa,Médico,1
57.33708386762058,Jalisco,Sinaloa,Policía,0
53.82684115479164,Jalisco,Jalisco,Policía,0
55.47318396844796,Jalisco,Sinaloa,Policía,0
54.004038012867106,Jalisco,Sinaloa,Policía,0
57.25840382426706,Sinaloa,Sinaloa,Policía,0
48.92288050205558,Jalisco,Jalisco,Policía,0
51.273028597056985,Sinaloa,Sinaloa,Policía,0
39.23005005266681,Jalisco,Sinaloa,Médico,1
41.739857689146895,Jalisco,Jalisco,Médico,1
43.319863911759064,Jalisco,Jalisco,Médico,1
51.93473766649284,Jalisco,Sinaloa,Policía,0
35.92309941220749,Jalisco,Jalisco,Médico,1
30.164003331952962,Sinaloa,Sinaloa,Profesor,1
54.056209375007406,Sinaloa,Sinaloa,Médico,1
36.07426733435166,Jalisco,Sinaloa,Médico,1
45.58051163605131,Jalisco,Jalisco,Médico,1
36.10754462052158,Jalisco,Sinaloa,Médico,1
53.39172173717843,Jalisco,Jalisco,Policía,0
50.29870825710499,Jalisco,Sinaloa,Médico,1
52.98363570813854,Sinaloa,Jalisco,Médico,0
50.95373037316258,Jalisco,Jalisco,Profesor,0
50.53708983318721,Sinaloa,Sinaloa,Médico,0
42.95256506266648,Jalisco,Jalisco,Médico,1
54.66747670734909,Sinaloa,Sinaloa,Médico,0
55.84963017115021,Jalisco,Jalisco,Médico,1
52.41228739112676,Jalisco,Sinaloa,Policía,0
49.58721788828474,Jalisco,Jalisco,Policía,0
47.53865396347178,Jalisco,Sinaloa,Policía,0
49.81398001304922,Sinaloa,Jalisco,Médico,0
53.02090574932782,Jalisco,Sinaloa,Médico,1
53.414125897257684,Sinaloa,Sinaloa,Médico,0
50.47244188444555,Jalisco,Jalisco,Médico,0
56.03412061251385,Sinaloa,Sinaloa,Chef,0
53.29687847157987,Jalisco,Sinaloa,Policía,0
47.366741707953835,Jalisco,Sinaloa,Policía,0
56.3983736272886,Jalisco,Sinaloa,Médico,1
41.645198223490596,Jalisco,Sinaloa,Médico,1
57.00562238046923,Sinaloa,Sinaloa,Médico,1
47.36135751521023,Jalisco,Sinaloa,Policía,1
49.887084156673936,Sinaloa,Jalisco,Policía,0
54.23287133243878,Jalisco,Sinaloa,Médico,1
49.30983646975001,Jalisco,Sinaloa,Policía,1
54.619272572045226,Sinaloa,Sinaloa,Médico,0
36.84585538514931,Jalisco,Sinaloa,Médico,1
53.17908254902351,Jalisco,Jalisco,Médico,1
52.32895964861407,Jalisco,Sinaloa,Policía,0
56.27621201603259,Sinaloa,Jalisco,Médico,0
51.397040499617496,Sinaloa,Sinaloa,Médico,0
57.30682057280949,Jalisco,Sinaloa,Policía,0
52.93513106932257,Sinaloa,Jalisco,Médico,0
55.3328598824451,Sinaloa,Sinaloa,Médico,0
42.161136545300614,Jalisco,Jalisco,Médico,1
39.658798712368444,Jalisco,Sinaloa,Policía,1
33.96612974240346,Jalisco,Sinaloa,Profesor,1
51.7504732509187,Jalisco,Sinaloa,Policía,0
57.87909741683364,Sinaloa,Sinaloa,Médico,0
56.224339496943735,Jalisco,Sinaloa,Médico,1
51.596293127214466,Sinaloa,Jalisco,Policía,0
50.154532092398064,Jalisco,Jalisco,Policía,0
52.77987138359758,Sinaloa,Sinaloa,Médico,1
57.569109251140745,Jalisco,Sinaloa,Policía,0
55.85975821771751,Jalisco,Jalisco,Médico,1
41.53084144121375,Jalisco,Jalisco,Médico,1
33.65627267899523,Jalisco,Sinaloa,Médico,1
20.601318991575102,Sinaloa,Jalisco,Profesor,1
52.33307664697778,Jalisco,Sinaloa,Médico,0
55.41477354444752,Sinaloa,Sinaloa,Profesor,0
50.99812052231694,Jalisco,Jalisco,Médico,1
51.689401182383946,Sinaloa,Sinaloa,Policía,0
48.36823118581794,Jalisco,Sinaloa,Policía,1
42.48336867637688,Jalisco,Sinaloa,Policía,1
54.67697909580701,Jalisco,Jalisco,Médico,0
59.43034233085431,Sinaloa,Sinaloa,Chef,0
55.52952722990999,Jalisco,Sinaloa,Policía,0
41.13763075864705,Jalisco,Jalisco,Médico,1
57.44338865375428,Sinaloa,Sinaloa,Médico,0
50.73262716197862,Jalisco,Sinaloa,Chef,0
51.28656941845706,Jalisco,Sinaloa,Médico,1
52.519739350355,Jalisco,Jalisco,Médico,1
50.08077094026605,Jalisco,Jalisco,Policía,1
53.1385828701636,Sinaloa,Sinaloa,Profesor,0
57.04045160630956,Sinaloa,Jalisco,Médico,0
53.41793372709814,Jalisco,Sinaloa,Policía,0
49.118853949574714,Sinaloa,Jalisco,Médico,0
53.161950776604925,Sinaloa,Jalisco,Médico,0
42.71420412363203,Jalisco,Sinaloa,Policía,1
56.909431615640415,Sinaloa,Jalisco,Policía,0
45.219113405479334,Jalisco,Sinaloa,Médico,0
42.69047411772774,Jalisco,Sinaloa,Profesor,0
52.55442420569573,Sinaloa,Sinaloa,Chef,0
53.44590847716264,Jalisco,Sinaloa,Médico,1
51.694312127172424,Sinaloa,Sinaloa,Médico,1
51.48030125361399,Jalisco,Jalisco,Policía,0
50.13153704899978,Jalisco,Sinaloa,Chef,0
52.43143473231805,Jalisco,Sinaloa,Policía,0
51.65078024914578,Jalisco,Sinaloa,Chef,0
34.71272095500353,Jalisco,Jalisco,Médico,1
60.72679372564614,Sinaloa,Jalisco,Médico,0
53.7018395115433,Sinaloa,Sinaloa,Médico,0
58.43635992008864,Sinaloa,Sinaloa,Médico,1
51.61979216535423,Jalisco,Sinaloa,Médico,1
53.91913336109386,Sinaloa,Jalisco,Policía,0
36.399160194189136,Jalisco,Sinaloa,Médico,1
50.30654538550829,Sinaloa,Sinaloa,Médico,0
51.181418284063604,Sinaloa,Jalisco,Chef,0
41.83770860422291,Jalisco,Sinaloa,Policía,1
50.27813695218657,Jalisco,Jalisco,Policía,0
53.45986602097186,Jalisco,Jalisco,Médico,1
56.3439444152081,Sinaloa,Sinaloa,Médico,0
52.584351458784056,Sinaloa,Jalisco,Médico,0
41.89626209964904,Jalisco,Jalisco,Médico,1
39.727522252556305,Jalisco,Sinaloa,Médico,1
52.42538231017251,Sinaloa,Sinaloa,Médico,0
55.613974536834384,Jalisco,Sinaloa,Médico,1
37.36154829869628,Jalisco,Sinaloa,Médico,1
46.34100127341937,Jalisco,Jalisco,Policía,1
40.17679890573133,Jalisco,Sinaloa,Médico,1
55.14303900029266,Jalisco,Sinaloa,Policía,0
49.761377825143924,Jalisco,Sinaloa,Médico,1
43.248507850901845,Jalisco,Sinaloa,Médico,1
33.16553521618309,Jalisco,Jalisco,Médico,1
42.615467679070406,Jalisco,Sinaloa,Médico,1
52.480050942167644,Sinaloa,Sinaloa,Médico,0
52.391373566145234,Jalisco,Jalisco,Médico,0
50.783515923389935,Jalisco,Jalisco,Policía,0
54.46228416521393,Sinaloa,Jalisco,Médico,1
52.25807469488681,Jalisco,Sinaloa,Médico,0
53.048177650816285,Jalisco,Sinaloa,Médico,1
57.4495969728806,Sinaloa,Sinaloa,Chef,0
55.20483390575112,Jalisco,Sinaloa,Médico,1
43.09376545829224,Jalisco,Jalisco,Policía,1
48.55393334053372,Jalisco,Jalisco,Médico,0
49.5896830462389,Jalisco,Sinaloa,Médico,0
54.4602617494902,Jalisco,Jalisco,Médico,1
55.202153821050516,Jalisco,Sinaloa,Médico,1
34.10156025610142,Jalisco,Sinaloa,Médico,1
57.50327594919827,Sinaloa,Sinaloa,Médico,0
55.76687190045534,Sinaloa,Jalisco,Médico,1
50.900258882477324,Jalisco,Jalisco,Policía,0
42.2410659256009,Jalisco,Jalisco,Médico,1
53.532416928297,Jalisco,Jalisco,Médico,1
36.702832616753184,Jalisco,Sinaloa,Médico,1
40.937224624083655,Jalisco,Jalisco,Médico,1
50.98115673210837,Jalisco,Sinaloa,Médico,0
48.87423529017194,Jalisco,Sinaloa,Médico,0
41.470075801661665,Jalisco,Sinaloa,Médico,1
54.833039921847885,Jalisco,Sinaloa,Policía,0
55.706200078769804,Sinaloa,Jalisco,Médico,0
40.16488844834494,Jalisco,Sinaloa,Médico,1
53.97659422309515,Sinaloa,Jalisco,Policía,0
50.84747549848576,Jalisco,Sinaloa,Policía,1
52.04765996082714,Sinaloa,Jalisco,Médico,0
54.31204388065686,Sinaloa,Sinaloa,Policía,0
53.660029609727566,Sinaloa,Jalisco,Policía,0
55.227694437086555,Jalisco,Sinaloa,Médico,1
50.62966059330762,Jalisco,Jalisco,Policía,1
57.11226543323891,Sinaloa,Sinaloa,Policía,0
38.0857222019784,Jalisco,Sinaloa,Policía,1
26.641468125710006,Sinaloa,Sinaloa,Profesor,1
54.12943960791057,Sinaloa,Sinaloa,Chef,0
50.04380765979866,Jalisco,Jalisco,Médico,1
52.33085226608592,Jalisco,Jalisco,Policía,1
54.73512847041907,Jalisco,Jalisco,Médico,1
52.236070780262395,Sinaloa,Sinaloa,Médico,0
50.964196096487804,Sinaloa,Sinaloa,Policía,0
51.30376654003972,Jalisco,Jalisco,Policía,1
55.36738856901973,Jalisco,Jalisco,Policía,0
54.30974360758628,Sinaloa,Jalisco,Médico,0
52.5442334598383,Sinaloa,Sinaloa,Policía,0
50.16526894068438,Jalisco,Sinaloa,Policía,1
51.88836457363102,Jalisco,Jalisco,Médico,1
53.88356641549782,Jalisco,Jalisco,Profesor,1
52.601106216925686,Sinaloa,Sinaloa,Médico,1
54.567748521567545,Jalisco,Sinaloa,Policía,0
51.49710556633471,Jalisco,Jalisco,Policía,0
53.721024583531005,Sinaloa,Jalisco,Chef,0
52.9604310423731,Jalisco,Jalisco,Policía,0
54.11467809107781,Sinaloa,Jalisco,Policía,0
53.008952380521066,Sinaloa,Jalisco,Médico,0
52.16901618609141,Sinaloa,Sinaloa,Médico,0
49.904128167423124,Sinaloa,Sinaloa,Chef,0
53.83874287862952,Jalisco,Sinaloa,Médico,1
51.46507331542496,Jalisco,Sinaloa,Médico,1
49.67374738433444,Jalisco,Sinaloa,Policía,0
49.196090880347775,Jalisco,Jalisco,Médico,0
53.57360948032955,Sinaloa,Sinaloa,Chef,0
55.68077530673411,Sinaloa,Sinaloa,Médico,0
49.032209503067676,Jalisco,Sinaloa,Policía,1
54.80614783249037,Sinaloa,Jalisco,Médico,1
50.13427464317539,Jalisco,Sinaloa,Policía,0
56.06039745020716,Jalisco,Sinaloa,Policía,0
55.01269701654338,Sinaloa,Jalisco,Médico,1
38.47470875007848,Jalisco,Jalisco,Médico,1
57.723257276559345,Jalisco,Sinaloa,Policía,0
56.3204167421541,Jalisco,Sinaloa,Policía,0
50.92718800460613,Sinaloa,Sinaloa,Médico,0
52.44979820996519,Sinaloa,Sinaloa,Chef,0
51.893725549957765,Sinaloa,Jalisco,Policía,0
53.79873315429117,Sinaloa,Sinaloa,Policía,0
52.97520235474379,Jalisco,Jalisco,Policía,0
50.7940705578045,Sinaloa,Sinaloa,Médico,0
40.4604099535543,Jalisco,Sinaloa,Médico,1
53.57174464058636,Jalisco,Sinaloa,Policía,0
29.034003054940776,Sinaloa,Sinaloa,Médico,1
55.57155817557399,Sinaloa,Jalisco,Policía,0
56.95927570059866,Sinaloa,Jalisco,Médico,1
52.780507669121434,Jalisco,Sinaloa,Policía,1
40.68372219837096,Jalisco,Sinaloa,Médico,1
38.99339967541118,Jalisco,Sinaloa,Médico,1
52.40696024872944,Jalisco,Sinaloa,Médico,1
53.11511765084812,Jalisco,Jalisco,Médico,1
53.860668275191664,Jalisco,Sinaloa,Médico,1
37.36350374057606,Jalisco,Jalisco,Médico,1
54.56351890240724,Jalisco,Sinaloa,Médico,1
53.6211874022352,Jalisco,Jalisco,Policía,0
50.51777737657039,Jalisco,Jalisco,Médico,1
55.975513285583105,Jalisco,Sinaloa,Policía,1
52.520767246442986,Jalisco,Sinaloa,Policía,0
39.68738103165525,Jalisco,Jalisco,Médico,1
51.70111164875221,Jalisco,Jalisco,Médico,1
56.80415216354323,Sinaloa,Jalisco,Médico,0
54.02489673870522,Jalisco,Sinaloa,Policía,0
54.35451933295577,Jalisco,Jalisco,Médico,1
55.93195336048011,Sinaloa,Sinaloa,Chef,0
54.35766574457206,Jalisco,Sinaloa,Policía,1
53.600387911224274,Jalisco,Sinaloa,Policía,0
52.62510248582551,Jalisco,Sinaloa,Médico,1
34.42311736294903,Jalisco,Jalisco,Profesor,1
55.68884120439817,Jalisco,Sinaloa,Médico,0
57.595692587522535,Sinaloa,Sinaloa,Policía,0
47.614442794403224,Jalisco,Sinaloa,Policía,0
53.0023840676034,Sinaloa,Jalisco,Chef,0
58.43612899129273,Jalisco,Sinaloa,Policía,0
50.22735147462219,Sinaloa,Sinaloa,Médico,0
41.234543512381734,Jalisco,Jalisco,Policía,1
53.53799240066716,Jalisco,Jalisco,Chef,0
55.415088178837436,Jalisco,Sinaloa,Policía,0
50.36302823953002,Jalisco,Sinaloa,Médico,0
52.46083311905396,Jalisco,Jalisco,Médico,1
53.15189167884183,Sinaloa,Jalisco,Médico,0
54.23763268262352,Jalisco,Jalisco,Médico,1
54.521784061759945,Jalisco,Sinaloa,Médico,0
35.39267878694706,Sinaloa,Jalisco,Profesor,1
53.337893731809615,Jalisco,Jalisco,Policía,1
52.519485883040126,Sinaloa,Jalisco,Médico,0
51.151382742578264,Jalisco,Jalisco,Médico,1
54.39725433757047,Sinaloa,Sinaloa,Chef,0
52.3842733701257,Jalisco,Jalisco,Policía,1
55.6422779325219,Jalisco,Jalisco,Policía,0
60.476143836204066,Sinaloa,Sinaloa,Policía,0
54.477838579707765,Jalisco,Sinaloa,Policía,0
57.17607563115111,CDMX,Jalisco,Médico,0
49.512965304404965,Jalisco,Sinaloa,Médico,1
43.96499880565531,Jalisco,Jalisco,Policía,1
57.22538202453726,Sinaloa,Sinaloa,Médico,0
55.5719816511168,Sinaloa,Sinaloa,Policía,0
50.095319203630325,Sinaloa,Sinaloa,Chef,0
51.06758499881834,Jalisco,Sinaloa,Policía,0
50.599992744787365,Jalisco,Sinaloa,Médico,0
50.281253184931124,Jalisco,Sinaloa,Profesor,0
54.85383625985476,Jalisco,Jalisco,Policía,0
39.149159535184914,Jalisco,Jalisco,Médico,1
49.866135602947736,Jalisco,Jalisco,Policía,0
49.39204332276056,Jalisco,Jalisco,Policía,0
50.97379590415191,Jalisco,Jalisco,Policía,0
54.847971563984316,Sinaloa,Sinaloa,Médico,0
50.933080816789385,Jalisco,Sinaloa,Policía,0
54.63317993986589,Jalisco,Jalisco,Policía,1
56.99378175667591,Sinaloa,Sinaloa,Médico,0
53.377634793255716,Jalisco,Sinaloa,Policía,0
43.24489896388052,Jalisco,Jalisco,Policía,1
56.992121768656865,Sinaloa,Jalisco,Médico,0
51.351484830239265,Jalisco,Jalisco,Policía,0
48.984344444642566,Jalisco,Sinaloa,Policía,1
56.45306573566199,Jalisco,Jalisco,Médico,1
50.48805267470486,CDMX,Sinaloa,Médico,1
53.875508476329514,Jalisco,Sinaloa,Policía,0
52.6223893824431,Sinaloa,Sinaloa,Chef,0
55.744285062797324,Sinaloa,Sinaloa,Médico,0
50.59781041424544,Jalisco,Jalisco,Policía,1
49.7991041125413,Jalisco,Jalisco,Policía,1
54.66202941664059,Sinaloa,Sinaloa,Policía,0
51.03237925408474,Sinaloa,Jalisco,Policía,0
42.38625160639279,Jalisco,Sinaloa,Médico,1
51.35189021288756,Jalisco,Jalisco,Policía,0
30.70159037248027,Sinaloa,Jalisco,Médico,1
38.688695297434464,Jalisco,Jalisco,Médico,1
52.342656617521946,Jalisco,Sinaloa,Policía,1
56.27897401596186,Sinaloa,Sinaloa,Médico,1
35.22614446850187,Jalisco,CDMX,Médico,1
36.412655764164654,Jalisco,Sinaloa,Médico,1
51.49721323497653,Sinaloa,Sinaloa,Médico,0
54.55197541274756,Jalisco,Sinaloa,Policía,0
42.800068669327516,Jalisco,Sinaloa,Médico,1
41.422621443382525,Jalisco,Jalisco,Médico,1
50.737413925291136,Jalisco,Jalisco,Policía,0
58.719882591268224,Sinaloa,Sinaloa,Médico,1
46.059973184002054,Jalisco,Sinaloa,Policía,1
56.115255480411065,Jalisco,Jalisco,Policía,0
52.605338784071954,Jalisco,Jalisco,Médico,1
54.05788016976488,Jalisco,Jalisco,Médico,1
52.50554831693194,Sinaloa,Jalisco,Médico,0
51.26201238943502,Sinaloa,Jalisco,Médico,0
56.28396549711195,Sinaloa,Jalisco,Policía,0
46.14752707567456,Jalisco,Sinaloa,Policía,1
57.3848873949816,Jalisco,Sinaloa,Policía,0
53.38851245733119,Jalisco,Sinaloa,Policía,0
29.781736716020475,Sinaloa,Jalisco,Profesor,1
47.91208645871308,Jalisco,Sinaloa,Policía,0
50.94465381552667,Jalisco,Sinaloa,Médico,1
52.8522877972901,Sinaloa,Sinaloa,Chef,0
53.98400264275346,Jalisco,Sinaloa,Médico,1
51.915697815535225,Sinaloa,Sinaloa,Médico,0
41.37873884895404,Jalisco,Jalisco,Médico,1
55.095211688615294,Jalisco,Sinaloa,Policía,1
57.9678680024985,Jalisco,Sinaloa,Policía,0
52.50048722818432,Sinaloa,Sinaloa,Médico,0
51.18510621408182,Jalisco,Jalisco,Médico,0
46.29916661543207,Jalisco,Sinaloa,Policía,1
40.01452235757618,Jalisco,Sinaloa,Médico,1
52.08622899979624,Jalisco,Sinaloa,Médico,1
42.3949300226921,Jalisco,Sinaloa,Médico,1
53.51005415946023,Jalisco,Jalisco,Policía,1
56.6031351624173,Sinaloa,Jalisco,Médico,1
51.219672977618536,Sinaloa,Jalisco,Médico,0
56.14033649111224,Jalisco,Sinaloa,Médico,1
51.43403810519675,Jalisco,Jalisco,Policía,0
57.91153891090049,Sinaloa,Sinaloa,Médico,0
52.71844961138115,Jalisco,Sinaloa,Policía,0
59.0972454050798,Sinaloa,Jalisco,Médico,0
53.36240616200837,Sinaloa,Jalisco,Policía,0
49.09479416531616,Jalisco,Jalisco,Policía,0
58.70885164796567,Sinaloa,Sinaloa,Médico,0
54.40740756872919,Jalisco,Sinaloa,Policía,0
48.29341012244751,Jalisco,Sinaloa,Profesor,0
51.79331300264106,Jalisco,Sinaloa,Policía,0
45.50297590741357,Jalisco,Sinaloa,Policía,1
55.46031224586211,Jalisco,Jalisco,Chef,0
54.06168652310777,Sinaloa,Jalisco,Chef,0
53.62754038279423,Jalisco,Sinaloa,Policía,0
47.69300493587781,Jalisco,Sinaloa,Profesor,0
44.50197494313987,Jalisco,Jalisco,Médico,0
51.94051353935882,Jalisco,Sinaloa,Médico,1
41.841851430658366,Jalisco,Sinaloa,Médico,1
51.13543188501455,Jalisco,Jalisco,Chef,0
32.22513792479816,Jalisco,Sinaloa,Médico,1
58.38631530758866,Sinaloa,Jalisco,Policía,0
37.58499710643301,Jalisco,Jalisco,Médico,1
54.060035567113424,Sinaloa,Sinaloa,Médico,1
53.518997055499106,Sinaloa,Jalisco,Médico,0
49.04286341409607,Jalisco,Jalisco,Policía,0
52.886468328809116,Sinaloa,Sinaloa,Médico,0
52.958104271905526,Sinaloa,Jalisco,Médico,0
57.132701095831756,Sinaloa,Jalisco,Médico,0
52.343840334500996,Jalisco,Sinaloa,Profesor,1
53.453746189135295,Sinaloa,Sinaloa,Médico,0
35.27082268157792,Jalisco,Sinaloa,Médico,1
56.622775910502234,Sinaloa,Sinaloa,Médico,0
52.34365439941837,Jalisco,Jalisco,Policía,0
53.4484337549662,Sinaloa,Sinaloa,Policía,1
42.74861984217709,Jalisco,Jalisco,Policía,1
50.3621754390457,Jalisco,Sinaloa,Policía,1
48.99407082245918,Sinaloa,Sinaloa,Médico,0
53.732394641628716,Sinaloa,Jalisco,Chef,0
53.80670589059777,Sinaloa,Sinaloa,Médico,1
53.11806086670556,Jalisco,Sinaloa,Policía,1
51.61979040261054,Sinaloa,Sinaloa,Médico,0
53.931822011361454,Jalisco,Jalisco,Médico,1
43.56957776469944,Jalisco,Jalisco,Médico,1
45.30705139535475,Jalisco,Sinaloa,Policía,1
53.26139583678619,Jalisco,Sinaloa,Médico,1
58.56614691238281,Sinaloa,Sinaloa,Chef,0
48.97263705047923,Sinaloa,Jalisco,Médico,0
51.850520659421605,Jalisco,Sinaloa,Policía,1
49.27176730348879,Jalisco,CDMX,Policía,0
49.17275399223001,Jalisco,Jalisco,Policía,1
41.926141441841594,Jalisco,Sinaloa,Médico,1
56.86110473681726,Jalisco,Jalisco,Policía,0
34.261678590330106,Sinaloa,Sinaloa,Médico,1
55.36126863167323,Sinaloa,Sinaloa,Médico,0
42.357913028409854,Jalisco,Sinaloa,Médico,1
48.87868796467809,Jalisco,Sinaloa,Profesor,0
46.84366040642843,Sinaloa,Sinaloa,Médico,0
54.642707367880476,Sinaloa,Jalisco,Médico,0
43.735831067153214,Jalisco,Sinaloa,Médico,0
53.64451688635906,Jalisco,Jalisco,Médico,1
30.664518983370304,Sinaloa,Jalisco,Profesor,1
59.15152699475866,Sinaloa,Jalisco,Policía,0
47.26246730486793,Jalisco,Jalisco,Policía,1
50.2836219810665,Jalisco,Jalisco,Policía,0
48.77449607970762,Jalisco,Sinaloa,Policía,1
30.628925588511592,Sinaloa,Jalisco,Médico,1
53.37054713971385,Sinaloa,Sinaloa,Médico,0
38.37053945660823,Jalisco,Jalisco,Médico,1
52.3391813835912,Sinaloa,Sinaloa,Policía,0
52.7692121217136,Jalisco,Jalisco,Policía,0
55.596972712617976,Sinaloa,Sinaloa,Médico,0
57.47640322841015,Sinaloa,Sinaloa,Profesor,1
46.35791313945157,Jalisco,Sinaloa,Policía,1
52.67584614554304,Sinaloa,Sinaloa,Médico,0
55.97593187743707,Jalisco,Jalisco,Médico,1
53.38169236843434,Sinaloa,Jalisco,Chef,0
47.5661297964279,Jalisco,Sinaloa,Médico,0
52.06324388281451,Jalisco,Sinaloa,Policía,0
53.011399258064564,Sinaloa,Sinaloa,Médico,0
53.06895406501214,Jalisco,Sinaloa,Profesor,1
39.86595137378546,Jalisco,Jalisco,Médico,1
55.43405545009056,Jalisco,Sinaloa,Policía,0
52.49538774341436,Jalisco,Sinaloa,Médico,1
53.253691096293224,Sinaloa,Sinaloa,Médico,0
51.63845761328062,Jalisco,Sinaloa,Médico,1
56.20201749002419,Sinaloa,Sinaloa,Médico,0
51.795738846850725,Jalisco,Sinaloa,Policía,0
30.5717650850748,Sinaloa,Sinaloa,Profesor,1
46.408417613610226,Jalisco,Sinaloa,Policía,1
46.00928959960834,Jalisco,Sinaloa,Policía,1
56.47631894297299,Jalisco,Jalisco,Médico,1
54.85298072150379,Sinaloa,Jalisco,Médico,1
50.1474956782733,Sinaloa,Jalisco,Médico,0
53.15713641271552,Jalisco,Sinaloa,Médico,0
53.447841755437395,Jalisco,Sinaloa,Médico,1
48.63351331752962,Jalisco,Jalisco,Médico,1
39.555803968157264,Jalisco,Sinaloa,Médico,1
48.736577226993845,Sinaloa,Jalisco,Médico,0
43.178311076806466,Jalisco,Jalisco,Policía,1
54.0940047844654,Jalisco,Jalisco,Policía,1
38.75516466341336,Jalisco,Jalisco,Médico,1
52.67848549981419,Jalisco,Sinaloa,Médico,1
46.78548812870094,Jalisco,Sinaloa,Policía,0
43.660486829953705,Jalisco,CDMX,Médico,1
47.78718123108773,Jalisco,Jalisco,Policía,0
49.07098472456134,Jalisco,Sinaloa,Policía,1
53.435225604895265,Jalisco,Sinaloa,Médico,1
55.98110855441766,Jalisco,Sinaloa,Policía,0
52.268184122851125,Sinaloa,Jalisco,Médico,0
51.95298819319268,Jalisco,Sinaloa,Médico,1
54.33672184246119,Jalisco,Sinaloa,Policía,0
52.0152013166039,Jalisco,Sinaloa,Policía,0
57.556810403768004,Sinaloa,Jalisco,Policía,0
54.02665490440377,Jalisco,Sinaloa,Chef,0
54.87811276468079,Jalisco,Sinaloa,Médico,1
53.14928825385015,Jalisco,Jalisco,Médico,1
54.32573770303772,Sinaloa,Sinaloa,Médico,0
53.06591900568565,Sinaloa,Sinaloa,Policía,0
51.887178410829016,Jalisco,Sinaloa,Médico,1
51.45015910532501,Jalisco,Sinaloa,Policía,1
54.43774406097777,Sinaloa,Sinaloa,Médico,0
49.212651523416994,Sinaloa,Sinaloa,Chef,0
56.22092792766379,Sinaloa,Jalisco,Policía,0
40.99627380030323,Jalisco,Jalisco,Médico,1
44.49957986141463,Jalisco,Jalisco,Médico,0
51.83036799864366,Sinaloa,Sinaloa,Policía,0
40.63929570173218,Jalisco,Jalisco,Médico,1
51.04911378932773,Jalisco,Sinaloa,Médico,1
32.57510217064893,Jalisco,Jalisco,Médico,1
55.19520514855254,Sinaloa,Sinaloa,Médico,1
54.16592916473071,Sinaloa,Sinaloa,Chef,0
52.275238249490826,Sinaloa,Sinaloa,Policía,0
56.513528356129505,Sinaloa,Sinaloa,Médico,0
52.996282020117306,Jalisco,Sinaloa,Médico,1
50.99677525673278,Sinaloa,Sinaloa,Policía,1
50.81837321803877,Jalisco,Sinaloa,Médico,0
57.57035219843558,Sinaloa,Sinaloa,Médico,1
46.262784929617304,Jalisco,Sinaloa,Médico,1
53.11430166113637,Jalisco,Sinaloa,Médico,1
53.9618496110801,Jalisco,Sinaloa,Chef,0
53.553163681098525,Jalisco,Jalisco,Médico,1
52.55302867703897,Jalisco,Jalisco,Médico,1
50.54094430115018,Jalisco,Jalisco,Policía,0
46.57349276711537,Jalisco,Jalisco,Policía,1
53.68282839249341,Sinaloa,Jalisco,Chef,0
43.92021684314878,Jalisco,Jalisco,Policía,1
53.37651479352652,Sinaloa,Sinaloa,Profesor,0
53.83691414482894,Jalisco,Sinaloa,Policía,0
56.42711854429338,Jalisco,Sinaloa,Médico,1
55.37956270360533,Sinaloa,Sinaloa,Policía,0
54.91519550407848,CDMX,Sinaloa,Médico,0
48.369678444049086,Jalisco,Sinaloa,Profesor,0
51.437116882491374,Jalisco,Sinaloa,Policía,1
54.0262774797089,Jalisco,Sinaloa,Médico,1
37.10082582721094,Jalisco,Sinaloa,Médico,1
35.59234589068252,Jalisco,Sinaloa,Médico,1
54.062162352136276,Sinaloa,Sinaloa,Policía,0
37.36454763475999,Jalisco,Jalisco,Médico,1
56.38700155505544,Jalisco,Jalisco,Médico,1
56.02504901539131,Sinaloa,Sinaloa,Policía,0
57.19888773228144,Jalisco,Sinaloa,Policía,0
55.2535566800064,Sinaloa,Sinaloa,Médico,1
51.00548061431735,Jalisco,Sinaloa,Policía,0
58.05081351816613,Sinaloa,Sinaloa,Médico,0
36.27006361061892,Jalisco,Sinaloa,Médico,1
54.49123838262814,Sinaloa,Sinaloa,Médico,0
50.690209821517875,Jalisco,Jalisco,Médico,1
54.447926334340224,Jalisco,Sinaloa,Médico,0
54.563228850642275,Sinaloa,Jalisco,Médico,1
50.385155865662384,Jalisco,Sinaloa,Médico,1
54.109684830044024,Sinaloa,Jalisco,Médico,1
37.307446195891224,Jalisco,Sinaloa,Médico,1
51.28460054407905,Jalisco,Sinaloa,Policía,1
51.13832257992251,Jalisco,Jalisco,Médico,1
55.654756964935665,Sinaloa,Jalisco,Policía,1
34.0586261620096,Jalisco,Jalisco,Médico,1
29.701864137252223,Sinaloa,Sinaloa,Profesor,1
54.40718985888135,Jalisco,Sinaloa,Policía,1
39.4003329244299,Jalisco,Jalisco,Médico,1
39.365008531440104,Jalisco,Jalisco,Médico,1
32.71404879977518,Sinaloa,Sinaloa,Médico,1
54.36717094337685,Sinaloa,Jalisco,Policía,0
56.10257136954293,Jalisco,Sinaloa,Médico,1
57.552797521829696,Sinaloa,Sinaloa,Chef,0
52.77229349661368,Sinaloa,Jalisco,Médico,0
53.92625749178038,Jalisco,Sinaloa,Médico,1
48.75123130335395,Jalisco,Jalisco,Chef,0
56.75490418412778,Jalisco,Sinaloa,Policía,0
55.87145471094152,Jalisco,Jalisco,Médico,1
56.57945064531932,Sinaloa,Jalisco,Chef,0
32.44379094520125,Sinaloa,Sinaloa,Médico,1
58.83290842858261,Jalisco,Sinaloa,Policía,0
51.63172153935201,Sinaloa,Sinaloa,Médico,0
60.07508659642555,Sinaloa,Sinaloa,Policía,0
51.880568944043674,Jalisco,Jalisco,Médico,0
52.016225888937136,Sinaloa,Sinaloa,Médico,0
52.636236864882044,Jalisco,Sinaloa,Policía,1
53.34692441809126,Sinaloa,Sinaloa,Médico,1
42.37079920373276,Jalisco,Jalisco,Policía,1
55.234632455154426,Jalisco,Sinaloa,Policía,0
28.08855256196795,Sinaloa,Sinaloa,Profesor,1
55.79822594791797,Sinaloa,Sinaloa,Médico,0
55.94155774464734,Jalisco,Sinaloa,Profesor,1
54.91558196372766,Sinaloa,Sinaloa,Médico,1
61.873924636423546,CDMX,Sinaloa,Policía,0
62.44893044520706,Sinaloa,Sinaloa,Médico,0
54.94913888594015,Sinaloa,Jalisco,Chef,0
45.87129938363361,Jalisco,Sinaloa,Policía,1
56.21994258528975,Jalisco,Sinaloa,Policía,0
59.797299772158624,Sinaloa,Jalisco,Policía,0
59.8164324474329,Sinaloa,Jalisco,Policía,0
54.53875850300445,Sinaloa,Jalisco,Policía,0
54.353093506497494,Jalisco,Sinaloa,Policía,0
38.005973766766814,Jalisco,Jalisco,Médico,1
50.2334630123857,Jalisco,Jalisco,Chef,0
56.4241578957004,Sinaloa,Jalisco,Policía,0
52.66196602722581,Jalisco,Sinaloa,Policía,0
38.21357253639726,Jalisco,Sinaloa,Médico,1
38.838915912264866,Jalisco,Jalisco,Médico,1
50.025194526943864,Jalisco,Sinaloa,Policía,1
39.44053779453439,Jalisco,Sinaloa,Médico,1
50.56754259070863,Sinaloa,Sinaloa,Médico,0
51.65235636210379,Sinaloa,Jalisco,Profesor,0
36.1599537798017,Jalisco,Sinaloa,Médico,1
44.76270251063882,Jalisco,Sinaloa,Médico,0
51.57241169650105,Sinaloa,Jalisco,Policía,0
57.62530067920416,Jalisco,Sinaloa,Médico,1
50.665248715817754,Jalisco,Sinaloa,Policía,1
50.7391192765648,Jalisco,Sinaloa,Policía,0
45.627826155722815,Jalisco,Sinaloa,Policía,1
38.98690969677953,Jalisco,Jalisco,Médico,1
53.939645387370575,Sinaloa,Sinaloa,Médico,0
49.85204942991335,Jalisco,Sinaloa,Chef,0
54.70479553145869,Sinaloa,CDMX,Médico,1
52.758500785778125,Sinaloa,Sinaloa,Chef,0
37.16240775501685,Jalisco,Sinaloa,Médico,1
55.77067397361582,Sinaloa,Sinaloa,Policía,0
52.599127739151854,Jalisco,Sinaloa,Policía,0
47.31942186933819,Sinaloa,Jalisco,Médico,0
53.261522779146254,Jalisco,Jalisco,Médico,1
38.98358468884611,Jalisco,Jalisco,Médico,1
45.43458717148563,Jalisco,Sinaloa,Policía,1
54.74292923086309,Jalisco,Jalisco,Médico,1
52.04659551039473,Jalisco,Jalisco,Médico,1
28.060862801067508,Sinaloa,Jalisco,Profesor,1
37.341268563912706,Jalisco,Sinaloa,Médico,1
49.97036741724766,Jalisco,Jalisco,Policía,1
42.68378981682575,Jalisco,Jalisco,Policía,1
57.44446178840864,Sinaloa,Jalisco,Médico,1
50.98597367840889,Jalisco,Sinaloa,Policía,1
51.41442873984339,Jalisco,Sinaloa,Policía,0
57.43240044765392,Sinaloa,Sinaloa,Policía,0
55.542383133875504,Jalisco,Jalisco,Policía,0
57.73184726874704,Jalisco,Sinaloa,Médico,1
46.93024044629818,Jalisco,Sinaloa,Médico,0
51.017603339190764,Jalisco,Sinaloa,Médico,1
51.65641175737669,Sinaloa,Jalisco,Médico,0
54.31590469766035,Jalisco,Sinaloa,Médico,1
55.70667586968749,Sinaloa,Jalisco,Policía,0
52.53626329351053,Sinaloa,Sinaloa,Médico,0
55.76199915336775,Sinaloa,Sinaloa,Policía,0
34.77834779877034,Jalisco,Jalisco,Médico,1
50.36103053945506,Sinaloa,Sinaloa,Policía,0
41.28912348516674,Jalisco,Sinaloa,Médico,1
55.116678903114895,Sinaloa,Sinaloa,Médico,0
53.6272766697267,Sinaloa,Jalisco,Chef,0
39.9350046525825,Jalisco,Sinaloa,Policía,1
44.42162963772191,Jalisco,Jalisco,Policía,1
53.62158374272747,Sinaloa,Sinaloa,Médico,0
39.51752225027051,Jalisco,Sinaloa,Médico,1
54.93078585231712,Sinaloa,Jalisco,Médico,0
56.455970683467406,Jalisco,Sinaloa,Médico,1
38.748995637571284,Jalisco,Sinaloa,Médico,1
49.34746886491327,Sinaloa,Sinaloa,Médico,0
53.31161875641037,Jalisco,Sinaloa,Chef,0
53.65129143850011,Jalisco,Jalisco,Policía,0
52.12672467141671,Jalisco,Sinaloa,Policía,0
54.242092205874485,Jalisco,Jalisco,Policía,0
54.88321564216747,Sinaloa,Sinaloa,Chef,0
54.1367255121141,Sinaloa,Sinaloa,Médico,0
54.775664259425646,Jalisco,Jalisco,Policía,0
55.720055838482025,Jalisco,Jalisco,Médico,1
49.28038389808394,Jalisco,Sinaloa,Policía,0
50.86397584268396,Sinaloa,Jalisco,Médico,0
45.54455479422218,Jalisco,Sinaloa,Policía,1
42.84199729690981,Jalisco,Jalisco,Médico,1
54.02913979090744,Jalisco,Sinaloa,Policía,0
33.598370380155046,Jalisco,Jalisco,Médico,1
48.12152213895433,Jalisco,Sinaloa,Profesor,0
39.74094051755149,Jalisco,Sinaloa,Médico,1
37.30279191100829,Jalisco,Sinaloa,Médico,1
52.93666446056862,Jalisco,Jalisco,Médico,1
54.24824556544821,Sinaloa,Sinaloa,Médico,0
53.52377864059626,Sinaloa,Sinaloa,Médico,0
52.38773949201151,Jalisco,Sinaloa,Policía,1
56.85572401492943,Sinaloa,Sinaloa,Policía,0
35.097284614782104,Jalisco,Sinaloa,Médico,1
51.54356014085005,Jalisco,Sinaloa,Policía,1
52.27909273110963,Jalisco,CDMX,Médico,1
58.85613104645176,Sinaloa,Jalisco,Profesor,1
48.87759454097442,Jalisco,Sinaloa,Médico,0
35.61780734300645,Jalisco,Jalisco,Médico,1
53.373419113959365,Jalisco,Sinaloa,Médico,1
44.30319211837112,Jalisco,Sinaloa,Médico,1
53.055829320795695,Jalisco,Jalisco,Policía,0
56.4277408258118,Sinaloa,Sinaloa,Médico,1
52.39188478913352,Jalisco,Sinaloa,Médico,0
51.91597347749216,Sinaloa,Jalisco,Policía,1
47.092383251890666,Jalisco,Jalisco,Médico,0
40.181936202825064,Jalisco,Sinaloa,Médico,1
52.66703091114778,Jalisco,Jalisco,Policía,0
45.326983081309436,Jalisco,Sinaloa,Policía,1
55.00223230482263,Jalisco,Sinaloa,Médico,1
53.326348212705994,Sinaloa,Sinaloa,Chef,0
51.51297844895841,Jalisco,Sinaloa,Médico,1
50.635543227425735,Jalisco,Jalisco,Policía,1
52.631724552102575,Jalisco,Sinaloa,Chef,0
39.260724923859115,Jalisco,Sinaloa,Médico,1
54.82399213883377,Jalisco,Jalisco,Médico,1
40.67339499499227,Jalisco,Sinaloa,Médico,1
52.36933279393585,Sinaloa,Sinaloa,Médico,0
54.84524084464103,Sinaloa,Sinaloa,Médico,1
57.589213066411915,Sinaloa,Sinaloa,Policía,0
46.010001042363776,Jalisco,Jalisco,Profesor,0
37.76807352342664,Jalisco,Jalisco,Médico,1
55.39295152352727,Jalisco,Sinaloa,Médico,1
57.81354686662398,Jalisco,Sinaloa,Chef,0
55.98243763607629,Sinaloa,Sinaloa,Médico,0
56.46185352098192,Jalisco,Sinaloa,Policía,0
37.33358821256146,Jalisco,Jalisco,Médico,1
52.46001543118797,Sinaloa,Sinaloa,Médico,0
40.896008089707735,Jalisco,Sinaloa,Médico,1
52.04066386093248,Sinaloa,Jalisco,Médico,0
53.77150183192024,Jalisco,Jalisco,Policía,1
52.34237340994963,Jalisco,Sinaloa,Médico,1
39.961116443974404,Jalisco,Sinaloa,Policía,1
49.96814964331176,Jalisco,Jalisco,Médico,0
57.514859507188085,Sinaloa,Sinaloa,Médico,0
56.62133629640661,Sinaloa,Sinaloa,Médico,0
48.990074973578054,Jalisco,Jalisco,Médico,0
56.301905513378784,Sinaloa,Sinaloa,Médico,0
50.299398002095174,Jalisco,Sinaloa,Médico,0
44.31744356213136,Jalisco,Jalisco,Médico,1
52.58803963102167,Jalisco,Sinaloa,Médico,0
32.06482387289901,Jalisco,Sinaloa,Médico,1
26.944192150663014,Sinaloa,Sinaloa,Profesor,1
52.50313266335633,Sinaloa,Sinaloa,Médico,1
52.7707148095661,Sinaloa,Jalisco,Médico,0
48.93811046054957,Sinaloa,Jalisco,Médico,0
53.04379592258044,Jalisco,Sinaloa,Médico,1
53.291593003334995,Sinaloa,Sinaloa,Chef,0
54.311354271080326,Jalisco,Jalisco,Chef,0
35.233873603539706,Jalisco,Jalisco,Médico,1
50.80922066535465,Jalisco,Sinaloa,Policía,1
54.95813941995892,Jalisco,Jalisco,Médico,1
48.12778427887687,Jalisco,Jalisco,Policía,1
54.313486630721904,Jalisco,Jalisco,Médico,1
51.14481540550128,Sinaloa,Sinaloa,Médico,0
41.94465001903091,Jalisco,Jalisco,Médico,1
55.09164057877407,Jalisco,Jalisco,Médico,1
47.53364626681086,Jalisco,Sinaloa,Médico,1
54.667673360472605,Sinaloa,Jalisco,Chef,0
52.79065153430868,Jalisco,Sinaloa,Policía,1
53.9252818733053,Jalisco,Sinaloa,Médico,1
56.67677611274082,Jalisco,Sinaloa,Médico,1
49.60459527528832,Sinaloa,Jalisco,Médico,0
52.61520234257492,Jalisco,Sinaloa,Médico,1
45.11470976039251,Jalisco,Sinaloa,Policía,1
49.40766526954722,Jalisco,Sinaloa,Policía,1
58.4002098147108,Sinaloa,Jalisco,Médico,0
56.817780596190495,Jalisco,Jalisco,Policía,0
51.568055956516496,Jalisco,Sinaloa,Policía,1
41.4969743615233,Jalisco,Sinaloa,Médico,1
53.520232070896256,Jalisco,Sinaloa,Médico,1
54.968946277264095,Jalisco,Sinaloa,Policía,0
33.71027286416583,Jalisco,Jalisco,Profesor,1
49.18508046571125,Jalisco,Jalisco,Médico,0
53.463405450496204,Jalisco,Sinaloa,Médico,1
49.84716184365816,Jalisco,Jalisco,Policía,0
51.34433594404078,Sinaloa,Jalisco,Chef,0
48.02228274928315,Jalisco,Jalisco,Médico,1
55.249858833479024,Sinaloa,Sinaloa,Médico,0
34.84901134272856,Jalisco,Sinaloa,Médico,1
52.52691587656682,Jalisco,Jalisco,Policía,0
51.42493160030716,Sinaloa,Sinaloa,Médico,0
50.80865420820527,Sinaloa,Sinaloa,Policía,1
59.4968891274022,Jalisco,Sinaloa,Chef,1
54.67330572855588,Sinaloa,Jalisco,Policía,0
54.73695999900782,Jalisco,Sinaloa,Médico,1
36.62506944325534,Jalisco,Sinaloa,Médico,1
46.38717316138272,Jalisco,Sinaloa,Policía,1
54.966980039547444,Sinaloa,Sinaloa,Médico,0
54.096890933872494,Jalisco,Sinaloa,Médico,1
36.18392950415481,Jalisco,Sinaloa,Médico,1
40.9016173907991,Jalisco,Jalisco,Médico,1
55.80887409976501,Sinaloa,Sinaloa,Médico,1
52.85278114110205,Jalisco,Sinaloa,Médico,1
51.42220111697237,Jalisco,Sinaloa,Policía,0
47.25426665609365,Jalisco,Jalisco,Policía,1
52.50567507407341,Jalisco,Jalisco,Policía,0
53.59034693106601,Jalisco,Jalisco,Médico,1
54.28788660368054,Sinaloa,Jalisco,Médico,0
49.11744821744417,Jalisco,Sinaloa,Policía,0
47.08747942349579,Jalisco,Jalisco,Profesor,0
53.46101356989045,Jalisco,Sinaloa,Médico,1
42.19621785651768,Jalisco,Jalisco,Policía,1
55.86912114214622,Sinaloa,Sinaloa,Policía,0
46.179817181206815,Jalisco,Sinaloa,Médico,0
48.15862748762852,Jalisco,Jalisco,Profesor,0
35.96348353059767,Jalisco,Sinaloa,Médico,1
50.74681411135086,Jalisco,Jalisco,Policía,0
53.17688074774569,Sinaloa,Sinaloa,Médico,0
52.09336330459363,Jalisco,Sinaloa,Policía,0
54.74299908761273,Jalisco,Sinaloa,Médico,1
49.78943496529522,Jalisco,Jalisco,Policía,1
54.95681591421339,Jalisco,Jalisco,Médico,1
54.800389749205905,Jalisco,Jalisco,Policía,0
52.247291465180474,Jalisco,Jalisco,Chef,0
55.88359346926579,Jalisco,Sinaloa,Médico,1
37.59043652329905,Jalisco,Sinaloa,Médico,1
51.548439225734406,Jalisco,Jalisco,Médico,1
53.056304283467334,Sinaloa,Jalisco,Médico,0
46.95800375296915,Jalisco,Jalisco,Policía,1
58.22807031944862,Sinaloa,Sinaloa,Médico,0
54.15195765498,Jalisco,Sinaloa,Chef,0
50.373283024266975,Jalisco,Sinaloa,Policía,0
52.04023995552594,Jalisco,Jalisco,Policía,0
59.71738875932616,Sinaloa,Sinaloa,Médico,1
50.34372617984476,Sinaloa,Jalisco,Policía,0
55.645744792008664,Jalisco,Sinaloa,Chef,0
53.939565961455195,Jalisco,Sinaloa,Médico,1
51.142013557855215,Sinaloa,Sinaloa,Médico,0
41.33552337525115,Jalisco,Sinaloa,Médico,1
53.49919077071248,Jalisco,Sinaloa,Médico,1
51.4801961109843,Jalisco,Sinaloa,Policía,0
53.322786706655755,Jalisco,Jalisco,Policía,0
53.018376142362946,Jalisco,Jalisco,Médico,1
49.06639839715308,Sinaloa,Jalisco,Médico,0
51.73086886727694,Jalisco,Sinaloa,Policía,0
53.80731199809437,Jalisco,Sinaloa,Policía,0
51.15601393853626,Sinaloa,Sinaloa,Médico,0
50.45711152816912,Sinaloa,Sinaloa,Médico,0
49.19943314868205,Sinaloa,Sinaloa,Chef,0
35.257568920313616,Jalisco,Sinaloa,Médico,1
53.62673788917207,Jalisco,Jalisco,Policía,0
55.19527939155356,Jalisco,Jalisco,Profesor,1
49.92796335944591,Jalisco,Sinaloa,Profesor,0
50.3584730818264,Sinaloa,Jalisco,Médico,0
57.19556471908158,Sinaloa,Jalisco,Médico,0
55.439869147053784,Sinaloa,Sinaloa,Médico,1
51.4918090727255,Sinaloa,Sinaloa,Médico,0
50.41817571912506,Jalisco,Jalisco,Médico,1
38.65485079093057,Jalisco,Jalisco,Médico,1
51.35692319239203,Jalisco,Sinaloa,Policía,1
38.44016676910638,Jalisco,Sinaloa,Médico,1
46.061444469715596,Jalisco,Jalisco,Policía,1
48.292954466265584,Jalisco,Jalisco,Policía,1
49.841295525693326,Jalisco,Sinaloa,Chef,0
36.59084950116044,Jalisco,Jalisco,Médico,1
54.33539293634314,Sinaloa,Sinaloa,Médico,0
37.41360085395528,Jalisco,Sinaloa,Médico,1
50.549947580857285,Sinaloa,Jalisco,Médico,0
53.004683402284236,Jalisco,Sinaloa,Policía,0
53.65247460134732,Jalisco,Sinaloa,Médico,0
52.77144863557188,Sinaloa,Jalisco,Profesor,0
56.25620593531485,Sinaloa,Sinaloa,Médico,1
50.87151562052334,Jalisco,Sinaloa,Policía,0
29.53177516014258,Sinaloa,Jalisco,Profesor,1
42.42431163736531,Jalisco,Jalisco,Policía,1
52.93100631579074,Jalisco,Jalisco,Médico,1
42.782041368451175,Jalisco,Sinaloa,Policía,1
36.66608921424886,Sinaloa,Sinaloa,Médico,1
52.82716418845144,Sinaloa,Jalisco,Médico,0
56.385469344491085,Jalisco,Jalisco,Policía,0
49.72275698036187,Jalisco,Jalisco,Policía,1
53.70329447134793,Sinaloa,Sinaloa,Policía,0
53.40387218148825,Sinaloa,Jalisco,Médico,0
30.938043663129733,Jalisco,Sinaloa,Médico,1
50.126246489713985,Jalisco,Sinaloa,Policía,0
56.63368473399833,Sinaloa,Jalisco,Policía,0
39.47346160393752,Jalisco,Sinaloa,Médico,1
51.74153482238207,Jalisco,Sinaloa,Policía,0
50.40683728758215,Jalisco,Sinaloa,Médico,1
56.05547692455066,Sinaloa,Sinaloa,Médico,0
53.681781693291086,Sinaloa,Jalisco,Médico,1
46.64014669624319,Jalisco,Sinaloa,Policía,1
53.54395396612718,Jalisco,Sinaloa,Médico,1
48.0803775396031,Jalisco,Sinaloa,Médico,1
36.55627858287461,Jalisco,Sinaloa,Médico,1
53.147564059980276,Sinaloa,Jalisco,Policía,0
54.64306489560476,Sinaloa,Jalisco,Policía,0
45.31269067392894,Jalisco,Jalisco,Policía,1
55.84294721771364,Jalisco,Jalisco,Policía,0
49.82955032867609,Jalisco,Sinaloa,Policía,0
40.927915412508284,Jalisco,Sinaloa,Médico,1
39.80681389709383,Jalisco,Sinaloa,Médico,1
57.54709587161704,Jalisco,Jalisco,Médico,0
28.904444019203332,Sinaloa,Jalisco,Médico,1
53.42995796564111,Sinaloa,Sinaloa,Policía,0
37.23602326768789,Jalisco,Jalisco,Médico,1
53.268881875656206,Jalisco,Sinaloa,Médico,1
54.60229660218723,Jalisco,Sinaloa,Médico,1
38.70394231445874,Jalisco,Jalisco,Médico,1
53.47081467647696,Sinaloa,Jalisco,Médico,0
54.47534344848932,Jalisco,Sinaloa,Policía,0
52.41972535996403,Jalisco,Sinaloa,Médico,1
56.14110513146518,Sinaloa,Jalisco,Médico,0
53.115900769481925,Jalisco,Sinaloa,Médico,1
53.59982981389945,Sinaloa,Sinaloa,Médico,0
50.966062381754156,Jalisco,Sinaloa,Policía,0
56.62047848291166,Jalisco,Jalisco,Policía,0
54.31943195256102,Sinaloa,Jalisco,Médico,0
53.68967505757883,Sinaloa,Jalisco,Médico,0
52.96192229632238,Sinaloa,Jalisco,Médico,0
33.89057342887888,Sinaloa,Jalisco,Médico,1
53.915488428011116,Sinaloa,Jalisco,Médico,0
50.95308458273985,Jalisco,Sinaloa,Chef,0
29.630165697015997,Sinaloa,Sinaloa,Profesor,1
52.2381983252444,Jalisco,Sinaloa,Policía,1
59.91910920612962,Jalisco,Sinaloa,Policía,0
53.01213975141843,Jalisco,Jalisco,Chef,0
52.626285332482745,Jalisco,Sinaloa,Policía,0
49.622369734060925,Jalisco,Sinaloa,Médico,1
42.976915951778366,Jalisco,Sinaloa,Policía,1
55.92901388076055,Sinaloa,Jalisco,Médico,1
50.79645663755731,Sinaloa,Sinaloa,Policía,1
53.55523394486459,Jalisco,Sinaloa,Chef,0
50.238978293836404,Sinaloa,Jalisco,Médico,0
55.7774018923719,Sinaloa,Sinaloa,Policía,0
50.99551736803036,Jalisco,Sinaloa,Policía,1
54.9244157311333,Jalisco,Sinaloa,Policía,0
55.453483489294975,Sinaloa,Jalisco,Médico,0
54.386965565038615,Jalisco,Jalisco,Policía,0
55.0666475379653,Jalisco,Sinaloa,Chef,0
54.94016101864677,CDMX,Jalisco,Médico,1
54.48811821220597,Jalisco,Sinaloa,Médico,1
53.94496561735788,Jalisco,Sinaloa,Policía,0
47.19787664369452,Jalisco,Sinaloa,Médico,0
50.33233235284628,Sinaloa,Jalisco,Médico,0
50.55489228318215,Jalisco,Jalisco,Policía,1
47.99609122856475,Jalisco,Jalisco,Médico,0
36.58976128400232,Jalisco,Jalisco,Médico,1
41.277414449135875,Jalisco,Jalisco,Médico,0
32.9542929211929,Jalisco,Sinaloa,Profesor,1
43.53267032081557,Jalisco,Sinaloa,Médico,0
50.76345507303074,Sinaloa,Jalisco,Médico,0
59.92022232232056,Jalisco,Jalisco,Policía,0
21.80259594654648,Sinaloa,Jalisco,Profesor,1
51.09671529512854,Jalisco,Sinaloa,Policía,0
55.40124070119544,Jalisco,Sinaloa,Policía,0
51.59923847581113,Sinaloa,Sinaloa,Médico,0
53.31708528205957,Sinaloa,Jalisco,Chef,0
54.40340762977561,Jalisco,Jalisco,Médico,1
30.67959834867011,Jalisco,Sinaloa,Profesor,1
41.32729632226535,Jalisco,Jalisco,Policía,1
44.05469866735534,Jalisco,Sinaloa,Médico,1
52.09066542646317,Sinaloa,Sinaloa,Médico,0
53.38804007821586,Jalisco,Sinaloa,Policía,0
50.97679192557922,Jalisco,Sinaloa,Médico,1
54.57576538272286,Sinaloa,Jalisco,Médico,1
57.84838742816362,Sinaloa,Sinaloa,Médico,1
56.06360316307642,Jalisco,Sinaloa,Médico,1
37.219528017163654,Jalisco,Sinaloa,Médico,1
51.808133303615904,Jalisco,Sinaloa,Policía,0
49.92148095411929,Jalisco,Sinaloa,Policía,0
52.23941840514531,Jalisco,Sinaloa,Médico,1
56.51580750794197,Jalisco,Jalisco,Médico,1
56.109040609965184,Jalisco,Sinaloa,Policía,0
54.26312198685096,Jalisco,Jalisco,Médico,0
47.16620734387878,Jalisco,Jalisco,Policía,1
48.38383342073458,Jalisco,Sinaloa,Policía,1
56.302834745984974,Sinaloa,Jalisco,Médico,0
52.6691528999096,Sinaloa,Jalisco,Médico,0
41.43500911216762,Jalisco,Sinaloa,Policía,1
40.08523675205598,Jalisco,Sinaloa,Policía,1
54.12749640605688,Jalisco,Sinaloa,Médico,1
51.137241788176865,Sinaloa,Jalisco,Médico,0
53.61619327955263,Jalisco,Jalisco,Médico,1
49.89074318567801,Jalisco,Jalisco,Médico,0
49.703465773886634,Jalisco,Sinaloa,Médico,1
58.679535857535676,Sinaloa,Jalisco,Médico,0
37.31227650178984,Jalisco,Sinaloa,Médico,1
53.19927518920292,Sinaloa,Sinaloa,Policía,1
35.59161110559148,Jalisco,Jalisco,Médico,1
52.6222606276756,Sinaloa,Sinaloa,Médico,0
38.88666835954673,Jalisco,Sinaloa,Médico,1
40.01325302926424,Jalisco,Sinaloa,Policía,1
51.3056834301473,Jalisco,Sinaloa,Médico,1
55.95001185608557,Sinaloa,Sinaloa,Médico,0
54.377031800720616,Sinaloa,Sinaloa,Chef,0
39.18624505426524,Jalisco,Sinaloa,Médico,1
33.12347402668786,Sinaloa,Sinaloa,Profesor,1
54.33343979671457,Jalisco,Sinaloa,Médico,1
34.29768467948858,Jalisco,Sinaloa,Médico,1
38.868529916824876,Jalisco,Sinaloa,Médico,1
53.845057434818514,Jalisco,Jalisco,Policía,0
53.747329667256295,Sinaloa,Sinaloa,Médico,0
54.60397280921528,Jalisco,Sinaloa,Policía,1
46.22119799987683,Jalisco,Sinaloa,Policía,1
57.65837782963248,Sinaloa,Sinaloa,Médico,0
53.147764970234746,Sinaloa,Jalisco,Chef,0
54.05036952228932,Jalisco,Sinaloa,Médico,1
54.436042268849306,Sinaloa,Sinaloa,Médico,1
53.963263556227766,Sinaloa,Sinaloa,Médico,0
51.753510397408014,Jalisco,Sinaloa,Médico,1
55.89182860324333,Sinaloa,Sinaloa,Médico,0
51.96182154125667,Sinaloa,Sinaloa,Médico,0
57.40128159726412,Jalisco,Jalisco,Médico,1
53.64105537946767,Jalisco,Sinaloa,Policía,1
38.020542677366365,Jalisco,Sinaloa,Médico,1
31.41427830904791,Sinaloa,Jalisco,Médico,1
51.60617653679301,Jalisco,Sinaloa,Policía,1
55.37417105392911,Sinaloa,Jalisco,Médico,0
25.252266066169312,Sinaloa,Sinaloa,Profesor,1
43.82773896310625,Jalisco,Sinaloa,Policía,1
47.05287906545852,Jalisco,Sinaloa,Médico,0
51.80731156798436,Jalisco,Jalisco,Policía,0
44.08830745910127,Jalisco,Sinaloa,Médico,1
48.85486292986806,Jalisco,Sinaloa,Chef,0
46.89801473024022,Jalisco,Jalisco,Médico,0
31.054540620111013,Sinaloa,Sinaloa,Profesor,1
41.29939743112911,Jalisco,Jalisco,Policía,1
51.59890592517992,Sinaloa,Jalisco,Médico,1
55.5986061960278,Jalisco,Jalisco,Policía,0
53.83326882240621,Sinaloa,Jalisco,Policía,0
55.03502042975628,Jalisco,Jalisco,Médico,0
53.75913853391465,Jalisco,Sinaloa,Policía,0
55.593290780728616,Sinaloa,Sinaloa,Policía,1
52.253954909364865,Jalisco,Jalisco,Chef,0
51.79757705197484,Jalisco,Jalisco,Policía,1
53.054989086770455,Jalisco,Sinaloa,Médico,1
51.68810347881127,Sinaloa,Jalisco,Médico,0
54.57665247528198,Sinaloa,Jalisco,Chef,0
39.14211533567065,Jalisco,Jalisco,Médico,1
40.06729143534595,Jalisco,Jalisco,Policía,1
54.54618646512608,Sinaloa,Jalisco,Policía,0
42.095292835229046,Jalisco,Jalisco,Médico,1
56.60293656446873,Jalisco,Jalisco,Policía,0
53.72103996175376,Jalisco,Jalisco,Médico,1
52.68171671206722,Jalisco,Jalisco,Policía,1
51.09343962159179,Jalisco,Sinaloa,Policía,0
34.68253748839072,Jalisco,Sinaloa,Médico,1
53.83277281965692,Jalisco,Jalisco,Policía,0
51.774026476177625,Jalisco,Sinaloa,Policía,1
60.48941973524057,Sinaloa,Sinaloa,Médico,0
46.74146999936495,Jalisco,Sinaloa,Médico,0
38.54103014588341,Jalisco,Sinaloa,Médico,1
28.346227416887142,Sinaloa,Jalisco,Médico,1
54.20135366948388,Sinaloa,Sinaloa,Profesor,0
49.006197527108625,Jalisco,Sinaloa,Médico,0
27.55478085266551,Sinaloa,Sinaloa,Profesor,1
36.259855958109924,Jalisco,Sinaloa,Médico,1
56.18590563384855,Sinaloa,Sinaloa,Chef,1
42.81839502217797,Jalisco,Sinaloa,Policía,1
56.767707765717255,Jalisco,Jalisco,Médico,1
49.45558553291154,Jalisco,Sinaloa,Policía,0
42.625833104252095,Jalisco,Jalisco,Policía,1
51.94088241938591,Sinaloa,Sinaloa,Chef,0
42.68893125049951,Jalisco,Sinaloa,Médico,1
54.770151070354935,Jalisco,Jalisco,Chef,0
53.98211176559604,Jalisco,Sinaloa,Médico,1
38.139893594799084,Jalisco,Sinaloa,Médico,1
52.440389297153565,Sinaloa,Jalisco,Médico,1
53.54344651886781,Sinaloa,Jalisco,Médico,1
52.86076728972456,Sinaloa,Sinaloa,Médico,0
53.915489050062824,Sinaloa,Sinaloa,Chef,0
55.31666008489301,Jalisco,Jalisco,Médico,1
42.121544988980084,Jalisco,Jalisco,Médico,1
58.65087197339359,Sinaloa,Sinaloa,Policía,0
52.36075248941147,Sinaloa,Jalisco,Policía,0
51.35871136304067,Jalisco,Sinaloa,Policía,0
51.88494958075243,Jalisco,Sinaloa,Médico,1
50.35304986271669,Jalisco,Jalisco,Policía,0
49.364810565434496,Jalisco,Jalisco,Profesor,0
51.906206505304375,Jalisco,Sinaloa,Médico,1
38.29705776276446,Jalisco,Jalisco,Médico,1
51.46583958922939,Jalisco,Sinaloa,Médico,1
55.803238970705195,Jalisco,Sinaloa,Policía,0
59.160787598649875,Sinaloa,Sinaloa,Médico,1
36.875882060522144,Jalisco,Jalisco,Médico,1
54.96030848030031,Sinaloa,Sinaloa,Policía,0
57.076436646759795,Sinaloa,Sinaloa,Policía,0
43.856223605729255,Jalisco,Sinaloa,Policía,1
53.005404612636255,Jalisco,Sinaloa,Médico,0
52.10707743633963,Sinaloa,Sinaloa,Chef,0
51.36154304689731,Jalisco,Jalisco,Médico,0
54.02790855133326,Sinaloa,Sinaloa,Policía,0
43.21577105783001,Jalisco,Sinaloa,Médico,1
54.00922726318726,Sinaloa,Jalisco,Médico,0
56.5082812002097,Sinaloa,Jalisco,Médico,1
45.09843874687546,Jalisco,Sinaloa,Policía,1
52.581519032207495,Sinaloa,Jalisco,Médico,1
52.656765510429224,Sinaloa,Sinaloa,Médico,0
57.69181779078112,Sinaloa,Jalisco,Médico,0
53.07536869075049,Sinaloa,Jalisco,Chef,0
47.29591041417804,Jalisco,Jalisco,Médico,0
49.67123255035676,Sinaloa,Sinaloa,Médico,0
54.32390578911814,Sinaloa,Jalisco,Médico,0
55.02083328841582,Sinaloa,Jalisco,Médico,0
40.418484396123134,Jalisco,Sinaloa,Médico,1
53.9183797230201,Jalisco,Jalisco,Médico,1
55.2967653876209,Jalisco,Sinaloa,Profesor,1
52.12849520268534,Jalisco,Jalisco,Médico,1
51.79345384179564,Sinaloa,Sinaloa,Chef,0
45.11197538464265,Jalisco,Sinaloa,Policía,1
52.319584389561484,Jalisco,Sinaloa,Policía,0
52.51322900318806,Jalisco,Jalisco,Médico,1
52.22524627194206,Sinaloa,Sinaloa,Médico,0
46.22515174503271,Jalisco,Sinaloa,Policía,1
36.17662680237186,Jalisco,Sinaloa,Médico,1
54.74682566385964,Jalisco,Jalisco,Policía,0
36.301532290616976,Jalisco,Jalisco,Médico,1
42.89230627837766,Jalisco,Sinaloa,Policía,1
32.634243961962696,Sinaloa,Sinaloa,Médico,1
55.361550180052,Sinaloa,Sinaloa,Policía,0
42.18339991337341,Jalisco,CDMX,Médico,1
59.05159485072224,Sinaloa,Jalisco,Médico,0
46.77861060804404,Jalisco,Sinaloa,Policía,1
49.19249866458857,Jalisco,Jalisco,Chef,0
48.056599471265855,Jalisco,Jalisco,Policía,1
49.95357213189719,Sinaloa,Sinaloa,Médico,0
45.10324240316254,Jalisco,Jalisco,Médico,0
49.373328439976945,Jalisco,Jalisco,Policía,1
52.97265840661818,Jalisco,Sinaloa,Médico,1
48.421358447003314,Jalisco,Jalisco,Médico,1
52.127242073199625,Jalisco,Sinaloa,Policía,1
54.65615915049315,Jalisco,Jalisco,Policía,0
33.91134710832316,Jalisco,Sinaloa,Médico,1
50.089921739098415,Sinaloa,Jalisco,Chef,0
54.98103175176127,Jalisco,Jalisco,Médico,1
43.234178043415184,Jalisco,Jalisco,Policía,1
36.96465167423746,Jalisco,Jalisco,Médico,1
54.41801614940986,Sinaloa,Sinaloa,Médico,1
37.09785158780834,Jalisco,Jalisco,Médico,1
52.08455697444921,Jalisco,Jalisco,Médico,1
58.62506786670216,Sinaloa,Sinaloa,Policía,0
51.94691956368821,Jalisco,Sinaloa,Médico,1
54.251243121920545,Jalisco,Sinaloa,Médico,1
39.73369828680917,Jalisco,Jalisco,Médico,1
56.85966230751064,Jalisco,Sinaloa,Médico,1
50.758067442776856,Jalisco,Sinaloa,Policía,0
45.57026439832491,Jalisco,Jalisco,Policía,1
35.77414398977238,Jalisco,Jalisco,Médico,1
35.42908255486142,Jalisco,Sinaloa,Médico,1
53.67425767375659,Jalisco,Sinaloa,Chef,0
53.16310136077952,Sinaloa,Sinaloa,Chef,0
47.80490891654988,Jalisco,Sinaloa,Policía,0
49.93967904176809,Jalisco,Sinaloa,Profesor,0
50.12842135578325,Sinaloa,Sinaloa,Médico,0
40.11846555998632,Jalisco,Sinaloa,Policía,1
57.85066845485805,Sinaloa,Sinaloa,Chef,0
49.707650220897065,Jalisco,Sinaloa,Profesor,0
56.704531806909095,Jalisco,Jalisco,Médico,1
55.36543442108868,Jalisco,Sinaloa,Chef,0
55.094776783157144,Sinaloa,Jalisco,Médico,0
42.60228393564613,Jalisco,Sinaloa,Médico,1
30.719237316340276,Jalisco,Jalisco,Médico,1
53.83972064421897,Sinaloa,Sinaloa,Chef,0
54.57684785476629,Jalisco,Jalisco,Médico,1
36.38094136357174,Jalisco,Sinaloa,Médico,1
52.49832233430024,Jalisco,Jalisco,Policía,0
54.478353137355526,Jalisco,Jalisco,Médico,1
57.28276587684228,Sinaloa,Jalisco,Médico,0
40.70090233847779,Jalisco,Sinaloa,Médico,1
52.6650683340582,Sinaloa,Sinaloa,Médico,0
37.04219815183153,Jalisco,Sinaloa,Médico,1
53.509879459032554,Jalisco,Jalisco,Médico,1
55.39207495774657,Jalisco,Sinaloa,Médico,1
54.038538591886876,Jalisco,CDMX,Policía,1
39.094095473752844,Jalisco,Sinaloa,Médico,1
46.407727395419386,Jalisco,Jalisco,Policía,1
49.71519471025663,Sinaloa,Sinaloa,Policía,0
52.50572309194966,Jalisco,Jalisco,Policía,0
54.07257124430485,Jalisco,Sinaloa,Policía,1
60.417286570582895,Sinaloa,Jalisco,Médico,0
43.25323301949335,Jalisco,Sinaloa,Médico,1
33.8341225903596,Jalisco,Sinaloa,Médico,1
56.59340547529369,Jalisco,Sinaloa,Médico,1
50.04654861704499,Jalisco,Jalisco,Policía,1
53.178449205170374,Jalisco,Sinaloa,Médico,1
56.1735239880447,Jalisco,Jalisco,Médico,1
49.52193028587222,Jalisco,Jalisco,Policía,1
42.16386438517337,Jalisco,Sinaloa,Médico,1
50.46163751402547,Sinaloa,Jalisco,Médico,0
57.39618647399416,Sinaloa,Jalisco,Policía,0
50.4933262950745,Jalisco,Jalisco,Policía,1
56.609104384482436,Jalisco,Sinaloa,Chef,0
51.53550699084132,Sinaloa,Sinaloa,Médico,0
40.83989744911392,Jalisco,Sinaloa,Médico,1
52.72828502713097,Sinaloa,Sinaloa,Médico,0
52.43873326131356,Jalisco,CDMX,Policía,0
59.80282384724537,Jalisco,Jalisco,Policía,0
48.36996333576694,Jalisco,Sinaloa,Policía,0
51.809727255861155,Sinaloa,Sinaloa,Médico,0
54.278702794370126,Jalisco,Jalisco,Policía,0
57.60618772068906,Sinaloa,Jalisco,Médico,0
52.75722058252989,Sinaloa,Jalisco,Chef,0
52.44581113929065,Jalisco,Jalisco,Médico,1
53.50934476982993,Sinaloa,Sinaloa,Médico,0
53.8233571979045,Jalisco,Sinaloa,Médico,1
45.34961266737094,Jalisco,Sinaloa,Policía,1
49.34357120008656,Jalisco,Jalisco,Médico,0
51.5148479381116,Sinaloa,Jalisco,Médico,0
52.8515478299177,Jalisco,Sinaloa,Chef,0
55.80310294897844,Sinaloa,Sinaloa,Policía,0
48.41568001989803,Sinaloa,Sinaloa,Policía,1
54.622366668365906,Jalisco,Sinaloa,Policía,0
45.223778313743374,Jalisco,Sinaloa,Médico,1
36.389808342088095,Jalisco,Jalisco,Médico,1
53.76597353692717,Jalisco,Sinaloa,Médico,1
47.77290481644154,Jalisco,Sinaloa,Policía,1
40.37413549976664,Jalisco,Sinaloa,Médico,1
54.9966151080755,Sinaloa,Sinaloa,Médico,1
60.093228753841025,Sinaloa,Sinaloa,Policía,0
49.88663523002867,Sinaloa,Jalisco,Chef,0
46.95594766415822,Jalisco,CDMX,Policía,1
56.486693689562856,Sinaloa,Sinaloa,Médico,1
49.805685366619095,Jalisco,Jalisco,Policía,0
52.663221508365815,Sinaloa,Jalisco,Médico,0
48.011119891375394,Jalisco,Sinaloa,Médico,0
55.35080538568303,Sinaloa,Sinaloa,Médico,1
55.39456627866368,Sinaloa,Jalisco,Profesor,0
53.508378919013346,Sinaloa,Sinaloa,Médico,1
52.33303505265275,Sinaloa,Jalisco,Profesor,0
50.62696881469285,Jalisco,Sinaloa,Policía,0
36.00984215947118,Jalisco,Sinaloa,Médico,1
28.396732490797447,Sinaloa,Sinaloa,Profesor,1
51.711722157433115,Sinaloa,Jalisco,Médico,0
53.06090055777202,Jalisco,Sinaloa,Chef,0
49.856685981716254,Jalisco,Sinaloa,Médico,1
55.107340076765475,Sinaloa,Jalisco,Chef,0
58.4853750264152,Sinaloa,Jalisco,Médico,0
56.25477881035024,Sinaloa,Sinaloa,Policía,0
55.044224983656974,Sinaloa,Jalisco,Policía,0
49.93239474263372,Sinaloa,Sinaloa,Médico,0
53.12180503892258,Sinaloa,Jalisco,Chef,0
52.465934857774194,Jalisco,Sinaloa,Médico,1
49.58015951576006,Jalisco,Jalisco,Médico,1
55.47980742952026,Jalisco,Sinaloa,Médico,1
53.48529813975358,Jalisco,Sinaloa,Policía,0
33.432661971633294,Sinaloa,Jalisco,Médico,1
54.65941536635617,Jalisco,Sinaloa,Chef,0
57.16499100664951,Sinaloa,Sinaloa,Policía,0
51.94183433802109,Sinaloa,Sinaloa,Médico,0
53.15905272978499,Sinaloa,Sinaloa,Profesor,0
39.43531785729792,Jalisco,Sinaloa,Médico,1
52.006704484477126,Jalisco,Jalisco,Médico,1
38.196559790950474,Jalisco,Sinaloa,Médico,1
44.13243262757767,Jalisco,Jalisco,Médico,1
35.60040020866076,Jalisco,Sinaloa,Médico,1
50.99836371983713,Jalisco,Sinaloa,Médico,1
49.01403551067937,Sinaloa,Sinaloa,Médico,0
56.8397929016468,Sinaloa,Sinaloa,Médico,0
55.62774670091225,Jalisco,Jalisco,Policía,0
51.674597963777586,Sinaloa,Sinaloa,Policía,1
52.68912903413724,Jalisco,Sinaloa,Chef,0
52.79314391689113,Sinaloa,Sinaloa,Médico,0
50.16476982254825,Jalisco,Jalisco,Policía,1
40.78485500866862,Jalisco,Jalisco,Médico,1
52.04705081937828,Jalisco,Sinaloa,Policía,0
34.2791892802683,Jalisco,Sinaloa,Médico,1
54.51234439325376,Jalisco,Sinaloa,Médico,0
50.817805989614996,Jalisco,Jalisco,Médico,1
52.20587366028449,Jalisco,Sinaloa,Policía,0
55.32110852486406,Sinaloa,Sinaloa,Médico,0
39.33390658597473,Jalisco,Sinaloa,Médico,1
53.9781639783548,Jalisco,Sinaloa,Médico,1
53.81621541367562,Jalisco,Jalisco,Policía,0
50.51110287718587,Jalisco,Sinaloa,Policía,1
56.35098031916745,Sinaloa,Sinaloa,Médico,0
55.97609713953198,Sinaloa,Jalisco,Médico,0
51.11568750339046,Sinaloa,Sinaloa,Médico,0
57.35518185157657,Jalisco,Sinaloa,Policía,0
55.363527224533314,Jalisco,Sinaloa,Policía,0
49.45268705958201,Jalisco,Jalisco,Médico,1
48.78292956146929,Jalisco,Jalisco,Policía,1
52.969158444892656,Sinaloa,Sinaloa,Médico,0
35.563623999439,Jalisco,Sinaloa,Médico,1
51.751380768023196,Jalisco,Sinaloa,Médico,0
51.9548021851591,Jalisco,Sinaloa,Policía,1
56.33406082454278,Sinaloa,Sinaloa,Médico,1
55.08783692286626,Jalisco,Sinaloa,Médico,1
57.72570081366333,Sinaloa,Sinaloa,Médico,0
35.79750495466257,Jalisco,Sinaloa,Médico,1
49.39856552099672,Jalisco,Sinaloa,Policía,0
55.993825965108485,Jalisco,Sinaloa,Médico,1
54.72047363357696,Jalisco,Sinaloa,Médico,1
35.710947126297576,Jalisco,Sinaloa,Médico,1
40.79846053518434,Jalisco,Jalisco,Médico,1
58.47863083325978,Sinaloa,Jalisco,Médico,0
55.13272093031249,Jalisco,Jalisco,Policía,0
52.24874661758169,Sinaloa,Sinaloa,Chef,0
48.26106044940191,Jalisco,Sinaloa,Policía,1
54.5637050184422,Sinaloa,Sinaloa,Chef,0
49.79435101298701,Sinaloa,Jalisco,Policía,1
34.72265897350361,Jalisco,Jalisco,Médico,1
52.5988506497456,Jalisco,Jalisco,Médico,1
44.8097756164174,Jalisco,Sinaloa,Policía,1
55.84080250762382,Sinaloa,Sinaloa,Médico,1
36.018138355628935,Jalisco,Sinaloa,Médico,1
59.90375835916037,Jalisco,Sinaloa,Policía,0
55.12558421682663,Jalisco,Sinaloa,Médico,1
51.16369678430093,Jalisco,Sinaloa,Médico,1
56.425802415909544,Sinaloa,Sinaloa,Policía,0
47.471969561847544,Jalisco,Sinaloa,Médico,0
51.12121693055515,Jalisco,Sinaloa,Policía,1
54.98350871130656,Sinaloa,Sinaloa,Médico,0
55.49367428979991,Sinaloa,Sinaloa,Médico,0
51.00288038501424,Jalisco,Jalisco,Chef,0
30.960926996029272,Jalisco,Sinaloa,Médico,1
54.25393236669645,Jalisco,Sinaloa,Médico,1
52.12577797306108,Sinaloa,Jalisco,Médico,0
42.50298882070092,Jalisco,Sinaloa,Médico,1
57.86127676424313,Sinaloa,Sinaloa,Policía,0
41.79909164396307,Jalisco,Sinaloa,Médico,1
46.45742625223515,Jalisco,Jalisco,Policía,1
51.74255065288138,Sinaloa,Sinaloa,Médico,0
53.55802392812576,Sinaloa,Jalisco,Médico,0
55.06429785684097,Jalisco,Sinaloa,Policía,0
54.8278453810825,Sinaloa,Sinaloa,Médico,0
53.63190359020876,Sinaloa,Sinaloa,Médico,1
54.89462003756942,Jalisco,Sinaloa,Médico,1
39.12232090306867,Jalisco,Sinaloa,Médico,1
52.76759725338807,Jalisco,Sinaloa,Policía,1
55.21876322238106,Jalisco,Jalisco,Chef,0
53.70215992906203,Sinaloa,Sinaloa,Policía,0
54.059777609858116,Jalisco,Sinaloa,Médico,1
50.97031441037112,Jalisco,Jalisco,Policía,0
42.05861246052568,Jalisco,Jalisco,Médico,1
35.457889823221336,Jalisco,Sinaloa,Médico,1
55.27981479414014,Jalisco,Sinaloa,Médico,1
48.61546693089845,Jalisco,Jalisco,Policía,1
50.5604222992669,Sinaloa,Jalisco,Médico,0
58.847270481057485,Jalisco,Sinaloa,Policía,0
41.479682553193584,Jalisco,Jalisco,Policía,1
54.87360598684813,Jalisco,Jalisco,Médico,1
55.124431167105236,Jalisco,Jalisco,Médico,1
52.338100456133304,Sinaloa,Jalisco,Médico,0
54.520488014974916,Jalisco,Sinaloa,Médico,1
57.93349841659457,Sinaloa,Jalisco,Médico,0
36.380528169827514,Jalisco,Sinaloa,Médico,1
52.07998456645747,Sinaloa,Sinaloa,Chef,0
53.53046684351838,Sinaloa,Sinaloa,Policía,0
55.30669974856003,Jalisco,Jalisco,Policía,0
50.28305718607846,Jalisco,Sinaloa,Policía,0
52.37474283698071,Sinaloa,Sinaloa,Chef,0
55.365255925346716,Jalisco,Sinaloa,Policía,0
54.854634674455475,Jalisco,Sinaloa,Médico,1
44.50336230536911,Jalisco,Sinaloa,Policía,1
45.46537406936105,Jalisco,Jalisco,Policía,1
53.89024995259163,Jalisco,Jalisco,Médico,1
54.225445025629924,Jalisco,Jalisco,Médico,1
46.10045633453181,Jalisco,Sinaloa,Médico,1
41.04083222467878,Jalisco,Sinaloa,Policía,1
47.569082066998426,Jalisco,Sinaloa,Médico,1
56.68071739294741,Jalisco,Jalisco,Médico,1
46.9809668407775,Jalisco,Sinaloa,Policía,1
50.879826929882945,Sinaloa,Sinaloa,Médico,0
47.69695772919166,Jalisco,Jalisco,Médico,0
53.06609911169201,Sinaloa,Jalisco,Médico,0
51.9686769137776,Jalisco,Jalisco,Médico,1
53.11634373447121,Jalisco,Jalisco,Médico,1
43.40708555010774,Jalisco,Sinaloa,Policía,1
38.02446746782158,Jalisco,Sinaloa,Médico,1
50.34225065300095,Sinaloa,Jalisco,Médico,0
35.4719952024635,Jalisco,Sinaloa,Médico,1
54.71863279040216,Jalisco,Sinaloa,Policía,0
55.12490006185722,Jalisco,Sinaloa,Policía,0
55.581047556766116,Sinaloa,Sinaloa,Policía,0
59.865321563249076,Sinaloa,Sinaloa,Policía,0
54.63933602701463,Jalisco,Sinaloa,Médico,1
41.538972085927284,Jalisco,Jalisco,Policía,1
54.128899069418054,Jalisco,Sinaloa,Médico,0
42.47079044349931,Jalisco,Sinaloa,Médico,1
49.64038841962176,Sinaloa,Sinaloa,Policía,0
49.76796552581145,Jalisco,Jalisco,Médico,1
55.51505886016826,Jalisco,Jalisco,Chef,0
53.82168327376274,Jalisco,Sinaloa,Médico,1
53.84800090827071,Sinaloa,Sinaloa,Médico,0
41.77035989216945,Jalisco,Sinaloa,Médico,1
57.00937982826934,Jalisco,Sinaloa,Policía,0
53.7052293061384,Sinaloa,Sinaloa,Médico,1
41.28700495624449,Jalisco,Jalisco,Médico,1
51.59682372488858,Jalisco,Jalisco,Policía,0
52.08390116577274,Jalisco,Jalisco,Policía,0
50.781584120640275,Jalisco,Sinaloa,Policía,1
50.771281253030374,Jalisco,Sinaloa,Médico,1
51.353995743320496,Jalisco,Jalisco,Policía,1
51.06835145071898,Jalisco,Sinaloa,Policía,1
53.70240054199187,Jalisco,Sinaloa,Médico,1
53.29316212031187,Jalisco,Jalisco,Médico,1
32.090673637330035,Sinaloa,Sinaloa,Médico,1
52.29491708955321,Sinaloa,Sinaloa,Chef,0
51.1138865166537,Jalisco,Sinaloa,Policía,1
59.114205091636556,Sinaloa,Sinaloa,Policía,1
54.09506089926722,Jalisco,Sinaloa,Policía,0
49.82229541531611,Sinaloa,Jalisco,Policía,0
54.79332009804048,Sinaloa,Sinaloa,Policía,0
54.42705525994172,Jalisco,Sinaloa,Médico,1
33.14695358958327,Jalisco,Sinaloa,Profesor,1
51.43824755709773,Sinaloa,Sinaloa,Policía,1
33.473497138174025,Jalisco,Jalisco,Médico,1
52.10142939229622,Sinaloa,Sinaloa,Policía,1
57.17197002139678,Sinaloa,Jalisco,Médico,0
36.712599495022204,Jalisco,Sinaloa,Médico,1
50.20804506859241,Jalisco,Jalisco,Policía,1
56.92089088060736,Sinaloa,Sinaloa,Profesor,0
55.70088426880243,Jalisco,Sinaloa,Médico,1
51.4689096991928,Jalisco,Sinaloa,Médico,1
50.43025906896157,Jalisco,Sinaloa,Policía,0
39.838321471235815,Jalisco,CDMX,Médico,1
47.11115066577888,Jalisco,Jalisco,Policía,0
45.50225714600223,Jalisco,Jalisco,Policía,1
54.71982843290753,Jalisco,Jalisco,Policía,0
39.29395747482236,Jalisco,Jalisco,Policía,1
54.946981964166724,Jalisco,Jalisco,Médico,1
52.298840383829024,Jalisco,Jalisco,Médico,1
50.75615322143834,Sinaloa,Jalisco,Médico,0
46.533263726007036,Jalisco,Sinaloa,Policía,1
55.17304093714324,Sinaloa,Sinaloa,Chef,0
51.556682903940015,CDMX,Jalisco,Médico,1
47.76620973192249,Jalisco,Sinaloa,Policía,1
53.82094343618271,Jalisco,Sinaloa,Policía,0
54.65393841869113,Jalisco,Jalisco,Médico,1
48.58505879667429,Jalisco,Sinaloa,Policía,1
52.886723606192255,Sinaloa,Sinaloa,Chef,0
52.335263941442754,Jalisco,Sinaloa,Médico,1
55.12381186152787,Sinaloa,Sinaloa,Médico,1
49.719002303084736,Jalisco,Jalisco,Chef,0
53.738060435043465,Jalisco,Jalisco,Chef,0
56.51814599506408,Sinaloa,Sinaloa,Policía,0
52.78142474767485,Sinaloa,Sinaloa,Médico,0
31.52636635461061,Sinaloa,Jalisco,Médico,1
50.94688852073888,Jalisco,Sinaloa,Médico,1
49.454414474673314,Jalisco,Jalisco,Médico,1
53.38736045468476,Jalisco,Sinaloa,Médico,1
51.86162252388212,Jalisco,Jalisco,Policía,0
39.57740153452306,Jalisco,Jalisco,Médico,1
29.918390403315748,Sinaloa,Sinaloa,Profesor,1
53.6352683399008,Sinaloa,Jalisco,Policía,0
56.05163377760236,Jalisco,Sinaloa,Médico,1
55.576869178477445,Jalisco,Jalisco,Médico,1
39.23807948490809,Jalisco,Jalisco,Médico,1
52.31918325343829,Jalisco,Sinaloa,Policía,0
48.835814332614035,Jalisco,Jalisco,Policía,1
53.17706712618898,Jalisco,Sinaloa,Policía,0
54.81783334188996,Sinaloa,Jalisco,Médico,0
49.19670804686566,Jalisco,Sinaloa,Médico,0
53.22548485269121,Sinaloa,Jalisco,Médico,0
42.0139749963958,Jalisco,Jalisco,Policía,1
51.21544352464163,Jalisco,Sinaloa,Policía,0
52.64900970988257,Jalisco,Sinaloa,Policía,0
32.60870460475623,Sinaloa,Jalisco,Médico,1
40.17781290826411,Jalisco,Sinaloa,Médico,1
52.69106667586575,Jalisco,Sinaloa,Médico,1
54.87158374231472,Sinaloa,Sinaloa,Médico,0
43.034708644366546,Jalisco,Sinaloa,Policía,1
35.558490381447214,Jalisco,Sinaloa,Médico,1
50.59518311138392,Sinaloa,Sinaloa,Médico,0
52.33242231448611,Sinaloa,Jalisco,Chef,0
58.393078845923704,Sinaloa,Sinaloa,Policía,0
37.55768476460054,Jalisco,Sinaloa,Médico,1
51.67939472969478,Jalisco,Sinaloa,Policía,1
54.60394685195199,Jalisco,Sinaloa,Policía,0
58.65821386983261,Sinaloa,Jalisco,Policía,0
55.45442222484891,Sinaloa,Sinaloa,Policía,0
43.97561528103012,Jalisco,Jalisco,Médico,1
45.68642522263123,Jalisco,Jalisco,Policía,1
49.71844155206326,Jalisco,Jalisco,Policía,1
53.807840281616095,Jalisco,Sinaloa,Médico,1
54.31164048402616,Jalisco,Sinaloa,Policía,0
52.72460860506298,Jalisco,Jalisco,Médico,1
52.01091698988349,Jalisco,Jalisco,Policía,0
51.48772620437517,Jalisco,Jalisco,Policía,0
34.11203184048433,Jalisco,Sinaloa,Médico,1
56.812373670317996,Jalisco,Sinaloa,Médico,1
56.45958388583465,Jalisco,Sinaloa,Médico,1
43.051704290669974,Jalisco,Sinaloa,Policía,1
48.542250845151,Jalisco,Sinaloa,Policía,0
50.5097891182236,Jalisco,Sinaloa,Médico,1
50.98615215442632,Jalisco,Sinaloa,Policía,0
38.111332060256274,Jalisco,Sinaloa,Médico,1
51.30308584903163,Sinaloa,Sinaloa,Médico,0
55.75458018128682,Jalisco,Sinaloa,Policía,0
56.04218296630621,Sinaloa,Sinaloa,Médico,0
51.09786754962183,Jalisco,Jalisco,Policía,1
33.9608982872541,Jalisco,Sinaloa,Médico,1
55.392519801301596,Jalisco,Sinaloa,Policía,0
51.054572379568214,Jalisco,Jalisco,Médico,1
51.19263585047087,Jalisco,Sinaloa,Policía,0
52.232475499401765,Jalisco,Sinaloa,Médico,1
50.06698187717409,Jalisco,Sinaloa,Policía,0
36.50399640524411,Jalisco,Sinaloa,Médico,1
50.976247541081115,Sinaloa,Jalisco,Médico,0
50.55041919696537,Jalisco,Jalisco,Policía,0
52.54529941888261,Sinaloa,Sinaloa,Médico,0
51.18438724178221,Jalisco,Sinaloa,Policía,0
57.77554530656703,Sinaloa,Sinaloa,Chef,0
49.88694636177199,Sinaloa,Sinaloa,Médico,0
52.37550407728303,Jalisco,Jalisco,Médico,1
50.92246796185187,Jalisco,Jalisco,Médico,1
48.673539347712484,Jalisco,Sinaloa,Policía,1
53.6468869833797,Sinaloa,Sinaloa,Médico,0
57.177321981174735,Jalisco,Jalisco,Policía,0
51.02529885095331,Jalisco,Jalisco,Policía,0
55.40746234898788,Sinaloa,Jalisco,Médico,0
50.55592376370611,Sinaloa,Sinaloa,Policía,0
53.387075995869516,Jalisco,Sinaloa,Médico,1
54.86622895500946,Jalisco,Sinaloa,Médico,1
32.18729832689542,Sinaloa,Jalisco,Médico,1
52.79830622123305,Sinaloa,Sinaloa,Médico,1
53.48585861850093,Jalisco,Sinaloa,Médico,1
36.957346860534855,Jalisco,Sinaloa,Médico,1
55.51022123914923,Sinaloa,Jalisco,Médico,1
46.17839528944525,Jalisco,Sinaloa,Policía,1
51.279980145441556,Jalisco,Sinaloa,Chef,0
54.579256863337285,Jalisco,Sinaloa,Médico,1
36.12791987928023,Jalisco,Sinaloa,Médico,1
54.06374205596868,Jalisco,Sinaloa,Policía,0
52.172192679374504,Sinaloa,Jalisco,Médico,0
51.60386449807742,Jalisco,Sinaloa,Policía,1
35.265536047212876,Jalisco,Sinaloa,Médico,1
35.876776051198604,Jalisco,Jalisco,Médico,1
39.02959224922962,Jalisco,Jalisco,Médico,1
59.821002206463106,Jalisco,Jalisco,Profesor,1
55.31294594587415,Sinaloa,Jalisco,Médico,1
50.00184811423251,Jalisco,Sinaloa,Médico,0
50.9545112725145,Jalisco,Sinaloa,Policía,0
54.718075183542815,Jalisco,Sinaloa,Médico,1
49.948261105533966,Jalisco,Sinaloa,Médico,1
55.2456492088766,Jalisco,Jalisco,Policía,0
35.84277669448216,Jalisco,Sinaloa,Médico,1
54.491862803727905,Jalisco,Sinaloa,Policía,0
52.87940384250622,Jalisco,Sinaloa,Médico,1
52.294624758032484,Sinaloa,Jalisco,Chef,0
52.86815157189192,Jalisco,Sinaloa,Médico,1
49.710527862916535,Jalisco,Jalisco,Policía,1
44.81361919139589,Jalisco,Sinaloa,Policía,1
48.89984494551278,Jalisco,Sinaloa,Policía,0
48.788886481884035,Jalisco,Jalisco,Médico,1
57.11933432912596,Jalisco,Sinaloa,Médico,0
57.06373270677573,Jalisco,Sinaloa,Médico,1
52.214877805234465,Sinaloa,Sinaloa,Policía,0
47.30741836304885,Jalisco,Jalisco,Policía,1
53.635930924137604,Jalisco,Jalisco,Policía,0
43.15702153929023,Jalisco,Sinaloa,Médico,1
49.69937816204353,Jalisco,Sinaloa,Policía,1
56.409498867435175,Jalisco,Jalisco,Médico,1
45.861929651696215,Jalisco,Jalisco,Policía,1
49.799401763095716,Jalisco,Sinaloa,Policía,0
50.226144130219545,Jalisco,Sinaloa,Policía,0
53.93449542187852,Jalisco,Sinaloa,Médico,1
54.363487515425845,Jalisco,Jalisco,Médico,1
33.30634732957581,Jalisco,Jalisco,Médico,1
47.03092481859177,Jalisco,Sinaloa,Policía,1
51.32255800909268,Jalisco,Jalisco,Policía,0
34.908120480094446,Jalisco,Jalisco,Médico,1
46.14427315609434,Jalisco,Jalisco,Médico,1
45.5405169847317,Jalisco,Jalisco,Policía,1
49.524216686180814,Jalisco,Jalisco,Policía,0
48.815408356117814,Sinaloa,Sinaloa,Médico,0
52.70758136659796,Sinaloa,Jalisco,Médico,0
53.4628806947532,Jalisco,Sinaloa,Chef,0
46.457199005051315,Jalisco,Jalisco,Profesor,0
54.39405225571185,Sinaloa,Sinaloa,Médico,0
52.09488156788363,Jalisco,Sinaloa,Policía,0
42.78569424940086,Jalisco,Jalisco,Médico,1
52.576652585259836,Jalisco,Sinaloa,Policía,0
54.00295111364597,Jalisco,Sinaloa,Policía,0
53.96056856032311,Sinaloa,Sinaloa,Médico,0
50.83168320567645,Sinaloa,Jalisco,Médico,0
36.06215133323466,Jalisco,Jalisco,Profesor,1
36.477827621971315,Jalisco,Jalisco,Médico,1
52.606238035166555,Jalisco,Sinaloa,Policía,1
58.058990811396924,Sinaloa,Sinaloa,Médico,0
56.210981686812495,Sinaloa,Jalisco,Policía,0
54.09507366259553,Jalisco,Sinaloa,Médico,1
53.58297481746225,Jalisco,Jalisco,Policía,0
58.19045255831329,Sinaloa,Sinaloa,Policía,0
52.71378869659645,Sinaloa,Sinaloa,Chef,0
32.52872295886337,Sinaloa,Sinaloa,Médico,1
51.512577069917604,Jalisco,Sinaloa,Médico,1
39.3301433780248,Jalisco,CDMX,Médico,1
55.756545840342596,Sinaloa,Jalisco,Policía,0
52.740056501690596,Jalisco,Sinaloa,Médico,0
50.67508391993073,Jalisco,Jalisco,Policía,0
42.09630282759153,Jalisco,Jalisco,Médico,1
58.62277987085818,Sinaloa,Sinaloa,Policía,0
56.06840012668021,Jalisco,Sinaloa,Policía,0
44.9258870110815,Jalisco,Sinaloa,Médico,1
55.08419539871325,Jalisco,Jalisco,Chef,0
53.98049595992516,Jalisco,Sinaloa,Policía,0
44.708233804914755,Jalisco,Sinaloa,Profesor,0
51.34166851063866,Jalisco,Sinaloa,Chef,0
53.193103667044575,Jalisco,CDMX,Médico,1
42.98188156652369,Jalisco,Jalisco,Médico,1
48.21060171131985,Sinaloa,Sinaloa,Médico,0
47.412956577394084,Jalisco,Sinaloa,Policía,1
53.330147937825245,Jalisco,Sinaloa,Médico,1
54.44516064913939,Jalisco,Sinaloa,Médico,1
58.00662579849749,Jalisco,Jalisco,Chef,0
50.533020321154744,Jalisco,Jalisco,Policía,1
54.11502803934687,Sinaloa,Sinaloa,Médico,0
50.91284607830874,Jalisco,Jalisco,Médico,1
49.2213000917385,Jalisco,Jalisco,Médico,0
57.902363295934705,Sinaloa,Jalisco,Policía,0
53.01500903106592,Jalisco,Jalisco,Policía,0
52.978719467241035,Jalisco,Sinaloa,Policía,0
54.43003120206445,Jalisco,Sinaloa,Médico,1
39.69281063552381,Jalisco,Jalisco,Médico,1
50.82092815829965,Sinaloa,Jalisco,Policía,0
53.49486782088473,Jalisco,Sinaloa,Policía,0
51.12724687188579,Sinaloa,Jalisco,Médico,0
51.49686800522424,Jalisco,Sinaloa,Policía,0
57.72963202575638,Sinaloa,Jalisco,Policía,0
58.03958158757699,Jalisco,Sinaloa,Chef,0
46.37507581685028,Jalisco,Jalisco,Médico,0
46.68987944436542,Jalisco,Sinaloa,Policía,1
58.36460167893497,Sinaloa,Sinaloa,Médico,0
35.26614356184639,Jalisco,Sinaloa,Profesor,1
52.3825846095682,Jalisco,Sinaloa,Policía,1
50.953714113739615,Jalisco,Sinaloa,Médico,0
52.48538302086687,Jalisco,Jalisco,Policía,0
55.743083197228025,Sinaloa,Jalisco,Médico,0
54.45484723009745,Jalisco,Sinaloa,Médico,1
49.78434639873183,Jalisco,Sinaloa,Médico,0
50.49092024288547,Jalisco,Sinaloa,Médico,1
47.20909583377427,Jalisco,Sinaloa,Policía,1
37.92218396299843,Jalisco,Jalisco,Médico,1
53.553164224410786,Sinaloa,Sinaloa,Chef,0
45.29424151097979,Jalisco,Sinaloa,Médico,1
63.12354738324081,Sinaloa,Sinaloa,Policía,0
54.151636764817916,Jalisco,Sinaloa,Policía,0
55.42664643600953,Sinaloa,Jalisco,Médico,1
37.462735236644285,Jalisco,Jalisco,Médico,1
54.91585264334111,Sinaloa,Sinaloa,Médico,0
38.418724431547,Jalisco,Jalisco,Médico,1
53.71352058817859,Jalisco,Sinaloa,Médico,1
37.7223798468831,Jalisco,Jalisco,Médico,1
48.17179710686881,Jalisco,Jalisco,Médico,1
51.15562799619957,Jalisco,CDMX,Policía,0
55.4908197859076,Jalisco,Sinaloa,Policía,0
57.7268826556248,Sinaloa,Sinaloa,Médico,0
35.87507782186135,Jalisco,Sinaloa,Médico,1
36.59246186727685,Jalisco,Sinaloa,Médico,1
52.430214481979846,Jalisco,Jalisco,Policía,0
53.27062417292767,Jalisco,Sinaloa,Policía,0
56.63429276444611,Jalisco,Sinaloa,Policía,0
56.62118974301046,Sinaloa,Jalisco,Médico,0
53.2548000941798,Sinaloa,Sinaloa,Policía,1
57.21774695709827,Jalisco,Jalisco,Policía,0
39.62905885762412,Jalisco,Sinaloa,Médico,1
41.0308747853357,Jalisco,Sinaloa,Profesor,0
52.94390900497215,Sinaloa,Jalisco,Médico,0
52.725211921518415,Jalisco,Jalisco,Médico,1
56.597833342180515,Sinaloa,Sinaloa,Médico,0
51.25704322110095,Jalisco,Jalisco,Chef,0
50.399227887589596,Jalisco,Sinaloa,Policía,0
54.61497878645616,Jalisco,Jalisco,Médico,1
56.929555000797535,Sinaloa,Sinaloa,Médico,0
54.04483046218561,Sinaloa,Sinaloa,Médico,0
34.82963026180027,Jalisco,Jalisco,Médico,1
56.505909242050556,Sinaloa,Sinaloa,Policía,0
48.86034576525222,Jalisco,Jalisco,Médico,0
35.07604241117523,Jalisco,Sinaloa,Médico,1
52.91939296080779,Sinaloa,Sinaloa,Médico,0
46.17454833690965,Jalisco,Sinaloa,Policía,1
49.952541260537245,Sinaloa,Jalisco,Chef,0
54.8430043049101,Jalisco,Sinaloa,Policía,0
52.862232876957954,Sinaloa,Sinaloa,Chef,0
55.99310954000293,Jalisco,Jalisco,Médico,1
54.35845543661711,Jalisco,Sinaloa,Policía,0
48.08128356955827,Sinaloa,Sinaloa,Policía,0
50.3903789517798,Jalisco,Sinaloa,Médico,1
51.06825114418758,Jalisco,Sinaloa,Policía,0
53.00759068427461,Sinaloa,Sinaloa,Chef,0
39.59659071440072,Jalisco,Sinaloa,Médico,1
56.822430703282045,Sinaloa,Jalisco,Policía,0
43.53874175377861,Jalisco,Jalisco,Médico,1
39.75520723325273,Jalisco,Sinaloa,Médico,1
53.41572589675005,Jalisco,Jalisco,Médico,1
50.86665477801413,Sinaloa,Sinaloa,Médico,0
54.17538099840492,Sinaloa,Sinaloa,Médico,1
51.58567523159516,Jalisco,Sinaloa,Policía,1
50.086531236362106,Jalisco,Jalisco,Policía,0
36.31786787426137,Jalisco,Jalisco,Médico,1
32.66863097407953,Jalisco,Jalisco,Médico,1
44.72023188572532,Jalisco,Jalisco,Policía,1
43.45467325687467,Jalisco,Jalisco,Policía,1
49.983899181003224,Sinaloa,Sinaloa,Médico,0
57.009137793840864,Sinaloa,Jalisco,Médico,1
44.08484083169576,Jalisco,Sinaloa,Médico,1
53.80816073210643,Jalisco,Sinaloa,Médico,1
42.11170487326097,Jalisco,Sinaloa,Médico,1
52.887137753250656,Jalisco,Sinaloa,Policía,0
35.91061597149674,Jalisco,Jalisco,Médico,1
45.205841772583554,Jalisco,Jalisco,Médico,1
53.22987059861484,Jalisco,Sinaloa,Médico,1
55.34444810288816,Jalisco,Sinaloa,Policía,0
35.35670372810837,Jalisco,Sinaloa,Médico,1
53.22045097423374,Jalisco,Sinaloa,Médico,1
53.587138009257366,Sinaloa,Jalisco,Médico,1
52.92204325784166,Jalisco,Sinaloa,Médico,1
36.314364637085035,Jalisco,Jalisco,Médico,1
54.436262982853485,Sinaloa,Sinaloa,Médico,1
51.12131663689303,Jalisco,Sinaloa,Médico,1
49.06336041733125,Jalisco,Jalisco,Policía,1
51.229156944721396,Jalisco,Jalisco,Policía,0
55.121610962887516,Jalisco,Jalisco,Médico,0
54.38879854132908,Jalisco,Sinaloa,Médico,1
53.06192383827309,Jalisco,Jalisco,Policía,0
35.88225772834325,Jalisco,Sinaloa,Médico,1
53.822509868057395,Jalisco,Jalisco,Policía,0
50.068419248962456,Sinaloa,Jalisco,Chef,0
48.09466031984598,Jalisco,Sinaloa,Policía,0
53.84193149002353,Sinaloa,Jalisco,Chef,0
35.48485837118871,Jalisco,Sinaloa,Médico,1
33.107126574369794,Jalisco,Sinaloa,Médico,1
58.0081907442214,Sinaloa,Sinaloa,Médico,0
32.655658022413306,Sinaloa,Jalisco,Profesor,1
40.01546027120419,Jalisco,Jalisco,Médico,1
53.47264521770474,Sinaloa,Sinaloa,Policía,0
50.985514645629344,Jalisco,Sinaloa,Policía,0
45.992836477731274,Jalisco,Sinaloa,Médico,1
53.22000128949375,Sinaloa,Sinaloa,Médico,1
37.84777818546848,Jalisco,Jalisco,Médico,1
42.11050107781854,Jalisco,Sinaloa,Policía,1
57.769957320316934,Sinaloa,Jalisco,Policía,0
51.36965352537484,Jalisco,Sinaloa,Médico,1
54.64495388316947,Sinaloa,Jalisco,Policía,1
54.36412795662683,Sinaloa,Sinaloa,Médico,0
48.51721050623424,Sinaloa,Jalisco,Médico,0
41.35709180913767,Jalisco,Jalisco,Médico,1
52.697460183287916,Sinaloa,Sinaloa,Chef,0
57.57925089983286,Jalisco,Jalisco,Médico,1
52.78444728029479,Jalisco,Jalisco,Policía,0
37.64736176281134,Jalisco,Sinaloa,Médico,1
55.328247431256926,Jalisco,Jalisco,Médico,1
50.06462277850093,Sinaloa,Jalisco,Policía,0
44.16588568579639,Jalisco,Sinaloa,Policía,1
32.98334935518329,Jalisco,Jalisco,Médico,0
51.78705855894923,Jalisco,Jalisco,Policía,1
51.541432519853686,Jalisco,Sinaloa,Policía,0
55.05366046562094,Jalisco,Sinaloa,Médico,1
37.69288611537171,Jalisco,Jalisco,Médico,1
54.43584423176189,Sinaloa,Sinaloa,Policía,0
54.25392163056618,Jalisco,Jalisco,Médico,1
54.711370333924975,Jalisco,Jalisco,Policía,0
54.112915516773796,Sinaloa,Sinaloa,Médico,0
31.341950536420885,Sinaloa,Sinaloa,Profesor,1
55.17063356599284,Jalisco,Sinaloa,Médico,1
35.13585334391823,Jalisco,Sinaloa,Médico,1
37.507327152358386,Jalisco,Jalisco,Médico,1
57.19282887214204,Jalisco,Sinaloa,Médico,1
46.452627031992584,Jalisco,Sinaloa,Policía,1
50.887300888246834,Jalisco,Sinaloa,Policía,0
51.39708773367357,Jalisco,Sinaloa,Médico,1
50.830965587409814,Jalisco,Jalisco,Policía,0
49.801606626137435,Jalisco,Jalisco,Médico,1
56.96646838562696,Sinaloa,Jalisco,Médico,0
43.683651404930075,Jalisco,Jalisco,Médico,0
50.404897336099744,Sinaloa,Jalisco,Médico,0
54.76768359149121,Jalisco,Sinaloa,Médico,1
41.0454671181935,Jalisco,Sinaloa,Policía,1
49.51374888952472,Sinaloa,Jalisco,Policía,0
53.08811408553454,Jalisco,Sinaloa,Médico,1
52.261278392333075,Jalisco,Sinaloa,Policía,1
50.16724672102058,Jalisco,Sinaloa,Médico,1
53.37800902533126,Jalisco,Jalisco,Policía,1
55.063735397618814,Jalisco,Sinaloa,Médico,1
45.34771030580087,Jalisco,Sinaloa,Médico,1
41.71616674297705,Jalisco,Sinaloa,Médico,0
51.72466455376554,Sinaloa,Jalisco,Médico,1
49.43855216324596,Jalisco,CDMX,Médico,0
51.0662592019375,Jalisco,Sinaloa,Policía,1
50.007030931419926,Jalisco,Sinaloa,Policía,0
53.52594065992994,Sinaloa,Jalisco,Médico,0
53.90047490727161,Sinaloa,Sinaloa,Médico,0
56.59601051715975,Sinaloa,Jalisco,Médico,1
29.743401354141156,Sinaloa,Jalisco,Médico,1
56.09886181607779,Sinaloa,Sinaloa,Médico,0
49.43054031858826,Jalisco,Jalisco,Policía,1
54.43475462532287,Sinaloa,Sinaloa,Policía,0
50.09108336212969,Jalisco,Jalisco,Médico,1
53.855805697909965,Jalisco,Jalisco,Policía,0
50.36383321221513,Jalisco,Sinaloa,Médico,1
52.08332198602039,Jalisco,Jalisco,Policía,0
48.97312909106769,Sinaloa,Sinaloa,Chef,0
38.21668127924712,Jalisco,Sinaloa,Médico,1
47.41313909525683,Jalisco,Sinaloa,Policía,1
52.73689978711269,Jalisco,Sinaloa,Policía,0
51.50031306581456,Sinaloa,CDMX,Médico,0
55.484497045443106,Sinaloa,Sinaloa,Médico,0
54.50504187932463,Sinaloa,Sinaloa,Policía,0
51.991387779538925,Sinaloa,Jalisco,Médico,0
49.52375649476798,Jalisco,Sinaloa,Médico,1
50.793633234880765,Sinaloa,Sinaloa,Médico,0
53.81546036242506,Jalisco,CDMX,Médico,0
54.4088528176103,Jalisco,Jalisco,Médico,1
52.00329525194393,Sinaloa,Sinaloa,Policía,0
54.54096367638449,Sinaloa,Sinaloa,Policía,0
55.031542405287915,Jalisco,Jalisco,Médico,1
50.122528320153705,Sinaloa,Sinaloa,Médico,0
35.831282332638565,Jalisco,Jalisco,Profesor,1
51.290291543386054,Jalisco,Sinaloa,Médico,1
35.52911640342622,Jalisco,Sinaloa,Médico,1
52.796788467850796,Sinaloa,Jalisco,Médico,0
39.011166545848596,Jalisco,Sinaloa,Médico,1
56.41162751158175,Jalisco,Sinaloa,Médico,1
45.173367166470584,Jalisco,Sinaloa,Policía,1
41.06533956447739,Jalisco,Jalisco,Médico,1
55.83690134183789,Sinaloa,Jalisco,Policía,0
51.40640389894329,Jalisco,Jalisco,Médico,1
51.92683505333574,Sinaloa,Sinaloa,Médico,1
52.701717366236394,Jalisco,Sinaloa,Médico,1
43.239482666565024,Jalisco,Jalisco,Médico,1
52.682445773934866,Sinaloa,Sinaloa,Médico,0
60.61241755047802,Sinaloa,Jalisco,Médico,0
52.40117007615798,Jalisco,Jalisco,Policía,1
55.84713174451288,Jalisco,Jalisco,Médico,1
54.792631377025664,Jalisco,Sinaloa,Policía,0
51.957086718260406,Sinaloa,Jalisco,Policía,0
57.30556749477838,Sinaloa,Sinaloa,Policía,0
56.03725831804878,Sinaloa,Jalisco,Chef,0
47.573033726489264,Jalisco,Jalisco,Profesor,0
38.03770109027411,Jalisco,Jalisco,Médico,1
51.560774041491214,Jalisco,Jalisco,Médico,1
50.69962350378229,Sinaloa,Sinaloa,Policía,0
55.216878971536346,Sinaloa,Sinaloa,Médico,0
53.25739138779265,Jalisco,Sinaloa,Médico,1
57.14113298104503,Sinaloa,Jalisco,Chef,0
55.29890685500253,Jalisco,Jalisco,Médico,1
51.92652090833041,Jalisco,Sinaloa,Policía,0
59.1551168058504,Sinaloa,Sinaloa,Policía,0
58.67064687125034,Sinaloa,Sinaloa,Médico,0
52.35876938421281,Sinaloa,Sinaloa,Médico,0
54.46982628368532,Sinaloa,Sinaloa,Médico,0
39.66179709844391,Jalisco,Jalisco,Médico,1
53.91207299096859,Jalisco,Sinaloa,Médico,1
53.45649719236812,Jalisco,Jalisco,Médico,0
54.423960180778124,Jalisco,Jalisco,Policía,0
53.660760854342136,Jalisco,Sinaloa,Médico,1
54.17564256612149,Jalisco,Sinaloa,Médico,1
54.17742586558133,Sinaloa,Jalisco,Médico,0
53.30666503217618,Sinaloa,Jalisco,Médico,1
52.58618881462108,Sinaloa,Sinaloa,Médico,1
46.094581538317875,Jalisco,Jalisco,Médico,0
56.88286768968475,Jalisco,Jalisco,Policía,0
54.24278047639695,Jalisco,Sinaloa,Chef,0
57.814340487340665,Sinaloa,Jalisco,Policía,0
53.922019373578436,Jalisco,Sinaloa,Policía,0
53.435604971052896,Sinaloa,Sinaloa,Chef,0
53.16004301218631,Sinaloa,Sinaloa,Policía,0
54.57759989098015,Jalisco,Sinaloa,Médico,0
51.3719898262868,Jalisco,Sinaloa,Policía,0
53.96521963157427,Sinaloa,Sinaloa,Médico,0
51.93182616170361,Jalisco,Sinaloa,Policía,1
51.59500592369836,Jalisco,Sinaloa,Médico,1
53.81393734670797,Sinaloa,Sinaloa,Policía,0
52.746219185302834,Jalisco,Jalisco,Médico,1
53.472531858010946,Sinaloa,Sinaloa,Policía,0
55.92866269990401,Sinaloa,Sinaloa,Médico,1
58.28113270289471,Sinaloa,Sinaloa,Médico,0
45.22379692077844,Jalisco,Jalisco,Policía,1
39.4564634424265,Jalisco,Sinaloa,Médico,1
39.85296334645412,Jalisco,Sinaloa,Médico,1
53.405970613408726,Jalisco,Sinaloa,Médico,1
54.51283694461225,Jalisco,Jalisco,Médico,1
44.516871761178535,Jalisco,Sinaloa,Médico,1
50.98163871777216,Jalisco,Sinaloa,Médico,1
31.777937950833007,Sinaloa,Jalisco,Médico,1
47.47822189914626,Jalisco,Sinaloa,Policía,1
52.85895193833138,Jalisco,Jalisco,Médico,1
53.45451095688101,Jalisco,Sinaloa,Médico,1
51.399662505382715,Jalisco,Sinaloa,Policía,1
42.5153636983822,Jalisco,Sinaloa,Médico,1
49.2476047594571,Jalisco,Jalisco,Policía,1
51.77805116492032,Jalisco,Jalisco,Médico,1
53.92056241447653,Sinaloa,Jalisco,Médico,0
36.988910423551204,Jalisco,Sinaloa,Médico,1
42.81713711699321,Jalisco,Jalisco,Médico,1
51.15583776389928,Sinaloa,Sinaloa,Médico,0
53.67088481965536,Jalisco,Sinaloa,Médico,1
53.41697812652406,Jalisco,Sinaloa,Médico,1
54.80646059805549,Jalisco,Sinaloa,Médico,1
54.728487693182004,Jalisco,Sinaloa,Profesor,1
30.803350747928256,Jalisco,Sinaloa,Médico,1
56.95523680096568,Jalisco,Jalisco,Policía,0
47.64157234128534,Jalisco,Sinaloa,Policía,1
52.645599550077335,Sinaloa,Sinaloa,Chef,0
57.16094670935203,Sinaloa,Sinaloa,Policía,0
50.6478374759502,Sinaloa,Sinaloa,Médico,0
49.306393519971024,Jalisco,Jalisco,Médico,1
53.610990946073684,Sinaloa,Sinaloa,Médico,0
50.35278675764313,Jalisco,Sinaloa,Policía,1
50.00124996152587,Sinaloa,Jalisco,Policía,0
52.17624656430555,Jalisco,Jalisco,Médico,1
55.526810999820476,Sinaloa,Jalisco,Médico,1
52.32570983424212,Sinaloa,Jalisco,Médico,0
52.18350147169359,Sinaloa,Jalisco,Médico,0
56.33978076280545,Sinaloa,Jalisco,Policía,0
36.023947688196486,Jalisco,Sinaloa,Médico,1
54.89387059026314,Sinaloa,Sinaloa,Médico,1
46.4747427318274,Jalisco,Sinaloa,Policía,1
54.61072977532216,Jalisco,Sinaloa,Médico,1
43.89647979256128,Jalisco,Jalisco,Médico,1
55.84783508470071,Sinaloa,Sinaloa,Médico,0
40.50741391984231,Jalisco,Jalisco,Médico,1
57.00647122905155,Jalisco,Sinaloa,Médico,1
53.92509528714622,Sinaloa,Sinaloa,Profesor,0
55.611747685066824,Jalisco,Jalisco,Médico,1
53.935585584890475,Jalisco,Sinaloa,Policía,0
54.530878149390766,Sinaloa,Sinaloa,Médico,0
47.83920516056036,Jalisco,Sinaloa,Policía,1
52.815698955884294,Jalisco,Jalisco,Chef,0
55.41632481856441,Sinaloa,Jalisco,Policía,0
55.15785720997891,Jalisco,Jalisco,Médico,1
32.22925325564133,Sinaloa,Sinaloa,Profesor,1
54.794748162554,Sinaloa,Sinaloa,Médico,0
54.23964927401191,Jalisco,Sinaloa,Policía,0
55.19501919599878,Sinaloa,Sinaloa,Chef,0
49.536171064042975,Sinaloa,Sinaloa,Médico,0
54.382338831374796,Sinaloa,Sinaloa,Policía,0
51.46415274383388,Sinaloa,Sinaloa,Policía,1
52.85800339866151,Jalisco,Sinaloa,Médico,1
51.000581695145065,Jalisco,Jalisco,Policía,0
54.07004387519693,Jalisco,Sinaloa,Policía,0
58.54490880550765,Sinaloa,Sinaloa,Médico,0
35.018171477903856,Jalisco,Sinaloa,Médico,1
49.766616075423485,Jalisco,Sinaloa,Policía,1
52.66659258068523,Jalisco,Sinaloa,Policía,1
49.94111209934094,Sinaloa,Sinaloa,Médico,0
37.241952670467924,Jalisco,Jalisco,Médico,1
54.87362299380256,Sinaloa,Sinaloa,Médico,1
49.55480542776601,Jalisco,Jalisco,Policía,1
52.34747695472015,Jalisco,Sinaloa,Policía,0
55.41543954699559,Jalisco,Sinaloa,Médico,1
46.523490726072865,Jalisco,Sinaloa,Policía,1
55.883969477043806,Jalisco,Jalisco,Policía,0
35.18162027308509,Jalisco,Jalisco,Médico,1
35.35156222540924,Jalisco,Sinaloa,Médico,1
57.978221889846985,Sinaloa,Sinaloa,Policía,0
51.09555783544877,Jalisco,Sinaloa,Médico,1
51.71523516501133,Jalisco,Sinaloa,Policía,0
52.12424267695563,Jalisco,Jalisco,Policía,0
55.07382676916772,Jalisco,Sinaloa,Policía,0
51.65297124080813,Jalisco,Jalisco,Policía,1
37.34066984811723,Jalisco,Sinaloa,Médico,1
58.03723309270098,Sinaloa,Sinaloa,Médico,1
56.812968985139534,Sinaloa,Jalisco,Médico,0
61.34056694252943,CDMX,Jalisco,Policía,0
49.842175767982106,Sinaloa,Sinaloa,Policía,0
43.68100736372203,Jalisco,Jalisco,Médico,1
52.3859690054589,Jalisco,Sinaloa,Médico,1
56.68440009926977,Jalisco,Sinaloa,Policía,0
56.121267431708425,Sinaloa,Sinaloa,Policía,0
54.18092090610718,Jalisco,Sinaloa,Policía,0
57.33964434066482,Jalisco,Sinaloa,Policía,0
57.796828873496175,Sinaloa,Sinaloa,Médico,1
53.00415672449722,Sinaloa,Sinaloa,Médico,0
43.144851636257854,Jalisco,Sinaloa,Médico,1
54.256987146814964,Sinaloa,Jalisco,Policía,0
54.501894496943386,Sinaloa,Sinaloa,Médico,0
51.82092788941531,Jalisco,Jalisco,Policía,0
52.11876642359059,Sinaloa,Sinaloa,Médico,0
50.01073228989147,Sinaloa,Sinaloa,Médico,0
49.22753706829999,Sinaloa,Sinaloa,Médico,0
49.4397607161703,Jalisco,Jalisco,Policía,0
53.0870648903281,Jalisco,Jalisco,Policía,0
53.94502082193369,Jalisco,Jalisco,Médico,1
49.50305124742612,Sinaloa,Jalisco,Médico,0
54.39784896053866,Jalisco,Jalisco,Médico,1
40.722408658652306,Jalisco,Jalisco,Policía,1
49.6941942967087,Sinaloa,Sinaloa,Médico,0
29.486586423636844,Sinaloa,Sinaloa,Médico,1
54.18840411730805,Jalisco,Sinaloa,Médico,1
51.496247696114466,Sinaloa,Jalisco,Policía,0
27.832637457274103,Sinaloa,Jalisco,Profesor,1
50.63869411047812,Jalisco,Sinaloa,Médico,0
55.11148618126333,Jalisco,Jalisco,Policía,0
31.231805895654666,Sinaloa,Sinaloa,Médico,1
51.3636903323283,Jalisco,Sinaloa,Médico,1
54.401138829510586,Jalisco,Sinaloa,Médico,1
56.49490073509973,Sinaloa,Sinaloa,Policía,0
57.32839154530777,Sinaloa,Jalisco,Médico,0
50.91659156067977,Jalisco,Jalisco,Policía,0
31.68870227433179,Sinaloa,Sinaloa,Médico,0
49.897840201421644,Jalisco,Sinaloa,Médico,1
52.28083185568772,Jalisco,Sinaloa,Policía,0
50.71488845220125,Sinaloa,CDMX,Chef,0
55.1967064355987,Sinaloa,Jalisco,Médico,1
56.6089756971516,Sinaloa,Sinaloa,Médico,0
36.24134987882131,Jalisco,Jalisco,Médico,1
52.42215987922371,Jalisco,Sinaloa,Médico,1
56.478227180372016,Sinaloa,Jalisco,Médico,0
50.32327346918468,Jalisco,Jalisco,Policía,1
45.008467253494416,Jalisco,Jalisco,Policía,1
57.069450950344354,Jalisco,Sinaloa,Médico,1
52.17808774591114,Jalisco,Jalisco,Médico,1
50.812196921790644,Sinaloa,Sinaloa,Médico,0
47.73061480338073,Jalisco,Sinaloa,Policía,1
54.295975003620974,Jalisco,Sinaloa,Médico,1
51.96041305469022,Sinaloa,Sinaloa,Policía,1
44.92658330557228,Jalisco,Sinaloa,Médico,1
51.56562811399257,Jalisco,Jalisco,Policía,0
35.03129101164427,Jalisco,Sinaloa,Médico,1
47.3916756038331,Jalisco,Jalisco,Médico,0
58.572639723667926,Sinaloa,Sinaloa,Policía,0
51.522833884687024,Sinaloa,Jalisco,Médico,0
56.528615863921544,Jalisco,Jalisco,Policía,0
51.97434962399107,Jalisco,Sinaloa,Médico,1
55.923518930187775,Sinaloa,Sinaloa,Policía,0
57.297262621447615,Jalisco,Jalisco,Policía,0
29.980051842011534,Sinaloa,Sinaloa,Médico,1
50.03981712583949,Jalisco,Sinaloa,Policía,1
56.25026788113766,Jalisco,Jalisco,Médico,1
49.51424957048672,Jalisco,Sinaloa,Profesor,0
46.91770592389146,Jalisco,Sinaloa,Profesor,0
54.390125040600864,Jalisco,Sinaloa,Médico,1
39.544510154484044,Jalisco,Jalisco,Médico,1
54.834129810609625,Sinaloa,Sinaloa,Médico,0
48.67966368329256,Jalisco,Sinaloa,Policía,1
53.858979529188915,Jalisco,Sinaloa,Policía,1
42.227567524800655,Jalisco,Sinaloa,Médico,1
54.5782291386972,Jalisco,Jalisco,Policía,0
52.74998699151814,Sinaloa,Sinaloa,Chef,0
52.63934042420547,Jalisco,CDMX,Médico,1
53.60671544746323,Jalisco,Sinaloa,Policía,0
52.536987604246036,Jalisco,Sinaloa,Médico,1
52.32480411750424,Jalisco,Sinaloa,Policía,0
54.63629419663264,Sinaloa,Sinaloa,Médico,0
59.23198156624018,Sinaloa,Sinaloa,Policía,0
53.61560125354342,Jalisco,Sinaloa,Médico,1
55.25123559560939,Sinaloa,Sinaloa,Policía,1
53.75644389276935,Sinaloa,Jalisco,Médico,0
42.02924604802751,Jalisco,Sinaloa,Médico,1
45.37897466088572,Jalisco,Sinaloa,Policía,1
29.212385473099083,Sinaloa,Sinaloa,Profesor,1
52.02009514585811,Sinaloa,Jalisco,Médico,0
55.64711063859855,Jalisco,Jalisco,Médico,1
44.68563450121843,Jalisco,Jalisco,Policía,1
34.971418797240204,Jalisco,Sinaloa,Médico,1
51.160963458232466,Jalisco,Sinaloa,Médico,1
55.76144304737123,Sinaloa,Jalisco,Médico,1
47.634771696255896,Jalisco,Sinaloa,Médico,1
36.79254848475042,Jalisco,Sinaloa,Médico,1
55.887271108043805,Sinaloa,Sinaloa,Policía,0
36.89187822257635,Jalisco,Sinaloa,Médico,1
29.025013409160128,Sinaloa,Sinaloa,Profesor,1
49.987350093329574,Jalisco,Sinaloa,Policía,0
49.68930788031783,Jalisco,Jalisco,Médico,0
33.17197228592322,Sinaloa,Jalisco,Médico,1
51.257109024358826,Jalisco,Sinaloa,Policía,1
49.978740459750746,Jalisco,Sinaloa,Médico,0
53.250704491404434,Jalisco,Sinaloa,Chef,0
39.1353625002636,Jalisco,Jalisco,Médico,1
51.83972978546344,Sinaloa,Jalisco,Médico,0
55.26965516293379,Sinaloa,Sinaloa,Médico,1
41.49950598836001,Jalisco,Sinaloa,Médico,1
51.44750684749554,Jalisco,Jalisco,Policía,0
51.243499209502836,Jalisco,Sinaloa,Médico,1
39.77914163581228,Jalisco,Jalisco,Médico,1
38.79664214467813,Jalisco,Jalisco,Médico,1
55.275351192949216,Jalisco,Sinaloa,Médico,1
54.549765031024165,Jalisco,Jalisco,Médico,1
48.46605627553282,Jalisco,Jalisco,Policía,1
52.332799899990555,Sinaloa,Sinaloa,Médico,1
51.01512718307252,Jalisco,Jalisco,Policía,0
43.23049918373425,Jalisco,Sinaloa,Policía,1
32.72258695080005,Jalisco,Jalisco,Médico,1
52.914634276763195,Jalisco,Jalisco,Policía,0
52.862167996249276,Jalisco,Sinaloa,Médico,1
49.65884381226082,Jalisco,Jalisco,Médico,1
46.123637859274695,Jalisco,Jalisco,Policía,1
39.55120464622489,Jalisco,Sinaloa,Médico,1
29.435820758397462,Sinaloa,Sinaloa,Profesor,1
54.171284968387944,Sinaloa,Sinaloa,Profesor,0
25.62645366629328,Sinaloa,Jalisco,Profesor,1
51.407955074928985,Jalisco,Jalisco,Médico,1
50.668533430711406,Jalisco,Sinaloa,Médico,1
46.86432460320657,Jalisco,Sinaloa,Policía,1
53.25091754557203,Jalisco,Jalisco,Chef,0
53.287330963805935,Jalisco,Sinaloa,Policía,0
49.926575226499466,Sinaloa,Jalisco,Médico,0
56.153415733154254,Sinaloa,Sinaloa,Chef,0
53.15979133606091,Sinaloa,Sinaloa,Médico,0
38.79985988649594,Jalisco,Sinaloa,Médico,1
55.019310563829876,Sinaloa,Sinaloa,Médico,0
50.53122142658314,Jalisco,Sinaloa,Policía,1
54.92469614752862,Jalisco,Jalisco,Policía,0
57.76987702516079,Jalisco,Sinaloa,Profesor,1
46.58394872179569,Jalisco,Sinaloa,Médico,0
46.09807679836994,Jalisco,Jalisco,Médico,0
26.458038253601742,Sinaloa,Jalisco,Profesor,1
41.91080418798901,Jalisco,Jalisco,Médico,1
50.275423542945944,Jalisco,Jalisco,Médico,1
50.701624295784185,Jalisco,Sinaloa,Médico,1
55.79970860227741,Sinaloa,Sinaloa,Médico,1
51.41198067074304,Jalisco,Sinaloa,Policía,1
57.94182071579335,Sinaloa,Jalisco,Policía,0
53.878096951451056,Jalisco,Jalisco,Médico,1
56.8283511752493,Jalisco,Sinaloa,Profesor,1
33.71068936083437,Jalisco,Jalisco,Médico,1
57.519374682098466,Sinaloa,Sinaloa,Profesor,1
54.002030965989235,Sinaloa,Jalisco,Policía,0
39.72215642355728,Jalisco,Sinaloa,Médico,1
44.229860299628854,Jalisco,Sinaloa,Médico,1
60.83741691418237,Sinaloa,Sinaloa,Médico,1
55.36159679377531,Jalisco,Jalisco,Médico,1
55.79259168050273,Jalisco,Jalisco,Chef,0
52.950549182934736,Jalisco,Sinaloa,Chef,0
54.09499275513123,Sinaloa,Sinaloa,Médico,0
52.02731613180461,Jalisco,Jalisco,Médico,1
42.86912695100787,Jalisco,Sinaloa,Policía,1
50.333992624609984,Jalisco,Sinaloa,Chef,0
51.34832725962016,Sinaloa,Jalisco,Chef,0
51.99337209846901,Jalisco,Jalisco,Policía,0
40.01699345561212,Jalisco,Sinaloa,Policía,1
52.9839664560334,Jalisco,Sinaloa,Policía,1
48.385912301174486,Jalisco,Sinaloa,Policía,0
52.35536601869497,Sinaloa,Sinaloa,Médico,0
54.112823870832955,Jalisco,Jalisco,Médico,0
54.226070424809194,Jalisco,Jalisco,Policía,0
32.403892136972324,Jalisco,Jalisco,Médico,1
52.86107619590917,Jalisco,Jalisco,Profesor,1
53.921805854422836,Jalisco,Sinaloa,Profesor,1
57.49328933933545,Sinaloa,Jalisco,Policía,0
51.360171441971005,Jalisco,Sinaloa,Chef,0
55.75048316622545,Jalisco,Sinaloa,Médico,1
52.195186578268235,Jalisco,Sinaloa,Médico,1
52.15594685925242,Jalisco,Jalisco,Médico,1
54.662777304844006,Jalisco,Jalisco,Médico,1
52.56606619325971,Sinaloa,CDMX,Médico,0
53.200531178762226,Sinaloa,Jalisco,Policía,0
38.412886466754145,Jalisco,Sinaloa,Médico,1
52.039586102321955,Sinaloa,Sinaloa,Policía,0
51.017358749255926,Jalisco,Jalisco,Policía,1
53.70446256653836,Jalisco,Jalisco,Chef,0
39.31280987444579,Jalisco,Jalisco,Médico,1
50.11435894803456,Sinaloa,Jalisco,Chef,0
43.62310437949564,Jalisco,Sinaloa,Médico,1
48.276058189634355,Jalisco,Jalisco,Policía,1
53.26928498290794,Sinaloa,Jalisco,Chef,0
49.59653218534889,Sinaloa,Jalisco,Médico,0
34.24499855948797,Jalisco,Jalisco,Médico,1
50.773915607682305,Jalisco,Jalisco,Policía,1
53.266326741958636,Jalisco,Jalisco,Chef,0
55.326228808312045,Jalisco,Jalisco,Médico,1
49.30572283785731,Jalisco,Sinaloa,Policía,1
54.405350701892175,Sinaloa,Sinaloa,Policía,0
37.22384891045249,Jalisco,Sinaloa,Médico,1
52.02667065456963,Sinaloa,Sinaloa,Médico,0
51.24706479867243,Jalisco,Sinaloa,Médico,1
50.16945412391354,Jalisco,Sinaloa,Policía,1
53.4315997506313,Sinaloa,Jalisco,Policía,0
52.50215340989524,Jalisco,Jalisco,Médico,1
57.03351429673625,Sinaloa,Jalisco,Médico,0
50.795341445170365,Jalisco,Jalisco,Profesor,0
51.7405218819346,Jalisco,Jalisco,Médico,1
52.43810970724819,Sinaloa,Sinaloa,Médico,0
53.59008399665324,Jalisco,Jalisco,Médico,1
60.160548481107135,Sinaloa,Jalisco,Médico,1
51.104260026985465,Jalisco,Jalisco,Chef,0
53.36127262577765,Sinaloa,Jalisco,Médico,1
38.21674938870351,Jalisco,Jalisco,Médico,1
50.18947796284554,Sinaloa,Jalisco,Policía,0
56.76243853261133,Sinaloa,Jalisco,Policía,0
54.91385530317488,Jalisco,Jalisco,Médico,1
54.19315878886924,Jalisco,Sinaloa,Chef,0
53.15750041993256,Jalisco,Sinaloa,Policía,0
33.484135884444136,Jalisco,Jalisco,Médico,1
52.698551375963326,Jalisco,Jalisco,Médico,1
51.75933185033376,Jalisco,Jalisco,Policía,1
56.68453861534413,Jalisco,Jalisco,Médico,1
29.65874932915743,Sinaloa,Sinaloa,Profesor,1
53.57864116318954,Sinaloa,Jalisco,Médico,0
53.91626966319315,Jalisco,Jalisco,Policía,0
41.83647150758383,Jalisco,Sinaloa,Médico,1
50.02507606689448,Jalisco,Sinaloa,Policía,1
38.87449261536396,Jalisco,Sinaloa,Médico,1
53.94151170186145,Sinaloa,Sinaloa,Médico,0
42.10044767437647,Jalisco,CDMX,Médico,1
56.707086123938424,Sinaloa,Sinaloa,Médico,0
41.906242935207615,Jalisco,Sinaloa,Médico,1
51.206484777350724,Sinaloa,Jalisco,Médico,0
55.1650821569287,Sinaloa,Sinaloa,Policía,0
50.58506500698376,Jalisco,Sinaloa,Médico,1
50.83109574083331,Jalisco,Jalisco,Médico,1
53.346468101712155,Jalisco,Jalisco,Policía,0
54.1883056543604,Jalisco,Jalisco,Policía,0
53.077035462579246,Jalisco,Jalisco,Policía,0
51.89478319159987,Jalisco,Jalisco,Policía,0
54.68725315838292,Sinaloa,Jalisco,Médico,1
34.218252751457364,Sinaloa,Sinaloa,Médico,1
54.91081278837796,Sinaloa,Sinaloa,Médico,0
52.52971888932618,Sinaloa,Sinaloa,Chef,0
43.06235029867392,Jalisco,Jalisco,Policía,1
49.68582677323528,Sinaloa,Jalisco,Médico,0
34.80648211234774,Jalisco,Jalisco,Médico,1
50.56749360975392,Jalisco,Sinaloa,Policía,1
52.73338735708129,Jalisco,Jalisco,Chef,0
54.28658657013817,Sinaloa,Sinaloa,Chef,0
26.90789030556089,Sinaloa,Sinaloa,Profesor,1
53.87597428419686,Sinaloa,Sinaloa,Médico,0
51.08976837891405,Jalisco,Jalisco,Chef,0
43.282746649736325,Jalisco,Sinaloa,Médico,1
38.44593973894784,Jalisco,Sinaloa,Médico,1
41.14018584701664,Jalisco,Sinaloa,Médico,1
45.8868971320535,Jalisco,Jalisco,Policía,1
47.766838699794064,Sinaloa,Jalisco,Chef,0
57.928099667749066,Jalisco,Sinaloa,Médico,1
43.27262790553064,Jalisco,Jalisco,Médico,1
53.551834807000866,Sinaloa,Sinaloa,Médico,1
35.18127354693495,Jalisco,Sinaloa,Médico,1
36.14458006955347,Jalisco,Sinaloa,Médico,1
49.90592681446997,Jalisco,Jalisco,Policía,1
49.60791512518259,Jalisco,Sinaloa,Médico,1
54.87221957327022,Sinaloa,Sinaloa,Médico,0
41.799339019546636,Jalisco,Sinaloa,Médico,1
39.94609950768736,Jalisco,Jalisco,Médico,1
50.981047411185806,Jalisco,Sinaloa,Profesor,0
52.16755291491329,Jalisco,Jalisco,Médico,1
56.928929410712065,Sinaloa,Jalisco,Policía,0
52.02473516157774,Jalisco,Jalisco,Policía,1
46.203001733401315,Jalisco,Sinaloa,Médico,0
42.698245657679195,Jalisco,Sinaloa,Policía,1
51.72089070066066,Jalisco,Sinaloa,Chef,0
49.344051847322106,Sinaloa,Sinaloa,Policía,0
43.10386471450525,Jalisco,Jalisco,Policía,1
52.77241226032173,Sinaloa,Jalisco,Policía,0
42.93508137449756,Jalisco,Jalisco,Policía,1
51.879119002221984,Sinaloa,Sinaloa,Policía,0
55.4556625043834,Sinaloa,Sinaloa,Policía,1
51.25215559522085,Jalisco,Sinaloa,Policía,0
51.13285367335374,Jalisco,Sinaloa,Médico,1
49.94532510840777,Jalisco,Jalisco,Policía,0
55.28587776411048,Sinaloa,Sinaloa,Chef,0
55.13663119345042,Jalisco,Jalisco,Médico,1
58.11188125828053,Sinaloa,Sinaloa,Médico,0
46.81853037737998,Jalisco,Sinaloa,Policía,1
52.57262869034451,Sinaloa,Sinaloa,Médico,0
51.80229148697123,Sinaloa,Sinaloa,Médico,0
51.21072047276762,Sinaloa,Jalisco,Médico,1
52.48734513268461,Sinaloa,Sinaloa,Médico,0
50.65220247523658,Jalisco,Jalisco,Policía,0
57.05102549186793,Sinaloa,Sinaloa,Médico,1
52.98249144398998,Sinaloa,Sinaloa,Médico,1
54.79124299701511,Jalisco,Sinaloa,Médico,1
53.01184367125834,Sinaloa,Sinaloa,Policía,1
51.35285133271953,Jalisco,Sinaloa,Médico,1
57.53405971602404,Jalisco,CDMX,Policía,0
44.243029069764376,Jalisco,Sinaloa,Médico,0
57.35360466604582,Sinaloa,Sinaloa,Policía,0
52.44473424933998,Sinaloa,Jalisco,Médico,0
54.22355128783123,Jalisco,Sinaloa,Médico,1
29.70823743576088,Sinaloa,Jalisco,Profesor,1
40.894878259794694,Jalisco,Sinaloa,Médico,1
42.92388051227242,Jalisco,Jalisco,Médico,1
48.72848037902152,Jalisco,Sinaloa,Policía,1
51.25898014827076,Jalisco,Sinaloa,Médico,1
55.42424376589284,Sinaloa,Sinaloa,Médico,0
51.204948381737324,Sinaloa,Sinaloa,Médico,0
43.86512407134607,Jalisco,Sinaloa,Médico,1
56.81960152440375,Jalisco,Jalisco,Policía,1
50.48564113753004,Jalisco,Jalisco,Policía,0
58.46483284307848,Sinaloa,Sinaloa,Médico,0
52.938221182517545,Sinaloa,Jalisco,Médico,0
53.638291463004094,Jalisco,Sinaloa,Policía,1
51.885365062968965,Jalisco,Sinaloa,Médico,1
43.55560625937087,Jalisco,Sinaloa,Policía,1
40.45766832675372,Jalisco,Jalisco,Médico,1
51.44770848965494,Sinaloa,Sinaloa,Médico,0
51.66455717592686,Jalisco,Sinaloa,Médico,1
55.446089339030124,Jalisco,Sinaloa,Médico,1
50.630321722699286,Jalisco,Sinaloa,Policía,1
37.526881773097635,Jalisco,Jalisco,Profesor,1
38.52708039288841,Jalisco,Jalisco,Policía,1
41.22583999614415,Jalisco,Sinaloa,Médico,1
53.04330714885126,Jalisco,Jalisco,Médico,1
55.81156760408079,Sinaloa,Jalisco,Médico,0
55.40454679357821,Jalisco,Jalisco,Policía,0
55.0417811017124,Jalisco,Jalisco,Policía,0
48.32067791370774,Jalisco,Sinaloa,Médico,0
38.73851155812878,Jalisco,Sinaloa,Médico,1
52.814599830675526,Jalisco,Sinaloa,Médico,0
56.37956208641838,Jalisco,Jalisco,Chef,0
49.45392648050921,Jalisco,Sinaloa,Policía,1
30.726187045074038,Sinaloa,Sinaloa,Médico,1
35.568031652746456,Sinaloa,Sinaloa,Profesor,1
54.99379152081935,Jalisco,Jalisco,Policía,0
37.845517893786116,Jalisco,Sinaloa,Médico,1
32.83391082916218,Sinaloa,Sinaloa,Médico,1
52.628426523341574,Sinaloa,Sinaloa,Médico,0
51.9186570500322,Jalisco,Sinaloa,Médico,1
51.787809009227374,Sinaloa,Sinaloa,Médico,0
46.931934766119134,Jalisco,Sinaloa,Policía,0
48.795875136141206,Jalisco,Sinaloa,Médico,1
48.3296447266841,Sinaloa,Sinaloa,Chef,0
56.51354370375464,Jalisco,Sinaloa,Policía,0
54.610920025232566,Jalisco,Jalisco,Policía,0
53.24815987553885,Sinaloa,Jalisco,Médico,0
56.02042766878643,Sinaloa,Jalisco,Médico,0
55.77716532486098,Sinaloa,Sinaloa,Ingeniero,0
41.70646649269193,Jalisco,Sinaloa,Médico,0
36.890034726633004,Jalisco,Sinaloa,Médico,1
53.861667560621584,Jalisco,Sinaloa,Policía,0
48.70828040620333,Jalisco,Sinaloa,Policía,1
47.712808030395,Jalisco,Jalisco,Chef,0
31.6970288643276,Sinaloa,Sinaloa,Profesor,1
41.76005762590902,Jalisco,Sinaloa,Policía,1
52.45516981484993,Sinaloa,Sinaloa,Médico,0
53.811551219862324,Sinaloa,Sinaloa,Policía,1
43.08320378057276,Jalisco,Sinaloa,Médico,1
38.46390305683542,Jalisco,Sinaloa,Médico,1
54.251022610997225,Jalisco,Sinaloa,Policía,0
32.06423263503372,Sinaloa,Sinaloa,Profesor,1
52.842436298578995,Jalisco,Sinaloa,Médico,1
53.26824641539802,Jalisco,Jalisco,Médico,0
37.887467919901184,Jalisco,Sinaloa,Médico,1
52.289902997801654,Sinaloa,Jalisco,Médico,0
57.54383561717742,Sinaloa,Jalisco,Chef,0
56.442848043600776,Jalisco,Sinaloa,Médico,1
56.294621620611544,Jalisco,Sinaloa,Médico,1
40.21638311747739,Jalisco,Sinaloa,Médico,1
39.335492874317495,Jalisco,Sinaloa,Médico,1
52.077117702714915,Jalisco,Jalisco,Policía,1
55.322520589642465,Sinaloa,Jalisco,Médico,0
37.614573143956946,Jalisco,Jalisco,Médico,1
54.63256358910783,Sinaloa,Jalisco,Médico,0
42.5547101570487,Jalisco,Sinaloa,Médico,1
49.08125051270959,Jalisco,Sinaloa,Médico,0
55.93229305480831,Jalisco,Sinaloa,Médico,1
51.06251145039058,Sinaloa,Jalisco,Policía,0
55.76088368462994,Jalisco,Jalisco,Policía,0
58.512472516645396,Sinaloa,Jalisco,Policía,0
54.269230149079775,Jalisco,Jalisco,Policía,0
50.142162728142935,Sinaloa,Sinaloa,Médico,0
45.766565488414585,Jalisco,Sinaloa,Médico,0
53.754563531688,Jalisco,Sinaloa,Médico,1
45.89053227054862,Jalisco,Jalisco,Médico,0
54.157186256169844,Sinaloa,Jalisco,Médico,0
51.94658203731162,Jalisco,Jalisco,Médico,0
54.78466856229136,Jalisco,Jalisco,Policía,0
51.5656329094376,Jalisco,Jalisco,Médico,1
51.49673544818503,Sinaloa,Sinaloa,Chef,0
53.353085392839276,Jalisco,Jalisco,Policía,0
53.888888672219714,Jalisco,Sinaloa,Médico,1
45.13203557477126,Jalisco,Sinaloa,Policía,1
52.519227597071286,Sinaloa,Jalisco,Médico,0
50.485204971035266,Jalisco,Sinaloa,Médico,0
43.37278288655026,Jalisco,Sinaloa,Médico,1
58.40169216752037,Sinaloa,Jalisco,Médico,0
51.874706895812785,Sinaloa,Sinaloa,Médico,0
55.47596066087714,Sinaloa,Sinaloa,Médico,0
51.013167298125886,Jalisco,Sinaloa,Policía,0
51.123574446092036,Jalisco,Sinaloa,Médico,1
53.70592840194944,Sinaloa,Jalisco,Chef,0
54.11319428154092,Jalisco,Sinaloa,Policía,0
47.85029370553026,Jalisco,Sinaloa,Profesor,0
54.15232049083409,Sinaloa,Sinaloa,Policía,0
58.08405371137655,Sinaloa,Sinaloa,Médico,1
50.879915225313596,Jalisco,Sinaloa,Policía,0
35.60836712141135,Jalisco,Sinaloa,Médico,1
53.222463576948236,Jalisco,Sinaloa,Policía,0
55.26781437571316,Sinaloa,Sinaloa,Policía,0
51.193974570938316,Sinaloa,Jalisco,Médico,0
52.52864832324047,Jalisco,Sinaloa,Médico,0
51.51942499711759,Sinaloa,Sinaloa,Médico,0
48.159183064295995,Jalisco,Sinaloa,Policía,1
51.82284074364179,Jalisco,Sinaloa,Policía,0
39.1907811857548,Jalisco,Sinaloa,Médico,1
53.69444104070779,Jalisco,Sinaloa,Policía,0
48.16407066514189,Jalisco,Sinaloa,Policía,1
29.397614818188995,Sinaloa,Sinaloa,Profesor,1
51.32233790105045,Sinaloa,Sinaloa,Médico,0
49.32771876405944,Sinaloa,Jalisco,Médico,0
55.13960810250235,Sinaloa,Sinaloa,Profesor,0
55.38191484192642,Sinaloa,Jalisco,Médico,0
53.75971425715533,Sinaloa,Jalisco,Médico,1
50.44929246262387,Sinaloa,Sinaloa,Médico,0
55.89403232889505,Sinaloa,Sinaloa,Médico,0
55.50416828637194,Jalisco,Jalisco,Policía,0
48.6942370657178,Jalisco,Jalisco,Médico,1
51.68501692377275,Jalisco,Jalisco,Médico,1
54.85003689616014,Sinaloa,Sinaloa,Médico,0
55.53190345334305,Sinaloa,Jalisco,Médico,0
48.97561973487508,Sinaloa,Sinaloa,Médico,0
51.30384490734447,Jalisco,Sinaloa,Policía,0
57.02012985226848,Sinaloa,Jalisco,Médico,1
50.7958331580711,Sinaloa,Sinaloa,Policía,1
52.792618468958466,Jalisco,Sinaloa,Policía,1
51.90138643776628,Jalisco,Sinaloa,Médico,1
51.13809393445339,Jalisco,Sinaloa,Médico,1
52.36996076815105,Sinaloa,Sinaloa,Médico,0
52.689564236440894,Jalisco,Jalisco,Médico,1
53.70748233589962,Jalisco,Sinaloa,Médico,0
46.71639406149968,Jalisco,Jalisco,Policía,1
53.56277572080905,Sinaloa,Sinaloa,Chef,0
53.06413305910125,Sinaloa,Sinaloa,Policía,0
35.97627521005934,Jalisco,Sinaloa,Médico,1
53.47156850284181,Jalisco,Jalisco,Policía,0
42.73112465541939,Jalisco,Sinaloa,Médico,1
56.205471373853214,Sinaloa,Jalisco,Médico,0
55.339502024961725,Jalisco,Sinaloa,Policía,0
52.95711176487935,Sinaloa,Sinaloa,Médico,0
49.42412902181756,Sinaloa,Sinaloa,Policía,0
52.96432853804034,Sinaloa,Sinaloa,Médico,0
49.106777777036775,Jalisco,Sinaloa,Policía,1
51.750547977833754,Sinaloa,Sinaloa,Médico,0
55.846934691624305,Sinaloa,Jalisco,Médico,1
52.8736786410378,Jalisco,Jalisco,Médico,1
54.31260452457379,Sinaloa,Jalisco,Policía,0
56.00153489890283,Jalisco,Sinaloa,Policía,0
54.903847356328704,Sinaloa,Sinaloa,Policía,0
51.795237196607644,Jalisco,Jalisco,Médico,1
51.82057615371771,Sinaloa,Sinaloa,Chef,0
51.57317177162581,Jalisco,Jalisco,Policía,1
48.88537820659006,Jalisco,Jalisco,Policía,0
50.089663731690905,Jalisco,Sinaloa,Médico,0
40.129543048140384,Jalisco,Sinaloa,Médico,1
49.22933900040433,Jalisco,Jalisco,Médico,1
55.57465743353246,Jalisco,CDMX,Médico,1
53.286789253907955,Jalisco,Sinaloa,Médico,1
56.397250333115664,Jalisco,Sinaloa,Médico,1
54.91444722353065,Jalisco,Sinaloa,Policía,0
52.728095961047465,Sinaloa,Sinaloa,Policía,1
51.000609669951,Sinaloa,Sinaloa,Policía,0
34.200450661802286,Jalisco,Jalisco,Médico,1
39.50228113694313,Jalisco,Sinaloa,Médico,1
51.77002307237936,Jalisco,Jalisco,Médico,1
51.564161896997646,Jalisco,Jalisco,Policía,0
52.12815724024712,Sinaloa,Sinaloa,Médico,0
40.32993692884794,Jalisco,Sinaloa,Médico,1
41.144693491522304,Jalisco,Sinaloa,Médico,1
45.95763645868144,Jalisco,Sinaloa,Médico,0
50.971782380108316,Jalisco,Sinaloa,Médico,1
56.25266047504127,Sinaloa,Sinaloa,Médico,0
50.68408006955644,Sinaloa,Sinaloa,Chef,0
49.976346983223046,Sinaloa,Sinaloa,Médico,0
41.434178509771975,Jalisco,Sinaloa,Médico,1
50.87876406869393,Jalisco,Sinaloa,Chef,0
53.76856826741767,Jalisco,Sinaloa,Médico,1
37.59496231177984,Jalisco,Jalisco,Médico,1
50.30997437657404,Sinaloa,Sinaloa,Médico,0
51.86076049376794,Sinaloa,Sinaloa,Médico,0
57.79279712671434,Sinaloa,Jalisco,Médico,0
51.46399069686825,Sinaloa,Sinaloa,Médico,0
50.428626963404945,Jalisco,Sinaloa,Médico,1
44.223392456477136,Jalisco,Jalisco,Policía,1
59.707397936037324,Sinaloa,Sinaloa,Policía,0
33.413758097787905,Sinaloa,Jalisco,Profesor,1
43.53412453751119,Jalisco,Sinaloa,Médico,1
55.68046027902776,Sinaloa,Jalisco,Médico,0
33.8520223231512,Jalisco,Jalisco,Médico,1
54.9010887587786,Sinaloa,Sinaloa,Médico,1
52.374841144171285,Sinaloa,Sinaloa,Profesor,0
52.7223891512063,Sinaloa,Sinaloa,Médico,1
52.620629172315724,Jalisco,Jalisco,Policía,0
55.12616333419679,Jalisco,Sinaloa,Policía,0
52.886502285852266,Jalisco,Sinaloa,Policía,1
53.342833512527996,Sinaloa,Jalisco,Chef,0
52.70565135375365,Jalisco,Sinaloa,Médico,1
56.614479805239874,Jalisco,Sinaloa,Policía,0
53.59266789706839,Jalisco,Jalisco,Policía,0
57.8350464562256,Sinaloa,Jalisco,Médico,0
47.19666403413829,Jalisco,Sinaloa,Policía,1
50.15666500695112,Jalisco,Sinaloa,Médico,1
53.888003384836956,Sinaloa,Sinaloa,Chef,0
50.92339082083597,Jalisco,Sinaloa,Policía,1
34.91131626503531,Jalisco,Sinaloa,Médico,1
43.29165238112961,Jalisco,Sinaloa,Médico,1
51.23367985164848,Sinaloa,Jalisco,Médico,0
52.05960812100884,Jalisco,Sinaloa,Médico,1
51.63278227446597,Jalisco,Sinaloa,Médico,1
53.34383798360865,Jalisco,Sinaloa,Médico,1
42.23888804344438,Jalisco,Sinaloa,Médico,1
41.072895345285495,Jalisco,Sinaloa,Médico,1
58.41104272836399,Sinaloa,Sinaloa,Policía,0
36.31631544189651,Jalisco,Jalisco,Médico,1
51.97005358564608,Sinaloa,Jalisco,Médico,0
54.17108241450582,Jalisco,Jalisco,Chef,0
56.84903721304488,Sinaloa,Sinaloa,Médico,1
56.65835211336856,Sinaloa,Jalisco,Chef,0
50.419446039832934,Sinaloa,Jalisco,Médico,1
57.78583206614172,Sinaloa,Jalisco,Profesor,0
38.721711657429886,Jalisco,Sinaloa,Médico,1
55.79116352695585,Sinaloa,Jalisco,Médico,0
57.34169372877822,Sinaloa,Sinaloa,Chef,0
58.553323585316654,Sinaloa,Sinaloa,Médico,0
54.40204218052868,Jalisco,Sinaloa,Policía,0
48.64743671769127,Jalisco,Sinaloa,Profesor,0
46.46868056496149,Jalisco,Jalisco,Policía,1
42.32709048693812,Jalisco,Jalisco,Policía,1
53.572964182336705,Jalisco,Sinaloa,Médico,1
47.5872782142122,Jalisco,Sinaloa,Médico,0
54.84108716687042,Jalisco,Jalisco,Policía,0
55.21407409777933,Sinaloa,Sinaloa,Policía,0
50.324624731258,Sinaloa,Sinaloa,Policía,1
54.67364832729408,Sinaloa,Sinaloa,Médico,0
52.41352916390062,Jalisco,Sinaloa,Médico,1
36.57493082511879,Jalisco,Sinaloa,Médico,1
53.606535239780435,Sinaloa,Sinaloa,Médico,0
53.27837769749377,Sinaloa,Sinaloa,Chef,0
55.45313776995708,Sinaloa,Sinaloa,Médico,1
54.91856437775657,Sinaloa,Sinaloa,Policía,0
43.98318579579286,Jalisco,Sinaloa,Médico,1
50.698832464691286,Jalisco,Sinaloa,Médico,0
51.79039529403354,Sinaloa,Jalisco,Médico,0
54.766555163943465,Jalisco,Sinaloa,Policía,0
47.90222462619542,Sinaloa,Jalisco,Médico,0
59.28053055910327,Sinaloa,Sinaloa,Médico,0
54.53039013314241,Sinaloa,Sinaloa,Médico,1
52.783528996349915,Sinaloa,Jalisco,Médico,0
49.497779688584444,Sinaloa,Sinaloa,Policía,1
54.07151710222977,Jalisco,Sinaloa,Médico,1
54.0295362020172,Jalisco,Sinaloa,Médico,1
37.112010546443955,Jalisco,Jalisco,Médico,1
51.389851347879556,Jalisco,Sinaloa,Médico,1
37.32559577199366,Jalisco,Sinaloa,Médico,1
51.51966293543482,Sinaloa,Jalisco,Médico,0
51.21121068183883,Sinaloa,Sinaloa,Médico,0
52.257614154083434,Jalisco,Jalisco,Chef,0
41.063103976066785,Jalisco,Sinaloa,Policía,1
52.37466925289249,Jalisco,Sinaloa,Médico,1
50.411548860689834,Jalisco,Sinaloa,Profesor,0
52.21571572864941,Jalisco,Jalisco,Policía,0
47.712936400481,Jalisco,CDMX,Policía,1
57.06935373357172,Sinaloa,Sinaloa,Médico,0
52.96855035988974,Jalisco,Jalisco,Policía,0
54.41555449852823,Sinaloa,Jalisco,Profesor,0
54.972523386119484,Sinaloa,Jalisco,Médico,0
55.95877279565385,Jalisco,Jalisco,Médico,1
54.0893220695206,Sinaloa,Jalisco,Médico,1
49.806198502081706,Jalisco,Sinaloa,Médico,1
51.97198763030247,Jalisco,Sinaloa,Médico,1
30.0770614754447,Sinaloa,Sinaloa,Profesor,1
51.48286930279592,Sinaloa,Sinaloa,Médico,0
55.79954928799745,Sinaloa,Jalisco,Policía,0
51.3259004935214,Jalisco,Jalisco,Policía,0
42.52618256434553,Jalisco,Sinaloa,Médico,1
54.91746102326941,Jalisco,Sinaloa,Chef,0
53.40921364223621,Jalisco,Sinaloa,Policía,1
52.25795779633405,Jalisco,Sinaloa,Médico,1
47.73042380375263,Jalisco,Sinaloa,Policía,1
49.3797901849934,Sinaloa,Sinaloa,Policía,1
32.848536748029325,Jalisco,Jalisco,Médico,1
48.76115085362184,Sinaloa,Sinaloa,Médico,0
55.10944489027707,Sinaloa,Jalisco,Policía,0
53.43219763186364,Jalisco,Sinaloa,Médico,1
53.13684557892144,Jalisco,Sinaloa,Policía,0
27.784475184471653,Sinaloa,Sinaloa,Médico,1
53.53204466043321,Sinaloa,Sinaloa,Médico,0
37.77553283494911,Jalisco,Jalisco,Médico,1
50.453179227388844,Jalisco,Sinaloa,Policía,1
61.22648857126562,Sinaloa,Sinaloa,Médico,0
41.978999626544415,Jalisco,Sinaloa,Policía,1
49.45221198450905,Jalisco,Jalisco,Policía,0
53.64762899342163,Jalisco,Sinaloa,Chef,0
40.13116221421631,Jalisco,Sinaloa,Médico,1
50.794394560926534,Sinaloa,Sinaloa,Policía,1
51.70069037301037,Jalisco,Sinaloa,Policía,0
53.83654049251825,Sinaloa,Sinaloa,Policía,1
47.754874816865865,Jalisco,Sinaloa,Médico,0
32.944328437136605,Jalisco,Sinaloa,Médico,1
52.99648989856563,Jalisco,Jalisco,Policía,0
55.563337702849985,Jalisco,CDMX,Policía,0
55.8762362798051,Sinaloa,Jalisco,Médico,0
51.332463674792685,Jalisco,Sinaloa,Policía,1
40.92029291722,Jalisco,Sinaloa,Policía,1
55.709951033043026,Jalisco,Sinaloa,Chef,0
53.265236295635766,Sinaloa,Sinaloa,Médico,0
44.60410407986114,Jalisco,Sinaloa,Médico,1
53.94835749293093,Jalisco,Sinaloa,Médico,1
49.37221329593996,Jalisco,Sinaloa,Médico,0
43.48299241935519,Jalisco,Jalisco,Policía,1
54.63273975642615,Sinaloa,Jalisco,Médico,1
52.70960422966226,Jalisco,Jalisco,Médico,1
55.774060017030806,Jalisco,Sinaloa,Policía,0
46.67251153381902,Jalisco,Sinaloa,Policía,1
52.08983466907524,Jalisco,Jalisco,Médico,1
54.756657759335134,Jalisco,Sinaloa,Médico,1
55.36840937738917,Jalisco,Jalisco,Médico,1
51.49398058750412,Jalisco,Sinaloa,Policía,0
54.10957046698627,Jalisco,Sinaloa,Policía,1
51.41675857839838,Jalisco,Sinaloa,Policía,1
56.13931399275266,Sinaloa,Jalisco,Médico,1
53.908700498039565,Jalisco,Jalisco,Policía,0
40.92104912200496,Jalisco,Jalisco,Médico,1
54.00400227272287,Jalisco,Sinaloa,Policía,0
52.69913831010757,Jalisco,Sinaloa,Médico,1
56.36691657339554,Sinaloa,Jalisco,Policía,0
43.82570326095404,Jalisco,Jalisco,Médico,1
53.08877694932027,Sinaloa,Jalisco,Médico,0
51.05971080810197,Jalisco,Sinaloa,Médico,1
28.83068816815662,Sinaloa,Sinaloa,Profesor,1
45.65045950865948,Jalisco,Jalisco,Policía,1
50.173661624924165,Sinaloa,Jalisco,Médico,0
52.45648847287594,Jalisco,Sinaloa,Médico,1
51.97049691357438,Sinaloa,Sinaloa,Médico,0
33.106967150968394,Sinaloa,Jalisco,Médico,1
51.238691666865456,Sinaloa,Jalisco,Médico,0
56.26711799801446,Sinaloa,Sinaloa,Chef,0
50.05761358394537,Jalisco,Sinaloa,Policía,1
42.762519904478324,Jalisco,Sinaloa,Policía,1
57.009122005685946,Sinaloa,Sinaloa,Médico,0
57.57611940170532,Sinaloa,Sinaloa,Médico,0
34.406236791868665,Jalisco,Jalisco,Médico,1
57.1779552380015,Jalisco,Jalisco,Policía,0
51.880124807066665,Jalisco,Sinaloa,Policía,0
57.08332659959025,Jalisco,Sinaloa,Policía,0
50.9077854195813,Sinaloa,Jalisco,Policía,0
47.226019259656084,Jalisco,Jalisco,Profesor,0
32.17864861206696,Jalisco,Sinaloa,Médico,1
55.69162334904644,Sinaloa,Jalisco,Médico,0
47.488549570335266,Jalisco,Jalisco,Policía,1
55.954085615925926,Jalisco,Sinaloa,Médico,1
40.27290899277507,Jalisco,Sinaloa,Médico,1
53.027726359790336,Sinaloa,Jalisco,Médico,0
51.388033129243965,Jalisco,Sinaloa,Policía,1
50.05148164001218,Jalisco,Sinaloa,Médico,0
52.99944983551364,Sinaloa,Sinaloa,Médico,0
54.335863547623795,Jalisco,Jalisco,Policía,0
54.11095909011664,Jalisco,Jalisco,Médico,1
52.25010145290932,Jalisco,Sinaloa,Chef,0
54.46792762020032,Sinaloa,Sinaloa,Médico,1
56.53973786001502,Sinaloa,Jalisco,Médico,1
53.77584551856786,Jalisco,Sinaloa,Médico,0
52.24796810664598,Jalisco,Sinaloa,Policía,0
52.475846738291,Jalisco,Sinaloa,Médico,0
46.367361397014676,Jalisco,Sinaloa,Policía,1
51.933286783704226,Sinaloa,Jalisco,Policía,0
51.42890161925374,Sinaloa,Jalisco,Médico,0
55.64740658980628,Jalisco,Jalisco,Médico,1
52.957834449073914,Jalisco,Sinaloa,Médico,1
56.75842015139241,Sinaloa,Sinaloa,Chef,0
53.295084896312986,Jalisco,Sinaloa,Policía,0
29.994500634897214,Sinaloa,Jalisco,Profesor,1
34.01554776605428,Jalisco,Sinaloa,Médico,1
57.969563684257295,Sinaloa,Sinaloa,Policía,0
54.33248432646198,Jalisco,Sinaloa,Médico,1
51.010407867569214,Jalisco,Jalisco,Policía,0
52.7502034348606,Sinaloa,Sinaloa,Policía,1
44.08196020927017,Jalisco,Jalisco,Médico,1
56.54842939457797,Jalisco,Sinaloa,Médico,1
52.95625641542996,Jalisco,Jalisco,Policía,0
39.20663721708244,Jalisco,Jalisco,Médico,1
46.66305777678032,Jalisco,Sinaloa,Médico,0
50.887179261276806,Sinaloa,Sinaloa,Médico,0
50.04701173921571,Sinaloa,Jalisco,Médico,0
51.30199651279814,Jalisco,Jalisco,Policía,1
50.56058806771831,Jalisco,Jalisco,Profesor,0
54.40831656244563,Jalisco,Sinaloa,Policía,0
50.97075182900716,Jalisco,Jalisco,Médico,1
53.87466043328365,Jalisco,Sinaloa,Policía,0
50.48950669292043,Jalisco,Sinaloa,Policía,0
52.01727796435009,Jalisco,Jalisco,Policía,0
44.91765359011328,Jalisco,Jalisco,Médico,1
53.26621833045915,Jalisco,Sinaloa,Policía,1
53.37982615959141,Sinaloa,Sinaloa,Chef,0
49.27813722142288,Jalisco,Sinaloa,Policía,0
35.41521427551389,Jalisco,Sinaloa,Médico,1
56.53518603832398,Jalisco,Sinaloa,Profesor,1
56.08645545491857,Jalisco,Sinaloa,Policía,0
49.78608858488269,Jalisco,Sinaloa,Policía,0
53.98786646047769,Sinaloa,Jalisco,Chef,0
38.91860252420794,Jalisco,Sinaloa,Policía,1
51.163890277883326,Jalisco,Jalisco,Policía,0
51.70210344769606,Jalisco,Jalisco,Médico,1
41.4727402473434,Jalisco,Jalisco,Médico,1
50.90101902925198,Jalisco,Jalisco,Profesor,0
55.269562821472604,Jalisco,Jalisco,Policía,0
50.650360893164965,Jalisco,Sinaloa,Policía,0
52.54656028564114,Sinaloa,Sinaloa,Médico,0
29.368035315526274,Sinaloa,Sinaloa,Médico,1
31.207801443438825,Sinaloa,Jalisco,Médico,1
38.48642284414317,Jalisco,Sinaloa,Médico,1
36.6781829389237,Jalisco,Jalisco,Médico,1
54.805044762400364,Jalisco,Sinaloa,Chef,0
29.188232925725252,Sinaloa,Sinaloa,Médico,1
32.62623386410421,Sinaloa,Sinaloa,Médico,1
38.29871598010931,Jalisco,Sinaloa,Médico,1
53.4467298900986,Sinaloa,Sinaloa,Médico,0
44.114593493562026,Jalisco,Sinaloa,Policía,1
34.45924748144275,Jalisco,Sinaloa,Médico,1
52.035435881210844,Jalisco,Jalisco,Policía,1
51.075669985381204,Jalisco,Jalisco,Policía,0
50.28443788631293,Sinaloa,Sinaloa,Médico,0
50.335304487354435,Sinaloa,Sinaloa,Policía,1
54.493727998192746,Sinaloa,Sinaloa,Policía,0
55.68623480083634,Jalisco,Sinaloa,Policía,0
55.558644105561726,Sinaloa,Sinaloa,Policía,0
50.43196752078593,Jalisco,Sinaloa,Médico,0
53.57725704328283,Sinaloa,Sinaloa,Médico,0
54.27236236390855,Sinaloa,Sinaloa,Policía,0
45.18782688654481,Jalisco,Jalisco,Policía,1
28.353068623998364,Sinaloa,Sinaloa,Profesor,1
52.52507350302431,Jalisco,Sinaloa,Policía,0
50.79973422289096,Jalisco,Jalisco,Médico,1
54.883653110978635,Jalisco,Jalisco,Policía,0
52.97778064108024,Jalisco,Sinaloa,Médico,1
50.552904185985334,Jalisco,Sinaloa,Policía,0
39.40735816201116,Jalisco,Jalisco,Policía,1
54.06289566104879,Jalisco,Sinaloa,Médico,1
52.117847426694205,Sinaloa,Jalisco,Médico,0
51.87345954491442,Jalisco,Jalisco,Policía,1
56.68935723434909,Sinaloa,Jalisco,Chef,0
51.48105216929078,Jalisco,Sinaloa,Médico,1
53.477958613937375,Jalisco,Jalisco,Policía,1
51.101124718310146,Sinaloa,Sinaloa,Chef,0
38.88738670874032,Jalisco,Jalisco,Médico,1
51.608524813981624,Jalisco,Sinaloa,Médico,1
38.35534293805513,Jalisco,Sinaloa,Médico,1
55.63412812346697,Jalisco,Sinaloa,Médico,1
53.3670277380117,Sinaloa,Sinaloa,Policía,0
48.74762992719562,Jalisco,Jalisco,Médico,0
54.73699007207395,Jalisco,Sinaloa,Policía,0
52.81397397863149,Sinaloa,Jalisco,Médico,0
50.19361505731177,Sinaloa,Sinaloa,Médico,0
54.90819821511287,Jalisco,Sinaloa,Médico,1
56.77644248328372,Sinaloa,Sinaloa,Médico,1
36.80604955804452,Jalisco,Jalisco,Médico,1
55.51019000801037,Sinaloa,Sinaloa,Médico,0
54.25522735155046,Jalisco,Sinaloa,Médico,0
52.263481154209316,Sinaloa,Sinaloa,Médico,0
48.676638439116374,Sinaloa,Sinaloa,Médico,0
55.64711723596262,Sinaloa,Jalisco,Médico,0
48.541826897809344,Jalisco,Jalisco,Policía,0
55.973139999641354,Sinaloa,Sinaloa,Médico,0
34.86050647430401,Jalisco,Jalisco,Médico,1
47.69353707467729,Jalisco,Jalisco,Médico,0
41.476796951859825,Jalisco,Jalisco,Médico,1
56.368919833397605,Sinaloa,Sinaloa,Médico,1
41.72864665234083,Jalisco,Jalisco,Policía,1
51.65746945699205,Jalisco,Jalisco,Policía,1
43.72281069350594,Jalisco,Jalisco,Médico,1
49.22464257811312,Sinaloa,Jalisco,Médico,0
52.0418083111249,Sinaloa,Jalisco,Médico,0
52.68984518211691,Sinaloa,Jalisco,Médico,0
43.56943109358575,Jalisco,Sinaloa,Médico,1
35.647499088492275,Jalisco,Jalisco,Médico,1
48.58106442121522,Jalisco,Sinaloa,Policía,1
52.684386680154674,Sinaloa,Jalisco,Médico,0
53.99749583973265,Jalisco,Jalisco,Policía,0
53.78592513785967,Jalisco,Jalisco,Médico,1
54.417166965877215,Sinaloa,CDMX,Médico,0
39.290396206640565,Jalisco,Jalisco,Médico,1
51.33112782771308,Jalisco,Sinaloa,Médico,1
52.321145815240506,Sinaloa,Jalisco,Médico,0
54.84248320257238,Sinaloa,Sinaloa,Médico,1
55.39227521700398,Sinaloa,Jalisco,Médico,1
55.16861688985578,Sinaloa,Jalisco,Médico,0
55.32632604833632,Sinaloa,Jalisco,Médico,0
53.642477376330085,Sinaloa,Jalisco,Médico,0
57.15150154702439,Jalisco,Sinaloa,Chef,0
50.93432229700516,Jalisco,Jalisco,Policía,0
53.649635065407416,Jalisco,Sinaloa,Policía,0
51.37265527068091,Sinaloa,Jalisco,Chef,0
56.14722563545723,Jalisco,Jalisco,Médico,1
39.11727172336421,Jalisco,Sinaloa,Médico,1
53.52410402889993,Sinaloa,Jalisco,Médico,1
46.62506732128844,Jalisco,Sinaloa,Médico,0
52.2102057216092,Sinaloa,Sinaloa,Chef,0
51.313353269916696,Jalisco,Sinaloa,Médico,0
52.333243288841565,Jalisco,Jalisco,Médico,1
50.897794427279685,Jalisco,Jalisco,Médico,1
50.370693891554495,Jalisco,Jalisco,Policía,0
53.18494833146401,Jalisco,Sinaloa,Policía,0
50.87532023821112,Jalisco,Jalisco,Policía,1
35.961502369961465,Jalisco,Jalisco,Médico,1
52.915260489570166,Jalisco,Sinaloa,Policía,0
34.915595245639835,Jalisco,Sinaloa,Médico,1
55.251187869464296,Sinaloa,Sinaloa,Médico,0
31.729240324307597,Jalisco,Jalisco,Médico,1
50.58971664607415,Sinaloa,Jalisco,Médico,0
54.508673401856974,Sinaloa,Sinaloa,Médico,0
51.999772087370175,Sinaloa,Jalisco,Médico,0
54.89702172333265,Jalisco,Sinaloa,Médico,1
37.829059565864384,Jalisco,Jalisco,Médico,1
53.08823623725679,Jalisco,Sinaloa,Médico,1
30.214527005353457,Sinaloa,Sinaloa,Médico,1
53.586174085122416,Jalisco,Sinaloa,Médico,1
49.57749605404308,Jalisco,Jalisco,Médico,0
47.64142513934529,Jalisco,Sinaloa,Profesor,0
52.73672363334114,Sinaloa,Sinaloa,Chef,0
54.374707138514594,Sinaloa,Jalisco,Chef,0
54.63439336179751,Jalisco,Sinaloa,Policía,1
54.03770071909752,Jalisco,Jalisco,Médico,0
40.82079791428555,Jalisco,Jalisco,Médico,1
60.297008360877705,Sinaloa,Jalisco,Policía,0
55.93247908862288,Sinaloa,Jalisco,Chef,0
54.14179405870808,Jalisco,Jalisco,Policía,0
55.04248269423378,Jalisco,Jalisco,Policía,0
50.90621242901935,Jalisco,Sinaloa,Médico,1
46.98290642125852,Jalisco,Sinaloa,Policía,1
55.63107872420416,Jalisco,Sinaloa,Policía,0
54.35194137916197,Sinaloa,Sinaloa,Policía,0
52.84302064463244,Sinaloa,Sinaloa,Médico,0
33.64893585936584,Jalisco,Sinaloa,Profesor,1
53.591042200197776,Jalisco,Jalisco,Policía,1
51.38158184295672,Jalisco,Jalisco,Policía,0
57.471908323713585,Sinaloa,Sinaloa,Médico,0
49.641139428250995,Jalisco,Sinaloa,Médico,0
47.45740940231319,Jalisco,Jalisco,Policía,1
41.24884728089624,Jalisco,Sinaloa,Médico,1
49.95865362952307,Sinaloa,Sinaloa,Médico,0
51.55426761546728,Sinaloa,Jalisco,Médico,0
43.27526081683056,Jalisco,Jalisco,Médico,1
54.801083948059876,Jalisco,Sinaloa,Médico,1
54.629339668110326,Sinaloa,Jalisco,Médico,1
54.33670272586448,Sinaloa,Sinaloa,Policía,1
53.92571056354906,Sinaloa,Sinaloa,Médico,0
52.67345626813519,Jalisco,Jalisco,Médico,1
52.80423730299826,Jalisco,Jalisco,Policía,0
54.15938825300502,Jalisco,Jalisco,Policía,0
33.23756134097243,Sinaloa,Jalisco,Médico,1
51.15995810202667,Jalisco,Sinaloa,Policía,0
52.00568706546678,Sinaloa,Sinaloa,Chef,0
54.964134410558984,Jalisco,Jalisco,Chef,0
51.07467511902105,Sinaloa,Sinaloa,Policía,0
53.283572446007625,Sinaloa,Sinaloa,Policía,0
42.96215533951042,Jalisco,Sinaloa,Médico,1
22.961574824388208,Sinaloa,Jalisco,Profesor,1
50.38684683260998,Jalisco,Sinaloa,Policía,0
53.173611112970036,Jalisco,Sinaloa,Médico,1
54.74666230810888,Sinaloa,Sinaloa,Médico,0
57.1966267969077,Sinaloa,Sinaloa,Médico,1
54.26441741268842,Jalisco,Jalisco,Médico,0
55.32604646635759,Sinaloa,Sinaloa,Chef,0
54.86768535350096,Sinaloa,Jalisco,Médico,0
47.58377705604425,Jalisco,Sinaloa,Policía,1
56.23953838593819,Sinaloa,Sinaloa,Chef,0
54.244059369190744,Jalisco,Jalisco,Médico,1
40.61681036940898,Jalisco,Jalisco,Médico,1
54.011377030564304,Jalisco,Sinaloa,Médico,1
50.9137995086306,Jalisco,Sinaloa,Policía,0
27.008094482450463,Sinaloa,Jalisco,Profesor,1
54.96294710619858,Jalisco,Sinaloa,Médico,1
55.19669197358826,Sinaloa,Sinaloa,Chef,0
42.07944890622896,Jalisco,Sinaloa,Médico,1
50.878372375979524,Jalisco,Sinaloa,Policía,0
56.63454197798197,Sinaloa,Jalisco,Policía,0
54.50842303777537,Jalisco,Sinaloa,Médico,0
32.88544079698083,Jalisco,Sinaloa,Profesor,1
51.28924343359404,Jalisco,Jalisco,Médico,0
52.636595994920796,Sinaloa,Sinaloa,Médico,0
56.29558532015659,Sinaloa,Sinaloa,Médico,0
53.59093407794572,Sinaloa,Jalisco,Médico,1
53.74076351861248,Jalisco,Sinaloa,Médico,1
45.85974742127337,Jalisco,Sinaloa,Policía,1
52.05512240445412,Jalisco,Sinaloa,Policía,0
49.38542404365758,Sinaloa,Sinaloa,Médico,0
44.450413709100424,Jalisco,Sinaloa,Policía,1
58.73799016487827,Sinaloa,Sinaloa,Médico,1
41.725516199155635,Jalisco,Sinaloa,Policía,1
42.92848009998181,Jalisco,Jalisco,Médico,1
53.23146544918816,Jalisco,Jalisco,Médico,1
32.97139292237143,Jalisco,Sinaloa,Médico,1
38.12900603168555,Jalisco,Sinaloa,Médico,1
54.860213264915586,Jalisco,Sinaloa,Médico,1
55.48813555915294,Sinaloa,Sinaloa,Médico,0
54.71619639108551,Jalisco,Jalisco,Médico,1
53.683697093768735,Sinaloa,Jalisco,Médico,0
50.28731616955546,Jalisco,Jalisco,Policía,0
55.41398451870138,Jalisco,Sinaloa,Médico,1
52.05506552030833,Sinaloa,Jalisco,Chef,0
47.26163669553378,Sinaloa,Jalisco,Médico,0
43.81911527480737,Jalisco,Sinaloa,Policía,1
52.19731251107626,Sinaloa,Sinaloa,Médico,0
48.55044165094269,Jalisco,Sinaloa,Médico,0
39.15199302486745,Jalisco,Sinaloa,Policía,1
59.13558975096613,Jalisco,Sinaloa,Policía,0
50.39049712303009,Jalisco,Sinaloa,Policía,1
53.93903742552493,Sinaloa,Sinaloa,Policía,0
55.700177991070795,Sinaloa,Sinaloa,Médico,1
58.215031307952316,Sinaloa,Jalisco,Policía,0
46.89885141853253,Jalisco,Sinaloa,Policía,1
53.67434436346919,Jalisco,Sinaloa,Médico,1
54.410869852904206,Jalisco,Sinaloa,Policía,0
43.54314274716542,Jalisco,Jalisco,Policía,1
50.881540772288425,Jalisco,Sinaloa,Médico,1
52.70623075370959,Jalisco,Sinaloa,Médico,1
46.86487555079717,Jalisco,Jalisco,Médico,0
58.854440480614485,Sinaloa,Sinaloa,Médico,0
55.79060630190121,Jalisco,Sinaloa,Médico,1
53.667666609178696,Jalisco,Sinaloa,Policía,0
38.01192011482418,Jalisco,Jalisco,Médico,1
55.0530832934256,Jalisco,Jalisco,Policía,0
39.71146073552245,Jalisco,Jalisco,Médico,1
48.79454776620645,Jalisco,Sinaloa,Chef,0
59.3648298135425,Sinaloa,Sinaloa,Médico,0
29.747951987050612,Sinaloa,Jalisco,Médico,1
39.84638519234359,Jalisco,Jalisco,Policía,1
54.37016042308939,Jalisco,Sinaloa,Policía,0
54.60170701188732,Jalisco,Jalisco,Policía,0
56.775741781809955,Sinaloa,Jalisco,Policía,0
51.55924793681641,Jalisco,Jalisco,Médico,0
37.69061971418556,Jalisco,Jalisco,Médico,1
53.615935686029374,Sinaloa,Sinaloa,Médico,0
39.69322858002568,Jalisco,Sinaloa,Policía,1
49.147688008205215,Sinaloa,Jalisco,Policía,0
59.33174228599096,Jalisco,Sinaloa,Médico,0
51.28295121822259,Jalisco,Jalisco,Médico,0
38.18154433514144,Jalisco,Jalisco,Médico,1
53.39454162593579,Sinaloa,Sinaloa,Médico,0
37.38965312502811,Jalisco,Sinaloa,Médico,1
41.914319498857836,Jalisco,Jalisco,Médico,1
51.6007998743019,Jalisco,Jalisco,Policía,0
53.0906888818684,Jalisco,Sinaloa,Policía,0
51.557201967046446,Jalisco,Sinaloa,Policía,0
59.1084561860694,Jalisco,Sinaloa,Policía,0
51.46081282914779,Jalisco,Jalisco,Policía,0
50.53626398125796,Jalisco,Sinaloa,Policía,1
38.08025427865648,Jalisco,Sinaloa,Médico,1
52.00400306642095,Jalisco,Jalisco,Policía,0
54.31349111196811,Sinaloa,Jalisco,Médico,1
55.33542630080094,Sinaloa,Jalisco,Chef,0
52.608913816752604,Sinaloa,Sinaloa,Médico,0
52.71332477144829,Sinaloa,Sinaloa,Médico,0
51.242462530887025,Sinaloa,Jalisco,Médico,0
54.20939645207821,Sinaloa,Jalisco,Chef,0
49.69326822033028,Jalisco,Jalisco,Policía,1
49.33614986014248,Sinaloa,Sinaloa,Policía,0
59.69507682676076,Sinaloa,Sinaloa,Policía,0
48.181283598605525,Jalisco,Sinaloa,Policía,1
55.570473021379435,Sinaloa,Sinaloa,Médico,0
57.389543818899284,Jalisco,Jalisco,Policía,0
52.38652866937679,Jalisco,Jalisco,Médico,1
50.01509894178989,Jalisco,Sinaloa,Médico,1
51.916411166999154,Sinaloa,Jalisco,Médico,0
53.66018772575624,Jalisco,Jalisco,Médico,0
44.89437966393247,Jalisco,Jalisco,Policía,1
57.169718882162215,Sinaloa,Sinaloa,Médico,0
36.5246977874217,Jalisco,Sinaloa,Médico,1
40.81273316563808,Jalisco,Sinaloa,Médico,1
49.11131378202542,Jalisco,Sinaloa,Policía,1
52.53033570917475,Jalisco,Sinaloa,Médico,1
39.87919669212154,Jalisco,Sinaloa,Médico,1
54.09821987856101,Sinaloa,Sinaloa,Chef,0
38.20371943095367,Jalisco,Jalisco,Médico,1
45.730661452967084,Jalisco,Sinaloa,Médico,1
43.756721108661395,Jalisco,Sinaloa,Policía,1
49.87313395784977,Sinaloa,Sinaloa,Médico,0
51.69969315256245,Sinaloa,Sinaloa,Policía,1
36.727863072502956,Jalisco,Jalisco,Médico,1
53.97101284027819,Sinaloa,Jalisco,Médico,1
42.46689259918813,Jalisco,Sinaloa,Médico,1
56.523568117275715,Jalisco,Jalisco,Médico,1
54.254257205328294,Sinaloa,Sinaloa,Médico,0
56.294914416881724,Sinaloa,Sinaloa,Chef,0
54.873624683639974,Sinaloa,Sinaloa,Policía,0
52.31240774021958,Jalisco,Sinaloa,Policía,0
40.97466783404616,Jalisco,Sinaloa,Médico,1
56.35080965740363,Sinaloa,Jalisco,Chef,0
53.37389264010439,Jalisco,Jalisco,Médico,1
49.6301781682582,CDMX,Sinaloa,Médico,1
50.03689670732996,Jalisco,Jalisco,Policía,1
43.692292393509845,Jalisco,Sinaloa,Médico,1
52.350510914898045,Sinaloa,Jalisco,Policía,1
49.088414287324696,Jalisco,Jalisco,Médico,1
55.34852222046586,Jalisco,Sinaloa,Policía,0
49.89421597676085,Sinaloa,Jalisco,Policía,0
55.32959043198682,Sinaloa,Jalisco,Policía,0
50.75602435396899,Jalisco,Sinaloa,Policía,0
54.87097968503975,Jalisco,Sinaloa,Policía,0
55.36400687870013,Sinaloa,Jalisco,Médico,0
50.5860679831938,Jalisco,Sinaloa,Policía,1
51.452177237908025,Jalisco,Jalisco,Policía,0
54.6759024071506,Jalisco,Sinaloa,Policía,0
32.60357843360503,Sinaloa,Sinaloa,Profesor,1
53.961349100490565,Sinaloa,Sinaloa,Médico,0
53.90549429862649,Jalisco,Sinaloa,Médico,1
54.000946113374205,Sinaloa,Jalisco,Médico,0
24.754183282751328,Sinaloa,Sinaloa,Profesor,1
47.92044157306725,Jalisco,Jalisco,Médico,0
52.50106945884109,Jalisco,Jalisco,Médico,1
25.92466654396813,Sinaloa,Sinaloa,Profesor,1
51.851548968285265,Jalisco,Jalisco,Policía,0
51.15014660308565,Sinaloa,Jalisco,Policía,0
52.31223316820679,Jalisco,Sinaloa,Policía,0
52.821000787644145,Sinaloa,Jalisco,Policía,1
32.53501309524708,Sinaloa,Jalisco,Médico,1
49.467916164887036,Jalisco,Sinaloa,Policía,1
49.16277035329638,Jalisco,Sinaloa,Médico,0
39.35116983688137,Jalisco,Jalisco,Médico,1
30.895669983242698,Jalisco,Jalisco,Médico,1
51.40748149591101,Jalisco,Sinaloa,Policía,1
54.523633525681724,Jalisco,Jalisco,Policía,0
53.471719601288385,Sinaloa,Sinaloa,Médico,0
55.93293037710702,Jalisco,Sinaloa,Médico,1
55.08875606318138,Jalisco,Sinaloa,Médico,1
43.10358774453397,Jalisco,Jalisco,Policía,1
52.26886536702042,Sinaloa,Jalisco,Médico,0
40.10640163669234,Jalisco,Sinaloa,Médico,1
53.716495511298334,Sinaloa,Sinaloa,Médico,0
43.734548990273424,Jalisco,Sinaloa,Policía,1
54.766922864678705,Sinaloa,Jalisco,Médico,0
54.080537978331755,Sinaloa,Sinaloa,Médico,1
41.23458868207199,Jalisco,Sinaloa,Médico,1
50.534757712062515,Sinaloa,Sinaloa,Médico,0
51.127994665711974,Jalisco,Sinaloa,Policía,0
54.61693876278668,Sinaloa,Sinaloa,Médico,0
51.86967373340222,Jalisco,Sinaloa,Chef,0
54.35584739012897,Jalisco,Sinaloa,Policía,0
39.35379857175164,Jalisco,Sinaloa,Médico,1
40.12749166674473,Jalisco,Sinaloa,Médico,1
48.494038117626786,Jalisco,Jalisco,Policía,1
53.114090132720975,Jalisco,Sinaloa,Policía,0
50.33181252627888,Jalisco,CDMX,Médico,1
34.18673911672481,Jalisco,Sinaloa,Médico,1
49.991933003782734,Sinaloa,Sinaloa,Policía,0
48.88889382384478,Sinaloa,Sinaloa,Médico,0
54.27631569133562,Sinaloa,Sinaloa,Médico,0
54.830995993844134,Jalisco,Sinaloa,Médico,1
43.5554823619821,Jalisco,Sinaloa,Médico,1
54.65246860925127,Sinaloa,Sinaloa,Chef,0
47.642794866077296,Jalisco,Sinaloa,Policía,1
55.386061354932245,Jalisco,Sinaloa,Policía,0
52.38925294162711,Jalisco,Jalisco,Policía,0
40.26421341389069,Jalisco,Sinaloa,Médico,1
54.15006170864337,Sinaloa,Jalisco,Policía,0
55.27554232919863,Jalisco,Jalisco,Policía,1
55.60584518870298,Jalisco,Jalisco,Chef,0
54.10760546020885,Sinaloa,Jalisco,Médico,0
53.032847702896,Sinaloa,Jalisco,Médico,1
46.776300374724016,Jalisco,Sinaloa,Médico,0
49.920186271477064,Sinaloa,Sinaloa,Médico,0
57.27878382390571,Sinaloa,Sinaloa,Médico,1
51.56433547046726,Sinaloa,Sinaloa,Médico,1
51.643528059982415,Jalisco,Jalisco,Policía,0
54.907755619464695,Jalisco,Sinaloa,Médico,1
56.6019518788656,Sinaloa,Sinaloa,Médico,1
33.67784813422169,Jalisco,Jalisco,Médico,1
54.131719108491005,Jalisco,Sinaloa,Médico,0
54.9886082834359,Jalisco,Sinaloa,Policía,0
50.594587873672104,Jalisco,Jalisco,Policía,1
32.24747815959391,Jalisco,Jalisco,Médico,1
55.89790750101628,Sinaloa,Jalisco,Chef,0
47.89362279191404,Jalisco,Sinaloa,Policía,1
52.3057524623922,Sinaloa,Jalisco,Médico,0
55.443962982142146,Sinaloa,Jalisco,Chef,0
51.48901850918476,Jalisco,Jalisco,Médico,1
51.68495113608457,Sinaloa,Sinaloa,Médico,0
44.85301674211494,Jalisco,Jalisco,Médico,1
45.205780140638964,Jalisco,Sinaloa,Médico,0
60.94675578706186,CDMX,Sinaloa,Policía,0
54.03087639189834,Sinaloa,Sinaloa,Médico,0
50.43922106244787,Sinaloa,Jalisco,Médico,0
38.51441383097394,Jalisco,Sinaloa,Médico,1
52.67800865424512,Jalisco,Sinaloa,Médico,1
49.88546180108674,Jalisco,Jalisco,Policía,1
56.84525831353718,Jalisco,Jalisco,Chef,0
54.324647491227964,Sinaloa,Jalisco,Médico,0
52.72137254500127,Sinaloa,Sinaloa,Médico,0
48.235548417782525,Jalisco,Sinaloa,Médico,1
53.59448768354074,Sinaloa,Sinaloa,Chef,0
36.117998737896784,Jalisco,Jalisco,Médico,1
52.85461479272042,Jalisco,Sinaloa,Policía,0
36.18154028434918,Jalisco,Sinaloa,Médico,1
36.20751550129779,Jalisco,Jalisco,Médico,1
51.51361489701289,Jalisco,Jalisco,Médico,1
53.31512811399757,Jalisco,Sinaloa,Médico,1
38.763842111017546,Jalisco,Sinaloa,Médico,1
53.5504862532565,Jalisco,Sinaloa,Médico,1
42.35104771226706,Jalisco,Jalisco,Médico,1
55.07988218416718,Jalisco,Sinaloa,Chef,0
55.00082529494809,Jalisco,Sinaloa,Médico,1
52.54792258512458,Sinaloa,Jalisco,Médico,0
51.58686221540508,Jalisco,Sinaloa,Policía,0
51.64202012794686,Sinaloa,Sinaloa,Policía,0
55.4796238225309,Jalisco,Jalisco,Médico,1
51.15334022411018,Jalisco,Jalisco,Policía,0
54.924911464455846,Jalisco,Jalisco,Policía,0
52.09831707445768,Sinaloa,Jalisco,Médico,0
52.132416375028896,Jalisco,Sinaloa,Médico,1
57.01658866432206,Sinaloa,Sinaloa,Médico,1
50.919073887042515,Sinaloa,Jalisco,Chef,0
37.16564439068729,Jalisco,Jalisco,Médico,1
40.563380273127315,Jalisco,Jalisco,Médico,1
50.28309146658459,Jalisco,Sinaloa,Chef,0
55.19882875145575,Jalisco,Jalisco,Médico,0
55.38317459040958,Sinaloa,Jalisco,Médico,0
49.4542416048036,Jalisco,Jalisco,Policía,0
37.368245663029654,Jalisco,Jalisco,Médico,1
38.93395957129577,Jalisco,Sinaloa,Médico,1
53.932220004238246,Jalisco,Sinaloa,Médico,1
38.69287526641998,Jalisco,Sinaloa,Médico,1
50.364012603309185,Jalisco,Sinaloa,Policía,1
54.88252662243305,Sinaloa,Sinaloa,Médico,0
53.717439945012856,Jalisco,Sinaloa,Médico,1
54.86528299424557,Sinaloa,Sinaloa,Policía,0
53.86939665719203,Jalisco,Jalisco,Policía,0
55.62394158128508,Sinaloa,Sinaloa,Médico,0
52.02536058163735,Jalisco,Jalisco,Policía,0
46.847646603049576,Jalisco,Jalisco,Policía,1
53.61222299793475,Sinaloa,Sinaloa,Médico,0
35.5935175951073,Jalisco,Sinaloa,Médico,1
49.362853963933105,Jalisco,Jalisco,Policía,1
51.51272747321353,Jalisco,Sinaloa,Policía,1
56.08321742596073,Jalisco,Jalisco,Médico,1
58.69634038664932,Jalisco,Jalisco,Médico,1
43.60221152509742,Jalisco,Jalisco,Médico,1
51.3863729368337,Jalisco,Sinaloa,Policía,0
51.255537791257275,Jalisco,Sinaloa,Policía,1
55.40129839802716,Sinaloa,Sinaloa,Médico,0
54.12407888873023,Jalisco,Sinaloa,Policía,0
53.5938813501894,Jalisco,Jalisco,Chef,0
49.35215475188272,Jalisco,Sinaloa,Policía,1
50.6324263142713,Jalisco,Sinaloa,Policía,1
55.24182641291338,Jalisco,Sinaloa,Policía,0
56.05649823147935,Jalisco,Sinaloa,Chef,0
55.98417178903492,Jalisco,Sinaloa,Médico,1
56.46007913896178,Sinaloa,Sinaloa,Chef,0
53.37492181928714,Jalisco,Sinaloa,Médico,1
52.59767610901341,Sinaloa,Sinaloa,Médico,0
50.58559684386731,Sinaloa,Sinaloa,Policía,0
52.062827495928985,Jalisco,Jalisco,Médico,1
54.45477355762806,Sinaloa,Jalisco,Médico,0
52.935985775036,Jalisco,Sinaloa,Médico,1
43.00064908112393,Jalisco,Sinaloa,Policía,1
47.84537803632056,Jalisco,Sinaloa,Policía,0
51.2499487078374,Sinaloa,Jalisco,Médico,0
29.73377728597267,Sinaloa,Sinaloa,Médico,1
57.564306607338324,Sinaloa,Jalisco,Policía,0
55.321849118066915,Sinaloa,Jalisco,Policía,0
53.929856877545994,Jalisco,Jalisco,Policía,0
52.85278594617864,Jalisco,Sinaloa,Chef,0
51.675928528524885,Jalisco,Sinaloa,Médico,1
48.838784046950224,Sinaloa,Sinaloa,Médico,0
30.685093955562486,Sinaloa,Jalisco,Profesor,1
52.1578784590349,Jalisco,Jalisco,Médico,1
52.25223877387342,Jalisco,Jalisco,Médico,1
56.76057553868766,Sinaloa,Sinaloa,Médico,1
53.03216212908965,Jalisco,Sinaloa,Policía,0
54.2809169608962,Sinaloa,Sinaloa,Médico,1
35.13366339844348,Jalisco,Sinaloa,Médico,1
47.71490790909368,Jalisco,Sinaloa,Policía,1
47.55185806840028,Jalisco,Sinaloa,Policía,1
48.04496142043725,Jalisco,Sinaloa,Médico,1
47.97980725737684,Jalisco,Sinaloa,Médico,1
52.78119568079394,Jalisco,Sinaloa,Médico,1
36.069627845721726,Jalisco,Jalisco,Médico,1
38.30983151332681,Jalisco,Sinaloa,Médico,1
46.55024960205468,Jalisco,Jalisco,Médico,0
46.11451841859889,Jalisco,Jalisco,Médico,0
42.84454844798954,Jalisco,Sinaloa,Médico,1
49.217654919390114,Sinaloa,Sinaloa,Médico,0
53.141604803673424,Jalisco,Sinaloa,Policía,1
53.94912992113445,Sinaloa,Jalisco,Médico,1
55.7413414854675,Sinaloa,CDMX,Médico,1
22.30820205387886,Sinaloa,Sinaloa,Profesor,1
52.85111166644157,Sinaloa,Sinaloa,Médico,0
49.25226512586266,Sinaloa,Jalisco,Policía,0
53.556593850564425,Jalisco,Sinaloa,Médico,0
51.94222781437434,Sinaloa,Sinaloa,Médico,0
50.291840132241305,Jalisco,Sinaloa,Médico,0
56.06315026288076,Sinaloa,Sinaloa,Chef,0
52.27988198735854,Jalisco,Sinaloa,Policía,1
54.77306534136523,Sinaloa,Sinaloa,Policía,0
51.551350554038706,Jalisco,Sinaloa,Policía,1
37.61773798353123,Jalisco,Jalisco,Médico,1
51.56223977681098,Jalisco,Sinaloa,Médico,1
52.76852868700865,Sinaloa,Sinaloa,Médico,1
47.91894009265968,Jalisco,Sinaloa,Médico,0
55.41926488250268,Jalisco,Sinaloa,Médico,1
41.83399580249645,Jalisco,Jalisco,Médico,1
55.44236379399975,Sinaloa,Sinaloa,Médico,0
48.108628815500936,Jalisco,Sinaloa,Policía,1
54.293153179099335,Jalisco,Jalisco,Médico,1
53.985965823459644,Sinaloa,Sinaloa,Chef,0
57.71265833024347,Sinaloa,Sinaloa,Médico,0
35.09360982344259,Jalisco,Sinaloa,Médico,1
50.77324304712854,Jalisco,Jalisco,Policía,0
53.810700486351806,Jalisco,Jalisco,Médico,1
41.62559532429419,Jalisco,Sinaloa,Médico,1
35.40595328956923,Sinaloa,Jalisco,Médico,1
56.1538792591235,Sinaloa,CDMX,Médico,0
54.92627301518135,Sinaloa,Sinaloa,Policía,0
56.66611073107184,Sinaloa,CDMX,Médico,0
51.5816679345071,Jalisco,Jalisco,Policía,0
56.38992516169097,Jalisco,Sinaloa,Médico,1
56.71047844487524,Sinaloa,Jalisco,Médico,0
39.42333731548612,Jalisco,Jalisco,Médico,1
54.345449039700995,Sinaloa,Sinaloa,Médico,1
41.49998356727467,Jalisco,Sinaloa,Médico,1
54.432052617845166,Jalisco,Jalisco,Policía,0
57.230014109339535,Jalisco,Sinaloa,Médico,1
54.71842100223036,Jalisco,Sinaloa,Policía,0
35.41127101350655,Jalisco,Sinaloa,Médico,1
55.80570055958967,Sinaloa,Sinaloa,Médico,0
51.848597447755246,Jalisco,Sinaloa,Policía,1
54.44932558635589,Sinaloa,Jalisco,Chef,0
53.47028850371713,Jalisco,Sinaloa,Médico,1
51.87210667150695,Jalisco,Sinaloa,Médico,1
39.47345565946236,Jalisco,Jalisco,Médico,1
57.89610359995979,Jalisco,Sinaloa,Policía,0
39.1534717168589,Jalisco,Jalisco,Médico,1
54.285614990903305,Jalisco,Jalisco,Médico,1
55.05808964125493,Jalisco,Sinaloa,Médico,1
44.01318224730667,Jalisco,Sinaloa,Policía,1
49.405350956991796,Sinaloa,CDMX,Policía,0
36.03162996089243,Jalisco,Jalisco,Médico,1
37.40314528365366,Jalisco,Jalisco,Médico,1
41.1124965314785,Jalisco,Sinaloa,Médico,1
55.33563758630585,Sinaloa,Sinaloa,Médico,0
52.03197801736941,Jalisco,Jalisco,Médico,1
55.520357149061965,Jalisco,Sinaloa,Policía,0
54.61656591181627,Sinaloa,Jalisco,Chef,0
54.657512266216614,Jalisco,Sinaloa,Policía,0
49.91214533395578,Sinaloa,Sinaloa,Médico,0
50.817018674819835,Sinaloa,Jalisco,Médico,0
50.34415924005287,Sinaloa,Jalisco,Policía,0
52.7155832445048,Sinaloa,Sinaloa,Policía,0
27.074728450187244,Sinaloa,Jalisco,Profesor,1
52.682334183949806,Jalisco,Jalisco,Médico,1
38.52560247991838,Jalisco,Jalisco,Médico,1
48.48748359036695,Jalisco,Jalisco,Médico,0
48.05183341932186,Jalisco,Sinaloa,Médico,0
55.4065903789607,Jalisco,Jalisco,Policía,0
48.12066643184275,Jalisco,Sinaloa,Policía,0
53.10067659288235,Jalisco,Jalisco,Médico,1
54.549792889029135,Jalisco,CDMX,Policía,0
51.333045726208255,Sinaloa,Sinaloa,Médico,0
50.60892108397176,Jalisco,Sinaloa,Profesor,0
52.747987785596926,Sinaloa,Sinaloa,Médico,0
37.25621997811274,Jalisco,Jalisco,Médico,1
53.23581811295674,Jalisco,Jalisco,Policía,0
52.7993014686045,Jalisco,Sinaloa,Médico,1
39.31795186951165,Jalisco,Sinaloa,Médico,1
54.589507197695646,Jalisco,Sinaloa,Policía,0
54.529622247776274,Sinaloa,Sinaloa,Médico,1
54.385066677258365,Sinaloa,Jalisco,Médico,1
39.61258913999142,Jalisco,Sinaloa,Médico,1
40.20375320312969,Jalisco,Sinaloa,Médico,1
51.24176611057909,Jalisco,Sinaloa,Médico,1
58.52727343712288,Sinaloa,Sinaloa,Policía,0
54.853864531223834,Jalisco,Sinaloa,Médico,1
58.60061836406587,Sinaloa,Jalisco,Médico,1
37.84430078998158,Jalisco,Sinaloa,Médico,1
40.08322881459845,Jalisco,Sinaloa,Médico,1
29.531005053461723,Sinaloa,Jalisco,Médico,1
51.23434492906375,Jalisco,Sinaloa,Médico,1
49.14950455972112,Jalisco,Jalisco,Policía,1
55.51659679584466,Jalisco,Sinaloa,Policía,0
52.775225732346996,Sinaloa,Jalisco,Policía,0
53.07943895661081,Jalisco,Jalisco,Policía,0
52.760063677188626,Jalisco,Sinaloa,Médico,1
62.4754362286844,Sinaloa,Sinaloa,Policía,0
55.14475562652275,Jalisco,Sinaloa,Profesor,1
35.43684652504366,Jalisco,Sinaloa,Médico,1
48.99622293276147,Jalisco,Sinaloa,Policía,1
55.146644955585856,Jalisco,Sinaloa,Médico,1
52.14655560386181,Jalisco,Sinaloa,Policía,0
42.84477574542966,Jalisco,Jalisco,Médico,1
51.92904026798152,Sinaloa,Sinaloa,Médico,0
38.901272114798886,Jalisco,Jalisco,Médico,1
55.263790186136866,Sinaloa,Sinaloa,Policía,0
56.73158994908881,Sinaloa,Jalisco,Médico,1
48.16325822325918,Jalisco,Sinaloa,Policía,1
55.18685586475523,Jalisco,Jalisco,Policía,0
46.63447378298896,Jalisco,Sinaloa,Policía,1
50.21567573818641,Jalisco,Sinaloa,Policía,0
50.83005259484117,Sinaloa,Jalisco,Médico,0
46.083384276005674,Jalisco,Jalisco,Policía,1
51.57074732063354,Jalisco,Sinaloa,Chef,0
54.005114341577354,Sinaloa,Sinaloa,Profesor,0
53.320706812136095,Jalisco,Sinaloa,Policía,0
54.29985976823187,Jalisco,Jalisco,Médico,1
30.853592850767146,Jalisco,Jalisco,Médico,1
53.10439799430263,Sinaloa,Jalisco,Policía,1
47.36034067681605,Jalisco,Jalisco,Profesor,0
51.814091039383825,Jalisco,Sinaloa,Policía,1
35.26721199101051,Jalisco,Jalisco,Médico,1
54.409041263388545,Jalisco,Sinaloa,Médico,1
36.725179992026995,Jalisco,Sinaloa,Médico,1
38.41546206045541,Jalisco,Sinaloa,Médico,1
54.58935736206491,Jalisco,Sinaloa,Médico,1
51.01669315066658,Sinaloa,Jalisco,Médico,0
44.79632252700064,Jalisco,Jalisco,Policía,1
53.95152106838357,Jalisco,Jalisco,Policía,0
54.44928164546273,Jalisco,Jalisco,Médico,1
33.01334974021782,Jalisco,Sinaloa,Médico,1
54.558828240378716,Jalisco,Jalisco,Médico,1
36.20435245816465,Jalisco,Sinaloa,Médico,1
56.98732406331016,Sinaloa,Jalisco,Policía,0
54.546344010642244,Jalisco,Sinaloa,Policía,0
50.33732044276907,Jalisco,Jalisco,Profesor,0
56.86806679277432,Sinaloa,Jalisco,Médico,0
38.117633396969154,Jalisco,Jalisco,Médico,1
54.31497587733034,Sinaloa,Sinaloa,Médico,0
52.54043542298927,Sinaloa,Sinaloa,Médico,0
48.56763877389689,Sinaloa,Sinaloa,Policía,0
51.77311575544548,Jalisco,Jalisco,Médico,1
53.2730575598611,Sinaloa,Jalisco,Médico,0
38.097995990246524,Jalisco,Jalisco,Médico,1
53.80234242204184,Jalisco,Sinaloa,Médico,1
55.52163304643903,Sinaloa,Sinaloa,Médico,0
55.7776887585944,Jalisco,Sinaloa,Médico,1
53.21678454605573,Jalisco,Sinaloa,Médico,1
39.02578376495852,Jalisco,Sinaloa,Médico,1
48.7866332790073,CDMX,Sinaloa,Médico,0
56.02556229284895,Sinaloa,Sinaloa,Médico,0
56.03041176601057,Jalisco,Sinaloa,Médico,0
51.08532187397154,Jalisco,Jalisco,Policía,1
49.44587950934091,Sinaloa,Sinaloa,Médico,0
46.18262220581832,Jalisco,Sinaloa,Policía,1
57.399339554850904,Sinaloa,Sinaloa,Médico,0
46.59225735096558,Jalisco,Jalisco,Profesor,0
38.2180621834065,Jalisco,Sinaloa,Médico,1
49.17268646354081,Jalisco,Jalisco,Policía,1
49.71196409737543,Jalisco,Jalisco,Policía,0
54.56628696313123,Sinaloa,Sinaloa,Médico,1
49.869866231982485,Jalisco,Jalisco,Policía,1
52.47607398610846,Jalisco,Jalisco,Policía,1
55.54655912836225,Jalisco,Sinaloa,Médico,1
45.81065855607163,Jalisco,Jalisco,Policía,1
54.00594290856599,Sinaloa,Jalisco,Médico,0
51.577359324819035,Sinaloa,Sinaloa,Policía,0
40.346879981402225,Jalisco,Sinaloa,Médico,1
51.08591282279176,Jalisco,Sinaloa,Médico,1
53.09406541761002,Jalisco,Sinaloa,Policía,0
53.84838015509072,Sinaloa,Sinaloa,Médico,0
59.2603964713971,Sinaloa,Jalisco,Policía,0
49.364563474811774,Jalisco,Jalisco,Policía,1
53.61834942896589,Sinaloa,Jalisco,Médico,1
53.22937004408722,Jalisco,Sinaloa,Policía,0
43.237656195767464,Jalisco,Jalisco,Médico,1
55.6346004171307,Sinaloa,Jalisco,Médico,0
54.04106423154105,Jalisco,Jalisco,Médico,1
49.993539456473,Sinaloa,Jalisco,Médico,0
38.50330809650971,Jalisco,Sinaloa,Médico,1
55.29717793190723,Jalisco,Sinaloa,Policía,0
51.484271450008634,Sinaloa,Sinaloa,Policía,1
53.438722997083694,Jalisco,Sinaloa,Médico,1
54.89734865104766,Jalisco,Sinaloa,Médico,0
46.99926074711702,Jalisco,Sinaloa,Policía,1
39.477672524098125,Jalisco,Jalisco,Médico,1
55.64710210221041,Sinaloa,Sinaloa,Médico,1
36.707956646590766,Jalisco,Sinaloa,Médico,1
52.8191466211928,Sinaloa,Sinaloa,Chef,0
41.145491245113334,Jalisco,Jalisco,Médico,1
42.74235458498988,Jalisco,Sinaloa,Médico,1
34.75192907735003,Jalisco,Jalisco,Profesor,1
57.08828936851349,Sinaloa,Jalisco,Médico,0
50.35489322642705,Jalisco,Jalisco,Policía,0
48.9781750701152,Jalisco,Sinaloa,Profesor,0
42.554084806384516,Jalisco,Sinaloa,Médico,1
49.86330589614734,Jalisco,Jalisco,Chef,0
57.84940865528584,Sinaloa,Sinaloa,Policía,0
53.66243180409534,Sinaloa,Sinaloa,Médico,1
54.67511619565546,Jalisco,Jalisco,Policía,1
52.20119044624784,Jalisco,Sinaloa,Policía,1
52.69054379231539,Jalisco,Jalisco,Policía,0
48.851687758847476,Jalisco,Sinaloa,Médico,0
55.756295645748104,Jalisco,Sinaloa,Médico,1
49.317862616929176,Jalisco,Sinaloa,Médico,1
52.62005160595464,Sinaloa,Sinaloa,Médico,0
30.83967575369953,Sinaloa,Sinaloa,Profesor,1
53.11928893459455,Jalisco,Sinaloa,Médico,1
55.48861042428058,Jalisco,Jalisco,Médico,0
52.75209104265036,Jalisco,Sinaloa,Policía,0
52.781359538003876,Sinaloa,Jalisco,Médico,0
53.544217714448386,Sinaloa,Sinaloa,Médico,1
46.72565268632269,Jalisco,Sinaloa,Policía,1
52.418926735446306,Jalisco,Sinaloa,Policía,0
56.593674861057266,Sinaloa,Sinaloa,Médico,0
43.55252552062109,Jalisco,Jalisco,Policía,1
54.378912050124654,Jalisco,Sinaloa,Policía,0
51.13006446562689,Jalisco,Sinaloa,Policía,1
32.69215104542359,Jalisco,Sinaloa,Médico,1
44.462837597900176,Jalisco,Sinaloa,Policía,1
52.948559598591444,Jalisco,Jalisco,Policía,0
27.877108600706194,Sinaloa,Sinaloa,Profesor,1
51.694671408500916,Jalisco,Jalisco,Chef,0
47.90601887812612,Jalisco,Jalisco,Médico,0
51.207862012452644,Jalisco,Sinaloa,Médico,1
48.50062667977893,Sinaloa,Sinaloa,Médico,0
52.513085034439044,Sinaloa,Jalisco,Policía,0
51.12021974474915,Jalisco,Jalisco,Médico,1
38.89203847595785,Jalisco,Sinaloa,Médico,1
40.553336156302095,Jalisco,Jalisco,Policía,1
26.89343006732893,Sinaloa,Sinaloa,Médico,1
52.97159983078525,Jalisco,Jalisco,Policía,1
52.42077772430122,Sinaloa,Jalisco,Médico,1
50.5952761599034,Jalisco,Sinaloa,Policía,0
44.613749053541866,Jalisco,Jalisco,Policía,1
53.29354331319796,Sinaloa,Jalisco,Médico,0
38.332912934259056,Jalisco,Sinaloa,Médico,1
45.40169370777356,Jalisco,Sinaloa,Médico,0
50.61201335674057,Sinaloa,Sinaloa,Médico,0
34.538917023550155,Jalisco,Jalisco,Médico,1
54.14961304605093,Sinaloa,Jalisco,Médico,0
56.60845336520656,Sinaloa,Sinaloa,Policía,0
55.83254575582561,Jalisco,Sinaloa,Policía,0
48.56036359229283,Jalisco,Jalisco,Médico,1
58.188990153130696,Sinaloa,Sinaloa,Policía,0
52.23427054693019,Sinaloa,Sinaloa,Médico,0
51.31605022101471,Jalisco,Sinaloa,Chef,0
54.39086477905937,Jalisco,Jalisco,Chef,0
53.64182907816763,Jalisco,Jalisco,Policía,0
53.8874580398244,Sinaloa,Sinaloa,Médico,0
40.96548897939958,Jalisco,Jalisco,Policía,1
51.43932594446816,Sinaloa,Jalisco,Médico,0
54.233118785091456,Jalisco,Sinaloa,Médico,1
51.681241317544284,Jalisco,Jalisco,Policía,0
49.05333276408852,Sinaloa,Jalisco,Médico,0
41.22095690807572,Jalisco,Sinaloa,Médico,1
36.918078063510904,Jalisco,Jalisco,Médico,1
54.20513798877612,Jalisco,Jalisco,Médico,1
40.16769224213142,Jalisco,Jalisco,Médico,1
55.185226822745776,Sinaloa,Jalisco,Médico,1
56.90583881049838,Jalisco,Sinaloa,Chef,0
52.57631239020096,Sinaloa,Jalisco,Policía,0
49.446271131892914,Jalisco,Sinaloa,Policía,0
55.92030051220386,Jalisco,Sinaloa,Policía,1
54.01286719336104,Sinaloa,Sinaloa,Médico,0
52.115083342447484,Jalisco,Sinaloa,Médico,1
52.155233273494595,Jalisco,Jalisco,Policía,0
35.846257170739186,Jalisco,Jalisco,Médico,1
59.35790531670072,Sinaloa,Sinaloa,Policía,0
47.64557981570574,Jalisco,Jalisco,Policía,1
28.622860828373778,Sinaloa,Sinaloa,Profesor,1
56.00620789127355,Sinaloa,Sinaloa,Chef,0
41.999166098033925,Jalisco,Sinaloa,Policía,1
29.92184775019716,Jalisco,Sinaloa,Médico,1
55.56240333342856,Jalisco,Sinaloa,Policía,0
54.62538307424651,Jalisco,Sinaloa,Médico,1
36.57804420699979,Jalisco,Jalisco,Médico,1
51.808446290597246,Jalisco,Jalisco,Policía,0
51.906898600632545,Jalisco,Jalisco,Policía,0
47.044042979900254,Jalisco,Sinaloa,Médico,0
54.85590465026398,Jalisco,Sinaloa,Policía,0
49.48133248402667,Jalisco,Sinaloa,Policía,1
55.84747456506714,Sinaloa,Sinaloa,Médico,0
54.38545529910028,Sinaloa,Sinaloa,Médico,1
56.761204204844475,Sinaloa,Jalisco,Policía,0
31.179405697522142,Jalisco,Jalisco,Médico,1
59.06274976792942,Jalisco,Sinaloa,Policía,1
52.57479350275815,Jalisco,Jalisco,Policía,0
55.78913643100704,Sinaloa,Sinaloa,Médico,0
54.39494958405008,Jalisco,Sinaloa,Médico,1
42.80480730683604,Jalisco,Sinaloa,Médico,1
51.01159477308632,Sinaloa,Sinaloa,Chef,0
52.78038556559403,Jalisco,Sinaloa,Médico,1
52.06113952141397,Jalisco,Jalisco,Policía,0
55.734884078056716,Jalisco,Sinaloa,Médico,1
55.92688063263022,Sinaloa,Sinaloa,Médico,1
48.78538517792265,Jalisco,Jalisco,Policía,1
48.93494428664211,Jalisco,Jalisco,Policía,0
54.96897343801895,Jalisco,Jalisco,Médico,1
47.024437653980314,Jalisco,Jalisco,Profesor,0
54.3962112916769,Jalisco,Jalisco,Médico,1
53.71459225623694,Jalisco,Jalisco,Médico,1
54.764583132449765,Jalisco,Sinaloa,Médico,1
41.42095400735445,Jalisco,Sinaloa,Policía,1
51.19653579215025,Jalisco,Sinaloa,Médico,1
37.49594805994968,Jalisco,Sinaloa,Médico,1
54.57047911996208,Jalisco,Sinaloa,Profesor,1
52.80210746076561,Jalisco,Sinaloa,Policía,0
42.58342171917887,Jalisco,Jalisco,Médico,1
52.6890789196774,Jalisco,Sinaloa,Policía,0
54.4664757533536,Jalisco,Sinaloa,Policía,0
49.93031794248433,Jalisco,Sinaloa,Médico,1
51.4581770421743,Jalisco,Jalisco,Policía,1
32.68940260860971,Sinaloa,Jalisco,Profesor,1
41.6797356135656,Jalisco,Sinaloa,Médico,1
52.812045875801445,Jalisco,Jalisco,Médico,1
36.24326711673659,Jalisco,Jalisco,Médico,1
55.8105417772399,Sinaloa,Sinaloa,Médico,1
52.581870377366116,Jalisco,Jalisco,Policía,0
56.19551297055901,Jalisco,Jalisco,Policía,0
48.48751690385434,Jalisco,Sinaloa,Profesor,0
53.38911272921003,Sinaloa,Sinaloa,Médico,1
44.05555635582215,Jalisco,Sinaloa,Policía,1
41.314051193598736,Jalisco,Sinaloa,Médico,1
55.710766797582025,Sinaloa,Sinaloa,Médico,0
45.58866803418666,Jalisco,Jalisco,Policía,1
56.83860178942673,Sinaloa,Sinaloa,Médico,1
38.32463484220342,Jalisco,Jalisco,Médico,1
56.8053261075709,Jalisco,Sinaloa,Médico,1
54.4201368713265,Jalisco,Sinaloa,Policía,0
36.27216392830928,Jalisco,Sinaloa,Médico,1
55.33967035154933,Sinaloa,Jalisco,Médico,0
50.06625135876927,Jalisco,Sinaloa,Médico,1
55.31110593370595,Sinaloa,Sinaloa,Médico,0
52.67188808132811,Jalisco,Sinaloa,Médico,1
39.434475264514575,Jalisco,Jalisco,Médico,1
55.02053683756207,Jalisco,Sinaloa,Chef,0
51.76817299039145,Jalisco,Jalisco,Médico,0
50.46228276264155,Jalisco,Sinaloa,Médico,1
50.908673778401955,Jalisco,Sinaloa,Médico,1
51.21582743487445,Jalisco,Sinaloa,Policía,0
49.79217300154744,Jalisco,Sinaloa,Policía,0
35.638258946323134,Jalisco,Sinaloa,Médico,1
54.858546413017386,Jalisco,Sinaloa,Policía,0
55.573229268935535,Sinaloa,Sinaloa,Policía,0
47.28940601606419,Jalisco,Jalisco,Médico,0
49.97417626649518,Sinaloa,Jalisco,Médico,0
30.04744450300667,Sinaloa,Jalisco,Médico,1
56.240853937918324,Sinaloa,Jalisco,Policía,0
53.33930768680208,Jalisco,Jalisco,Policía,1
43.60639077466492,Jalisco,Jalisco,Médico,1
53.88229154278552,Jalisco,Sinaloa,Policía,0
51.40857599444158,Jalisco,Sinaloa,Policía,0
51.078609122848555,Jalisco,Sinaloa,Médico,1
26.81357941127061,Sinaloa,Sinaloa,Profesor,1
58.68377991719703,Jalisco,Jalisco,Policía,0
54.21590655931921,Sinaloa,Sinaloa,Médico,1
29.97354526009653,Sinaloa,Sinaloa,Profesor,1
30.531446413658657,Sinaloa,Jalisco,Profesor,1
57.67529550416814,Sinaloa,Sinaloa,Policía,0
56.19159240117113,Sinaloa,Jalisco,Médico,0
53.688205003919556,Jalisco,Jalisco,Chef,0
47.808098432643334,Jalisco,Jalisco,Policía,1
32.20029085294994,Sinaloa,Jalisco,Profesor,1
48.18606357738881,Jalisco,Sinaloa,Policía,1
45.27373082556548,Jalisco,Sinaloa,Médico,1
51.07417462204179,Jalisco,Sinaloa,Médico,1
53.04004831393394,Jalisco,Sinaloa,Médico,1
53.23862455505955,Jalisco,Sinaloa,Chef,0
41.33243153983719,Jalisco,Sinaloa,Médico,1
54.33087571803541,Sinaloa,Sinaloa,Chef,0
52.33722746085468,Jalisco,Sinaloa,Médico,0
54.38499308261373,Jalisco,Sinaloa,Médico,1
55.201997440736505,Jalisco,Sinaloa,Policía,0
52.97479644168176,Jalisco,Sinaloa,Médico,1
54.57251569557626,Sinaloa,Jalisco,Policía,0
49.508556382921455,Jalisco,Jalisco,Policía,0
52.57011260304281,Sinaloa,Sinaloa,Médico,1
43.16569257142056,Jalisco,Sinaloa,Policía,0
54.33676309873794,Jalisco,Jalisco,Médico,1
49.08522325531953,Jalisco,Sinaloa,Policía,1
33.41663248941387,Jalisco,Sinaloa,Médico,1
52.363921930703306,Sinaloa,Sinaloa,Médico,0
54.49943477441952,Sinaloa,Sinaloa,Médico,1
44.07433063390813,Jalisco,Sinaloa,Médico,1
51.62150850329618,Sinaloa,Sinaloa,Policía,0
53.507360479704424,Sinaloa,Sinaloa,Policía,0
52.709961916746416,Jalisco,Sinaloa,Policía,0
36.686394406583375,Jalisco,Sinaloa,Médico,1
56.195468675722836,Sinaloa,Jalisco,Médico,1
52.345673330744695,Sinaloa,Sinaloa,Chef,0
53.539276977897,Jalisco,Jalisco,Policía,0
52.517881500090105,Jalisco,Sinaloa,Médico,1
57.563018276113816,Sinaloa,Sinaloa,Chef,0
47.11194462971703,Jalisco,Jalisco,Médico,0
55.888405440052516,Jalisco,Jalisco,Médico,1
52.37595905649545,Jalisco,Jalisco,Médico,1
55.308013189659405,Jalisco,CDMX,Policía,0
52.04603631621772,Jalisco,Jalisco,Policía,0
54.276360391888275,Sinaloa,Jalisco,Médico,1
52.5269951809771,Sinaloa,Sinaloa,Chef,0
45.80374879343957,Jalisco,Jalisco,Profesor,0
48.827950760752145,Sinaloa,Jalisco,Médico,0
56.255492962471536,Sinaloa,Jalisco,Médico,0
42.964104304628506,Jalisco,Jalisco,Médico,1
54.74158397068301,Jalisco,Jalisco,Policía,0
57.43685931727873,Sinaloa,Sinaloa,Policía,0
55.71806026462352,Jalisco,Sinaloa,Médico,0
39.244346923112914,Jalisco,Sinaloa,Médico,1
49.92925153312292,Jalisco,Sinaloa,Policía,1
52.283957686609455,Sinaloa,Sinaloa,Policía,1
55.55755264138815,Jalisco,Jalisco,Médico,1
49.55101704474589,Jalisco,Sinaloa,Policía,1
57.51524078720029,Sinaloa,Jalisco,Médico,0
43.75191618247342,Jalisco,Sinaloa,Policía,1
51.930729125732086,Sinaloa,Sinaloa,Médico,0
55.48096451968861,Sinaloa,Jalisco,Médico,1
52.497637444117146,Sinaloa,Jalisco,Médico,0
51.81218744634539,Sinaloa,Jalisco,Policía,0
49.264184063165615,Jalisco,Jalisco,Médico,0
51.30129706554766,Jalisco,Sinaloa,Médico,1
55.106407355559156,Jalisco,Jalisco,Policía,0
54.876488788335784,Jalisco,Jalisco,Policía,0
55.89808334757167,Sinaloa,Sinaloa,Médico,0
56.892659970284555,Sinaloa,Sinaloa,Profesor,1
34.459583440127126,Jalisco,Jalisco,Médico,1
50.579397008628334,Sinaloa,Jalisco,Policía,0
54.85735068719047,Sinaloa,Jalisco,Médico,1
40.79183916806585,Jalisco,Sinaloa,Médico,1
55.564267433496234,Sinaloa,Jalisco,Médico,0
53.906433341956294,Sinaloa,Sinaloa,Médico,0
37.37665197062286,Jalisco,Sinaloa,Médico,1
53.82652987367816,Jalisco,Sinaloa,Policía,0
53.62581148137196,Jalisco,Sinaloa,Médico,1
58.18823360081663,Sinaloa,Sinaloa,Médico,0
50.84973069759773,Sinaloa,Sinaloa,Médico,0
52.794865043079966,Sinaloa,Sinaloa,Médico,0
36.59003202571651,Jalisco,CDMX,Médico,1
45.98821375063203,Jalisco,Sinaloa,Profesor,0
51.437279468073655,Sinaloa,Sinaloa,Médico,0
56.55053742447575,Sinaloa,Jalisco,Médico,0
46.675993639615626,Jalisco,Sinaloa,Profesor,0
54.66749165727267,Jalisco,Jalisco,Chef,0
52.824347714307045,Jalisco,Jalisco,Policía,0
54.525138603531865,Sinaloa,Jalisco,Médico,1
53.2607618341359,Sinaloa,Sinaloa,Médico,0
51.52378335188947,Sinaloa,Sinaloa,Chef,0
51.06717181261363,Jalisco,Jalisco,Médico,1
48.96040135127453,Jalisco,Sinaloa,Policía,1
54.19024388823561,Sinaloa,Sinaloa,Médico,0
55.018612689109155,Sinaloa,Sinaloa,Médico,1
47.91225106756272,Jalisco,Sinaloa,Médico,1
55.171345001990545,Sinaloa,Jalisco,Médico,0
53.67932101462315,Jalisco,Sinaloa,Médico,1
51.42460040283569,Sinaloa,Jalisco,Policía,0
49.48359564672097,Sinaloa,Sinaloa,Médico,0
56.5616112959482,Sinaloa,Jalisco,Chef,0
50.0966186350954,Sinaloa,Sinaloa,Policía,0
44.49362631900179,Jalisco,Jalisco,Policía,1
56.21692074537435,Jalisco,Sinaloa,Policía,0
51.02238495412619,Sinaloa,Sinaloa,Policía,1
51.120964034806704,Sinaloa,Sinaloa,Médico,0
49.81957476716079,Sinaloa,Jalisco,Médico,0
55.11655214592052,Jalisco,Sinaloa,Policía,0
35.53824483222269,Jalisco,Sinaloa,Médico,1
45.65342566892092,Jalisco,Sinaloa,Médico,1
54.07447775118549,Sinaloa,Sinaloa,Policía,0
35.72349258326537,Jalisco,Sinaloa,Médico,1
54.799307044467,Sinaloa,Sinaloa,Médico,1
53.01835014196946,Jalisco,Sinaloa,Policía,0
57.16336614810732,Jalisco,Sinaloa,Policía,0
53.80560025654033,Jalisco,Sinaloa,Médico,1
52.81360970482651,Sinaloa,Jalisco,Médico,0
32.65756102503204,Sinaloa,Sinaloa,Profesor,1
54.94898010545263,Sinaloa,Jalisco,Médico,0
38.0879687546732,Jalisco,Sinaloa,Médico,1
54.00841943925442,Sinaloa,Jalisco,Médico,0
49.47311309423111,Jalisco,Sinaloa,Policía,0
50.594928866890974,Jalisco,Sinaloa,Policía,0
50.28434718771417,Jalisco,Jalisco,Policía,0
54.972029323694514,Jalisco,Jalisco,Policía,0
40.107805285919596,Jalisco,Sinaloa,Médico,1
51.039177972574024,Sinaloa,Jalisco,Policía,0
42.35516309738799,Jalisco,Jalisco,Médico,1
56.4546700679633,Jalisco,Jalisco,Médico,1
48.297992315068385,Jalisco,Jalisco,Médico,0
56.150964778655,Sinaloa,Sinaloa,Médico,0
44.975541935405246,Jalisco,Sinaloa,Policía,1
53.08140906014713,Sinaloa,Sinaloa,Policía,1
53.64841150580998,Sinaloa,Jalisco,Chef,0
49.64778910136386,Jalisco,Sinaloa,Profesor,0
50.21783400070669,Sinaloa,Jalisco,Policía,0
52.268966914148685,Jalisco,Sinaloa,Médico,0
51.027183834048316,Sinaloa,Jalisco,Médico,0
49.47805556216082,Jalisco,Jalisco,Médico,0
52.175307328700065,Sinaloa,Jalisco,Médico,0
49.868293872699255,Jalisco,Sinaloa,Chef,0
54.13566151980383,Jalisco,Jalisco,Médico,1
54.27392145749108,Jalisco,Sinaloa,Policía,0
57.93179361476415,Sinaloa,Sinaloa,Médico,1
41.3771790771628,Jalisco,Sinaloa,Médico,1
53.47294659098984,Jalisco,Jalisco,Médico,1
56.79762304622387,Sinaloa,Sinaloa,Policía,0
47.92084307010413,Jalisco,Jalisco,Policía,1
49.99492384818253,Jalisco,Jalisco,Médico,0
51.46758796507022,Sinaloa,Jalisco,Chef,0
53.430440200593175,Sinaloa,Jalisco,Médico,0
56.10274757786377,Sinaloa,Sinaloa,Policía,0
52.89987944748218,Jalisco,Sinaloa,Policía,0
47.91481190538782,Jalisco,Sinaloa,Policía,1
54.84972176658415,Jalisco,Sinaloa,Policía,0
52.23034931307078,Jalisco,Sinaloa,Policía,1
55.036595868134725,Sinaloa,Jalisco,Médico,0
51.105777220678554,Jalisco,CDMX,Policía,1
55.378563740780876,Jalisco,CDMX,Policía,0
50.93487796483224,Jalisco,Sinaloa,Policía,1
40.633961633212344,Jalisco,Sinaloa,Médico,1
54.666509590383725,Jalisco,Jalisco,Policía,0
45.84195809725427,Jalisco,Sinaloa,Médico,1
53.04778760803279,Jalisco,Sinaloa,Policía,1
52.84183738129955,Jalisco,Sinaloa,Médico,1
49.168954023968546,Sinaloa,Sinaloa,Médico,0
54.437235658956574,Sinaloa,Sinaloa,Médico,1
48.85476048471633,Jalisco,Jalisco,Policía,1
56.23809840631045,Sinaloa,Jalisco,Ingeniero,0
55.61512090740086,Jalisco,Sinaloa,Médico,1
54.08867372230781,Jalisco,Sinaloa,Médico,1
53.5497028822923,Jalisco,Sinaloa,Médico,1
57.059673342500396,Sinaloa,Sinaloa,Policía,0
52.3751599632114,Jalisco,Sinaloa,Policía,0
53.5702091979919,Jalisco,Jalisco,Médico,1
46.351620151486244,Jalisco,Jalisco,Policía,1
55.40573302807002,Jalisco,Jalisco,Médico,1
44.329169132403244,Jalisco,Sinaloa,Policía,1
54.075814722772975,Jalisco,Sinaloa,Policía,0
54.37168649754198,Jalisco,Jalisco,Policía,0
47.89665140106261,Jalisco,Jalisco,Médico,0
51.651918561717494,Jalisco,Sinaloa,Policía,0
58.59003283344348,Sinaloa,Jalisco,Médico,0
52.23683805278859,Sinaloa,Sinaloa,Médico,0
49.758193407228205,Sinaloa,Sinaloa,Policía,0
54.092596009171615,Jalisco,Sinaloa,Médico,1
39.28416145284791,Jalisco,Sinaloa,Médico,1
51.128325178473375,Jalisco,Sinaloa,Médico,1
34.82656782743281,Jalisco,Jalisco,Médico,1
45.4972712253985,Jalisco,Sinaloa,Policía,1
51.316565957219346,Jalisco,Jalisco,Médico,1
55.325640770264506,Sinaloa,Sinaloa,Médico,0
43.558016343102125,Jalisco,Sinaloa,Médico,1
53.996800458313984,Jalisco,Jalisco,Médico,0
49.07794747578754,Sinaloa,Sinaloa,Médico,0
51.944525378387404,Jalisco,Sinaloa,Policía,0
45.382728330289765,Jalisco,Sinaloa,Policía,1
51.603529863206575,Jalisco,Jalisco,Médico,0
54.3395561934262,Jalisco,Jalisco,Médico,1
37.870555940876116,Jalisco,Sinaloa,Médico,1
54.63823689052579,Jalisco,Sinaloa,Policía,0
55.08077759603099,Sinaloa,Sinaloa,Chef,0
51.7845932113531,Sinaloa,Sinaloa,Médico,0
40.846377380377405,Jalisco,Jalisco,Médico,1
56.20022333970027,Sinaloa,Sinaloa,Médico,1
50.53493156530525,Jalisco,Jalisco,Policía,1
48.757069770627524,Jalisco,Sinaloa,Policía,1
52.51176777795095,Sinaloa,Sinaloa,Médico,1
52.83311800616137,Jalisco,Jalisco,Policía,0
52.17197283777226,Sinaloa,Jalisco,Chef,0
52.35775576917145,Jalisco,Sinaloa,Médico,1
42.77730979716553,Jalisco,Sinaloa,Médico,1
50.29931707079387,Jalisco,Sinaloa,Médico,0
51.51908893168945,Sinaloa,Jalisco,Policía,0
48.06704710922081,Jalisco,Jalisco,Policía,0
52.455053114675835,Jalisco,Sinaloa,Médico,1
55.48229268371637,Jalisco,Sinaloa,Médico,1
52.35724479576691,Jalisco,Sinaloa,Policía,1
54.1717633297885,Sinaloa,Jalisco,Médico,0
57.57305285841967,Sinaloa,Sinaloa,Policía,0
56.628510885528506,Jalisco,Jalisco,Policía,0
49.16885988439915,Jalisco,Jalisco,Policía,1
54.224117994819196,Sinaloa,Jalisco,Policía,0
55.88454001518578,Jalisco,Sinaloa,Médico,1
49.66787264587902,Sinaloa,Sinaloa,Médico,0
58.30159337125596,Jalisco,Jalisco,Policía,0
41.658582688950645,Jalisco,Sinaloa,Médico,1
56.047681251345736,Sinaloa,Jalisco,Médico,0
50.518916715241176,Jalisco,Jalisco,Policía,1
56.21008882106607,Sinaloa,Sinaloa,Médico,1
51.22106119889687,Sinaloa,Sinaloa,Médico,0
53.773415191383705,Sinaloa,Sinaloa,Médico,0
43.03124041304818,Jalisco,Jalisco,Policía,1
36.50384180032181,Jalisco,Jalisco,Médico,1
58.08440756920647,Sinaloa,Sinaloa,Médico,1
57.044298652277135,Jalisco,Sinaloa,Médico,1
52.577988347379986,Jalisco,Sinaloa,Médico,1
49.85545684550358,Sinaloa,Jalisco,Médico,0
44.85840297634296,Jalisco,Jalisco,Médico,1
52.73490063938345,Sinaloa,Jalisco,Médico,0
52.12779813697531,Jalisco,Sinaloa,Médico,1
36.06219467132513,Jalisco,Jalisco,Médico,1
54.947837477261075,Jalisco,CDMX,Médico,1
29.372138214580207,Sinaloa,Sinaloa,Médico,1
55.7120054231946,Sinaloa,Jalisco,Médico,0
49.07835538522828,Sinaloa,Jalisco,Médico,0
35.26537732364453,Jalisco,Jalisco,Médico,1
54.329805444010134,Jalisco,Sinaloa,Médico,1
44.37675493023915,Jalisco,Jalisco,Médico,1
37.13991814138216,Jalisco,Jalisco,Médico,1
41.32148493213765,Jalisco,Jalisco,Policía,1
48.41625340009499,Jalisco,Jalisco,Policía,1
40.12022755135628,Jalisco,Jalisco,Policía,1
53.659310358379365,Sinaloa,Sinaloa,Policía,0
54.43776156753596,Jalisco,Sinaloa,Médico,1
50.803123462213875,Jalisco,Jalisco,Policía,1
53.16158112224647,Jalisco,Jalisco,Policía,0
51.93129770155742,Jalisco,Sinaloa,Médico,1
29.603854475313547,Sinaloa,Sinaloa,Profesor,1
53.57421879538853,Jalisco,Sinaloa,Médico,1
50.13107354718528,Jalisco,Sinaloa,Policía,1
35.247963648921555,Jalisco,Sinaloa,Médico,1
53.907465310082,Sinaloa,CDMX,Policía,0
52.68094482761272,Jalisco,Jalisco,Policía,0
53.25226024080029,Sinaloa,Sinaloa,Chef,0
53.178601775306745,Sinaloa,Sinaloa,Médico,1
51.783961657628524,Sinaloa,Sinaloa,Médico,0
56.65181729436586,Jalisco,Sinaloa,Médico,0
41.39629499910233,Jalisco,Sinaloa,Médico,1
47.62588774909537,Jalisco,Sinaloa,Profesor,0
48.408416538111894,Jalisco,Sinaloa,Policía,0
55.72081525579271,Jalisco,Sinaloa,Policía,0
53.08939424645029,Jalisco,Jalisco,Policía,0
50.885094392797605,Jalisco,CDMX,Médico,1
56.57632828900645,Jalisco,Jalisco,Médico,1
41.52114872105483,Jalisco,Sinaloa,Médico,1
30.15568422765542,Sinaloa,Sinaloa,Profesor,1
50.70802729599738,Jalisco,Sinaloa,Médico,1
53.067407511937226,Jalisco,Sinaloa,Médico,1
54.75795097552241,Jalisco,Sinaloa,Médico,1
50.32112920333099,Jalisco,Sinaloa,Policía,1
55.9323886934125,Jalisco,Jalisco,Médico,1
55.49938317721526,Sinaloa,Jalisco,Médico,0
42.60401398685259,Jalisco,Sinaloa,Médico,1
52.283592023240274,Jalisco,Jalisco,Médico,1
50.923226921851004,Jalisco,Sinaloa,Policía,0
50.237285578732234,Jalisco,Jalisco,Policía,0
32.36257264737886,Sinaloa,Sinaloa,Profesor,1
51.26079365643931,Jalisco,Sinaloa,Policía,0
52.787892301815226,Sinaloa,Jalisco,Médico,0
51.845770060386876,Jalisco,Jalisco,Policía,0
55.08402019438703,Jalisco,Sinaloa,Médico,1
50.32102490975823,Jalisco,Sinaloa,Policía,0
53.655659178690804,Jalisco,Sinaloa,Policía,0
52.55299896602962,Sinaloa,Sinaloa,Médico,0
47.9676367410367,Jalisco,Sinaloa,Médico,1
57.144882081620395,Sinaloa,Jalisco,Médico,0
41.17142485989196,Jalisco,Jalisco,Médico,1
33.91726570638714,Jalisco,Sinaloa,Médico,1
33.261331151939544,Jalisco,Sinaloa,Médico,1
49.19800783925007,Jalisco,Sinaloa,Policía,1
52.45666762132617,Jalisco,Sinaloa,Médico,1
56.91156334966017,Sinaloa,Sinaloa,Policía,0
52.303272929806845,Sinaloa,Jalisco,Chef,0
59.84494639935464,Sinaloa,Jalisco,Médico,0
49.30441368180303,Jalisco,Jalisco,Médico,0
50.8208595066605,Jalisco,Sinaloa,Médico,0
51.037392135569924,Jalisco,Jalisco,Policía,1
36.888324803014726,Jalisco,Sinaloa,Médico,1
38.82100962732525,Jalisco,Sinaloa,Médico,1
60.366372913609126,Sinaloa,Jalisco,Médico,0
53.321893088174676,Sinaloa,Sinaloa,Médico,0
52.98528357578943,Sinaloa,Sinaloa,Chef,0
41.12182879299931,Jalisco,Jalisco,Médico,1
52.313641896246956,Jalisco,Sinaloa,Médico,1
50.67065305421413,Sinaloa,Sinaloa,Médico,0
53.95359748706388,Jalisco,Jalisco,Médico,1
48.87748481610183,Jalisco,Sinaloa,Policía,1
52.24303778023001,Sinaloa,Sinaloa,Médico,1
52.071529200761184,Sinaloa,Sinaloa,Médico,0
57.82558398139023,Jalisco,Jalisco,Policía,0
49.765108712770335,Jalisco,Sinaloa,Policía,0
41.06273338436169,Jalisco,CDMX,Médico,1
52.71293753431151,Jalisco,Sinaloa,Médico,1
54.43133964099354,Sinaloa,Sinaloa,Chef,0
58.60067937292405,Jalisco,Sinaloa,Chef,0
55.80940443553454,Jalisco,Sinaloa,Policía,1
60.63603843112366,Sinaloa,Jalisco,Médico,0
51.292130606357546,Jalisco,Sinaloa,Médico,1
53.831687088519864,Jalisco,Jalisco,Médico,1
54.734715363364806,Jalisco,Jalisco,Médico,1
38.87579340606128,Jalisco,Jalisco,Médico,1
57.19166931210738,Sinaloa,Jalisco,Policía,0
55.472559161309015,Jalisco,Sinaloa,Policía,0
54.43529788502382,Sinaloa,Jalisco,Chef,0
54.19320826020884,Jalisco,Jalisco,Médico,1
52.87602159686963,Jalisco,Sinaloa,Policía,1
55.12289562606144,Jalisco,Sinaloa,Médico,1
54.862291811890486,Jalisco,Sinaloa,Policía,0
55.38637460275254,Jalisco,Sinaloa,Policía,1
45.342692288067454,Jalisco,Sinaloa,Médico,1
46.66290839502009,Jalisco,Jalisco,Policía,1
53.20602430024385,Jalisco,Sinaloa,Policía,0
54.19684125003296,Jalisco,Jalisco,Médico,1
51.866370318482595,Sinaloa,Sinaloa,Médico,0
55.073113351850026,Sinaloa,Sinaloa,Policía,0
52.90724739730539,Jalisco,Sinaloa,Policía,1
53.56610809977904,Sinaloa,Jalisco,Médico,0
55.921741309242904,Sinaloa,Sinaloa,Médico,0
51.516468336113654,Jalisco,Jalisco,Policía,1
52.35532066210676,Sinaloa,Sinaloa,Médico,0
54.205372023681406,Jalisco,Jalisco,Médico,0
55.10730594381781,Jalisco,Sinaloa,Policía,0
47.75908954858448,Jalisco,Sinaloa,Profesor,0
45.29824919959032,Jalisco,Sinaloa,Médico,1
51.92844308379995,Sinaloa,Sinaloa,Chef,0
46.9179120370004,Jalisco,Sinaloa,Policía,1
45.49976581017384,Jalisco,Sinaloa,Policía,1
58.75108469497527,Sinaloa,Sinaloa,Policía,0
54.01964825249293,Jalisco,Sinaloa,Policía,0
54.66701551998892,Jalisco,Sinaloa,Policía,0
50.575030104846945,Sinaloa,Jalisco,Médico,0
50.26116745363809,Jalisco,Sinaloa,Policía,0
34.319797483731236,Sinaloa,Jalisco,Profesor,1
48.923597527975645,Sinaloa,Sinaloa,Médico,0
46.08393434095376,Jalisco,Jalisco,Policía,1
37.81910441852435,Jalisco,Jalisco,Médico,1
50.99561701097616,Sinaloa,Jalisco,Policía,0
50.88988615241959,Sinaloa,Sinaloa,Médico,0
52.5525606645685,Jalisco,Sinaloa,Médico,1
49.79690499978351,Sinaloa,Sinaloa,Chef,0
37.97418470474068,Jalisco,Jalisco,Policía,1
52.041527122395394,Jalisco,Sinaloa,Médico,1
56.195842622484236,Sinaloa,Jalisco,Médico,0
47.05201975828414,Jalisco,Sinaloa,Médico,0
39.98361634512764,Jalisco,Sinaloa,Médico,1
48.16809210852334,Sinaloa,Sinaloa,Chef,0
43.24029940139022,Jalisco,Sinaloa,Médico,1
52.27246027316404,Sinaloa,Jalisco,Médico,0
53.81871362821533,Jalisco,Sinaloa,Policía,0
55.83514238718841,Jalisco,Jalisco,Médico,1
50.330807027590545,Sinaloa,Sinaloa,Médico,0
50.394171007744944,Jalisco,Sinaloa,Policía,0
50.88833439234417,Sinaloa,Sinaloa,Médico,0
53.23970956368968,Jalisco,Sinaloa,Médico,1
53.79221926793791,Sinaloa,Jalisco,Médico,0
53.72361770590015,Jalisco,Sinaloa,Policía,0
57.91324874710216,Sinaloa,Sinaloa,Médico,1
56.072884663611724,Sinaloa,Sinaloa,Policía,0
31.530393510820154,Sinaloa,Sinaloa,Profesor,1
54.9645737006162,Jalisco,Jalisco,Médico,1
38.05966158417209,Jalisco,Sinaloa,Médico,1
57.25499715234564,Sinaloa,Jalisco,Médico,0
37.80810559591829,Jalisco,Sinaloa,Médico,1
53.72424665693788,Jalisco,Jalisco,Policía,0
38.804970161607045,Jalisco,Jalisco,Médico,1
52.4289913522004,Sinaloa,Sinaloa,Profesor,0
55.52570212383288,Jalisco,Jalisco,Chef,0
57.26581801936969,Sinaloa,Jalisco,Policía,0
50.82925893390516,Jalisco,Jalisco,Policía,1
35.4630993829698,Jalisco,Sinaloa,Médico,1
40.83033773062679,Jalisco,Sinaloa,Médico,1
37.78377071864114,Jalisco,Jalisco,Médico,1
49.53854354587203,Sinaloa,Jalisco,Médico,0
60.36094678480421,Jalisco,Sinaloa,Policía,0
48.018861387499115,Jalisco,Sinaloa,Médico,0
54.99159589319134,Jalisco,Jalisco,Chef,0
57.47481359128983,Sinaloa,Sinaloa,Policía,0
35.7537961476895,Jalisco,Sinaloa,Médico,1
56.8765623269457,Jalisco,Sinaloa,Profesor,1
51.75701727292102,Sinaloa,Sinaloa,Policía,0
38.37588587268062,Jalisco,Sinaloa,Médico,1
54.5030734400291,Sinaloa,Sinaloa,Policía,0
55.855881028687044,Sinaloa,Jalisco,Médico,0
53.85973506860502,Sinaloa,Jalisco,Médico,0
52.92625746747125,Sinaloa,Jalisco,Médico,1
46.232412120320944,Jalisco,Sinaloa,Médico,0
57.173198609408,Jalisco,Sinaloa,Médico,1
50.91983409985323,Sinaloa,Jalisco,Chef,0
55.040124632238026,Sinaloa,Sinaloa,Médico,0
53.67843283380986,Jalisco,Sinaloa,Médico,0
40.94473251689013,Jalisco,CDMX,Médico,1
50.400178229658074,Jalisco,Sinaloa,Profesor,0
53.21298670922663,Sinaloa,Sinaloa,Chef,0
51.34632853887097,Jalisco,Jalisco,Policía,0
45.77733157173904,Jalisco,Jalisco,Policía,1
55.098080346885894,Sinaloa,Sinaloa,Médico,0
52.951373363852596,Jalisco,Jalisco,Médico,1
50.34260317624445,Sinaloa,Sinaloa,Médico,0
55.19012187460577,Jalisco,Jalisco,Policía,0
58.11958962381641,Sinaloa,Sinaloa,Médico,0
54.25408461535978,Jalisco,Sinaloa,Médico,1
53.69458882018144,Sinaloa,Sinaloa,Chef,0
54.22777195555079,Sinaloa,Sinaloa,Policía,0
42.36494441826501,Jalisco,Sinaloa,Policía,1
52.056666346274085,Jalisco,Sinaloa,Policía,0
56.802748002290855,Jalisco,Sinaloa,Médico,1
26.527176749360038,Sinaloa,Sinaloa,Profesor,1
55.55133611389682,Sinaloa,Jalisco,Policía,0
51.38657057717234,Jalisco,Sinaloa,Médico,1
45.6643100097345,Jalisco,Sinaloa,Médico,0
45.45992631937412,Jalisco,Jalisco,Policía,1
52.19930649666635,Sinaloa,Sinaloa,Chef,0
48.54068303500627,Jalisco,Sinaloa,Médico,1
53.3977215895977,Sinaloa,Sinaloa,Médico,0
53.61688463871171,Jalisco,Sinaloa,Policía,0
57.465874858993246,Sinaloa,Jalisco,Médico,0
53.39557538157462,Sinaloa,Jalisco,Chef,0
53.45596805252851,Sinaloa,Sinaloa,Médico,0
40.90254812304909,Jalisco,Jalisco,Médico,1
55.07861209695013,Sinaloa,Sinaloa,Médico,0
45.67902636243478,Jalisco,Sinaloa,Médico,1
52.976312325795035,Jalisco,CDMX,Policía,1
55.37182618343733,Sinaloa,Sinaloa,Policía,0
42.21875366340663,Jalisco,Sinaloa,Médico,1
53.566494208698415,Jalisco,Jalisco,Policía,0
47.66498820959103,Jalisco,Jalisco,Policía,1
51.194292795628975,Sinaloa,Jalisco,Médico,0
39.321710198634776,Jalisco,Sinaloa,Médico,1
54.281362051029184,Sinaloa,Sinaloa,Chef,0
48.83307133888255,Jalisco,Jalisco,Policía,0
56.37311751606291,Sinaloa,Jalisco,Médico,0
39.80065099760125,Jalisco,Jalisco,Médico,1
55.205688995284575,Jalisco,Sinaloa,Médico,1
51.18029096037276,Jalisco,Sinaloa,Médico,1
53.863418592914165,Jalisco,Jalisco,Médico,1
56.08642622150505,Sinaloa,Jalisco,Policía,0
51.34195225647972,Sinaloa,Jalisco,Médico,0
57.62927940438387,Jalisco,Sinaloa,Profesor,1
38.50551789556159,Jalisco,Jalisco,Médico,1
53.96820531310228,Jalisco,Sinaloa,Médico,1
37.30754455006888,Jalisco,Jalisco,Médico,1
44.975366722213366,Jalisco,Sinaloa,Policía,1
38.92743620213716,Jalisco,Sinaloa,Profesor,1
55.70778722681927,Sinaloa,Sinaloa,Médico,0
54.65815417210996,Sinaloa,Jalisco,Médico,1
36.14576644261288,Jalisco,Jalisco,Médico,1
31.698731048482777,Sinaloa,Jalisco,Profesor,1
53.06400526609994,Jalisco,Jalisco,Policía,0
50.731133609039574,Jalisco,Sinaloa,Médico,1
39.409614638589915,Jalisco,Jalisco,Médico,1
49.15755835829652,Jalisco,Sinaloa,Policía,1
51.25628814071408,Jalisco,Sinaloa,Médico,0
52.58427475584969,Jalisco,Sinaloa,Médico,1
57.24652486151677,Jalisco,Sinaloa,Médico,1
53.8084887512445,Sinaloa,Sinaloa,Policía,0
49.55680334629079,Jalisco,Jalisco,Policía,1
53.861006952200796,Jalisco,Jalisco,Médico,1
31.08986552312952,Sinaloa,Jalisco,Médico,1
33.951986873206835,Jalisco,Jalisco,Médico,1
54.98261620004451,Sinaloa,Sinaloa,Policía,0
53.62195743478655,Jalisco,Sinaloa,Policía,0
54.91639840784441,Sinaloa,Sinaloa,Médico,0
53.771233359357346,Sinaloa,Sinaloa,Médico,0
52.281321987355966,Jalisco,Jalisco,Policía,1
54.973296362480944,Sinaloa,Sinaloa,Médico,0
40.03062576559539,Jalisco,Sinaloa,Médico,1
35.86196824385188,Jalisco,Sinaloa,Médico,1
55.54938881225684,Jalisco,Jalisco,Profesor,1
51.15442902002077,Jalisco,Sinaloa,Policía,0
45.67642453289928,Jalisco,Sinaloa,Policía,1
54.20979226201047,Jalisco,Sinaloa,Médico,1
54.92250728559062,Sinaloa,Sinaloa,Médico,0
57.870270659785376,Sinaloa,Jalisco,Chef,0
53.17766319954366,Jalisco,Sinaloa,Chef,0
57.12065844667702,Jalisco,Sinaloa,Policía,0
54.64874873119407,Jalisco,Jalisco,Médico,1
54.612448225061605,Jalisco,Sinaloa,Médico,1
38.52659345992677,Jalisco,Sinaloa,Médico,1
59.25785966209634,Sinaloa,Sinaloa,Policía,0
56.15770816574827,Jalisco,Jalisco,Profesor,1
56.02161085849381,Jalisco,Sinaloa,Médico,1
54.092802607186535,Sinaloa,Jalisco,Policía,0
52.54399642853975,Sinaloa,Sinaloa,Médico,0
48.66205410807757,Jalisco,Jalisco,Médico,0
47.09665837596103,Jalisco,Jalisco,Policía,1
54.436873360894744,Jalisco,Sinaloa,Policía,0
56.93975898419621,Sinaloa,Sinaloa,Policía,0
36.652958291469616,Jalisco,Sinaloa,Médico,1
51.923991567288866,Sinaloa,Jalisco,Chef,0
55.77612943333542,Jalisco,Jalisco,Médico,1
51.68522883214438,Sinaloa,Sinaloa,Policía,0
52.07006585515061,Jalisco,Jalisco,Policía,0
52.2076367232224,Jalisco,Sinaloa,Policía,0
55.68078200786178,Jalisco,Jalisco,Policía,0
43.61610913611747,Jalisco,Sinaloa,Médico,1
53.68206076418624,Jalisco,Sinaloa,Médico,1
54.0838618936438,Sinaloa,Jalisco,Médico,1
49.608344815867,Sinaloa,Jalisco,Médico,0
50.15030742631822,Sinaloa,Sinaloa,Médico,0
39.937993145406196,Jalisco,Jalisco,Médico,1
50.54879403808176,Jalisco,Jalisco,Médico,1
46.080595708315116,Jalisco,Jalisco,Profesor,0
53.512624318741175,Sinaloa,Jalisco,Médico,0
50.28351495972146,Jalisco,Sinaloa,Chef,0
60.18146047668318,Sinaloa,Sinaloa,Policía,0
54.40616907092396,Jalisco,Jalisco,Médico,1
55.87774502764292,Jalisco,Sinaloa,Médico,0
40.39448131641402,Jalisco,Sinaloa,Médico,1
52.083883224043234,Jalisco,Jalisco,Médico,1
53.98572459704118,Sinaloa,Sinaloa,Médico,0
50.61085077121146,Jalisco,Sinaloa,Médico,1
52.0699418077003,Jalisco,Sinaloa,Policía,0
53.760854497120825,Jalisco,Sinaloa,Policía,0
54.52115918458046,Sinaloa,Sinaloa,Policía,0
38.46137316858113,Jalisco,Sinaloa,Médico,1
50.1953428941594,Jalisco,Jalisco,Médico,0
54.30936437272754,Jalisco,Sinaloa,Médico,1
40.15332435135818,Jalisco,Jalisco,Médico,1
45.66801198556924,Jalisco,Sinaloa,Médico,0
54.47703291232613,Jalisco,Sinaloa,Médico,1
54.30413090349382,Sinaloa,Jalisco,Policía,0
48.46487206742502,Jalisco,Sinaloa,Médico,0
51.60803337447652,Jalisco,Sinaloa,Médico,1
54.185608528185526,Jalisco,Sinaloa,Médico,1
49.9254114816409,Sinaloa,Sinaloa,Policía,0
54.49501015138697,Jalisco,Jalisco,Médico,0
54.53469742259245,Sinaloa,Jalisco,Médico,0
54.924227696485914,Sinaloa,Jalisco,Médico,0
49.743926411488296,Sinaloa,Sinaloa,Médico,0
49.1665197695372,Jalisco,Sinaloa,Profesor,0
53.160975326392325,Jalisco,Sinaloa,Policía,0
39.45580749962848,Jalisco,Jalisco,Médico,1
40.94785965472852,Jalisco,Jalisco,Médico,1
54.89557581590209,Sinaloa,Sinaloa,Médico,1
55.89410611314976,Jalisco,Jalisco,Policía,0
50.759256377717605,Jalisco,Sinaloa,Médico,0
58.166911783499835,Jalisco,Jalisco,Médico,1
58.580874502363294,Sinaloa,Sinaloa,Médico,0
44.63262181547898,Jalisco,Sinaloa,Médico,0
47.89808419642016,Jalisco,Jalisco,Médico,0
52.40870996195247,Jalisco,Jalisco,Médico,1
32.45586908236454,Jalisco,Sinaloa,Médico,1
42.79577668367266,Jalisco,Sinaloa,Médico,1
53.88777187180702,Sinaloa,Sinaloa,Médico,0
38.617147173280614,Jalisco,Jalisco,Médico,1
58.468104401837145,Jalisco,Sinaloa,Médico,1
38.62493903785955,Jalisco,Jalisco,Médico,1
45.48533815481862,Jalisco,Sinaloa,Policía,1
48.876626635411036,Jalisco,Sinaloa,Médico,0
49.62055881526758,Jalisco,Jalisco,Médico,0
54.04819840505082,Sinaloa,Sinaloa,Médico,0
40.19139390209443,Jalisco,Sinaloa,Médico,1
51.5766003010009,Sinaloa,Jalisco,Chef,0
51.18381581893656,Jalisco,Jalisco,Médico,1
34.92766764746459,Jalisco,Sinaloa,Médico,1
59.64681703032805,Sinaloa,Jalisco,Médico,1
53.809260796308685,Jalisco,Sinaloa,Médico,1
52.38325336520165,Jalisco,Sinaloa,Policía,0
52.898364175406,Sinaloa,Sinaloa,Policía,0
51.08684798636333,Jalisco,Sinaloa,Chef,0
43.34161533453947,Jalisco,Sinaloa,Médico,1
54.82011399432164,Sinaloa,Sinaloa,Chef,0
49.20072151081128,Jalisco,Sinaloa,Policía,1
50.762645862061994,Jalisco,Sinaloa,Médico,1
48.46956485553958,Sinaloa,Sinaloa,Médico,0
39.80130030945074,Jalisco,Sinaloa,Médico,1
54.39056892402691,Jalisco,Sinaloa,Policía,0
48.63349203931875,Jalisco,Sinaloa,Médico,0
58.11324626051301,Jalisco,Sinaloa,Policía,0
51.27866905866088,Jalisco,Jalisco,Policía,1
57.81207446092427,Sinaloa,Sinaloa,Policía,0
41.846272792432515,Jalisco,Jalisco,Médico,1
50.94989141604553,Jalisco,Sinaloa,Chef,0
57.20888515397481,Sinaloa,Jalisco,Médico,1
48.11525615971228,Jalisco,Sinaloa,Policía,1
53.633494461521614,Jalisco,Jalisco,Médico,1
51.45726433771113,Jalisco,Sinaloa,Policía,1
55.00860717388561,Sinaloa,Jalisco,Policía,0
56.18901675982106,Jalisco,Jalisco,Médico,1
36.80030434657311,Jalisco,Sinaloa,Médico,1
34.16280277567921,Jalisco,Sinaloa,Médico,1
40.34425428431177,Jalisco,Jalisco,Médico,1
50.34824756807491,Jalisco,Sinaloa,Policía,1
51.40307541140793,Sinaloa,Jalisco,Médico,0
50.85782237055786,Jalisco,Jalisco,Médico,1
54.24944435750939,Jalisco,Sinaloa,Policía,1
52.416149569822565,Sinaloa,Sinaloa,Médico,0
56.60930396777004,Sinaloa,Jalisco,Médico,0
54.61266039736093,Sinaloa,Sinaloa,Médico,0
51.38267379359822,Sinaloa,Sinaloa,Policía,0
42.14241202533424,Jalisco,Jalisco,Policía,1
52.06072929083726,Sinaloa,Sinaloa,Médico,0
53.90295316505249,Jalisco,Jalisco,Policía,0
57.889246318060785,Sinaloa,Sinaloa,Policía,0
55.001109165179244,Jalisco,Sinaloa,Policía,0
45.359416801317046,Jalisco,Sinaloa,Policía,1
43.7265642751137,Jalisco,Jalisco,Médico,1
55.2968916659735,Sinaloa,Jalisco,Médico,0
52.68440592142474,Jalisco,Sinaloa,Médico,0
52.26569890013632,Jalisco,Sinaloa,Chef,0
55.48442460344447,Sinaloa,Jalisco,Médico,1
46.73256685337564,Jalisco,Sinaloa,Médico,0
35.201109313688946,Jalisco,Sinaloa,Médico,1
52.29912080804117,Jalisco,Sinaloa,Policía,0
48.87462539194735,Jalisco,Sinaloa,Policía,0
56.329037234804545,Sinaloa,Jalisco,Médico,0
46.53644097733819,Jalisco,Jalisco,Policía,1
54.34561846296303,Sinaloa,Jalisco,Médico,0
39.152362576401615,Jalisco,Sinaloa,Médico,1
53.200616008336084,Jalisco,Jalisco,Médico,1
53.77598837457188,Jalisco,Jalisco,Policía,0
46.520030302151426,Jalisco,Jalisco,Médico,1
41.355810747455095,Jalisco,Sinaloa,Policía,1
48.3746239851353,Jalisco,Sinaloa,Policía,0
58.27146468247216,Jalisco,Sinaloa,Policía,0
55.40163109045338,Jalisco,Jalisco,Policía,0
36.88574031162417,Jalisco,Jalisco,Médico,1
51.51588349795715,Jalisco,Jalisco,Policía,1
34.495550569036,Sinaloa,Sinaloa,Médico,1
49.13365797267356,Jalisco,Sinaloa,Policía,1
53.16460632148627,Jalisco,Sinaloa,Policía,0
39.4123679470209,Jalisco,Jalisco,Médico,1
45.886745921083865,Jalisco,Sinaloa,Policía,1
41.65535921011919,Jalisco,Jalisco,Médico,1
53.53072141656201,Jalisco,Sinaloa,Policía,0
56.29836690317088,Sinaloa,Sinaloa,Médico,0
55.83371376275748,Sinaloa,Jalisco,Médico,1
56.122808497300305,Jalisco,Sinaloa,Médico,1
53.431227389438654,Sinaloa,Jalisco,Médico,0
52.01168703206406,Jalisco,Sinaloa,Policía,0
57.59191736314616,Sinaloa,Sinaloa,Médico,0
55.415810841935674,Sinaloa,Sinaloa,Médico,1
52.74475958466869,Jalisco,Sinaloa,Policía,0
54.55367355663252,Jalisco,Jalisco,Policía,0
45.78754536191752,Jalisco,Sinaloa,Médico,0
50.727143390917306,Jalisco,Sinaloa,Policía,0
51.31023264987556,Sinaloa,Sinaloa,Policía,0
54.00569699269846,Sinaloa,Sinaloa,Policía,0
54.831071678049625,Sinaloa,Sinaloa,Policía,0
56.385674880037136,Sinaloa,Jalisco,Médico,1
48.503271760572645,Jalisco,Jalisco,Médico,0
49.68653170251417,Jalisco,Sinaloa,Profesor,0
54.82295087991083,Jalisco,Sinaloa,Médico,1
52.171669252601525,Sinaloa,Sinaloa,Médico,0
56.92498006107403,Sinaloa,Jalisco,Médico,1
35.7986997675197,Jalisco,Jalisco,Médico,1
57.028618811627496,Jalisco,Jalisco,Policía,0
58.192296233097146,Sinaloa,Sinaloa,Policía,0
59.311731241421484,Sinaloa,Jalisco,Policía,0
55.30062093780307,Sinaloa,Sinaloa,Policía,0
39.4415650571693,Jalisco,Sinaloa,Médico,1
51.33402242419741,Jalisco,Sinaloa,Médico,1
45.01055249873869,Jalisco,Jalisco,Médico,1
50.29192564861726,Jalisco,Sinaloa,Médico,1
57.94753298636092,Sinaloa,Jalisco,Profesor,1
34.96299088239638,Jalisco,Sinaloa,Médico,1
41.494116722484314,Jalisco,Sinaloa,Médico,1
56.23174519001215,Sinaloa,Jalisco,Médico,0
59.49225580832846,Sinaloa,Jalisco,Médico,0
36.323521689641936,Jalisco,Jalisco,Médico,1
56.173235350851215,Sinaloa,Sinaloa,Médico,1
51.16263156179425,Jalisco,Sinaloa,Policía,1
35.123395454582784,Jalisco,Jalisco,Médico,1
51.311699717375035,Jalisco,Jalisco,Chef,0
31.966746267037372,Sinaloa,Sinaloa,Médico,1
50.04597071254449,Jalisco,Jalisco,Médico,1
52.46732672001641,Jalisco,Sinaloa,Médico,1
50.64521393749017,Jalisco,Jalisco,Médico,0
47.61678818003489,Jalisco,Sinaloa,Policía,1
54.726972137371014,Jalisco,Jalisco,Policía,0
56.11205743075217,Sinaloa,Sinaloa,Policía,0
54.01634436616257,Jalisco,Jalisco,Policía,0
50.71950919982509,Sinaloa,Sinaloa,Chef,0
52.99925046559015,Jalisco,Sinaloa,Médico,1
52.655435639876345,Sinaloa,Sinaloa,Médico,0
49.276817424055345,Sinaloa,Jalisco,Policía,0
56.43147977946168,Jalisco,Sinaloa,Chef,0
52.27889235526377,Sinaloa,Jalisco,Médico,0
53.72198100643388,Sinaloa,Sinaloa,Médico,0
33.302979845666705,Sinaloa,Sinaloa,Médico,1
57.00806601233241,Sinaloa,Jalisco,Policía,0
51.86831322415166,Jalisco,Sinaloa,Chef,0
53.12392313318444,Sinaloa,Sinaloa,Médico,0
44.33618865343013,Jalisco,Sinaloa,Policía,1
49.12627608865291,Jalisco,Sinaloa,Policía,1
50.2058231634799,Jalisco,Sinaloa,Médico,1
38.11357228079105,Jalisco,Sinaloa,Profesor,1
54.50086086070813,Jalisco,Sinaloa,Médico,1
59.09978473003291,Sinaloa,Sinaloa,Policía,0
49.889213675947865,Jalisco,Sinaloa,Médico,0
53.85341536960354,Jalisco,Sinaloa,Médico,1
55.91998148934953,Jalisco,Sinaloa,Policía,0
53.18805207839299,Sinaloa,Sinaloa,Médico,1
42.95383903642082,Jalisco,Jalisco,Médico,1
51.17605610041628,Sinaloa,Jalisco,Médico,1
47.31728742645385,Jalisco,Sinaloa,Policía,1
52.36419446420995,Jalisco,Sinaloa,Policía,0
50.42628598810822,Jalisco,Jalisco,Chef,0
42.290271389126424,Jalisco,Jalisco,Médico,1
36.46860952144929,Jalisco,Sinaloa,Médico,1
58.236298956066825,Sinaloa,Sinaloa,Policía,0
53.68708032632797,Sinaloa,Jalisco,Chef,0
55.95835562945147,Jalisco,Jalisco,Policía,0
49.24949317471413,Jalisco,Sinaloa,Médico,0
50.70915086824993,Sinaloa,Sinaloa,Chef,0
57.84167328544535,Jalisco,Jalisco,Profesor,1
55.668693560737616,Jalisco,Sinaloa,Policía,0
50.369385365189004,Jalisco,Jalisco,Médico,1
53.82003919852398,Jalisco,Jalisco,Médico,1
56.18056332972844,Sinaloa,Sinaloa,Médico,0
52.37948530123376,Sinaloa,Sinaloa,Médico,0
49.19423445344236,Jalisco,Sinaloa,Policía,0
31.68610758298944,Sinaloa,Jalisco,Profesor,1
49.61385834111508,Jalisco,Sinaloa,Policía,0
54.12359302476227,Jalisco,Sinaloa,Médico,1
50.04006942603235,Sinaloa,Sinaloa,Médico,0
51.07614753496356,Sinaloa,Sinaloa,Chef,0
54.731007770252816,Jalisco,Sinaloa,Chef,0
43.20284849203165,Jalisco,Jalisco,Policía,1
58.1827289357022,Jalisco,Sinaloa,Policía,0
54.04128834027593,Sinaloa,Sinaloa,Médico,0
48.81641812457348,Jalisco,Sinaloa,Médico,0
51.35123649318944,Jalisco,Sinaloa,Médico,1
52.087700804924296,Sinaloa,Sinaloa,Policía,0
48.07403571759634,Jalisco,Sinaloa,Policía,1
33.193124164063676,Jalisco,Sinaloa,Médico,1
51.94456867530906,Jalisco,Sinaloa,Médico,1
35.99890643803151,Jalisco,Sinaloa,Médico,1
49.36578212941383,Jalisco,Jalisco,Policía,0
51.980358153997805,Jalisco,Sinaloa,Policía,0
52.981080317953925,Jalisco,Jalisco,Policía,0
52.00929962270015,Jalisco,Jalisco,Médico,1
55.04929507576998,Sinaloa,Jalisco,Policía,0
60.215387099772094,Sinaloa,Jalisco,Médico,0
52.30589012761659,Jalisco,Jalisco,Médico,1
52.075891302919416,Jalisco,Jalisco,Médico,1
53.51820422447653,Jalisco,Sinaloa,Chef,0
53.80390425810654,Jalisco,Jalisco,Policía,0
52.845223326709416,Sinaloa,Jalisco,Médico,1
44.36518988432581,Jalisco,Jalisco,Médico,1
41.8570132781112,Jalisco,Jalisco,Policía,1
58.0015780756247,Sinaloa,Jalisco,Médico,1
49.710504573109624,Sinaloa,Sinaloa,Policía,0
55.20277514411433,Sinaloa,Sinaloa,Médico,0
46.55385826285949,Jalisco,Sinaloa,Policía,1
39.021803936668356,Jalisco,Jalisco,Médico,1
52.413221124050814,Sinaloa,Sinaloa,Médico,1
52.61814248912369,Sinaloa,Jalisco,Policía,1
48.24318770445323,Jalisco,Jalisco,Policía,1
58.032403881501665,Sinaloa,Sinaloa,Médico,1
38.982852750739724,Jalisco,Sinaloa,Médico,1
51.06758370860041,Sinaloa,Jalisco,Chef,0
50.163765358442085,Sinaloa,Sinaloa,Policía,0
52.69678012023967,Sinaloa,Sinaloa,Médico,0
52.089449452270294,Sinaloa,Jalisco,Médico,0
55.79275588261579,Jalisco,Jalisco,Médico,1
52.162787392742864,Jalisco,Sinaloa,Policía,0
56.297559004825324,Jalisco,Jalisco,Médico,1
28.822082408552603,Sinaloa,Jalisco,Profesor,1
54.086136232064426,Jalisco,Sinaloa,Policía,0
49.1821990237121,Jalisco,Jalisco,Médico,0
50.620088770921264,Jalisco,Jalisco,Policía,0
39.887226847877145,Jalisco,Jalisco,Médico,1
38.936140276267835,Jalisco,Sinaloa,Médico,1
52.37346780108929,Jalisco,Sinaloa,Policía,0
42.43200756946776,Jalisco,Sinaloa,Médico,1
50.863372761228646,Sinaloa,Jalisco,Médico,0
54.026486822832815,Sinaloa,Sinaloa,Policía,0
50.5567388682537,Jalisco,Sinaloa,Policía,0
32.93492748446124,Sinaloa,Sinaloa,Médico,1
55.33172080051856,Sinaloa,Jalisco,Policía,0
55.10677314903503,Jalisco,Sinaloa,Médico,1
43.58038634932196,Jalisco,Jalisco,Policía,1
53.35409556315682,Sinaloa,Jalisco,Médico,0
45.04794588304058,Jalisco,Jalisco,Policía,1
35.7714824849902,Jalisco,Sinaloa,Médico,1
52.58581482129589,Jalisco,Sinaloa,Médico,1
51.12453723221223,Sinaloa,Jalisco,Médico,0
56.45836030024924,Sinaloa,Sinaloa,Chef,0
35.603254179545665,Jalisco,Sinaloa,Médico,1
53.10772219253569,Sinaloa,Jalisco,Policía,1
53.65150954290946,Jalisco,Jalisco,Médico,1
46.59813979512227,Jalisco,Sinaloa,Policía,1
40.424397052133564,Jalisco,Jalisco,Policía,1
45.022555137496,Jalisco,Sinaloa,Policía,1
52.01637514393296,Jalisco,Sinaloa,Policía,0
53.31277815653851,Sinaloa,Jalisco,Chef,0
51.87524202127916,Jalisco,Sinaloa,Médico,1
48.631569739162224,Sinaloa,Sinaloa,Médico,0
53.45392596148766,Jalisco,Sinaloa,Médico,1
44.69765353620218,Jalisco,Jalisco,Policía,1
50.45826310942115,Jalisco,Sinaloa,Médico,0
54.92610581702219,Jalisco,Sinaloa,Policía,0
50.92365101212663,Jalisco,Sinaloa,Policía,1
56.966781399859286,Jalisco,Sinaloa,Médico,1
47.13024490491432,Jalisco,Jalisco,Policía,1
51.974509907121195,Jalisco,Sinaloa,Policía,1
56.63771965246762,Jalisco,Jalisco,Médico,1
34.30532719861379,Jalisco,Jalisco,Profesor,1
51.51651268173503,Sinaloa,Sinaloa,Médico,0
55.68391182119375,Sinaloa,Sinaloa,Policía,0
47.99206748611944,Sinaloa,Jalisco,Policía,0
52.43669066413548,Jalisco,Sinaloa,Médico,1
54.62187143331122,Jalisco,Jalisco,Médico,1
55.69072247468389,Jalisco,Sinaloa,Policía,0
29.983022324515574,Sinaloa,Jalisco,Profesor,1
42.06445787139436,Jalisco,Sinaloa,Policía,1
55.53679391162158,Jalisco,Sinaloa,Policía,0
38.16287921080513,Jalisco,Jalisco,Médico,1
54.588645229904735,Sinaloa,Jalisco,Policía,0
50.20523123928822,Jalisco,Jalisco,Chef,0
52.84243786144591,Jalisco,Jalisco,Médico,1
38.70313829652805,Jalisco,Sinaloa,Médico,1
49.602570259650534,Jalisco,Sinaloa,Médico,0
53.07152590429293,Jalisco,Jalisco,Chef,0
52.972657581768814,Sinaloa,Sinaloa,Policía,1
55.29995110915161,Sinaloa,Sinaloa,Médico,0
51.90091076277679,Jalisco,Jalisco,Policía,0
41.536802184395505,Jalisco,Sinaloa,Médico,1
56.306763986819924,Jalisco,Jalisco,Profesor,1
54.257694901909694,Sinaloa,Sinaloa,Chef,0
53.9339662369043,Jalisco,Jalisco,Médico,1
39.07009668639263,Jalisco,Sinaloa,Médico,1
43.82917832789282,Jalisco,Jalisco,Policía,1
51.564637832842415,Jalisco,Jalisco,Policía,0
35.741445848774745,Jalisco,Sinaloa,Médico,1
51.618996968669784,Sinaloa,Sinaloa,Policía,0
57.76863608462033,Sinaloa,Sinaloa,Policía,0
37.491385546113165,Jalisco,Jalisco,Médico,1
54.07920085300806,Sinaloa,Sinaloa,Médico,0
55.617541828321706,Sinaloa,Jalisco,Policía,0
49.27004609760921,Sinaloa,Sinaloa,Médico,0
56.12921399451359,Sinaloa,Sinaloa,Médico,0
43.905996074479184,Jalisco,Jalisco,Policía,1
51.5000550562088,Jalisco,Sinaloa,Médico,1
50.7662184231989,Jalisco,Sinaloa,Policía,1
56.70034392931557,Jalisco,Sinaloa,Médico,1
53.03237886342842,Jalisco,Sinaloa,Médico,0
53.5856102268997,Jalisco,Jalisco,Médico,1
32.041127116950975,Sinaloa,Sinaloa,Profesor,1
53.62400331623176,Jalisco,Sinaloa,Médico,1
36.23911376344684,Jalisco,Sinaloa,Médico,1
50.02907764931467,Jalisco,Jalisco,Policía,1
55.63178932514049,Jalisco,Jalisco,Policía,0
52.995217226550494,Jalisco,Sinaloa,Médico,1
50.37741067741001,Jalisco,Sinaloa,Médico,1
52.91085159911935,Jalisco,Jalisco,Policía,0
48.81767847136433,Jalisco,Sinaloa,Policía,0
51.7454863926627,Jalisco,Sinaloa,Médico,1
51.790659503933554,Jalisco,Sinaloa,Policía,0
33.11904606907109,Sinaloa,Sinaloa,Médico,1
51.47240222533821,Sinaloa,Jalisco,Médico,0
44.4590689875716,Jalisco,Jalisco,Policía,1
33.22091467514839,Jalisco,Sinaloa,Profesor,1
50.38645814939976,Sinaloa,Sinaloa,Policía,0
53.607971711720246,Jalisco,Jalisco,Médico,1
37.98782397856978,Jalisco,Sinaloa,Médico,1
54.1760188948439,Sinaloa,Jalisco,Chef,0
39.08368562931872,Jalisco,Sinaloa,Médico,1
30.37978782520861,Sinaloa,Jalisco,Profesor,1
57.646580638834514,Jalisco,Jalisco,Médico,1
50.69144341017619,Sinaloa,Jalisco,Médico,0
40.06195354815375,Jalisco,Jalisco,Médico,1
54.28388873262269,Sinaloa,Jalisco,Policía,0
43.85358489987797,Jalisco,Sinaloa,Médico,0
52.865195518293724,Jalisco,Jalisco,Médico,1
42.56537137557183,Jalisco,Sinaloa,Policía,1
58.96242825457602,Sinaloa,Sinaloa,Médico,1
55.943217921929545,Jalisco,Sinaloa,Policía,0
50.99981640056749,Jalisco,Jalisco,Policía,0
56.78673619488465,Jalisco,Sinaloa,Policía,0
48.623336390221965,Jalisco,Sinaloa,Policía,0
50.009571855291085,Jalisco,Sinaloa,Policía,0
51.82491128995303,Jalisco,Sinaloa,Médico,1
50.270095915440784,Jalisco,Sinaloa,Policía,1
46.41735315771294,Jalisco,Sinaloa,Policía,1
53.258924695851164,Sinaloa,Sinaloa,Policía,0
48.708071766956564,Jalisco,Sinaloa,Policía,1
54.77922802851972,Sinaloa,Sinaloa,Médico,1
56.89315912825914,Sinaloa,Sinaloa,Policía,0
53.87001663846004,Sinaloa,Sinaloa,Médico,0
50.49719541421993,Sinaloa,Sinaloa,Policía,1
47.55915174222852,Jalisco,Sinaloa,Policía,0
41.53846441887069,Jalisco,Jalisco,Médico,1
55.01131786841573,Sinaloa,Sinaloa,Chef,0
40.93232746663259,Jalisco,Jalisco,Médico,1
50.68651530448876,Sinaloa,Sinaloa,Chef,0
35.21906914885787,Jalisco,Sinaloa,Médico,1
31.33459691364851,Jalisco,Sinaloa,Médico,1
38.43990272474306,Jalisco,Sinaloa,Médico,1
54.58665707971699,Jalisco,Sinaloa,Policía,0
52.9601717873816,Sinaloa,Jalisco,Policía,0
48.679741287016824,Jalisco,Jalisco,Médico,1
54.967704381654,Jalisco,Sinaloa,Policía,0
53.89227203457324,Sinaloa,Jalisco,Policía,0
33.59126582722773,Jalisco,Sinaloa,Médico,1
56.62158294404584,Sinaloa,Sinaloa,Policía,0
53.44526895107578,Sinaloa,Jalisco,Médico,0
51.87154409831929,Jalisco,Sinaloa,Policía,1
53.01308851266509,Jalisco,Sinaloa,Médico,1
48.49391416936857,Jalisco,Sinaloa,Médico,0
54.0660850326908,Jalisco,Sinaloa,Policía,0
43.38098936818609,Jalisco,Sinaloa,Policía,1
51.82331583680864,Sinaloa,Jalisco,Policía,1
38.38096075702253,Jalisco,Jalisco,Médico,1
49.47562924829987,Jalisco,Jalisco,Médico,0
52.83471692553283,Sinaloa,Sinaloa,Médico,0
41.909183298572415,Jalisco,Sinaloa,Médico,1
51.672020527044225,Jalisco,Sinaloa,Médico,1
50.48884669306562,Jalisco,Sinaloa,Policía,1
51.74061262157363,Jalisco,Jalisco,Médico,1
41.48393221128154,Jalisco,Jalisco,Médico,1
48.83081395474178,Sinaloa,Jalisco,Médico,0
54.16619664488561,Sinaloa,Sinaloa,Médico,0
48.59779886635317,Jalisco,Jalisco,Policía,0
55.03526748042172,Jalisco,Jalisco,Policía,0
52.43321429814334,Jalisco,Sinaloa,Médico,1
48.583042208661396,Jalisco,Sinaloa,Médico,1
39.90448828579564,Jalisco,Sinaloa,Médico,1
51.38267897875393,Jalisco,Sinaloa,Policía,0
54.558454025861344,Sinaloa,Jalisco,Policía,0
43.883405336576494,Jalisco,Sinaloa,Policía,1
55.85318793531893,Sinaloa,Sinaloa,Médico,0
50.40146260389097,Jalisco,Jalisco,Policía,0
55.46404248212837,Sinaloa,Sinaloa,Médico,1
40.462819395648125,Jalisco,Sinaloa,Médico,1
56.88273223290369,Jalisco,Sinaloa,Policía,0
51.674008263006264,Jalisco,Sinaloa,Médico,1
50.89209302348715,Sinaloa,Sinaloa,Policía,0
54.336394526863664,Jalisco,Sinaloa,Policía,0
51.08641321008251,Jalisco,Jalisco,Médico,1
30.61855396284993,Sinaloa,Sinaloa,Médico,1
56.289872143279986,Jalisco,Sinaloa,Médico,1
51.108243599198126,Sinaloa,Sinaloa,Médico,0
49.223362740637,Jalisco,Sinaloa,Policía,0
52.56596843498343,Jalisco,Sinaloa,Policía,0
46.176560616573255,Jalisco,Sinaloa,Policía,1
54.21766974014621,CDMX,Jalisco,Médico,0
48.618602155992704,Jalisco,Sinaloa,Policía,1
52.02618373602083,Jalisco,Sinaloa,Médico,1
57.22067851163109,Sinaloa,Sinaloa,Médico,1
51.323215576295894,Jalisco,Jalisco,Médico,1
51.83504768243027,Sinaloa,Jalisco,Médico,0
54.76516147190423,Sinaloa,Sinaloa,Profesor,0
52.799646459855076,Sinaloa,Jalisco,Médico,0
46.65456103211342,Jalisco,Sinaloa,Policía,0
46.12622195670387,Jalisco,Jalisco,Médico,1
53.09279840476012,Jalisco,Sinaloa,Médico,1
51.8139469522076,Sinaloa,Sinaloa,Policía,0
56.43506923643798,Sinaloa,Sinaloa,Policía,0
47.23992231784351,Jalisco,Sinaloa,Profesor,0
56.42087160224717,Sinaloa,Sinaloa,Médico,0
47.49242776837615,Jalisco,Sinaloa,Médico,0
50.01835214292617,Jalisco,Sinaloa,Chef,0
52.13612769314951,Jalisco,Jalisco,Médico,1
54.90521514038001,Sinaloa,Jalisco,Chef,0
56.5718471338145,Sinaloa,Jalisco,Médico,1
44.458372260608535,Jalisco,Jalisco,Médico,1
38.602723532783024,Jalisco,Jalisco,Médico,1
53.38453201705789,Jalisco,Jalisco,Policía,1
50.705169904295005,Jalisco,Sinaloa,Médico,1
51.50032122397494,Sinaloa,Jalisco,Médico,0
55.15094210352859,Sinaloa,Sinaloa,Chef,0
55.004490626881235,Sinaloa,Jalisco,Médico,0
50.63276843300667,Jalisco,Jalisco,Chef,0
52.77246073536522,Sinaloa,Sinaloa,Policía,0
55.781130902987,Jalisco,Sinaloa,Policía,0
43.63410312465821,Jalisco,Jalisco,Policía,1
37.006348441520544,Jalisco,Sinaloa,Médico,1
33.815020207153786,Jalisco,Jalisco,Médico,1
56.671919922929966,Sinaloa,Jalisco,Ingeniero,0
51.92391635828997,Jalisco,Sinaloa,Policía,0
57.19405056899559,Sinaloa,Jalisco,Chef,0
56.42907420271174,Sinaloa,Sinaloa,Médico,1
54.08120278179746,Sinaloa,Sinaloa,Chef,0
54.54101028883053,Jalisco,Sinaloa,Policía,0
51.70585988437171,Jalisco,Jalisco,Policía,0
51.55589652455527,Jalisco,Sinaloa,Médico,1
50.2466801054981,Sinaloa,Jalisco,Médico,0
54.49788400755377,Jalisco,Jalisco,Médico,1
52.80139375037106,Sinaloa,Jalisco,Médico,0
35.248779050380286,Jalisco,Sinaloa,Médico,1
27.715519574847264,Sinaloa,Jalisco,Profesor,1
57.321099857425935,Jalisco,Sinaloa,Médico,1
51.025980244081076,Sinaloa,Sinaloa,Médico,0
53.995296638666886,Jalisco,Sinaloa,Médico,1
56.00955400714678,Jalisco,Jalisco,Policía,0
48.554067478850186,Jalisco,Sinaloa,Médico,1
53.066727708410276,Jalisco,Jalisco,Médico,1
58.043379279226095,Sinaloa,Jalisco,Policía,0
52.160861132864554,Jalisco,Sinaloa,Médico,1
53.161859866234764,Sinaloa,Sinaloa,Médico,0
52.30333524761172,Jalisco,Sinaloa,Médico,0
35.30446668025233,Jalisco,Sinaloa,Médico,1
55.837394820797144,Jalisco,Sinaloa,Médico,1
50.258936594076154,Sinaloa,Jalisco,Policía,0
53.70125539989391,Jalisco,Sinaloa,Médico,1
51.969505624995996,Jalisco,Jalisco,Policía,1
51.14443127336385,Sinaloa,Sinaloa,Médico,0
48.383806004494765,Jalisco,Sinaloa,Policía,1
56.120536152815575,Sinaloa,Jalisco,Médico,0
54.26857345102143,Jalisco,Jalisco,Médico,1
49.48767976762606,Jalisco,Sinaloa,Policía,0
51.77565879641373,Jalisco,Sinaloa,Médico,1
51.133138862567264,Jalisco,Sinaloa,Médico,1
55.11746340454648,Sinaloa,Jalisco,Policía,0
55.10606582643009,Sinaloa,Jalisco,Policía,0
53.3198473437315,Jalisco,Sinaloa,Médico,1
41.604474073267866,Jalisco,Sinaloa,Policía,1
54.655493327502846,Sinaloa,Jalisco,Chef,0
55.542924102358946,Sinaloa,Jalisco,Chef,0
53.00129808316354,Sinaloa,Sinaloa,Médico,0
50.1792444311783,Jalisco,Sinaloa,Médico,1
54.17455004066747,Jalisco,Sinaloa,Policía,0
56.2114751133759,Jalisco,Jalisco,Policía,0
53.94677961933953,Jalisco,Jalisco,Policía,0
50.88716874817347,Sinaloa,Sinaloa,Médico,0
51.054627607581544,Sinaloa,Sinaloa,Chef,0
54.30268518724116,Sinaloa,Jalisco,Médico,0
55.841966015918054,Sinaloa,Jalisco,Policía,0
37.72504519971686,Jalisco,Jalisco,Médico,1
40.663101406921,Jalisco,Jalisco,Policía,1
35.34679191906836,Jalisco,Jalisco,Médico,1
57.65602926711466,Sinaloa,Sinaloa,Chef,0
56.094309079604486,Sinaloa,Jalisco,Policía,0
57.83057269211648,Jalisco,CDMX,Médico,1
57.30301191872327,Sinaloa,Sinaloa,Policía,0
33.305939664973565,Jalisco,Sinaloa,Médico,1
51.93138757323603,Jalisco,Jalisco,Médico,1
50.11337894785618,Jalisco,Sinaloa,Profesor,0
54.97298008770423,Sinaloa,Sinaloa,Médico,0
52.05434531375704,Jalisco,Jalisco,Chef,0
56.48712531063399,Jalisco,Sinaloa,Médico,1
53.600783133398416,Jalisco,Sinaloa,Médico,0
55.591128541672006,Sinaloa,Sinaloa,Médico,0
54.366364914965075,Sinaloa,Jalisco,Médico,0
47.33921346266067,Jalisco,Sinaloa,Policía,1
56.50099869314905,Jalisco,Sinaloa,Chef,0
53.207967651713425,Sinaloa,Jalisco,Médico,0
50.548595532125674,Sinaloa,Sinaloa,Médico,0
43.45383084964221,Jalisco,Jalisco,Policía,1
54.317002946426,Jalisco,Sinaloa,Médico,1
36.48077291934637,Jalisco,Jalisco,Médico,1
53.28450601155197,Jalisco,Sinaloa,Médico,1
50.15458993124423,Sinaloa,Jalisco,Policía,0
26.291283779291216,Sinaloa,Sinaloa,Médico,1
55.06799611537335,Sinaloa,Jalisco,Chef,0
54.06694854620146,Jalisco,Sinaloa,Policía,0
35.86916974542761,Jalisco,Jalisco,Médico,1
38.76436542698689,Jalisco,Jalisco,Médico,1
51.9994914769397,Jalisco,Sinaloa,Médico,1
54.13035230730375,Jalisco,Sinaloa,Policía,0
50.76936653682642,Sinaloa,Sinaloa,Médico,0
55.08697764030395,Jalisco,Sinaloa,Chef,0
55.000757134463186,Sinaloa,Sinaloa,Policía,0
55.48573607094481,Sinaloa,Sinaloa,Policía,0
48.12837965510331,Jalisco,Jalisco,Médico,0
53.24541149982248,Sinaloa,Jalisco,Policía,0
35.32302919528438,Jalisco,Sinaloa,Médico,1
55.25930798954847,Sinaloa,Sinaloa,Médico,0
51.729825899803835,Sinaloa,Sinaloa,Chef,0
47.60626818161445,Jalisco,Jalisco,Policía,1
46.221632736333945,Jalisco,Sinaloa,Médico,0
34.34661713074036,Jalisco,Sinaloa,Médico,1
50.75531756889762,Jalisco,Jalisco,Médico,1
50.333014652011364,Sinaloa,Sinaloa,Policía,0
53.94093906961041,Jalisco,Jalisco,Policía,0
47.650728502994966,Jalisco,Sinaloa,Médico,0
55.47984934754587,Sinaloa,Sinaloa,Profesor,0
50.45991053802419,Jalisco,Jalisco,Médico,0
44.30729773565531,Jalisco,Sinaloa,Médico,1
50.934725843696114,Jalisco,Jalisco,Policía,1
36.369184166058346,Jalisco,Jalisco,Médico,1
51.63391598559626,Jalisco,Sinaloa,Policía,1
48.0159250167028,Jalisco,Sinaloa,Policía,1
35.93879206366432,Jalisco,Jalisco,Médico,1
52.74462910459064,Sinaloa,Sinaloa,Médico,0
54.199049005117416,Jalisco,Jalisco,Policía,0
54.32849867780763,Jalisco,Sinaloa,Médico,1
32.065637863474066,Sinaloa,Jalisco,Médico,1
50.60747807833654,Jalisco,Sinaloa,Policía,0
50.65816507755487,Jalisco,Sinaloa,Policía,0
53.002600006956335,Jalisco,Jalisco,Médico,1
55.72060507294813,Jalisco,Sinaloa,Médico,1
53.625517254387674,Sinaloa,Sinaloa,Médico,0
52.96825918129935,Jalisco,Sinaloa,Policía,0
55.358835987440884,Jalisco,Jalisco,Policía,0
57.77409662040009,Jalisco,Sinaloa,Policía,0
47.37880154768576,Jalisco,Sinaloa,Policía,1
56.66304065929893,Sinaloa,Sinaloa,Policía,0
47.16009834668709,Jalisco,Sinaloa,Policía,1
39.746700949256564,Jalisco,Jalisco,Médico,1
51.98398848252948,Sinaloa,Jalisco,Chef,0
55.68612620658543,Sinaloa,Jalisco,Médico,0
56.97843212859956,Jalisco,Sinaloa,Profesor,1
57.418997174269066,Sinaloa,Sinaloa,Chef,0
47.905210705027876,Jalisco,Sinaloa,Profesor,0
57.423047703166695,Sinaloa,Sinaloa,Policía,0
50.09688827591991,Sinaloa,Jalisco,Policía,0
54.700683864905635,Jalisco,Sinaloa,Policía,0
53.083733958455895,Sinaloa,Sinaloa,Médico,0
47.411870310299946,Jalisco,Sinaloa,Médico,0
54.7944818386944,Sinaloa,Sinaloa,Médico,0
57.55977389812943,Sinaloa,Sinaloa,Médico,0
45.079576132705746,Jalisco,Sinaloa,Profesor,0
51.50205233513957,Jalisco,Jalisco,Policía,0
53.86538311703563,Sinaloa,Sinaloa,Policía,0
52.492288453106674,Jalisco,Sinaloa,Policía,0
50.31286380221025,Sinaloa,Sinaloa,Médico,0
36.88079516611616,Jalisco,Jalisco,Médico,1
47.07901674371458,Jalisco,Sinaloa,Profesor,0
40.9657694928829,Jalisco,Jalisco,Policía,1
54.53548114176961,Jalisco,Jalisco,Médico,0
43.39521155742344,Jalisco,Jalisco,Médico,1
53.859188204209886,Jalisco,Jalisco,Médico,0
42.96049967399033,Jalisco,Jalisco,Policía,1
52.79228230788619,Sinaloa,Sinaloa,Policía,0
53.357527317079246,Sinaloa,Jalisco,Médico,0
53.97679898390478,Sinaloa,Sinaloa,Profesor,0
34.75410796578406,Jalisco,Sinaloa,Médico,1
52.71443105291421,Sinaloa,CDMX,Policía,0
46.963303790993095,Jalisco,Sinaloa,Policía,1
53.923527358317344,Sinaloa,Sinaloa,Médico,0
56.231008059901065,Sinaloa,Jalisco,Médico,0
52.19924104702906,Jalisco,Sinaloa,Policía,0
54.74601473335338,Jalisco,Jalisco,Policía,0
53.5471921263445,Jalisco,Jalisco,Médico,1
36.72085152202133,Jalisco,Sinaloa,Médico,1
47.14775974283853,Jalisco,Sinaloa,Policía,1
33.84004158109312,Jalisco,Jalisco,Médico,1
44.80765172358785,Jalisco,CDMX,Médico,1
51.19346171432062,Jalisco,Jalisco,Médico,0
50.956162463528116,Jalisco,Jalisco,Policía,0
55.20787447891699,Jalisco,Jalisco,Policía,0
38.866457656815236,Jalisco,Jalisco,Médico,1
52.990069707488345,Jalisco,Jalisco,Médico,1
54.547754700566074,Jalisco,Jalisco,Policía,0
55.209530805545924,Sinaloa,Jalisco,Médico,1
50.63928594810891,Sinaloa,Sinaloa,Médico,0
54.54259564257685,Jalisco,Jalisco,Médico,0
54.213634207110054,Sinaloa,Jalisco,Médico,0
38.35382900295107,Jalisco,Sinaloa,Médico,1
48.9768646775853,Jalisco,Sinaloa,Policía,1
45.96161092648017,Jalisco,Sinaloa,Médico,1
50.758355202536784,Sinaloa,Jalisco,Chef,0
50.19109803716581,Sinaloa,Sinaloa,Médico,0
50.88348029814205,Jalisco,CDMX,Policía,0
52.398933282542686,Jalisco,Sinaloa,Policía,0
51.727278097266,Jalisco,Jalisco,Policía,1
52.88950129527236,Jalisco,Sinaloa,Policía,0
53.532237551162936,Jalisco,Sinaloa,Médico,1
56.36856165148582,Jalisco,Sinaloa,Médico,1
54.33961494881521,Sinaloa,Jalisco,Médico,0
52.096381854073485,Jalisco,Sinaloa,Médico,1
56.61112643051538,Sinaloa,Jalisco,Médico,0
49.87661723570032,Sinaloa,Jalisco,Médico,0
44.32922157765309,Jalisco,Jalisco,Médico,1
55.04561287067221,Sinaloa,Sinaloa,Médico,1
56.194986804246895,Sinaloa,Jalisco,Policía,0
51.3803006189439,Jalisco,Sinaloa,Policía,1
42.74635738488982,Jalisco,Jalisco,Policía,1
54.7447336102353,Jalisco,Sinaloa,Médico,1
52.31998832806609,Jalisco,Sinaloa,Chef,0
51.84434982529163,Jalisco,Jalisco,Médico,0
52.40731123908159,Jalisco,Sinaloa,Médico,1
49.349857505977916,Jalisco,Jalisco,Médico,0
57.97828581938703,Sinaloa,Sinaloa,Policía,0
58.505234847904134,Sinaloa,Jalisco,Policía,0
52.68080059050799,Sinaloa,Sinaloa,Chef,1
52.6358939424969,Jalisco,Jalisco,Médico,1
55.38118256007478,Sinaloa,Sinaloa,Chef,0
55.290884168821854,Jalisco,Sinaloa,Médico,1
41.90504097110505,Jalisco,Sinaloa,Médico,1
56.80171960971347,Sinaloa,Jalisco,Médico,0
51.472187768752036,Sinaloa,Jalisco,Médico,0
47.76671650615339,Jalisco,Sinaloa,Médico,1
36.86800556770176,Jalisco,Sinaloa,Médico,1
57.180156909489085,Sinaloa,Sinaloa,Chef,0
54.82735620830677,Jalisco,Jalisco,Chef,0
52.75622149323922,Sinaloa,Jalisco,Médico,0
56.34857084497809,Jalisco,Sinaloa,Médico,1
52.63871249318015,Jalisco,Sinaloa,Policía,0
47.44800067265155,Jalisco,Sinaloa,Policía,1
54.15311653383859,Sinaloa,Jalisco,Médico,0
48.31113765163339,Jalisco,Jalisco,Policía,1
35.7091351677933,Jalisco,Jalisco,Médico,1
53.76657004105064,Sinaloa,Jalisco,Médico,0
49.771152703914794,Sinaloa,Sinaloa,Policía,0
37.78721540156374,Jalisco,Jalisco,Médico,1
54.76023834590366,Sinaloa,Sinaloa,Médico,1
51.26351743889436,Sinaloa,Jalisco,Médico,0
42.47373332122748,Jalisco,Sinaloa,Policía,1
55.925245907664326,Jalisco,Sinaloa,Policía,1
53.34733621601199,Jalisco,Jalisco,Policía,0
50.72771006760161,Jalisco,Jalisco,Policía,0
56.28934010655176,Sinaloa,Sinaloa,Médico,0
53.64738904681777,Jalisco,Jalisco,Policía,1
52.257498685358776,Sinaloa,Jalisco,Médico,0
57.99073952352122,Jalisco,Sinaloa,Policía,0
54.06973913752457,Sinaloa,Jalisco,Médico,0
51.94969704942118,Jalisco,Jalisco,Policía,0
52.75110293660531,Sinaloa,Jalisco,Médico,0
52.70753572601942,Jalisco,Sinaloa,Médico,1
51.822627084244225,Jalisco,Sinaloa,Médico,1
52.36990191510888,Sinaloa,Sinaloa,Médico,0
58.677043039220564,Jalisco,Jalisco,Médico,1
57.960495456991104,Jalisco,Jalisco,Policía,0
55.703102684519294,Sinaloa,Sinaloa,Médico,0
56.64391197155182,Sinaloa,Sinaloa,Médico,1
49.811071687344935,Jalisco,Jalisco,Médico,0
53.4860555649286,Jalisco,Jalisco,Policía,0
50.33427801055823,Jalisco,Sinaloa,Policía,0
51.056380700525054,Sinaloa,Jalisco,Médico,0
54.38147797625586,Sinaloa,Sinaloa,Médico,0
35.38820000309849,Jalisco,Sinaloa,Médico,1
54.404728561605644,Jalisco,Sinaloa,Policía,0
49.46049148111034,Jalisco,Sinaloa,Policía,0
53.15305154962983,Jalisco,Jalisco,Policía,1
52.965633104237284,Sinaloa,Sinaloa,Médico,0
54.40515160001655,Jalisco,Jalisco,Policía,0
59.493148060373215,Jalisco,Jalisco,Policía,0
49.678799476518144,Jalisco,Jalisco,Policía,0
52.59542820996031,Jalisco,Sinaloa,Policía,1
54.77322275013483,Sinaloa,Jalisco,Médico,0
42.314885497702775,Jalisco,Jalisco,Policía,1
42.963527726131666,Jalisco,Sinaloa,Médico,1
52.27989512577566,Jalisco,Jalisco,Médico,1
48.747384292905124,Jalisco,Jalisco,Policía,1
54.447814065142325,Jalisco,Sinaloa,Policía,0
47.410625376124464,Jalisco,Sinaloa,Policía,1
47.050972226972256,Jalisco,Sinaloa,Policía,1
28.65429553894172,Sinaloa,Jalisco,Médico,1
55.21905035242191,Sinaloa,Sinaloa,Médico,1
43.58837952985474,Jalisco,Sinaloa,Médico,1
55.71900437744144,Jalisco,Jalisco,Médico,1
40.94086561482281,Jalisco,Jalisco,Médico,1
54.02813205807357,Sinaloa,Sinaloa,Policía,0
50.269046393013866,Sinaloa,Sinaloa,Médico,0
52.33164671157242,Jalisco,Sinaloa,Policía,0
54.99176815433899,Jalisco,Sinaloa,Médico,1
52.14300526692867,Jalisco,Sinaloa,Policía,0
52.18476427643919,Jalisco,Sinaloa,Policía,0
51.26763294764567,Sinaloa,Sinaloa,Médico,0
55.821446968152515,Jalisco,Sinaloa,Médico,1
54.42909987486491,Sinaloa,Jalisco,Médico,0
56.1501986114886,Sinaloa,Jalisco,Policía,0
32.24373778392031,Sinaloa,Jalisco,Médico,1
48.79972583351383,Jalisco,Sinaloa,Médico,1
55.56070325862814,Sinaloa,Sinaloa,Médico,0
53.011154973724736,Jalisco,Sinaloa,Policía,0
49.20989721247845,Jalisco,Sinaloa,Médico,1
60.433387443887646,Sinaloa,Jalisco,Médico,0
48.032320360016385,Sinaloa,Jalisco,Médico,0
47.62835952536569,Jalisco,Jalisco,Médico,0
55.73659946041822,Sinaloa,Sinaloa,Médico,1
51.63793189442975,Jalisco,Sinaloa,Médico,1
48.33046588541812,Jalisco,Sinaloa,Policía,1
49.21950994935783,Jalisco,Sinaloa,Policía,1
50.83868267428878,Jalisco,Jalisco,Médico,1
40.036847377141996,Jalisco,Sinaloa,Médico,1
55.32383339328489,Jalisco,Sinaloa,Médico,1
41.778437214149726,Jalisco,Jalisco,Médico,1
35.46421408883489,Jalisco,Jalisco,Profesor,1
39.08992225588865,Jalisco,Sinaloa,Médico,1
35.449613022933,Sinaloa,Jalisco,Médico,1
55.66391140394404,Sinaloa,Sinaloa,Médico,1
42.42727237841069,Jalisco,Jalisco,Médico,1
54.371601596695825,Jalisco,Sinaloa,Médico,0
53.849921284267424,Jalisco,Sinaloa,Policía,0
53.20673606586865,Jalisco,Jalisco,Policía,0
55.087379677846606,Jalisco,Sinaloa,Médico,1
52.10947515748774,Sinaloa,Sinaloa,Médico,0
32.239814227311214,Sinaloa,Jalisco,Médico,1
53.84931787896696,Sinaloa,Sinaloa,Policía,0
36.65411424788719,Jalisco,Jalisco,Médico,1
49.27671697026439,Jalisco,Jalisco,Policía,0
54.93821812537924,Sinaloa,Sinaloa,Médico,1
47.8899854218303,Jalisco,Sinaloa,Policía,1
48.71642527552659,Jalisco,Sinaloa,Policía,1
50.05570267405617,Jalisco,Sinaloa,Policía,0
35.80335310615598,Jalisco,Jalisco,Médico,1
49.050955380090315,Jalisco,Jalisco,Policía,1
56.040905717602264,Jalisco,Sinaloa,Médico,1
53.01911572198819,Jalisco,Sinaloa,Médico,1
35.31854734234824,Jalisco,Sinaloa,Médico,1
50.86383905847608,Sinaloa,Jalisco,Médico,0
54.51590963641832,Jalisco,Sinaloa,Policía,0
54.649795603085344,Sinaloa,Sinaloa,Policía,1
38.44979318761402,Jalisco,Sinaloa,Médico,1
40.64450532839571,Jalisco,Jalisco,Policía,1
56.69639220384384,Sinaloa,Jalisco,Médico,0
58.484594330712646,Sinaloa,Sinaloa,Ingeniero,0
54.48886673244489,Sinaloa,Sinaloa,Médico,0
57.55825756509842,Jalisco,Jalisco,Profesor,1
40.25910679600714,Jalisco,Jalisco,Policía,1
38.844442694768674,Jalisco,Sinaloa,Médico,1
58.28709218487831,Sinaloa,Jalisco,Médico,0
56.77361316586685,Jalisco,Sinaloa,Chef,0
51.37947041288113,Jalisco,Sinaloa,Médico,1
53.23826844519809,Jalisco,Jalisco,Médico,1
41.94854663324968,Jalisco,Sinaloa,Policía,1
35.22238960240426,Jalisco,Sinaloa,Profesor,1
52.622930610000836,Sinaloa,Sinaloa,Médico,0
54.480629064478556,Jalisco,Sinaloa,Médico,1
38.99346363785782,Jalisco,Jalisco,Médico,1
54.85963699387517,Jalisco,Sinaloa,Médico,0
38.76575935495926,Jalisco,Jalisco,Médico,1
53.215774689862734,Jalisco,Sinaloa,Policía,1
49.291141907270415,Sinaloa,Jalisco,Médico,0
39.92465589041795,Jalisco,Sinaloa,Médico,1
52.73011705532311,Sinaloa,Sinaloa,Policía,0
46.457096641223046,Jalisco,Sinaloa,Médico,1
53.55104857540563,Jalisco,Sinaloa,Médico,1
55.066158189590865,Jalisco,Sinaloa,Policía,0
51.67505959952468,Jalisco,Jalisco,Médico,1
49.136084815989285,Sinaloa,Sinaloa,Médico,0
54.67173454442566,Jalisco,Jalisco,Médico,1
50.26638796922125,Sinaloa,Jalisco,Médico,0
52.220994235441054,Sinaloa,Sinaloa,Chef,0
55.22670508286419,Sinaloa,Jalisco,Médico,0
49.3864164210859,Jalisco,Jalisco,Policía,1
49.33307761168339,Jalisco,Sinaloa,Policía,0
56.72898071166223,Jalisco,Sinaloa,Policía,1
52.158959062423634,Jalisco,Sinaloa,Policía,0
41.917646521726354,Jalisco,Jalisco,Médico,1
51.93159931884739,Sinaloa,Jalisco,Médico,0
52.42979244821414,Sinaloa,Jalisco,Médico,0
56.40357012658961,Sinaloa,Jalisco,Policía,0
41.67986638319589,Jalisco,Sinaloa,Médico,0
56.81839043075679,Sinaloa,Jalisco,Policía,0
32.56711089359444,Jalisco,Jalisco,Médico,1
59.453854402321824,Jalisco,Sinaloa,Policía,0
43.94212160300934,Jalisco,Sinaloa,Policía,0
56.32572854303116,Sinaloa,Sinaloa,Médico,1
41.05411925525746,Jalisco,Jalisco,Médico,1
50.69519062830661,Sinaloa,Sinaloa,Chef,0
38.010800665353635,Jalisco,Sinaloa,Médico,1
49.686050726704465,Jalisco,Sinaloa,Policía,1
54.35187455730695,Jalisco,Sinaloa,Médico,1
42.65383395233607,Jalisco,Jalisco,Médico,1
53.65753997296808,Jalisco,Jalisco,Médico,1
57.27183419234511,Jalisco,Sinaloa,Policía,0
53.220186367339096,Sinaloa,Sinaloa,Médico,0
36.43420502412056,Jalisco,Sinaloa,Médico,1
53.61409618837931,Jalisco,Jalisco,Médico,1
39.02561188493482,Jalisco,Sinaloa,Médico,1
53.29032122294992,Jalisco,Sinaloa,Policía,0
54.82839878600494,Jalisco,Jalisco,Chef,0
51.184720243992004,Sinaloa,Sinaloa,Médico,0
48.5270775624464,Jalisco,Jalisco,Médico,0
55.923614194670535,Jalisco,Jalisco,Policía,1
51.27613662209375,Jalisco,Sinaloa,Policía,1
54.63757943207036,Sinaloa,Jalisco,Chef,0
47.046230088527324,Jalisco,Sinaloa,Médico,1
59.0558972223422,Sinaloa,Sinaloa,Médico,0
52.80685958038451,Jalisco,Sinaloa,Médico,1
56.84097403885693,Sinaloa,Sinaloa,Médico,0
45.57094905926209,Jalisco,Sinaloa,Policía,1
22.433546610249905,Sinaloa,Sinaloa,Profesor,1
56.39340018096955,Sinaloa,Sinaloa,Médico,1
49.37002307750264,Jalisco,Sinaloa,Policía,0
37.35576568272164,Jalisco,Sinaloa,Médico,1
48.62268853965454,Jalisco,Sinaloa,Policía,0
51.95038461279315,Sinaloa,Jalisco,Médico,0
49.308805354531955,Jalisco,Sinaloa,Policía,1
53.334816740790366,Sinaloa,Sinaloa,Médico,0
53.47790512992722,Jalisco,Sinaloa,Médico,1
52.24621440397557,Sinaloa,Sinaloa,Médico,0
55.40235223076255,Sinaloa,Sinaloa,Policía,0
53.80415736196607,Jalisco,Sinaloa,Médico,1
50.73233993973911,Sinaloa,Sinaloa,Médico,0
49.9524157942089,Jalisco,Sinaloa,Médico,0
52.37291084946231,Jalisco,Sinaloa,Policía,1
53.20311414839602,Sinaloa,Sinaloa,Médico,0
50.32889576994381,Sinaloa,Sinaloa,Médico,1
49.822111162403765,Jalisco,Sinaloa,Policía,0
41.56695116053291,Jalisco,Sinaloa,Médico,1
54.65300023022541,Sinaloa,Sinaloa,Médico,0
38.561985095662905,Jalisco,Sinaloa,Médico,1
34.48678372555113,Jalisco,Jalisco,Médico,1
48.92089255361513,Jalisco,Jalisco,Médico,0
54.51990109433242,Sinaloa,Sinaloa,Médico,0
43.86147550265669,Jalisco,Jalisco,Policía,1
49.91412951680513,Sinaloa,Jalisco,Médico,0
50.7971270701967,Jalisco,Sinaloa,Policía,1
52.00929837874734,Sinaloa,Jalisco,Médico,0
47.643492409738556,Jalisco,Sinaloa,Médico,0
57.525650597521064,Sinaloa,Sinaloa,Médico,0
52.07902004209448,Jalisco,Sinaloa,Policía,0
40.203426586627856,Jalisco,Jalisco,Médico,1
54.4204834491838,Jalisco,Jalisco,Médico,1
53.465667666653246,Sinaloa,Jalisco,Médico,1
49.99745526148061,Jalisco,Jalisco,Profesor,0
42.40971855644014,Jalisco,Jalisco,Policía,1
47.47590182429748,Jalisco,Jalisco,Chef,0
43.36512908711688,Jalisco,Sinaloa,Médico,1
52.90241005829836,Jalisco,Sinaloa,Médico,1
47.871175628686785,Jalisco,Jalisco,Médico,1
50.59137214462867,Jalisco,Sinaloa,Policía,1
53.3151442739152,Sinaloa,Jalisco,Chef,0
40.18770587625977,Jalisco,Sinaloa,Médico,1
54.61496235833694,Jalisco,Sinaloa,Médico,1
54.16073730604089,Jalisco,Jalisco,Médico,1
55.64857693216892,Jalisco,Jalisco,Policía,0
54.41828996660473,Sinaloa,Sinaloa,Médico,0
53.08483499682339,Jalisco,Sinaloa,Policía,0
28.507950661271796,Sinaloa,Jalisco,Profesor,1
51.58928352749675,Jalisco,Sinaloa,Médico,1
54.53484598928024,Jalisco,Sinaloa,Médico,1
51.7143406748742,Jalisco,Jalisco,Médico,1
46.68233156262963,Jalisco,Sinaloa,Policía,1
39.024737398080475,Jalisco,Jalisco,Policía,1
51.50465966973275,Jalisco,Sinaloa,Policía,0
47.9211965618534,Jalisco,Sinaloa,Policía,1
42.22519223234997,Jalisco,Sinaloa,Policía,1
51.03590013978422,Jalisco,Sinaloa,Médico,1
52.82899954592857,Jalisco,Jalisco,Médico,1
41.06749213090801,Jalisco,Sinaloa,Médico,1
52.11657910530039,Sinaloa,Sinaloa,Policía,1
52.941491385446504,Sinaloa,Jalisco,Médico,0
55.20234731438579,Sinaloa,Jalisco,Médico,1
51.74793722393946,Sinaloa,Sinaloa,Médico,0
54.82861930998973,Jalisco,Jalisco,Médico,0
52.22356136776121,Jalisco,Jalisco,Policía,0
32.33578525124838,Jalisco,Jalisco,Médico,1
53.02668915886705,Sinaloa,Sinaloa,Policía,0
55.11901119640707,Sinaloa,Jalisco,Profesor,0
45.695568174948505,Jalisco,Jalisco,Policía,1
58.4976469691253,Jalisco,Sinaloa,Policía,0
53.97393393214717,Sinaloa,Sinaloa,Policía,0
37.40231120974567,Jalisco,Sinaloa,Médico,1
50.265493356375046,Jalisco,Sinaloa,Médico,0
42.40882781467995,Jalisco,Sinaloa,Policía,1
54.84930284017695,Jalisco,Sinaloa,Policía,0
50.64784277023582,Jalisco,Sinaloa,Profesor,0
52.80867661193383,Sinaloa,Jalisco,Médico,0
48.790801030950796,Jalisco,Sinaloa,Policía,0
51.03270150591117,Sinaloa,Sinaloa,Médico,0
39.083075757925656,Jalisco,Jalisco,Médico,1
44.38006465805529,Jalisco,CDMX,Médico,0
47.53299961867541,Jalisco,Jalisco,Policía,1
58.414864510473244,Jalisco,Sinaloa,Policía,0
54.293449396140915,Jalisco,Jalisco,Médico,1
55.870703402472316,Jalisco,Jalisco,Policía,0
57.95194390740897,Sinaloa,Jalisco,Médico,0
37.86729009802362,Jalisco,Jalisco,Médico,1
55.38436881495636,Sinaloa,Jalisco,Chef,0
41.347370798077044,Jalisco,Sinaloa,Médico,1
52.47253291691608,Sinaloa,Sinaloa,Médico,0
54.6925058501349,Sinaloa,Jalisco,Chef,0
41.57574057650037,Jalisco,Jalisco,Médico,1
56.976453068549354,Jalisco,Jalisco,Policía,0
53.83696448101168,Jalisco,Sinaloa,Policía,0
51.01186851593603,Jalisco,Sinaloa,Profesor,0
58.01450845500491,Sinaloa,Sinaloa,Profesor,0
51.79795416217333,Jalisco,Sinaloa,Médico,1
51.45293773513844,Jalisco,Sinaloa,Policía,0
53.74052907491067,Sinaloa,Jalisco,Médico,0
51.019638020058345,Jalisco,Sinaloa,Policía,0
55.724645895758954,Sinaloa,Sinaloa,Médico,1
53.46369135789184,Sinaloa,Sinaloa,Médico,1
37.43157573351765,Jalisco,Jalisco,Médico,1
53.117627512711266,Jalisco,Sinaloa,Médico,1
54.55570889445088,Jalisco,Sinaloa,Médico,1
53.7342317946702,Jalisco,Sinaloa,Profesor,1
52.26004949546405,Jalisco,Sinaloa,Policía,0
43.085168048863935,Jalisco,Sinaloa,Policía,1
50.311055849000475,Jalisco,Sinaloa,Profesor,0
52.574038119202505,Jalisco,Jalisco,Policía,0
53.07977373376302,Jalisco,Jalisco,Policía,0
49.64536834483543,Jalisco,Sinaloa,Policía,1
36.60634453172156,Jalisco,Jalisco,Médico,1
53.08100574017698,Sinaloa,Jalisco,Médico,0
38.82513961603455,Jalisco,Sinaloa,Médico,1
54.13375588075037,Sinaloa,Jalisco,Chef,0
56.393267457987896,Sinaloa,Sinaloa,Médico,0
57.83396648737458,Sinaloa,Jalisco,Policía,0
51.70768847655673,Sinaloa,Sinaloa,Médico,0
51.052053678484555,Jalisco,Sinaloa,Policía,0
55.72664014197193,Jalisco,Jalisco,Médico,0
53.13887885139696,Jalisco,Sinaloa,Médico,1
50.04694337658065,Jalisco,Sinaloa,Médico,0
51.748712325021735,Sinaloa,Jalisco,Policía,0
54.11958395273335,Sinaloa,Sinaloa,Chef,0
46.5409706208793,Jalisco,Sinaloa,Policía,1
54.24093282020468,Jalisco,Sinaloa,Policía,0
37.641839591838846,Jalisco,Jalisco,Médico,1
50.8990294208432,Jalisco,Sinaloa,Policía,0
51.3791584348038,Jalisco,Jalisco,Médico,1
40.999873097136955,Jalisco,Sinaloa,Policía,1
55.09978115951176,Jalisco,Sinaloa,Policía,0
30.678812889170334,Jalisco,Sinaloa,Médico,1
48.168315563447344,Sinaloa,Jalisco,Médico,0
52.376907676952776,Jalisco,Sinaloa,Policía,0
58.40492639419432,Sinaloa,Sinaloa,Médico,0
51.903071018752684,Jalisco,Jalisco,Policía,1
59.45523310888691,Sinaloa,Jalisco,Médico,0
53.028123101045466,Sinaloa,Jalisco,Médico,0
54.26642644877165,Jalisco,Jalisco,Policía,0
50.21891403438011,Jalisco,Sinaloa,Profesor,0
36.46197819486436,Jalisco,Jalisco,Médico,1
55.53431974789141,Jalisco,Jalisco,Policía,0
53.02373338389336,Sinaloa,Jalisco,Policía,1
53.259389270990845,Jalisco,Jalisco,Médico,1
55.25013221407929,Jalisco,Jalisco,Médico,1
52.015214804316514,Sinaloa,Sinaloa,Chef,0
57.96729081360863,Jalisco,Sinaloa,Policía,0
22.087269274568932,Sinaloa,Sinaloa,Profesor,1
32.294267385787975,Jalisco,Sinaloa,Médico,1
51.86965215231739,Jalisco,Sinaloa,Médico,1
58.508863566632954,Sinaloa,Jalisco,Médico,0
50.19788225685158,Jalisco,Sinaloa,Policía,0
33.42088614368005,Jalisco,Sinaloa,Profesor,1
51.31954830233358,Sinaloa,Sinaloa,Médico,0
53.090512444152225,Sinaloa,Jalisco,Policía,0
41.20428280962945,Jalisco,Jalisco,Médico,1
51.02333926056578,Jalisco,Sinaloa,Médico,1
54.47016733130575,Sinaloa,Sinaloa,Médico,0
51.76666214956454,Jalisco,Jalisco,Médico,0
28.932009334167162,Sinaloa,Jalisco,Profesor,1
33.2589271313752,Jalisco,CDMX,Médico,1
34.6047288100865,Jalisco,Jalisco,Médico,1
30.949683419188226,Jalisco,Sinaloa,Médico,1
55.594712115409145,Sinaloa,Jalisco,Médico,1
54.76683765126129,Jalisco,Sinaloa,Policía,0
42.93516296815104,Jalisco,Jalisco,Médico,1
51.80070728148791,Jalisco,Jalisco,Médico,1
55.57723942463263,Sinaloa,Sinaloa,Policía,0
44.544090803883435,Jalisco,Sinaloa,Policía,1
54.998509333179676,Jalisco,Sinaloa,Médico,0
51.17171924628675,Jalisco,Sinaloa,Médico,1
51.57599688112023,Sinaloa,Jalisco,Médico,0
59.39852357867708,Sinaloa,Sinaloa,Policía,0
54.163604750905805,Jalisco,Sinaloa,Médico,1
56.05602612743527,Jalisco,Sinaloa,Policía,0
53.738624720811444,Jalisco,Sinaloa,Policía,0
37.88010353244339,Jalisco,Sinaloa,Médico,1
34.04033498598323,Sinaloa,Sinaloa,Médico,1
52.917469436130204,Jalisco,Sinaloa,Policía,0
38.57546997060121,Jalisco,Sinaloa,Policía,1
55.877872257109416,Sinaloa,Sinaloa,Médico,0
55.27614020344499,Sinaloa,Jalisco,Médico,0
50.57835347632913,Jalisco,Sinaloa,Policía,1
51.272712385698874,Jalisco,Jalisco,Médico,1
59.34504093776345,Sinaloa,Jalisco,Policía,0
53.79177778141333,Jalisco,Jalisco,Policía,0
49.6504061080649,Jalisco,Sinaloa,Médico,1
49.498425281614956,Jalisco,Jalisco,Policía,0
38.57970470128687,Jalisco,Sinaloa,Médico,1
41.09110787301482,Jalisco,Sinaloa,Médico,1
51.74857746564124,Jalisco,Sinaloa,Policía,1
56.317109771151536,Jalisco,Sinaloa,Profesor,1
52.07104643345427,Sinaloa,Sinaloa,Médico,0
47.64434922683432,Jalisco,Sinaloa,Policía,1
37.532996940755694,Jalisco,Jalisco,Médico,1
49.83739763005376,Jalisco,Sinaloa,Policía,0
55.88466027476732,Jalisco,Sinaloa,Profesor,1
52.22764493392021,Sinaloa,Jalisco,Médico,0
39.98805182860417,Jalisco,Sinaloa,Policía,1
45.054429365373494,Jalisco,Sinaloa,Policía,1
51.968777048774285,Jalisco,Sinaloa,Policía,0
60.24151658593638,Sinaloa,Sinaloa,Médico,0
26.54655082691523,Sinaloa,Sinaloa,Profesor,1
27.079363075726828,Sinaloa,Jalisco,Profesor,1
53.986629607687405,Sinaloa,Sinaloa,Policía,0
50.6886371081719,Jalisco,Jalisco,Médico,0
38.34706681322395,Jalisco,Sinaloa,Médico,1
50.89132237910004,Jalisco,Sinaloa,Policía,1
53.771095213599565,Jalisco,Jalisco,Policía,0
44.420107748134825,Jalisco,Jalisco,Policía,1
42.49669044927491,Jalisco,Sinaloa,Médico,1
54.64703642326106,Jalisco,Jalisco,Chef,0
54.33620903805874,Sinaloa,Sinaloa,Médico,1
55.94275875213609,Sinaloa,Sinaloa,Médico,0
46.22841185275681,Jalisco,Jalisco,Policía,1
55.58220489281567,Jalisco,Jalisco,Médico,1
36.72124566627703,Jalisco,Sinaloa,Médico,1
36.04837497058844,Jalisco,Jalisco,Médico,1
49.73394113287799,Jalisco,Jalisco,Médico,1
38.326160599262735,Jalisco,CDMX,Policía,1
56.277936238053066,Jalisco,Jalisco,Médico,1
54.45807214689105,Jalisco,Jalisco,Policía,0
53.949646938341154,Sinaloa,Sinaloa,Médico,0
55.83373194179821,Jalisco,Jalisco,Profesor,1
57.23552245368513,Sinaloa,CDMX,Chef,0
59.306908854684785,CDMX,Jalisco,Chef,0
55.40551092161551,Sinaloa,Sinaloa,Chef,0
52.64406853209637,Jalisco,Jalisco,Médico,1
52.643122727645604,Sinaloa,Jalisco,Médico,1
56.834725660599084,Sinaloa,Sinaloa,Policía,0
39.80818167198425,Jalisco,Sinaloa,Médico,1
47.10880830131329,Jalisco,Jalisco,Policía,1
55.2574037158914,Sinaloa,Sinaloa,Médico,1
52.11391274184644,Jalisco,Jalisco,Médico,1
53.8565384297953,Jalisco,Sinaloa,Médico,1
50.04076730190815,Sinaloa,Sinaloa,Policía,0
48.85768928953672,Jalisco,Jalisco,Médico,0
55.45255138124529,Sinaloa,Jalisco,Chef,0
55.46995429059652,Jalisco,Sinaloa,Policía,0
28.80813907727572,Sinaloa,Jalisco,Profesor,1
52.61533307082101,Jalisco,Sinaloa,Policía,1
52.51945303304323,Jalisco,Sinaloa,Médico,1
44.896064960499615,Jalisco,Jalisco,Policía,1
32.490993274164275,Sinaloa,Jalisco,Profesor,1
35.7335361704136,Jalisco,Jalisco,Médico,1
53.25424596243131,Jalisco,Jalisco,Médico,1
45.32087922014323,Jalisco,Sinaloa,Médico,1
54.86709311068892,Jalisco,Jalisco,Chef,0
54.3494578641745,Sinaloa,Jalisco,Médico,0
52.3711378509068,Jalisco,Sinaloa,Médico,1
33.48008122038341,Sinaloa,Sinaloa,Médico,1
36.17199085970131,Jalisco,Sinaloa,Médico,1
39.95702108540582,Jalisco,Sinaloa,Médico,1
53.604311264413866,Sinaloa,Sinaloa,Médico,0
50.62177165719092,Jalisco,Jalisco,Policía,0
31.39875626194982,Sinaloa,Sinaloa,Médico,1
58.46919234099922,Sinaloa,Sinaloa,Policía,0
50.03628708555199,Jalisco,Sinaloa,Policía,1
52.13248383312891,Sinaloa,Sinaloa,Médico,0
38.72715490739681,Jalisco,Sinaloa,Médico,1
38.57162121787601,Jalisco,Jalisco,Médico,1
47.63554011760204,Jalisco,Sinaloa,Médico,0
54.10043713319457,Jalisco,Jalisco,Médico,1
55.298730800962524,Jalisco,Sinaloa,Médico,1
54.82278632879176,Jalisco,Jalisco,Médico,0
35.83288328125819,Jalisco,Sinaloa,Médico,1
46.68648493190341,Jalisco,Sinaloa,Médico,0
52.407251708855256,Jalisco,Jalisco,Policía,1
54.661291799363205,Jalisco,Sinaloa,Policía,0
38.532906675066364,Jalisco,Sinaloa,Médico,1
54.68682733213228,Sinaloa,Sinaloa,Médico,0
51.71981158010659,Jalisco,Jalisco,Policía,0
39.195226413446456,Jalisco,Sinaloa,Policía,1
53.59109119087385,Jalisco,Jalisco,Médico,1
56.10268238067582,Sinaloa,Sinaloa,Médico,1
55.71288440594667,Jalisco,Jalisco,Policía,0
37.204710236949325,Jalisco,Sinaloa,Profesor,1
49.63367195659743,Jalisco,Sinaloa,Médico,1
56.69322387358009,Sinaloa,Sinaloa,Médico,0
55.15805665636004,Jalisco,Sinaloa,Médico,1
44.456280877944764,Jalisco,Jalisco,Médico,1
51.06791657814544,Jalisco,Sinaloa,Médico,0
53.540952060205555,Jalisco,Jalisco,Policía,1
52.47966307186821,Jalisco,Sinaloa,Médico,1
55.1863876754828,Sinaloa,Sinaloa,Médico,0
57.556365614974055,Sinaloa,Sinaloa,Chef,0
32.437617342070205,Sinaloa,Sinaloa,Profesor,1
38.879308157001105,Jalisco,Jalisco,Médico,1
58.03542174580028,Sinaloa,Jalisco,Médico,0
51.54252157853948,Sinaloa,Jalisco,Médico,0
54.22503408383819,Jalisco,Sinaloa,Policía,0
51.68642937491884,Jalisco,Jalisco,Médico,1
53.16277600341082,Sinaloa,Sinaloa,Médico,0
40.406496138435145,Jalisco,Sinaloa,Médico,1
52.254911374061415,Jalisco,Sinaloa,Policía,0
52.188358959025386,Jalisco,Sinaloa,Policía,0
56.93658519421468,Sinaloa,Sinaloa,Policía,0
54.98172656665657,Sinaloa,Sinaloa,Médico,1
42.65950671951486,Jalisco,Jalisco,Médico,1
54.59030380011885,Jalisco,Jalisco,Médico,1
55.95881320756133,Sinaloa,Sinaloa,Médico,0
31.490959795604127,Sinaloa,Sinaloa,Médico,1
55.946937214721615,Jalisco,Jalisco,Médico,1
50.5111990347426,Jalisco,Sinaloa,Médico,0
38.86541568714387,Jalisco,Sinaloa,Médico,1
55.33608843993109,Sinaloa,Sinaloa,Policía,0
51.11272040571338,Jalisco,Jalisco,Médico,1
46.94224196619817,Jalisco,Sinaloa,Policía,1
54.70436403339153,Sinaloa,Sinaloa,Policía,1
40.7856544812837,Jalisco,Sinaloa,Médico,1
50.386719020381165,Jalisco,Sinaloa,Médico,1
56.36626053523553,Sinaloa,Sinaloa,Médico,0
46.942281613606156,Jalisco,Sinaloa,Médico,0
32.85992241321165,Jalisco,Sinaloa,Médico,1
59.865311703267594,Sinaloa,Sinaloa,Policía,0
54.54493483945447,Jalisco,Jalisco,Médico,1
29.743346403569042,Sinaloa,Sinaloa,Médico,1
54.074629984958285,Jalisco,Jalisco,Policía,0
54.34868664489214,Sinaloa,Sinaloa,Policía,0
55.3875206046617,Jalisco,Sinaloa,Policía,0
50.94421596248969,Jalisco,Jalisco,Chef,0
54.836137153460456,Sinaloa,Sinaloa,Médico,0
39.65401396025155,Jalisco,Jalisco,Médico,1
54.44793799603364,Sinaloa,Sinaloa,Chef,0
55.54607952449534,Jalisco,Sinaloa,Policía,0
54.3497616859763,Jalisco,Sinaloa,Médico,1
52.5501158659716,Jalisco,Sinaloa,Médico,1
56.53786272097722,Sinaloa,Sinaloa,Policía,1
52.513154804521704,Sinaloa,Jalisco,Chef,0
55.40902569980073,Jalisco,Jalisco,Policía,0
51.97234666568695,Jalisco,Sinaloa,Médico,1
52.19734653364151,Jalisco,Sinaloa,Chef,0
56.50757797186117,Jalisco,Sinaloa,Policía,0
53.19542048329318,Sinaloa,Sinaloa,Médico,1
53.25144921391164,Sinaloa,Jalisco,Médico,0
56.92172556580804,Sinaloa,Jalisco,Médico,0
56.935963070884256,Sinaloa,Jalisco,Médico,1
38.64313524092864,Jalisco,Sinaloa,Médico,1
55.698564551238505,Sinaloa,Sinaloa,Policía,0
37.55050910419467,Jalisco,Sinaloa,Médico,1
41.579174737940214,Jalisco,Sinaloa,Policía,1
59.699394688375584,Sinaloa,Jalisco,Médico,1
54.74751105704448,Sinaloa,Sinaloa,Policía,0
53.70428386631358,Jalisco,Sinaloa,Médico,1
53.02217877162801,Jalisco,Jalisco,Policía,1
49.36115210117623,Jalisco,Jalisco,Médico,0
50.85619705093457,Jalisco,Sinaloa,Médico,1
50.60479264799733,Jalisco,Jalisco,Policía,0
35.48256888924837,Jalisco,Sinaloa,Médico,1
51.2716807894219,CDMX,Sinaloa,Médico,0
54.78975772685695,Sinaloa,Jalisco,Médico,1
54.967066677142775,Sinaloa,Jalisco,Policía,0
49.38580362983821,Sinaloa,Jalisco,Policía,0
51.790486654150406,Jalisco,Jalisco,Policía,0
40.29117296707253,Jalisco,Sinaloa,Médico,1
37.732403130783545,Jalisco,Jalisco,Médico,1
48.30867526418001,Sinaloa,Sinaloa,Médico,0
54.90070476276621,Sinaloa,Jalisco,Médico,0
53.0055479081133,Sinaloa,Sinaloa,Médico,0
38.53848211446399,Jalisco,Jalisco,Médico,1
40.42908829202173,Jalisco,Sinaloa,Médico,1
55.991111555239634,Sinaloa,Sinaloa,Médico,1
47.87720326787043,Jalisco,Sinaloa,Médico,0
36.22668181382119,Jalisco,Jalisco,Médico,1
55.19712896106793,Jalisco,Sinaloa,Médico,1
55.052212976919414,Sinaloa,Sinaloa,Médico,0
38.82940874049696,Jalisco,Jalisco,Médico,1
52.823884575132205,Jalisco,Sinaloa,Médico,1
46.634097362753145,Jalisco,Sinaloa,Policía,1
39.714422555578956,Jalisco,Jalisco,Médico,1
60.05564259864628,Sinaloa,Sinaloa,Policía,0
44.854997208691145,Jalisco,Sinaloa,Policía,1
52.44277795820933,Sinaloa,Sinaloa,Médico,0
56.55927329176983,Jalisco,Sinaloa,Médico,1
53.63231708144023,Jalisco,Sinaloa,Chef,0
53.864458027966805,Sinaloa,Jalisco,Médico,0
35.98219289134082,Jalisco,Sinaloa,Médico,1
53.04474688793844,Sinaloa,Sinaloa,Médico,0
50.26291849454739,Jalisco,Jalisco,Médico,1
58.324102249849034,Sinaloa,Jalisco,Médico,0
54.45983516931227,Sinaloa,Sinaloa,Médico,0
41.821724199974284,Jalisco,Sinaloa,Médico,1
56.273263074502616,Jalisco,Sinaloa,Policía,0
38.302410304411026,Jalisco,Jalisco,Médico,1
52.071559239917356,Jalisco,Jalisco,Médico,1
43.871407920353384,Jalisco,Jalisco,Médico,1
51.57789321108863,Sinaloa,Jalisco,Médico,0
57.01834695791538,Sinaloa,Sinaloa,Médico,0
50.22871639664537,Jalisco,Jalisco,Policía,1
52.08830679335131,Jalisco,Jalisco,Policía,0
51.0930621603553,Jalisco,Sinaloa,Policía,0
54.36971995813877,Jalisco,Sinaloa,Chef,0
52.46400921410995,Sinaloa,Jalisco,Chef,0
51.86061908328429,Jalisco,Sinaloa,Policía,0
52.41076511182467,Jalisco,Sinaloa,Médico,1
37.99180467287729,Jalisco,Jalisco,Médico,1
53.957989549428554,Jalisco,Jalisco,Chef,0
29.003098734624597,Sinaloa,Sinaloa,Profesor,1
57.120708646944614,Sinaloa,Sinaloa,Médico,1
52.45877804482524,Sinaloa,Jalisco,Médico,0
47.774094649684855,Jalisco,Jalisco,Policía,1
34.53969028649719,Jalisco,Jalisco,Profesor,1
51.217603800562266,Jalisco,Sinaloa,Profesor,0
57.39157074746224,Sinaloa,Jalisco,Policía,0
53.78005506141345,Sinaloa,Sinaloa,Médico,0
40.086266433655,Jalisco,Sinaloa,Médico,1
55.269199976420445,Jalisco,Jalisco,Policía,0
47.64594097290517,Jalisco,Sinaloa,Policía,1
56.7013633346792,Sinaloa,Sinaloa,Médico,1
51.464648814619956,Sinaloa,Sinaloa,Médico,0
59.22348617966686,Sinaloa,Jalisco,Policía,0
55.538530133634374,Jalisco,Sinaloa,Chef,0
55.616200472354315,Jalisco,Sinaloa,Policía,0
50.53849126639908,Jalisco,Sinaloa,Policía,1
47.13684781411252,Jalisco,Jalisco,Policía,1
54.39348047798239,Sinaloa,Jalisco,Médico,0
55.076097204788574,Jalisco,Sinaloa,Policía,0
57.829976633461264,Sinaloa,Sinaloa,Médico,1
53.63826844967802,Jalisco,Jalisco,Policía,0
54.45237375984096,Jalisco,Jalisco,Chef,0
53.96287039975205,Jalisco,Sinaloa,Médico,1
36.532791008538666,Jalisco,Sinaloa,Médico,1
50.71512732724161,Sinaloa,Sinaloa,Médico,0
52.96255729663236,Jalisco,Sinaloa,Médico,1
52.350048554403976,Sinaloa,Sinaloa,Médico,0
35.77786616199255,Jalisco,Sinaloa,Médico,1
51.0184653083989,Sinaloa,Sinaloa,Policía,0
52.934512966720746,Jalisco,Sinaloa,Chef,0
56.28116276517142,Sinaloa,Jalisco,Policía,0
52.14853956866342,Jalisco,Jalisco,Médico,0
48.801985243300685,Jalisco,Sinaloa,Policía,1
37.16574874975423,Jalisco,Sinaloa,Médico,1
49.84106667461499,Jalisco,Sinaloa,Profesor,0
53.65796525466906,Sinaloa,Sinaloa,Chef,0
49.88076382127624,Sinaloa,Sinaloa,Policía,0
51.4374943248447,Sinaloa,Sinaloa,Médico,0
56.50391975102917,Sinaloa,Sinaloa,Policía,0
52.66824388153769,Jalisco,Jalisco,Médico,0
56.636391336625216,Sinaloa,Sinaloa,Médico,0
41.09238852796483,Jalisco,Sinaloa,Policía,1
52.0796845269703,Sinaloa,Sinaloa,Profesor,0
49.43745258801046,Jalisco,Sinaloa,Chef,0
54.002824749857126,Sinaloa,Jalisco,Chef,0
56.58438417904343,Jalisco,Jalisco,Policía,0
58.37826158978921,Sinaloa,Sinaloa,Policía,0
34.767395360227354,Sinaloa,Sinaloa,Médico,1
55.56811396323302,Sinaloa,Sinaloa,Médico,0
56.16561916139256,Jalisco,Sinaloa,Médico,1
43.309313949715516,Jalisco,Sinaloa,Médico,1
57.41797089231733,Sinaloa,Sinaloa,Médico,0
55.906485189433084,Sinaloa,Sinaloa,Chef,0
45.67534158204478,Jalisco,Jalisco,Médico,0
53.44893551428935,Jalisco,Sinaloa,Chef,0
46.59139355408682,Jalisco,Jalisco,Policía,1
38.737534084502855,Jalisco,Sinaloa,Médico,1
58.02865392723603,Sinaloa,Sinaloa,Médico,0
53.345460577924854,Sinaloa,Sinaloa,Policía,0
33.9830058044312,Jalisco,Jalisco,Profesor,1
47.42336489270776,Jalisco,Sinaloa,Médico,0
52.192678531564056,Sinaloa,Sinaloa,Chef,0
52.461317431787066,Sinaloa,Sinaloa,Policía,1
47.638980004164594,Jalisco,Jalisco,Policía,1
43.11627076480343,Jalisco,Jalisco,Médico,1
48.722966742476544,Jalisco,Jalisco,Médico,0
56.54857985623418,Jalisco,Jalisco,Profesor,1
53.13497564646229,Jalisco,Sinaloa,Policía,0
38.2623767546237,Jalisco,Jalisco,Médico,1
51.99037962448208,Sinaloa,Sinaloa,Médico,1
50.484188226580265,Jalisco,Sinaloa,Policía,0
51.99948875131301,Jalisco,Sinaloa,Policía,1
41.110373211656366,Jalisco,Sinaloa,Médico,1
40.33922932315342,Jalisco,Jalisco,Médico,1
37.55676823117625,Jalisco,Sinaloa,Médico,1
52.03613562165789,Jalisco,Sinaloa,Policía,1
53.19439984265063,Jalisco,Jalisco,Médico,1
36.513089618336835,Jalisco,Jalisco,Médico,1
64.88990705901138,CDMX,Jalisco,Chef,0
54.63981884498354,Sinaloa,Jalisco,Chef,0
54.19345808325435,Jalisco,Sinaloa,Médico,1
52.357695098889124,Jalisco,Sinaloa,Médico,0
51.5368090747573,Jalisco,Sinaloa,Médico,1
51.93634405345988,Sinaloa,Sinaloa,Policía,1
57.020918333662024,Jalisco,Sinaloa,Médico,0
47.80968396332477,Jalisco,Jalisco,Policía,1
50.9001562731328,Sinaloa,Sinaloa,Chef,0
50.968134234710845,Sinaloa,Jalisco,Chef,0
51.59970748768122,Jalisco,Jalisco,Policía,0
48.85897840600649,Sinaloa,Jalisco,Chef,0
57.03533758515951,Jalisco,Sinaloa,Policía,0
54.825268957475934,Jalisco,Sinaloa,Policía,0
53.89818071633545,Jalisco,Jalisco,Médico,1
51.55201908060364,Sinaloa,Sinaloa,Médico,0
51.07072730778818,Jalisco,Jalisco,Policía,0
40.14184751829566,Jalisco,Jalisco,Policía,1
53.979158762010904,Jalisco,Sinaloa,Policía,0
54.19447468951965,Sinaloa,Sinaloa,Médico,0
50.65079917045499,Sinaloa,Jalisco,Médico,0
54.048687981794075,Jalisco,Sinaloa,Policía,0
51.99459299836188,Jalisco,Sinaloa,Policía,1
53.87921017640212,Sinaloa,Sinaloa,Médico,1
52.89199928813043,Jalisco,Sinaloa,Policía,0
47.26040669390862,Jalisco,Jalisco,Médico,1
58.79886154065633,Sinaloa,Sinaloa,Médico,0
50.153045550541194,Jalisco,Sinaloa,Chef,0
53.620662274311115,Sinaloa,Jalisco,Chef,0
51.51026613643364,Jalisco,Jalisco,Chef,0
52.68951648154739,Sinaloa,Sinaloa,Médico,0
43.09989670112844,Jalisco,Sinaloa,Médico,1
55.82227258721986,Jalisco,Sinaloa,Policía,0
30.179745520845604,Sinaloa,Sinaloa,Profesor,1
58.19777561057117,Sinaloa,Jalisco,Chef,0
53.50919473513534,Sinaloa,Sinaloa,Médico,0
51.720576397063944,Jalisco,Sinaloa,Médico,1
50.750617986982306,Jalisco,Jalisco,Policía,0
56.868724376188915,Sinaloa,Sinaloa,Médico,0
57.837957132194575,Sinaloa,Sinaloa,Médico,1
31.162521007986456,Sinaloa,Jalisco,Profesor,1
53.320580461540175,Jalisco,Jalisco,Médico,1
54.1201958670315,Jalisco,Sinaloa,Chef,0
48.93713926003012,Jalisco,Sinaloa,Policía,0
48.48364324144598,Jalisco,Sinaloa,Médico,1
35.9242882298156,Jalisco,Jalisco,Médico,1
50.23202311389152,Sinaloa,Sinaloa,Chef,0
38.533401121634654,Jalisco,Jalisco,Profesor,1
52.1185277957696,Sinaloa,Jalisco,Médico,0
58.43945476682938,Jalisco,Jalisco,Chef,0
52.38668443544941,Sinaloa,Jalisco,Policía,0
48.69107698018183,Jalisco,Jalisco,Médico,1
55.5305879099082,Sinaloa,Sinaloa,Policía,0
35.91377497759218,Jalisco,Jalisco,Médico,1
55.39919981033713,Sinaloa,CDMX,Policía,1
55.088344659165465,Sinaloa,Sinaloa,Médico,1
36.069461661969925,Jalisco,Sinaloa,Médico,1
38.09208559882865,Jalisco,Sinaloa,Médico,1
57.13950975878014,Jalisco,Jalisco,Policía,0
56.99646496700048,Sinaloa,Sinaloa,Médico,0
43.850014749873594,Jalisco,Sinaloa,Policía,1
53.9771058357218,Jalisco,Sinaloa,Chef,0
53.29109942664377,Jalisco,Sinaloa,Policía,1
53.99420614460938,Jalisco,Sinaloa,Médico,1
51.25364105509102,Sinaloa,Jalisco,Médico,0
36.64504492625494,Jalisco,Sinaloa,Médico,1
51.23332787218488,Sinaloa,Jalisco,Policía,1
49.721797573652296,Sinaloa,Sinaloa,Médico,0
52.327208286366925,Jalisco,Jalisco,Chef,0
51.7599297644913,Jalisco,Jalisco,Chef,0
50.24916853833792,Jalisco,Jalisco,Profesor,0
51.73688447244279,Jalisco,Sinaloa,Médico,1
54.176900199723015,Sinaloa,Sinaloa,Médico,0
51.71261177077226,Sinaloa,Sinaloa,Médico,0
48.30525799606475,Jalisco,Jalisco,Policía,0
53.585943632729645,Jalisco,Sinaloa,Médico,1
54.48051520061853,Sinaloa,Sinaloa,Policía,0
56.35292676620066,Jalisco,Sinaloa,Médico,1
38.36482410283825,Jalisco,Jalisco,Médico,1
31.450088692805323,Sinaloa,Jalisco,Médico,1
53.52313632798105,Sinaloa,Sinaloa,Médico,1
55.31946235085575,Sinaloa,Sinaloa,Médico,0
53.90804463178216,Sinaloa,Jalisco,Médico,0
50.69570787067785,Sinaloa,Sinaloa,Médico,0
54.005999003692196,Jalisco,Jalisco,Policía,0
54.359841748456034,Sinaloa,Jalisco,Médico,1
47.10010330762975,Jalisco,Sinaloa,Policía,1
54.93120024864218,Sinaloa,Sinaloa,Médico,1
46.88726118458601,Jalisco,Jalisco,Policía,1
50.898977857582324,Jalisco,Sinaloa,Policía,0
54.59648949802872,Jalisco,Sinaloa,Médico,1
51.56347387165282,Sinaloa,Jalisco,Policía,0
54.70756528032548,Sinaloa,Sinaloa,Médico,0
52.2546767032212,Jalisco,Jalisco,Policía,1
53.53455673646576,Jalisco,Sinaloa,Policía,0
29.56381745042586,Sinaloa,Jalisco,Médico,1
38.9503430243756,Jalisco,Jalisco,Médico,1
51.15243037460182,Sinaloa,Sinaloa,Médico,0
50.416331902294885,Jalisco,Jalisco,Médico,1
51.15604108898126,Jalisco,Jalisco,Médico,0
55.03582702152782,Sinaloa,Sinaloa,Chef,0
53.89363149003341,Sinaloa,Jalisco,Médico,0
57.38018913956076,Sinaloa,Sinaloa,Policía,0
56.72080151105549,Sinaloa,Sinaloa,Médico,0
50.04578813707504,Jalisco,Sinaloa,Policía,1
55.361444676741144,Sinaloa,Sinaloa,Médico,0
51.6680975623836,Jalisco,Jalisco,Policía,0
52.26636332624587,Sinaloa,Sinaloa,Médico,0
47.57860191566632,Jalisco,Jalisco,Policía,0
49.69899858216023,Sinaloa,Jalisco,Chef,0
36.61739196032647,Jalisco,Sinaloa,Médico,1
55.25071495027478,Jalisco,Sinaloa,Médico,1
52.16979365517704,Jalisco,Sinaloa,Médico,1
56.19975517679828,Jalisco,Jalisco,Policía,0
54.66580257457726,Sinaloa,Sinaloa,Médico,0
51.534352024648165,Sinaloa,Sinaloa,Médico,0
54.40031905783589,Sinaloa,Sinaloa,Médico,1
49.001419414650876,Jalisco,Jalisco,Médico,1
53.32095373558043,Jalisco,Sinaloa,Médico,1
58.21906282262809,Jalisco,Jalisco,Policía,0
57.72749299953122,Sinaloa,Sinaloa,Médico,0
30.80882740454763,Sinaloa,Sinaloa,Médico,1
55.209845082509304,Sinaloa,Jalisco,Chef,0
53.55768529866668,Sinaloa,Sinaloa,Policía,0
52.780653817781335,Sinaloa,Sinaloa,Médico,0
47.82632568257882,Jalisco,Jalisco,Policía,0
37.417508497011056,Jalisco,Sinaloa,Médico,1
51.49509831361611,Jalisco,Jalisco,Médico,1
58.67309147668186,Sinaloa,Jalisco,Policía,0
36.78303150475794,Jalisco,Jalisco,Médico,1
53.829490541162265,Jalisco,Jalisco,Policía,0
55.6772289667663,Sinaloa,Jalisco,Médico,1
50.08018041126514,Jalisco,Jalisco,Policía,0
52.44903922803583,Sinaloa,Sinaloa,Médico,0
52.16040715767478,Jalisco,Sinaloa,Policía,1
41.47725200894874,Jalisco,Jalisco,Médico,1
55.5195048481395,Sinaloa,Jalisco,Médico,0
50.32229717239583,Jalisco,Sinaloa,Policía,1
54.25780816582997,Sinaloa,Jalisco,Profesor,0
50.84348577887681,Sinaloa,Sinaloa,Policía,0
52.1571676940629,Jalisco,Jalisco,Policía,0
33.05240830117704,Jalisco,Sinaloa,Médico,1
58.10309536050425,Jalisco,Sinaloa,Médico,1
53.849973384662505,Sinaloa,Sinaloa,Médico,0
54.291524800655026,Sinaloa,Sinaloa,Policía,0
59.2412747990033,Sinaloa,Sinaloa,Médico,0
52.72874802572314,Sinaloa,Sinaloa,Policía,0
51.266365401779275,Jalisco,Sinaloa,Policía,1
57.061939649308364,Jalisco,Sinaloa,Médico,1
38.86411897994081,Jalisco,Sinaloa,Médico,1
56.40483404060142,Sinaloa,Sinaloa,Médico,0
44.451304086710095,Jalisco,Sinaloa,Médico,1
38.070686338617435,Jalisco,Jalisco,Médico,1
50.71816774709717,Jalisco,Jalisco,Policía,0
52.69553002651859,Sinaloa,Sinaloa,Ingeniero,0
58.13079913192461,Sinaloa,Sinaloa,Médico,0
52.94727359679431,Jalisco,Jalisco,Policía,0
55.139070333638834,Sinaloa,Sinaloa,Médico,0
55.500219083041316,Jalisco,Jalisco,Médico,1
56.67817576666493,Sinaloa,Jalisco,Chef,0
53.003814048352105,Jalisco,Sinaloa,Médico,1
52.05812394045662,Jalisco,Jalisco,Policía,1
51.74200528159026,Sinaloa,Jalisco,Médico,0
48.63773869695475,Jalisco,Sinaloa,Médico,0
52.031502894749764,Sinaloa,Sinaloa,Médico,0
54.13235745810255,Sinaloa,Sinaloa,Médico,0
54.46874663154441,Jalisco,Sinaloa,Médico,1
53.5319655490386,Jalisco,Sinaloa,Policía,0
53.08779518212432,Sinaloa,Jalisco,Policía,1
53.74058015211153,Jalisco,Sinaloa,Policía,0
41.04660860560924,Jalisco,Sinaloa,Policía,1
43.86519178118145,Jalisco,Sinaloa,Médico,1
50.77081398756887,Jalisco,Jalisco,Médico,1
57.192468101157296,Sinaloa,Jalisco,Policía,0
53.39966059998181,Jalisco,Jalisco,Médico,0
52.455796237317955,Sinaloa,Jalisco,Policía,0
50.455357134262314,Jalisco,Jalisco,Policía,0
38.047522356325494,Jalisco,Jalisco,Médico,1
60.184640287698805,Sinaloa,Jalisco,Chef,0
37.238049836082425,Jalisco,Sinaloa,Médico,1
45.78758408108134,Jalisco,Sinaloa,Policía,1
41.927253126006875,Jalisco,Jalisco,Policía,1
35.828915080243995,Jalisco,Sinaloa,Profesor,1
51.01854185633422,Jalisco,Jalisco,Médico,1
52.91660901833482,Jalisco,Sinaloa,Médico,1
54.06558049503753,Sinaloa,Jalisco,Chef,0
54.838091145375486,Jalisco,Jalisco,Policía,0
55.62714273058344,Sinaloa,Sinaloa,Médico,0
55.710511659238065,Jalisco,Jalisco,Médico,0
51.676703212313406,Sinaloa,Sinaloa,Médico,0
49.08643733467181,Jalisco,Sinaloa,Policía,1
54.160465739031146,Jalisco,Sinaloa,Policía,0
51.378677398294336,Jalisco,Sinaloa,Policía,0
49.72826645478825,Sinaloa,Sinaloa,Médico,0
36.191033716349324,Jalisco,Jalisco,Médico,1
55.164266200862265,Jalisco,Sinaloa,Médico,1
49.131722196317426,Jalisco,Jalisco,Médico,0
48.78831120519534,Jalisco,Jalisco,Policía,0
54.48410780673861,Jalisco,Sinaloa,Chef,0
54.27847947176148,Jalisco,Jalisco,Chef,0
39.32553954684228,Jalisco,Jalisco,Médico,1
55.700709249918376,Jalisco,Jalisco,Policía,0
40.59130582775053,Jalisco,Jalisco,Médico,1
53.768973722984946,Jalisco,Sinaloa,Policía,0
51.76109120723728,Jalisco,Sinaloa,Policía,1
53.13655290979876,Jalisco,Jalisco,Médico,1
53.335081600336395,Jalisco,Jalisco,Policía,0
51.42899855232099,Jalisco,Jalisco,Médico,1
52.267646537983026,Jalisco,Sinaloa,Policía,1
54.43630507397241,Sinaloa,Jalisco,Médico,1
54.16081437101102,Jalisco,Sinaloa,Médico,1
54.88370588570959,Sinaloa,Jalisco,Médico,0
50.49471601497022,Sinaloa,Sinaloa,Policía,1
50.58927318327836,Jalisco,Sinaloa,Médico,1
49.33133883736441,Jalisco,Sinaloa,Policía,1
53.55909439643022,Sinaloa,Sinaloa,Médico,0
51.927712502508506,Jalisco,Sinaloa,Médico,1
50.59852430283808,Sinaloa,Sinaloa,Médico,0
50.113989048426774,Jalisco,Sinaloa,Chef,0
56.70887323916955,Sinaloa,Jalisco,Médico,0
55.305053384595105,Sinaloa,Sinaloa,Chef,0
53.721022946425876,Sinaloa,Jalisco,Chef,0
34.56009462662222,Jalisco,Sinaloa,Médico,1
52.985683223107,Sinaloa,Jalisco,Chef,0
52.493073077705844,Jalisco,Sinaloa,Médico,1
51.51873159852233,Sinaloa,Sinaloa,Policía,0
53.6506975367265,Jalisco,Sinaloa,Policía,0
42.35066159352057,Jalisco,Sinaloa,Médico,1
36.332643700863784,Jalisco,Jalisco,Médico,1
56.08948973288881,Sinaloa,Sinaloa,Médico,0
51.894655403791006,Jalisco,Sinaloa,Policía,0
54.22911826432872,Jalisco,Sinaloa,Médico,1
34.89997719667612,Jalisco,Jalisco,Profesor,1
54.30996805036308,Sinaloa,Sinaloa,Chef,0
55.92192253183737,Sinaloa,Sinaloa,Policía,0
51.42591451114216,Jalisco,Jalisco,Policía,0
56.87578275288333,Jalisco,Sinaloa,Profesor,1
40.509174199055956,Jalisco,Sinaloa,Médico,1
39.8963463832724,Jalisco,Jalisco,Médico,1
52.831630605243895,Sinaloa,Sinaloa,Policía,0
58.65013730186067,Sinaloa,Sinaloa,Médico,1
52.21301943856007,Jalisco,Jalisco,Médico,1
55.054642623467785,Jalisco,Sinaloa,Policía,0
53.73735504644399,Jalisco,Sinaloa,Médico,1
41.32133402613057,Jalisco,Jalisco,Policía,1
53.70301423613786,Sinaloa,Sinaloa,Policía,0
53.08356825329367,Jalisco,Sinaloa,Policía,0
51.28300682078315,Jalisco,Sinaloa,Médico,0
55.24462824983789,Jalisco,Sinaloa,Médico,1
38.90166212763245,Jalisco,Sinaloa,Médico,1
52.06146554093328,Jalisco,Jalisco,Policía,1
57.49721408630834,Jalisco,Jalisco,Policía,0
52.10226398810675,Jalisco,Jalisco,Médico,1
52.882623584347826,Jalisco,Sinaloa,Policía,1
40.5723538853603,Jalisco,Jalisco,Médico,1
55.70384649676813,Sinaloa,Sinaloa,Médico,0
43.915847279354665,Jalisco,Jalisco,Médico,1
42.23073265344178,Jalisco,Sinaloa,Policía,1
45.88713684157375,Jalisco,Sinaloa,Profesor,0
53.395532888736646,Jalisco,Sinaloa,Policía,0
52.24691064286801,Sinaloa,Sinaloa,Médico,0
50.77478300217927,Jalisco,Jalisco,Policía,1
50.666075908497824,Sinaloa,Jalisco,Médico,0
48.62945686199947,Jalisco,Jalisco,Policía,1
55.246132122633774,Jalisco,Jalisco,Policía,0
56.66093871971558,Sinaloa,Jalisco,Policía,0
49.01576597845755,Jalisco,Jalisco,Médico,1
51.889531545737626,Jalisco,Sinaloa,Médico,1
59.27408015570643,Sinaloa,Sinaloa,Policía,0
56.126758320822,Sinaloa,Sinaloa,Policía,0
53.21011631821309,Jalisco,Sinaloa,Chef,0
28.22179735148177,Sinaloa,Jalisco,Médico,1
50.57954445882403,Jalisco,Jalisco,Médico,1
58.88392428765523,Jalisco,Sinaloa,Médico,0
38.989331926308076,Jalisco,Jalisco,Policía,1
56.49751716729806,Jalisco,Sinaloa,Médico,1
50.73278724866924,Jalisco,Sinaloa,Médico,0
52.62683376165824,Jalisco,Sinaloa,Policía,0
50.477241003239456,Jalisco,Jalisco,Médico,1
48.30271853375892,Jalisco,Sinaloa,Policía,1
47.672918528959315,Jalisco,Sinaloa,Médico,0
53.79347200981698,Sinaloa,Jalisco,Médico,0
50.814370268798456,Jalisco,Jalisco,Médico,1
51.607242189234455,Sinaloa,Jalisco,Médico,0
37.80382150895197,Jalisco,Jalisco,Médico,1
51.36219646310329,Jalisco,Sinaloa,Policía,1
50.594444724198915,Jalisco,Jalisco,Profesor,0
51.8116149187189,Jalisco,Jalisco,Policía,0
54.14925242056257,Jalisco,Sinaloa,Policía,0
37.13338075041278,Jalisco,Jalisco,Médico,1
41.21488684360524,Jalisco,Sinaloa,Policía,1
35.040711346769,Jalisco,Sinaloa,Médico,1
52.72555124305854,Sinaloa,Sinaloa,Policía,0
53.271011301868285,Jalisco,Sinaloa,Médico,1
51.00793377285637,Sinaloa,Jalisco,Médico,0
53.28795675890963,Jalisco,Sinaloa,Policía,1
52.53373699935015,Jalisco,Jalisco,Policía,0
53.43328212483626,Sinaloa,Sinaloa,Médico,1
54.40433181038952,Sinaloa,Jalisco,Policía,0
48.605436107282515,Jalisco,Jalisco,Médico,0
57.01489798670979,Sinaloa,Sinaloa,Médico,0
53.22322148464236,Jalisco,Sinaloa,Médico,0
34.684051429863516,Jalisco,Jalisco,Médico,1
43.989107589902204,Jalisco,Jalisco,Médico,1
46.50932318808644,Jalisco,Sinaloa,Médico,1
38.87866530053891,Jalisco,Jalisco,Médico,1
57.02375237380128,Jalisco,Jalisco,Médico,1
38.044216055866094,Jalisco,Jalisco,Médico,1
62.22462909053461,Jalisco,Sinaloa,Policía,0
31.463670778180735,Jalisco,Sinaloa,Médico,1
52.780043807574216,Sinaloa,Jalisco,Médico,0
50.586562590854896,Jalisco,Sinaloa,Profesor,0
54.36065657794667,Sinaloa,Sinaloa,Médico,0
55.15138088551884,Sinaloa,Sinaloa,Policía,0
55.55360976883934,Jalisco,Jalisco,Médico,1
56.94933442947308,Sinaloa,Sinaloa,Policía,0
53.59195207514894,Sinaloa,Sinaloa,Chef,0
57.765416168451196,Sinaloa,Sinaloa,Policía,0
36.6148941055152,Jalisco,Jalisco,Médico,1
50.956585140557365,Sinaloa,Jalisco,Policía,0
52.02641905572226,Jalisco,Sinaloa,Chef,0
51.65818360816917,Jalisco,Sinaloa,Policía,0
49.94611874075966,Jalisco,Jalisco,Médico,0
52.816396541162426,Jalisco,Sinaloa,Médico,1
55.737229565816435,Sinaloa,Sinaloa,Médico,0
50.02630304457914,Jalisco,Sinaloa,Policía,0
51.05057423778508,Sinaloa,Sinaloa,Médico,1
46.85655726738055,Jalisco,Sinaloa,Policía,1
50.53557374465097,Jalisco,Jalisco,Policía,0
54.79283691209232,Jalisco,Sinaloa,Chef,0
55.697351808661345,Jalisco,Jalisco,Policía,0
43.2657692066814,Jalisco,Jalisco,Médico,1
49.525343523331955,Sinaloa,Jalisco,Policía,0
55.660373296527105,Sinaloa,Sinaloa,Médico,0
55.076355201791614,Sinaloa,Jalisco,Médico,0
51.464107005716905,Sinaloa,Jalisco,Policía,0
57.282618278862564,Jalisco,Sinaloa,Chef,1
50.37316074475206,Jalisco,Sinaloa,Policía,0
55.23566747956348,Jalisco,Jalisco,Policía,0
50.449469780164215,Sinaloa,Sinaloa,Médico,0
53.49457106746303,Jalisco,Jalisco,Policía,0
34.459068937375235,Jalisco,Sinaloa,Médico,1
57.76140622951496,Sinaloa,Jalisco,Policía,0
41.593483221522106,Jalisco,Sinaloa,Policía,1
54.903704189511025,Sinaloa,Sinaloa,Chef,0
38.36875967213486,Jalisco,Sinaloa,Policía,1
53.657624377367384,Jalisco,Jalisco,Médico,1
52.827798748787515,Sinaloa,Sinaloa,Médico,0
46.5914405618273,Jalisco,Jalisco,Médico,1
53.513800305078675,Sinaloa,Jalisco,Médico,0
55.66449272297941,Sinaloa,Sinaloa,Policía,0
48.867205417871254,Jalisco,Jalisco,Policía,1
53.614239286517105,Sinaloa,Sinaloa,Médico,1
47.99391340492575,Jalisco,Sinaloa,Médico,0
55.174857292841274,Sinaloa,Jalisco,Policía,1
51.764201164305334,Jalisco,Sinaloa,Médico,1
45.176284466856515,Jalisco,Jalisco,Médico,1
54.39788293119485,Sinaloa,Jalisco,Médico,1
55.43301608228383,Sinaloa,Sinaloa,Chef,0
53.40013679276963,Jalisco,Sinaloa,Médico,1
56.3823096705396,Jalisco,Sinaloa,Chef,0
50.240899750457174,Sinaloa,Sinaloa,Médico,0
48.30118510816173,Jalisco,Sinaloa,Policía,0
51.061025077384926,Jalisco,Sinaloa,Policía,0
52.42697913085679,Sinaloa,Sinaloa,Médico,0
53.3795366933939,Jalisco,Sinaloa,Policía,0
54.170151168017256,Sinaloa,Sinaloa,Médico,0
54.06884534801148,Sinaloa,Sinaloa,Médico,1
33.38121385702253,Jalisco,Sinaloa,Médico,1
52.10979971890787,Jalisco,Sinaloa,Médico,1
36.256870333085814,Jalisco,Sinaloa,Médico,1
42.38695704989497,Jalisco,Sinaloa,Médico,1
49.88721961957117,Sinaloa,Sinaloa,Médico,0
55.753018036341764,Sinaloa,Jalisco,Chef,0
51.785371429406695,Sinaloa,Sinaloa,Médico,0
53.85327105903396,Sinaloa,Sinaloa,Policía,0
53.98558298652757,Sinaloa,Sinaloa,Médico,1
44.24053870193192,Jalisco,Sinaloa,Médico,1
52.73533468551863,Jalisco,Jalisco,Policía,0
53.961474515727595,Sinaloa,Sinaloa,Policía,1
33.782219801575614,Jalisco,Sinaloa,Médico,1
50.487013272176405,Sinaloa,Sinaloa,Policía,0
55.5925098710702,Sinaloa,Sinaloa,Policía,0
49.83459152741824,Jalisco,Sinaloa,Policía,0
54.900144857162566,Sinaloa,Sinaloa,Médico,0
49.984877563141666,Jalisco,Sinaloa,Médico,1
53.084090980294896,Sinaloa,Jalisco,Médico,0
48.72260978539734,Sinaloa,Jalisco,Policía,0
54.200874833424564,Jalisco,Sinaloa,Policía,0
52.091082203284635,Sinaloa,Jalisco,Médico,0
50.18418748670699,Jalisco,Jalisco,Médico,0
53.318021000580266,Sinaloa,Jalisco,Chef,0
55.86247739267346,Sinaloa,Sinaloa,Médico,0
38.98912666687926,Jalisco,Sinaloa,Médico,1
56.88679917306834,Jalisco,Sinaloa,Médico,1
46.15328857891792,Jalisco,Jalisco,Médico,1
54.95687689573889,Jalisco,Sinaloa,Médico,1
36.87205788721544,Jalisco,Sinaloa,Médico,1
51.50562914833261,Jalisco,Sinaloa,Médico,1
32.115646173303794,Sinaloa,Jalisco,Médico,1
55.860915125733236,Jalisco,Sinaloa,Médico,1
55.18251699656861,Jalisco,Sinaloa,Médico,1
50.79107016960306,Jalisco,Jalisco,Policía,0
50.353405509958684,Sinaloa,Jalisco,Médico,0
52.2678915704218,Sinaloa,Sinaloa,Policía,0
51.24823180530611,Jalisco,Sinaloa,Médico,1
51.477745252084674,Jalisco,Jalisco,Policía,1
50.466462353578,Jalisco,Sinaloa,Médico,1
36.00163251511408,Jalisco,Jalisco,Médico,1
48.5954326807227,Jalisco,Sinaloa,Policía,1
53.13932720429758,Jalisco,Jalisco,Policía,0
51.514563329067144,Jalisco,Jalisco,Médico,0
31.09588672901923,Sinaloa,Jalisco,Profesor,1
56.46863548098223,Jalisco,Jalisco,Médico,1
52.03117791489954,Jalisco,Sinaloa,Médico,1
53.15781963511663,Sinaloa,Sinaloa,Médico,0
52.70756141432422,Sinaloa,Sinaloa,Chef,0
55.12091972383851,Sinaloa,Sinaloa,Médico,0
52.05281453555763,Sinaloa,Sinaloa,Policía,1
53.21059627630832,Jalisco,Jalisco,Médico,1
52.44077806293216,Jalisco,Jalisco,Chef,0
50.04121305428431,Sinaloa,Sinaloa,Médico,0
52.08222856246216,Sinaloa,Jalisco,Médico,0
54.03698633863838,Sinaloa,Jalisco,Médico,1
42.19145232151706,Jalisco,Sinaloa,Médico,1
54.00807414583406,Jalisco,Sinaloa,Médico,1
52.26093943745261,Sinaloa,Sinaloa,Médico,0
53.09015699504794,Jalisco,Sinaloa,Policía,0
55.86636440299614,Sinaloa,Jalisco,Policía,0
50.67953420171545,Jalisco,Sinaloa,Policía,1
43.4030666663017,Jalisco,Sinaloa,Policía,1
53.01300811402891,Jalisco,Sinaloa,Policía,0
49.53833244572747,Sinaloa,Sinaloa,Chef,0
57.4138649109724,Jalisco,Sinaloa,Policía,0
50.07897701691443,Jalisco,Sinaloa,Policía,0
52.60204442975183,Jalisco,Jalisco,Policía,0
55.217376810397035,Jalisco,Jalisco,Policía,0
51.714082585568896,Jalisco,Sinaloa,Policía,0
53.26167694411884,Sinaloa,Jalisco,Médico,0
53.16920099013941,Jalisco,Jalisco,Médico,0
52.11307374400244,Sinaloa,Sinaloa,Médico,0
58.582186724924156,Jalisco,Sinaloa,Policía,0
57.89778108844406,Sinaloa,Sinaloa,Médico,0
56.3622090223529,Jalisco,Sinaloa,Chef,0
54.96922002579755,Jalisco,Jalisco,Médico,1
40.49190304261125,Jalisco,Sinaloa,Médico,1
47.02575747598597,Jalisco,Sinaloa,Policía,1
55.9260573070795,Jalisco,Jalisco,Médico,1
50.66410429966114,Jalisco,Jalisco,Policía,1
53.01187220910275,Sinaloa,Sinaloa,Chef,0
55.26682649910936,Jalisco,Sinaloa,Médico,1
47.444328213065404,Jalisco,Sinaloa,Médico,1
53.84718557003393,Jalisco,Sinaloa,Médico,1
49.37543278072875,Jalisco,Sinaloa,Policía,0
56.732728404465874,Jalisco,Jalisco,Médico,1
53.81010095595477,Jalisco,Sinaloa,Policía,0
34.32517237456116,Jalisco,Sinaloa,Profesor,1
42.438699237826356,Jalisco,Jalisco,Médico,1
33.15324594731873,Sinaloa,Jalisco,Médico,1
53.9747301203011,Jalisco,Jalisco,Policía,1
44.283796687598524,Jalisco,Sinaloa,Médico,1
51.51579123140659,Sinaloa,Sinaloa,Médico,0
54.82449694078947,Jalisco,Sinaloa,Policía,0
34.595783858661946,Jalisco,Sinaloa,Médico,1
54.97386033947397,Sinaloa,Sinaloa,Médico,0
52.56609500431176,Jalisco,Sinaloa,Chef,0
41.820648152985946,Jalisco,Jalisco,Médico,1
54.944416136660344,Jalisco,Sinaloa,Médico,1
40.07069430104566,Jalisco,Sinaloa,Médico,1
59.0014460759755,Sinaloa,Sinaloa,Chef,0
42.939852915992866,Jalisco,Sinaloa,Médico,0
55.59154131852925,Jalisco,Sinaloa,Médico,0
54.8996110438608,Sinaloa,Sinaloa,Policía,0
50.45938687480782,Jalisco,Jalisco,Policía,1
51.056143344447946,Sinaloa,Sinaloa,Chef,0
52.80259564863802,Jalisco,Sinaloa,Médico,1
56.4152070560017,Sinaloa,Sinaloa,Policía,0
54.91134265717238,Jalisco,Sinaloa,Policía,0
53.273072592899055,Sinaloa,Sinaloa,Chef,0
33.49091910660712,Jalisco,Sinaloa,Médico,1
56.517791448744944,Jalisco,Jalisco,Policía,0
56.64110969753306,Sinaloa,Jalisco,Médico,1
56.565220361890674,Jalisco,Sinaloa,Médico,1
52.17632808794671,Jalisco,Sinaloa,Médico,1
51.64126705212013,Jalisco,CDMX,Policía,0
55.057399245393675,Sinaloa,Sinaloa,Policía,0
52.42946355242634,Sinaloa,Jalisco,Chef,0
48.14537894943189,Jalisco,CDMX,Policía,1
54.6186133002435,Sinaloa,Sinaloa,Chef,0
31.342054690646172,Sinaloa,Jalisco,Profesor,1
53.00797044391214,Sinaloa,Jalisco,Médico,1
53.266615818880105,Sinaloa,Jalisco,Médico,1
54.23265124031276,Sinaloa,Jalisco,Médico,0
51.65762338793096,Jalisco,Sinaloa,Policía,1
54.257862129679644,Jalisco,Sinaloa,Chef,0
46.200754392481464,Jalisco,Sinaloa,Policía,1
33.315066231074,Sinaloa,Sinaloa,Médico,1
54.51094876428847,Sinaloa,CDMX,Médico,1
56.88722573569913,Sinaloa,Jalisco,Médico,0
55.47123626958416,Jalisco,Sinaloa,Policía,0
51.3717775850442,Jalisco,Jalisco,Policía,0
54.54430950291371,Sinaloa,Sinaloa,Médico,0
54.98787766234471,Jalisco,Sinaloa,Médico,1
56.06874479202653,Sinaloa,Sinaloa,Médico,0
52.640659481927244,Jalisco,Sinaloa,Policía,0
50.78300814692406,Jalisco,Jalisco,Policía,0
54.3644201077191,Jalisco,Jalisco,Médico,1
54.73216325610679,Jalisco,Jalisco,Médico,1
55.39639319961628,Jalisco,Jalisco,Médico,1
51.62822148584709,Sinaloa,Jalisco,Médico,0
46.91720322355717,Jalisco,Jalisco,Policía,1
49.96304564726327,Jalisco,Sinaloa,Policía,1
44.93220543808111,Jalisco,Sinaloa,Médico,1
51.79718610342533,Jalisco,Sinaloa,Médico,1
56.891073733078585,Jalisco,Sinaloa,Médico,1
30.163829768196294,Sinaloa,Sinaloa,Médico,1
39.04061121379013,Jalisco,Jalisco,Médico,1
50.47266100766104,Sinaloa,Sinaloa,Profesor,0
60.356589813345174,Sinaloa,Jalisco,Médico,0
48.99823030761185,Jalisco,Jalisco,Médico,0
32.19482901518681,Jalisco,Sinaloa,Médico,1
46.62783672218934,Jalisco,Sinaloa,Policía,1
49.92700803526562,Sinaloa,Sinaloa,Médico,0
53.70482759924802,Jalisco,Sinaloa,Policía,0
37.468853181191136,Jalisco,Jalisco,Profesor,1
57.677975643615724,Jalisco,Sinaloa,Policía,0
53.02702312345574,Jalisco,Sinaloa,Médico,1
54.41944550148466,Jalisco,Sinaloa,Policía,0
52.20271702920494,Sinaloa,Jalisco,Médico,0
49.24836310347355,Sinaloa,Sinaloa,Médico,0
39.857290539803316,Jalisco,Jalisco,Médico,1
54.97906291571587,Sinaloa,Jalisco,Médico,0
55.308113554792044,Sinaloa,Jalisco,Chef,0
57.37779774657263,Jalisco,Jalisco,Chef,0
53.064575497881876,Sinaloa,Jalisco,Policía,1
54.02671204134622,Jalisco,Sinaloa,Médico,1
51.479546412177825,Sinaloa,Jalisco,Chef,0
43.02831940900376,Jalisco,Sinaloa,Médico,1
52.30685062353935,Jalisco,Sinaloa,Médico,1
55.31079409686194,Jalisco,Sinaloa,Policía,0
45.1817807923071,Jalisco,Jalisco,Médico,1
52.63430448349208,Sinaloa,Sinaloa,Policía,0
51.85667944200666,Sinaloa,Sinaloa,Chef,0
52.40465342314695,Jalisco,Sinaloa,Médico,1
52.30633252575457,Jalisco,Jalisco,Chef,0
56.75974907338275,Sinaloa,Sinaloa,Médico,1
43.599697300439104,Jalisco,Sinaloa,Médico,1
55.166398087455185,Sinaloa,Sinaloa,Policía,0
49.630128316044875,Jalisco,Jalisco,Médico,0
51.166753953527035,Sinaloa,Sinaloa,Médico,1
52.36422637083582,Jalisco,Jalisco,Chef,0
43.291553849844455,Jalisco,Sinaloa,Médico,1
52.765306801314274,Jalisco,Sinaloa,Médico,1
51.74560829156131,Jalisco,Sinaloa,Profesor,0
43.201367311365246,Jalisco,Jalisco,Médico,1
55.90826165153753,Sinaloa,Jalisco,Médico,0
54.22320168833606,Jalisco,Sinaloa,Médico,1
56.94574445391312,Sinaloa,Sinaloa,Médico,0
53.27650093597908,Jalisco,Sinaloa,Policía,0
52.40804626982735,Jalisco,Jalisco,Policía,0
49.27097082912057,Jalisco,Sinaloa,Médico,0
53.55763999121419,Jalisco,Sinaloa,Médico,1
52.893851921176804,Jalisco,Sinaloa,Médico,1
36.58842719911361,Jalisco,Jalisco,Médico,1
51.176259623482466,Sinaloa,Sinaloa,Chef,0
53.3393418576966,Jalisco,Sinaloa,Médico,1
51.75240130779663,Jalisco,Jalisco,Chef,0
47.89060246153397,Jalisco,Sinaloa,Médico,0
52.85296095845654,Jalisco,Sinaloa,Médico,1
46.06160840673289,Jalisco,Jalisco,Médico,1
52.64680830488492,Jalisco,Sinaloa,Médico,1
53.31307561083729,Jalisco,Jalisco,Médico,1
54.36100019234489,Sinaloa,Sinaloa,Chef,0
51.52898056770028,Jalisco,Sinaloa,Médico,1
57.91041884560836,Sinaloa,Sinaloa,Policía,0
43.854305218393456,Jalisco,Sinaloa,Policía,1
52.61024565213199,Sinaloa,Jalisco,Médico,0
58.29307176554313,Sinaloa,Sinaloa,Médico,0
53.22362047718888,Jalisco,Sinaloa,Médico,1
52.000457617910286,Jalisco,Jalisco,Médico,1
52.5719350044515,Jalisco,Sinaloa,Médico,1
55.79682344805042,Jalisco,Jalisco,Policía,0
35.59862064139608,Jalisco,Jalisco,Médico,1
51.84576976075813,Jalisco,Jalisco,Médico,1
51.96100403340395,Jalisco,Sinaloa,Policía,0
52.996453006104495,Sinaloa,Jalisco,Chef,0
52.2307737232231,Jalisco,Sinaloa,Médico,1
34.93913074159792,Jalisco,Jalisco,Médico,1
51.40108166258217,Jalisco,Sinaloa,Médico,1
54.296744219252105,Sinaloa,Sinaloa,Policía,0
46.92672224494411,Sinaloa,Sinaloa,Chef,0
54.267322683531546,Sinaloa,Jalisco,Médico,0
54.19177537232966,Jalisco,Sinaloa,Chef,0
56.62187200430427,Jalisco,Jalisco,Médico,1
51.56517137729018,Sinaloa,Sinaloa,Médico,0
48.734131780925125,Jalisco,Sinaloa,Médico,1
34.553044896761286,Jalisco,Jalisco,Médico,1
62.7364758119657,CDMX,Sinaloa,Policía,0
58.14738043215251,Sinaloa,Sinaloa,Médico,1
51.10798138841073,Sinaloa,Jalisco,Médico,0
58.24454134555454,Jalisco,Sinaloa,Médico,1
52.768296612656314,Jalisco,Sinaloa,Médico,1
54.21633977084747,Jalisco,Jalisco,Médico,1
55.34228181438953,Jalisco,Jalisco,Médico,1
36.50771254134225,Jalisco,Jalisco,Médico,1
56.981564160911226,Sinaloa,Sinaloa,Médico,0
59.32359164764457,Sinaloa,Jalisco,Médico,0
37.67072501317283,Jalisco,Jalisco,Médico,1
54.94122138149607,Jalisco,Sinaloa,Médico,1
53.2016643821616,Jalisco,Jalisco,Médico,1
53.531314111998746,Jalisco,Jalisco,Policía,0
51.245363695950275,Sinaloa,Jalisco,Médico,0
55.02384058647434,Jalisco,Sinaloa,Médico,1
51.40275809786928,Jalisco,Jalisco,Médico,1
49.62733826554299,Sinaloa,Jalisco,Médico,0
47.495600842777804,Jalisco,Sinaloa,Profesor,0
36.01721817480352,Jalisco,Sinaloa,Médico,1
52.02620353203498,Jalisco,Sinaloa,Policía,0
52.18057633952341,Jalisco,Sinaloa,Policía,0
40.463827688782246,Jalisco,Jalisco,Médico,1
39.122359927589685,Jalisco,Sinaloa,Médico,1
42.0641213618153,Jalisco,Sinaloa,Médico,1
53.31705274201166,Sinaloa,Sinaloa,Médico,1
53.40009560647108,Jalisco,Sinaloa,Médico,1
54.725448336756415,Sinaloa,CDMX,Médico,0
40.34325163890634,Jalisco,Sinaloa,Médico,1
50.439123727343976,Jalisco,Jalisco,Policía,1
54.24213390696593,Jalisco,Sinaloa,Policía,0
53.30750568700924,Sinaloa,Sinaloa,Médico,0
53.698504968840005,Jalisco,Jalisco,Policía,0
53.18145402538562,Jalisco,Sinaloa,Médico,1
55.53248790865921,Jalisco,Sinaloa,Profesor,1
53.16576836651585,Jalisco,Sinaloa,Médico,1
46.07083651913828,Jalisco,Jalisco,Policía,1
32.38618196193094,Jalisco,Sinaloa,Profesor,1
46.80549214279381,Jalisco,Jalisco,Policía,1
56.97864025353346,Jalisco,Jalisco,Médico,1
52.85138567376153,Jalisco,Jalisco,Médico,1
32.74569491217737,Jalisco,Sinaloa,Médico,1
34.786508582271445,Jalisco,Sinaloa,Médico,1
54.52963162933829,Jalisco,Sinaloa,Médico,1
54.77259835258712,Sinaloa,Sinaloa,Chef,0
35.59553598707428,Jalisco,Sinaloa,Médico,1
49.38194575149552,Jalisco,Sinaloa,Policía,0
52.45746596326505,Sinaloa,Sinaloa,Policía,1
38.137137752794274,Jalisco,Jalisco,Policía,1
53.53769006399595,Jalisco,Sinaloa,Policía,0
54.54216390256234,Sinaloa,Jalisco,Médico,0
54.56038299296524,Jalisco,Jalisco,Médico,1
44.13356560729261,Jalisco,Sinaloa,Médico,1
54.60169396262078,Sinaloa,Sinaloa,Médico,1
53.15541216460846,Jalisco,Sinaloa,Médico,1
51.90006056936286,Jalisco,Jalisco,Policía,0
52.23239025845923,Jalisco,Sinaloa,Médico,1
53.81631971286476,Sinaloa,Sinaloa,Médico,0
51.71359856706633,Jalisco,Jalisco,Chef,0
51.3330343646032,Jalisco,Jalisco,Médico,1
53.08098399486509,Jalisco,Sinaloa,Policía,0
38.087307013519464,Jalisco,Sinaloa,Médico,1
36.060912946642496,Jalisco,Sinaloa,Médico,1
55.38310209669205,Jalisco,Sinaloa,Médico,0
50.281598745513406,Jalisco,Jalisco,Médico,0
28.169639691135963,Sinaloa,Jalisco,Médico,1
40.74937715358477,Jalisco,Jalisco,Médico,1
57.92885615969881,Sinaloa,Sinaloa,Médico,0
54.453258362877456,Sinaloa,CDMX,Médico,0
33.48466537760433,Jalisco,Sinaloa,Médico,1
51.912416023042105,Jalisco,Jalisco,Médico,1
48.28389538297478,Jalisco,Jalisco,Policía,0
55.12999541498352,Sinaloa,Sinaloa,Médico,1
57.91250055032953,Jalisco,Sinaloa,Médico,1
60.59489424320191,Sinaloa,Sinaloa,Médico,0
34.286979293908125,Jalisco,CDMX,Médico,1
53.86401519161353,Sinaloa,Jalisco,Médico,0
55.11991537962561,Sinaloa,Jalisco,Médico,1
52.411520880425655,Jalisco,Jalisco,Policía,0
55.89401216023577,Sinaloa,Jalisco,Médico,0
57.32524656661411,Jalisco,Sinaloa,Chef,0
50.824717416891666,Jalisco,Jalisco,Médico,1
57.764744333358045,Sinaloa,Jalisco,Médico,0
53.40899812676443,Jalisco,Sinaloa,Médico,1
54.87072870576053,Jalisco,Sinaloa,Policía,0
53.665112676405464,Jalisco,Sinaloa,Policía,0
49.89265825274166,Jalisco,Sinaloa,Profesor,0
37.21377602202957,Jalisco,Jalisco,Médico,1
48.660983989212944,Jalisco,Sinaloa,Médico,1
50.7310259565036,Jalisco,Jalisco,Policía,1
56.374163028779726,Jalisco,Jalisco,Policía,0
51.85005749890976,Jalisco,Jalisco,Policía,0
54.557935012514946,Jalisco,Jalisco,Policía,0
52.58243297991063,Jalisco,Sinaloa,Policía,0
34.3617760607588,Jalisco,Sinaloa,Médico,1
56.22557551655181,Sinaloa,Jalisco,Médico,1
51.5490705904325,Jalisco,Sinaloa,Médico,1
51.70137860699375,Sinaloa,Jalisco,Médico,0
54.91045440635571,Jalisco,Sinaloa,Policía,0
54.85739749592266,Sinaloa,Sinaloa,Médico,0
50.57560768021064,Jalisco,Sinaloa,Policía,1
47.352458685049996,Jalisco,Jalisco,Policía,1
54.247688024496284,Sinaloa,Sinaloa,Médico,1
49.702517636929244,Jalisco,Sinaloa,Médico,0
54.80876441505255,Jalisco,Sinaloa,Chef,0
35.251822762198515,Jalisco,Jalisco,Médico,1
52.84052218772353,Sinaloa,Jalisco,Médico,0
33.60161934722523,Jalisco,Sinaloa,Médico,1
55.82122878718553,Sinaloa,Jalisco,Médico,0
52.17506304466845,Sinaloa,Jalisco,Médico,0
55.148964528941896,Jalisco,Sinaloa,Policía,0
51.08366494899573,Jalisco,Sinaloa,Policía,0
50.384106624718044,Sinaloa,Sinaloa,Chef,0
49.99342129275216,Sinaloa,Sinaloa,Médico,0
54.28553642619746,Sinaloa,Sinaloa,Médico,1
52.97178054882102,Sinaloa,Jalisco,Médico,0
37.804153037111234,Jalisco,Sinaloa,Profesor,1
52.96034039319923,Jalisco,Sinaloa,Chef,0
45.02674097438273,Jalisco,Sinaloa,Policía,1
58.65651394486713,Sinaloa,Sinaloa,Profesor,1
39.08873966316732,Jalisco,Sinaloa,Médico,1
55.385482791130194,Jalisco,Sinaloa,Policía,0
55.719846825400204,Sinaloa,Sinaloa,Médico,0
37.41197905681271,Jalisco,Sinaloa,Médico,1
48.419212901248905,Sinaloa,Jalisco,Policía,0
51.973885911077076,Jalisco,Sinaloa,Médico,1
50.18592785735628,Jalisco,Jalisco,Médico,0
52.302367972339866,Jalisco,Jalisco,Médico,1
51.961397495121695,Jalisco,Jalisco,Policía,0
51.23837287329784,Jalisco,Sinaloa,Médico,1
56.73562001525073,Sinaloa,Jalisco,Chef,0
43.32567405148802,Jalisco,Sinaloa,Policía,1
54.89613941648717,Jalisco,Sinaloa,Policía,0
54.79870044424966,Sinaloa,Sinaloa,Chef,0
55.590451384036804,Jalisco,Jalisco,Policía,0
42.87317538092944,Jalisco,Sinaloa,Policía,1
53.5045462119989,Jalisco,Sinaloa,Policía,0
54.85577499937742,Sinaloa,Sinaloa,Policía,0
54.858530220142555,Sinaloa,Sinaloa,Policía,0
50.76975107198421,Jalisco,Jalisco,Policía,1
55.150983449838066,Sinaloa,Sinaloa,Policía,0
51.85708077312146,Jalisco,Sinaloa,Policía,0
53.98173654466306,Jalisco,Sinaloa,Policía,0
51.172771899938006,Jalisco,Jalisco,Policía,0
44.27967293695049,Jalisco,Jalisco,Médico,1
55.62572594675545,Sinaloa,Sinaloa,Policía,0
55.059495079051615,Sinaloa,Jalisco,Médico,1
58.03289467705263,Jalisco,Sinaloa,Policía,0
34.0062858813413,Jalisco,Jalisco,Profesor,1
52.03855888029074,Jalisco,Sinaloa,Médico,1
56.81797629631957,Jalisco,Sinaloa,Médico,1
53.28270240795734,Sinaloa,Jalisco,Médico,0
49.116013796327216,Jalisco,Sinaloa,Policía,0
49.61873665176421,Jalisco,Jalisco,Médico,0
54.798600240014956,Jalisco,Sinaloa,Profesor,1
56.55187667081377,Sinaloa,Jalisco,Policía,0
52.869106473271,Jalisco,Sinaloa,Médico,1
49.3554252785164,Jalisco,Sinaloa,Médico,1
53.926661204213595,Jalisco,Sinaloa,Médico,1
37.43223457248021,Jalisco,Jalisco,Médico,1
51.898553491583684,Sinaloa,Jalisco,Policía,0
55.34822320443558,Sinaloa,Jalisco,Médico,0
48.7998183572382,Jalisco,Sinaloa,Policía,0
51.811175166077895,Jalisco,Sinaloa,Médico,1
48.840453785401266,Sinaloa,Sinaloa,Médico,0
56.23584483419923,Sinaloa,Jalisco,Chef,0
53.84949717041149,Jalisco,Sinaloa,Policía,0
51.71455314461205,Sinaloa,Jalisco,Policía,0
53.14085246588357,Jalisco,Jalisco,Policía,0
52.07147338473072,Sinaloa,Sinaloa,Médico,0
52.1294031045239,Jalisco,Sinaloa,Médico,1
52.40030629373726,Jalisco,Sinaloa,Policía,0
52.2981943843839,Sinaloa,Jalisco,Policía,1
54.641357496856514,Sinaloa,Sinaloa,Médico,0
51.12111068404079,Jalisco,Jalisco,Policía,0
56.32900404585396,Sinaloa,Sinaloa,Médico,0
51.68911595556171,Sinaloa,Sinaloa,Médico,0
58.12433655220233,Sinaloa,Sinaloa,Médico,1
56.70087641619198,Sinaloa,Sinaloa,Médico,0
38.51335185307751,Jalisco,Jalisco,Médico,1
40.004731196851345,Jalisco,Jalisco,Médico,1
53.96408845284231,Jalisco,Sinaloa,Policía,0
32.14928815051246,Sinaloa,Jalisco,Profesor,1
51.75916495928881,Sinaloa,Sinaloa,Médico,0
50.17821080925472,Jalisco,Sinaloa,Médico,1
53.97540633165504,Sinaloa,Sinaloa,Médico,0
35.00281612967795,Jalisco,Sinaloa,Médico,1
39.307088049169444,Jalisco,Jalisco,Médico,1
52.01732673199727,Jalisco,Sinaloa,Chef,0
53.89417086975198,Jalisco,Sinaloa,Médico,1
54.1345195068114,Sinaloa,Sinaloa,Médico,1
58.84122311141764,Jalisco,Sinaloa,Médico,1
53.85582648009738,Sinaloa,Sinaloa,Médico,0
49.40600996469003,Jalisco,Sinaloa,Profesor,0
35.083734167367936,Jalisco,Sinaloa,Profesor,1
35.895903169000455,Jalisco,Jalisco,Médico,1
41.40061295392537,Jalisco,Jalisco,Médico,1
52.05303535630877,Jalisco,Sinaloa,Médico,1
25.247577967968247,Sinaloa,Jalisco,Profesor,1
32.045148185736494,Jalisco,Jalisco,Médico,1
55.75599671311013,Sinaloa,Sinaloa,Médico,1
55.30845327320145,Sinaloa,Sinaloa,Médico,1
52.21542909298328,Jalisco,Sinaloa,Policía,0
50.078864005273836,Jalisco,Sinaloa,Policía,0
36.14875445721688,Jalisco,Sinaloa,Médico,1
54.091285176356166,Jalisco,Sinaloa,Policía,0
33.364567942191286,Jalisco,Sinaloa,Profesor,1
49.48061697566962,Jalisco,Sinaloa,Médico,0
46.92981751865439,Jalisco,Jalisco,Policía,1
52.081874500223975,Jalisco,Sinaloa,Policía,0
52.5484751619315,Jalisco,Jalisco,Chef,0
47.943127253186105,Jalisco,Sinaloa,Médico,1
41.07329833704559,Jalisco,Jalisco,Médico,1
36.91296360989949,Jalisco,Jalisco,Médico,1
51.68310535294638,Jalisco,Jalisco,Policía,0
58.78334679231883,Sinaloa,Jalisco,Policía,0
51.05964602920371,Jalisco,Jalisco,Policía,0
39.67827535458774,Jalisco,Sinaloa,Policía,1
51.78516814483829,Sinaloa,Sinaloa,Médico,0
56.027215757673844,Sinaloa,Sinaloa,Chef,0
50.379526772027454,Jalisco,Sinaloa,Médico,1
44.78279299844216,Jalisco,Jalisco,Policía,1
51.374316983131806,Jalisco,Sinaloa,Médico,1
52.982901975547335,Sinaloa,Jalisco,Médico,0
54.727819538362894,Jalisco,Jalisco,Médico,1
36.48336663271712,Jalisco,Sinaloa,Médico,1
52.54853675639226,Sinaloa,Jalisco,Médico,1
52.48857062791272,Jalisco,Jalisco,Médico,0
52.16620976226059,Sinaloa,Sinaloa,Médico,0
55.571720270877776,Sinaloa,Sinaloa,Ingeniero,0
36.045044720909246,Jalisco,Jalisco,Médico,1
49.91594276546719,Sinaloa,Sinaloa,Médico,0
36.798474057426425,Jalisco,Sinaloa,Médico,1
49.75930225007086,Sinaloa,Sinaloa,Policía,1
51.6608483459636,Jalisco,Sinaloa,Médico,1
44.91064305338924,Jalisco,Sinaloa,Médico,0
49.7864342434956,Jalisco,Sinaloa,Policía,1
37.029427330561674,Jalisco,Sinaloa,Médico,1
55.02879944653837,Jalisco,Sinaloa,Policía,0
55.81628998424673,Sinaloa,Sinaloa,Médico,0
53.9425989368468,Jalisco,Sinaloa,Médico,1
53.63136170516535,Sinaloa,Sinaloa,Policía,0
50.36832815175003,Jalisco,Sinaloa,Policía,0
43.02001554156191,Jalisco,Sinaloa,Médico,1
51.15892512333218,Sinaloa,Jalisco,Médico,0
52.731758860648156,Jalisco,Jalisco,Médico,1
46.3767721248321,Jalisco,Sinaloa,Médico,1
55.15841514103849,Jalisco,Jalisco,Policía,0
52.902391642116314,Sinaloa,Jalisco,Médico,0
39.61195749245351,Jalisco,Sinaloa,Médico,1
54.8225249767233,Sinaloa,Sinaloa,Policía,0
55.33101674373788,Sinaloa,Sinaloa,Médico,1
53.596094677571735,Sinaloa,Jalisco,Médico,1
54.5432575690752,Jalisco,Sinaloa,Policía,0
58.674712125321854,Sinaloa,Sinaloa,Policía,0
54.45777272801832,Jalisco,Jalisco,Médico,1
31.732912819915757,Sinaloa,Jalisco,Profesor,1
51.64015116420061,Sinaloa,Sinaloa,Médico,0
53.94933944819998,Jalisco,Sinaloa,Policía,0
49.30987392081562,Jalisco,Sinaloa,Chef,1
58.51959312927548,Jalisco,Jalisco,Policía,0
50.210274737580264,Jalisco,Jalisco,Policía,1
53.92058355391747,Jalisco,Sinaloa,Policía,0
52.277735236994,Jalisco,Sinaloa,Médico,1
50.324327588409595,Jalisco,Jalisco,Médico,0
55.805545007672244,Jalisco,Jalisco,Policía,0
52.39770182683146,Jalisco,Sinaloa,Policía,0
55.47199116891321,Sinaloa,Sinaloa,Médico,1
52.639641032743896,Jalisco,Sinaloa,Médico,1
54.50810286460423,Jalisco,Jalisco,Médico,1
42.552873076016695,Jalisco,Sinaloa,Médico,1
53.016685471057805,Jalisco,Sinaloa,Policía,0
53.92470354562374,Jalisco,Jalisco,Policía,0
56.523869998058814,Jalisco,Sinaloa,Policía,0
52.44810028640095,Jalisco,Jalisco,Policía,0
55.555220661809464,Jalisco,Sinaloa,Médico,1
52.08156924943801,Jalisco,Jalisco,Médico,1
51.43325242916145,Sinaloa,Jalisco,Chef,0
52.74401040984315,Jalisco,Sinaloa,Policía,0
48.888765534010076,Jalisco,Jalisco,Policía,0
48.442303389335734,Jalisco,Sinaloa,Médico,0
54.47758122156921,Sinaloa,Sinaloa,Médico,0
49.81404540195501,Sinaloa,Sinaloa,Médico,0
55.04025595965729,Jalisco,Sinaloa,Médico,1
36.867319245693295,Jalisco,Sinaloa,Médico,1
59.34795584091911,Sinaloa,Jalisco,Médico,1
58.27599609219167,Sinaloa,Sinaloa,Médico,0
34.53793743241549,Sinaloa,Sinaloa,Profesor,1
52.21966620101774,Jalisco,Jalisco,Médico,1
54.36732009472184,Sinaloa,Jalisco,Policía,0
55.975540003395416,Jalisco,Sinaloa,Policía,0
39.167415205506984,Jalisco,Sinaloa,Profesor,1
43.96550631527993,Jalisco,Jalisco,Médico,1
51.20629068810447,Jalisco,Sinaloa,Policía,0
49.801509237707506,Sinaloa,Jalisco,Médico,0
51.216040279743986,Sinaloa,Sinaloa,Chef,0
31.291047447229964,Jalisco,Sinaloa,Médico,1
43.62961258474291,Jalisco,Sinaloa,Médico,1
55.584414076995245,Jalisco,Sinaloa,Policía,0
41.03611011344031,Jalisco,Sinaloa,Médico,1
56.15829743942159,Sinaloa,Sinaloa,Policía,0
36.2988570956048,Jalisco,Sinaloa,Médico,1
40.63155009307161,Jalisco,Jalisco,Médico,1
40.60023541639123,Jalisco,Jalisco,Médico,1
55.27592869062674,Sinaloa,Sinaloa,Médico,1
58.75493333315234,Jalisco,Jalisco,Policía,1
51.11271586067915,Sinaloa,Sinaloa,Profesor,1
52.74266167607068,Jalisco,Sinaloa,Médico,1
53.83462485233163,Jalisco,Sinaloa,Chef,0
52.579400222129024,Sinaloa,Jalisco,Policía,0
49.23535762498371,Jalisco,Jalisco,Chef,0
29.677628931802207,Sinaloa,Jalisco,Profesor,1
51.73867867258995,Jalisco,Jalisco,Policía,0
39.95209958132054,Jalisco,Jalisco,Médico,1
52.34124424341503,Jalisco,Jalisco,Médico,1
55.7584058820025,Sinaloa,Sinaloa,Médico,0
52.44064702252093,Jalisco,Jalisco,Médico,1
58.034755177575505,Sinaloa,Jalisco,Médico,1
52.957595819365565,Sinaloa,Sinaloa,Policía,0
52.03144780845139,Jalisco,Sinaloa,Médico,1
54.589876681352315,Sinaloa,Sinaloa,Policía,0
52.63892763386476,Sinaloa,Sinaloa,Policía,0
49.924230838938406,Jalisco,Sinaloa,Policía,0
36.59247152361786,Jalisco,Jalisco,Médico,1
35.295727699656446,Jalisco,Sinaloa,Profesor,1
55.51794225032928,Sinaloa,Sinaloa,Chef,0
50.02993982060916,Sinaloa,Sinaloa,Médico,0
44.47889944653174,Jalisco,Sinaloa,Policía,1
49.842327925796624,Jalisco,Sinaloa,Policía,0
55.65311100072226,Sinaloa,Jalisco,Policía,1
52.08101834849363,Sinaloa,Sinaloa,Médico,0
31.511125299519854,Jalisco,Jalisco,Médico,1
55.63975105330437,Sinaloa,Jalisco,Médico,0
50.499628947558605,Sinaloa,Sinaloa,Médico,0
45.49437640719083,Jalisco,Jalisco,Policía,1
35.365656823312634,Jalisco,Jalisco,Médico,1
54.14177124972246,Sinaloa,Sinaloa,Chef,0
52.07029748578277,Jalisco,Sinaloa,Médico,1
50.452016069994585,Jalisco,Sinaloa,Médico,1
49.578837691564786,Jalisco,Sinaloa,Policía,1
55.68043083609422,Jalisco,Sinaloa,Médico,1
52.09677944079895,Jalisco,Jalisco,Policía,0
32.41516716989301,Sinaloa,Jalisco,Médico,1
52.457127122976324,Sinaloa,Sinaloa,Policía,0
52.8232611961029,Sinaloa,Jalisco,Chef,0
56.29262774177723,Sinaloa,Sinaloa,Policía,0
47.11361269925402,Jalisco,Jalisco,Policía,1
52.779711650400046,Jalisco,Jalisco,Chef,0
50.02174255651761,Jalisco,Sinaloa,Policía,0
55.09182906245951,Jalisco,Jalisco,Médico,1
52.69171044744388,Jalisco,Sinaloa,Médico,1
50.104962858045106,Jalisco,Jalisco,Policía,1
53.594043406245206,Sinaloa,Sinaloa,Médico,0
53.51051820081362,Sinaloa,Sinaloa,Médico,0
40.432422381856796,Jalisco,Sinaloa,Médico,1
48.49821065235406,Jalisco,Jalisco,Médico,0
50.832484960017204,Jalisco,Jalisco,Policía,0
58.5328817374958,Jalisco,Sinaloa,Policía,0
37.56839309730661,Jalisco,Sinaloa,Médico,1
55.61079876426349,Sinaloa,Sinaloa,Médico,0
32.70857574060248,Jalisco,Sinaloa,Médico,1
50.14644784917642,Sinaloa,Sinaloa,Chef,0
51.664701926804334,Sinaloa,Sinaloa,Médico,0
52.04913547849762,Jalisco,Sinaloa,Policía,0
51.50334784444688,Jalisco,Sinaloa,Policía,0
47.50784096447007,Jalisco,Sinaloa,Médico,0
54.649631981928735,Jalisco,Sinaloa,Policía,0
52.12023091142174,Jalisco,Sinaloa,Policía,0
49.80788071953158,Sinaloa,Jalisco,Médico,0
54.19154535110631,Jalisco,Sinaloa,Médico,1
52.53955309697898,Sinaloa,Jalisco,Médico,0
56.10455266918726,Jalisco,Sinaloa,Médico,1
57.135425513683884,Sinaloa,Jalisco,Médico,1
56.733978078197815,Sinaloa,Sinaloa,Médico,0
51.24769788337662,Jalisco,Sinaloa,Médico,1
52.76888149836659,Jalisco,Sinaloa,Policía,0
44.157482079761586,Jalisco,Jalisco,Profesor,0
48.9231944414683,Jalisco,Jalisco,Policía,1
52.64788833675917,Jalisco,Jalisco,Policía,0
51.12341879125409,Sinaloa,Jalisco,Médico,1
49.86796546418461,Sinaloa,Sinaloa,Médico,0
58.41118521619144,Sinaloa,Sinaloa,Médico,0
39.39483178027038,Jalisco,Sinaloa,Médico,1
51.25885172505626,Jalisco,Jalisco,Policía,0
54.62237409380228,Jalisco,Sinaloa,Policía,1
48.97888110936465,Jalisco,Sinaloa,Policía,1
53.3156100404018,Sinaloa,Sinaloa,Chef,0
41.93762128286518,Jalisco,Sinaloa,Policía,1
56.556729383406136,Jalisco,Sinaloa,Policía,0
55.615938223986795,Jalisco,Sinaloa,Médico,1
33.68835383318187,Jalisco,Jalisco,Médico,1
53.0939503791535,Jalisco,Sinaloa,Médico,1
50.94792948296976,Jalisco,Jalisco,Policía,0
54.55208134422755,Sinaloa,Sinaloa,Chef,0
51.03147006416335,Jalisco,Jalisco,Chef,0
45.99675645009222,Sinaloa,Sinaloa,Policía,0
40.67482712779656,Jalisco,Sinaloa,Médico,1
55.35597768263576,Jalisco,Jalisco,Médico,1
54.91219868596066,Sinaloa,Jalisco,Médico,0
51.67058395175871,Sinaloa,Sinaloa,Chef,0
50.37500601390792,Jalisco,Sinaloa,Médico,1
44.905737132948445,Jalisco,Sinaloa,Policía,1
55.92601038602799,Sinaloa,Sinaloa,Médico,0
54.209559550945954,Jalisco,Jalisco,Policía,0
54.83293427906099,Jalisco,Sinaloa,Médico,1
57.20911227624535,Sinaloa,Sinaloa,Médico,0
51.24038468289382,Jalisco,Sinaloa,Policía,1
54.03577283363638,Sinaloa,Jalisco,Médico,1
43.90262996208368,Jalisco,Jalisco,Policía,1
49.64473796262204,Jalisco,Sinaloa,Médico,0
50.265087068240184,Jalisco,Sinaloa,Policía,0
34.751982449238234,Jalisco,Sinaloa,Médico,1
41.61958626857327,Jalisco,Jalisco,Médico,1
20.60788860925636,Sinaloa,Sinaloa,Profesor,1
33.457088035514374,Jalisco,Sinaloa,Médico,1
52.99361540870857,Sinaloa,Sinaloa,Médico,0
57.523876710503615,Sinaloa,Sinaloa,Policía,0
57.466972528034006,Sinaloa,Jalisco,Médico,1
39.841206357203276,Jalisco,Jalisco,Policía,1
49.75242068956219,Jalisco,Sinaloa,Policía,0
52.046862301765024,Sinaloa,Jalisco,Médico,0
50.60380161101529,Sinaloa,Sinaloa,Médico,0
53.44479956675786,Sinaloa,Sinaloa,Chef,0
48.61628920562982,Jalisco,Sinaloa,Profesor,0
37.90137054492615,Jalisco,Jalisco,Médico,1
37.744035268200605,Jalisco,Sinaloa,Médico,1
55.79131447908318,Sinaloa,Jalisco,Médico,0
40.715026852282044,Jalisco,Jalisco,Médico,1
51.97648034576124,Jalisco,Sinaloa,Médico,1
52.451739280100774,Sinaloa,Sinaloa,Médico,1
52.66860389717734,Jalisco,Sinaloa,Policía,0
52.13148178106954,Jalisco,Sinaloa,Policía,1
49.62105896614263,Sinaloa,Sinaloa,Médico,0
51.57553838006801,Sinaloa,Sinaloa,Médico,0
51.91973768074124,Jalisco,Sinaloa,Médico,1
56.93633608244101,Jalisco,Sinaloa,Chef,0
51.39457262119092,Jalisco,Sinaloa,Policía,0
37.66358029064052,Jalisco,Sinaloa,Médico,1
56.912143732792586,Jalisco,Sinaloa,Médico,1
55.638008890992,Sinaloa,Sinaloa,Médico,1
54.829228503344176,Jalisco,Sinaloa,Policía,0
45.411119373163665,Jalisco,Sinaloa,Médico,1
56.55315398635015,Sinaloa,Jalisco,Médico,0
42.92165731968291,Jalisco,Jalisco,Médico,1
53.817488976349445,Jalisco,Sinaloa,Policía,0
53.77595732041856,Sinaloa,Sinaloa,Médico,0
49.348734280205335,Jalisco,Sinaloa,Médico,1
52.977374854488055,Sinaloa,Sinaloa,Médico,0
48.931355388850655,Sinaloa,Jalisco,Médico,0
56.70113391197513,Jalisco,Sinaloa,Policía,0
57.432904945941125,Sinaloa,Sinaloa,Policía,0
44.109091156475806,Jalisco,Jalisco,Policía,1
53.92692158303855,Sinaloa,Jalisco,Médico,0
53.79115973645444,Jalisco,Jalisco,Médico,1
49.655591998535996,Jalisco,Sinaloa,Médico,1
53.74067131883749,Jalisco,Jalisco,Policía,0
51.26679503811814,Jalisco,Sinaloa,Policía,0
52.45546133907271,Jalisco,Jalisco,Médico,1
55.8101085660401,Jalisco,Sinaloa,Policía,0
49.61417843638058,Jalisco,Sinaloa,Policía,1
57.23922724569773,Sinaloa,Sinaloa,Médico,0
60.488802639573876,Sinaloa,CDMX,Policía,0
54.62502589770314,Sinaloa,Sinaloa,Médico,0
39.64508829723831,Jalisco,Jalisco,Policía,1
31.512396003236596,Jalisco,Jalisco,Médico,1
34.676306959750846,Jalisco,Sinaloa,Médico,1
54.359211349430886,Sinaloa,Sinaloa,Médico,1
54.64252681974296,Jalisco,Sinaloa,Policía,0
51.770973270451286,Jalisco,Jalisco,Médico,1
52.981269899886996,Jalisco,Jalisco,Médico,1
45.12282404409966,Jalisco,Sinaloa,Policía,1
50.49863024378333,Jalisco,Sinaloa,Policía,0
51.33854238652785,Jalisco,Jalisco,Policía,0
55.42409203641121,Jalisco,Jalisco,Médico,1
55.653828419230884,Jalisco,Jalisco,Médico,0
49.36218517586816,Jalisco,Jalisco,Policía,1
49.58363361898404,Jalisco,Jalisco,Profesor,0
56.95148951515385,Jalisco,Sinaloa,Médico,1
52.110687159321266,Sinaloa,Sinaloa,Médico,0
50.67075113623017,Sinaloa,Jalisco,Médico,0
54.94387083253135,Jalisco,Jalisco,Médico,1
53.88572653050014,Jalisco,Sinaloa,Policía,1
52.064335853289556,Jalisco,Jalisco,Médico,1
58.18937058662569,Jalisco,Sinaloa,Policía,0
53.85840876843055,Jalisco,Jalisco,Médico,1
49.21421982254823,Jalisco,Jalisco,Médico,1
31.185568172749093,Jalisco,Sinaloa,Médico,1
53.261065993376405,Jalisco,Sinaloa,Policía,0
46.024582947381006,Jalisco,Jalisco,Policía,1
49.69985640328392,Sinaloa,Sinaloa,Médico,0
53.40592113098959,Sinaloa,Sinaloa,Chef,0
52.11907018777059,Jalisco,Jalisco,Policía,1
51.493834108400435,Jalisco,Sinaloa,Médico,0
56.025123094994015,Jalisco,Sinaloa,Policía,0
52.32137925784303,Jalisco,Sinaloa,Policía,0
51.387252791730404,Jalisco,Sinaloa,Policía,0
35.86418301391072,Jalisco,Sinaloa,Médico,1
48.728959477445635,Sinaloa,Sinaloa,Chef,0
56.231007546734816,Jalisco,Sinaloa,Médico,0
55.50082826838316,Jalisco,Jalisco,Médico,1
37.837754300201894,Jalisco,Sinaloa,Médico,1
51.79264441879561,Jalisco,Sinaloa,Médico,1
54.75863128377527,Sinaloa,Sinaloa,Médico,1
55.16412449144318,Jalisco,Sinaloa,Médico,1
48.05340602311588,Jalisco,Sinaloa,Médico,0
45.6955079593713,Jalisco,Sinaloa,Policía,1
40.656960714894446,Jalisco,Jalisco,Médico,1
45.78712257553666,Jalisco,Sinaloa,Policía,0
48.97683439110418,Sinaloa,Sinaloa,Chef,0
52.180121489575725,Sinaloa,Jalisco,Chef,0
53.489037957570496,Jalisco,Sinaloa,Policía,0
47.992233153390686,Jalisco,Sinaloa,Médico,1
49.706812481782464,Jalisco,Jalisco,Policía,0
46.52516042767196,Jalisco,Sinaloa,Policía,1
48.21512931057774,Jalisco,CDMX,Médico,1
40.89299415759585,Jalisco,Jalisco,Médico,1
49.73297821369872,Jalisco,Jalisco,Médico,1
51.437575307978044,Jalisco,Sinaloa,Policía,0
56.272911552443645,Sinaloa,Sinaloa,Médico,0
56.15578881088956,Sinaloa,Jalisco,Médico,0
52.82759647471607,Sinaloa,Jalisco,Chef,0
57.210393054899065,Sinaloa,Sinaloa,Chef,0
51.12035312330601,Jalisco,Sinaloa,Médico,1
54.207977727468375,Sinaloa,Sinaloa,Médico,1
34.7483058467556,Jalisco,Sinaloa,Médico,1
50.4084416212516,Jalisco,Sinaloa,Médico,1
48.22636072030399,Jalisco,Sinaloa,Médico,0
52.98165972995291,Jalisco,Sinaloa,Policía,0
50.40918099614852,Jalisco,Jalisco,Médico,1
51.61478758045259,Jalisco,Jalisco,Médico,1
55.3229087941009,Jalisco,Sinaloa,Policía,0
52.676292139996434,Jalisco,Sinaloa,Chef,0
40.68797537215984,Jalisco,Sinaloa,Médico,1
52.73581511391664,Jalisco,Jalisco,Policía,0
38.734791360433974,Jalisco,Sinaloa,Médico,1
54.02938116243767,Sinaloa,Jalisco,Médico,0
55.39019690318533,Sinaloa,Sinaloa,Médico,0
59.762855085766965,Sinaloa,Sinaloa,Médico,0
53.52313176789029,Jalisco,Jalisco,Policía,0
56.78250379272339,Jalisco,Jalisco,Profesor,1
52.07534896113692,Sinaloa,Jalisco,Chef,0
51.35709259125538,Jalisco,Sinaloa,Policía,0
48.956634610986995,Jalisco,Sinaloa,Médico,0
52.20267509001849,Sinaloa,Sinaloa,Médico,0
54.5948441021252,Sinaloa,Jalisco,Policía,0
55.08552263537464,Jalisco,Sinaloa,Policía,0
53.44952766740698,Sinaloa,Sinaloa,Policía,0
58.94166876243392,Jalisco,Sinaloa,Policía,0
41.70630151277045,Jalisco,Jalisco,Médico,1
55.00352515987175,Jalisco,Sinaloa,Médico,1
55.46973907573698,Jalisco,Jalisco,Médico,1
39.823957247455084,Jalisco,Sinaloa,Médico,1
56.334293713391645,Sinaloa,Sinaloa,Médico,0
48.69357103882742,Jalisco,Sinaloa,Policía,1
52.2288961543915,Sinaloa,Sinaloa,Policía,1
36.794031100719096,Jalisco,Jalisco,Médico,1
51.83938070192929,Sinaloa,Jalisco,Médico,0
53.16292557929986,Jalisco,Jalisco,Médico,1
60.2900197544671,Sinaloa,Sinaloa,Médico,0
53.240012447686055,Sinaloa,Sinaloa,Policía,0
50.57862640321418,Jalisco,Sinaloa,Policía,0
57.49110529321681,Sinaloa,Jalisco,Médico,0
52.61351405591622,Jalisco,Sinaloa,Policía,1
56.055415907593535,Sinaloa,Sinaloa,Médico,0
55.59749108864157,Sinaloa,Jalisco,Chef,0
45.68918979087246,Jalisco,Sinaloa,Médico,0
53.99663149044132,Jalisco,Sinaloa,Médico,1
57.95964527295285,Sinaloa,Sinaloa,Médico,0
43.49406936978965,Jalisco,CDMX,Médico,1
58.06395561061017,Sinaloa,Sinaloa,Policía,0
53.70751693952698,Sinaloa,Sinaloa,Médico,1
49.64108251483607,Sinaloa,Sinaloa,Médico,0
47.744960607976864,Sinaloa,Jalisco,Médico,0
39.177322252893035,Jalisco,Sinaloa,Médico,1
31.14067456463564,Sinaloa,Jalisco,Profesor,1
52.536178363378845,Sinaloa,Sinaloa,Médico,0
52.860754085491074,Jalisco,Sinaloa,Policía,0
57.13571182461467,Jalisco,Sinaloa,Policía,0
52.98020002310605,Jalisco,Jalisco,Médico,1
56.52338418932135,Jalisco,Sinaloa,Médico,1
50.85202560843536,Jalisco,Jalisco,Policía,0
53.72043094845639,Jalisco,Jalisco,Policía,0
45.35148418617009,Jalisco,Jalisco,Policía,1
55.34365403049324,Jalisco,Sinaloa,Médico,1
53.14160620695209,Jalisco,Jalisco,Policía,1
53.15652853632822,Jalisco,Jalisco,Policía,0
56.04955650613931,Sinaloa,Sinaloa,Médico,1
41.960661657467604,Jalisco,Sinaloa,Médico,1
55.715205849676174,Sinaloa,Jalisco,Médico,0
54.10243476244301,Jalisco,Jalisco,Médico,1
42.94669777199463,Jalisco,Sinaloa,Médico,1
54.670130132317276,Sinaloa,Jalisco,Médico,0
56.024354120139,Jalisco,Sinaloa,Médico,1
53.23734025944319,Jalisco,Jalisco,Médico,1
40.553221532571484,Jalisco,Jalisco,Médico,1
47.35113323841074,Jalisco,Jalisco,Policía,1
54.53259799291114,Jalisco,Sinaloa,Médico,1
36.666469268155254,Jalisco,Sinaloa,Médico,1
54.58061572589932,Jalisco,Sinaloa,Médico,1
37.26410320835712,Jalisco,Sinaloa,Médico,1
51.838797207659525,Sinaloa,Sinaloa,Ingeniero,0
49.14590763055346,Jalisco,Jalisco,Policía,1
54.061166632734945,Jalisco,Jalisco,Médico,1
55.308375568389785,Sinaloa,Sinaloa,Médico,0
55.3568208742355,Jalisco,Sinaloa,Policía,0
40.08863510037825,Jalisco,Sinaloa,Médico,1
55.68433916193555,Jalisco,Sinaloa,Policía,0
33.7561179052865,Sinaloa,Sinaloa,Profesor,1
56.940202875577285,Jalisco,Jalisco,Médico,1
34.78514185624016,Jalisco,Sinaloa,Médico,1
24.30028818671027,Sinaloa,Sinaloa,Profesor,1
53.9581151560482,Jalisco,Jalisco,Policía,0
52.465922244494806,Sinaloa,Sinaloa,Médico,0
51.84169212570787,Sinaloa,Jalisco,Policía,1
54.437116899334285,Jalisco,Jalisco,Policía,0
55.934911346702044,Jalisco,Sinaloa,Médico,0
56.386516497870176,Jalisco,Sinaloa,Policía,0
53.55673562204473,Sinaloa,Jalisco,Médico,0
55.5659158492892,Jalisco,Jalisco,Chef,0
56.56030853358231,Jalisco,Jalisco,Médico,1
53.79879294589692,Sinaloa,Sinaloa,Médico,0
53.632741927351454,Sinaloa,Sinaloa,Médico,0
54.34035332635176,Sinaloa,Jalisco,Médico,0
50.31653851015278,Jalisco,Jalisco,Policía,0
55.71443235404662,Jalisco,Jalisco,Chef,0
50.177331304262424,Sinaloa,Jalisco,Médico,0
55.412119991949616,Jalisco,Jalisco,Policía,0
36.54071572147393,Jalisco,Jalisco,Médico,1
39.87749190190607,Jalisco,Jalisco,Médico,1
54.181005892070395,Jalisco,Jalisco,Médico,1
41.744847327507074,Jalisco,Sinaloa,Médico,1
53.25052204109587,Jalisco,Sinaloa,Médico,1
53.02200461261733,Jalisco,Jalisco,Médico,1
49.82809567722601,Jalisco,Jalisco,Policía,1
51.979564943226706,Jalisco,Jalisco,Policía,1
49.95345804489038,Jalisco,Jalisco,Chef,0
54.44844874710699,Sinaloa,Sinaloa,Policía,0
34.26901099917288,Jalisco,Sinaloa,Médico,1
30.80319078020206,Jalisco,Sinaloa,Médico,1
52.878165556078585,Sinaloa,Jalisco,Profesor,0
38.543983309247935,Jalisco,Sinaloa,Médico,1
44.98211722529278,Jalisco,Jalisco,Policía,1
52.172795471185815,Jalisco,Jalisco,Médico,1
47.76746585046878,Jalisco,Sinaloa,Policía,1
54.993695226522796,Jalisco,Sinaloa,Médico,1
50.76999697436183,Jalisco,Sinaloa,Policía,0
52.35051053254547,Jalisco,Jalisco,Médico,1
55.74514186202426,Sinaloa,Sinaloa,Médico,0
55.13134747949508,Jalisco,Jalisco,Médico,1
54.845629571030855,Jalisco,Jalisco,Policía,0
52.44609135878707,Jalisco,Jalisco,Médico,1
59.05858934072014,Sinaloa,Sinaloa,Médico,0
48.61982087286714,Jalisco,Jalisco,Médico,0
47.3307937580584,Jalisco,Jalisco,Policía,1
47.57920204731795,Sinaloa,Sinaloa,Médico,0
48.80214652441865,Sinaloa,Sinaloa,Policía,0
54.34428830703873,Jalisco,Jalisco,Médico,1
40.54282781878901,Jalisco,Sinaloa,Médico,1
52.74389693297008,Sinaloa,Sinaloa,Médico,0
52.569683724051735,Jalisco,Jalisco,Médico,1
56.57022967362895,Jalisco,Jalisco,Policía,0
52.263013342494254,Jalisco,Jalisco,Chef,0
31.72683362204284,Jalisco,Jalisco,Médico,1
57.05875829281351,Sinaloa,Jalisco,Policía,0
58.29294520220486,Jalisco,Jalisco,Médico,1
54.95561192125686,Sinaloa,Sinaloa,Médico,1
46.48262846888868,Jalisco,Sinaloa,Policía,1
53.46561658416347,Jalisco,Sinaloa,Policía,0
48.113085670439716,Jalisco,Sinaloa,Policía,0
47.41005731157998,Jalisco,Sinaloa,Policía,1
53.36794209800178,Jalisco,Jalisco,Policía,0
51.07497511998698,Jalisco,Jalisco,Médico,1
51.51740649092087,Sinaloa,Sinaloa,Médico,0
49.124778194842875,Sinaloa,Jalisco,Policía,0
48.78130737195108,Jalisco,Sinaloa,Policía,0
31.90173514716155,Sinaloa,Jalisco,Profesor,1
48.24761169209124,Jalisco,Sinaloa,Médico,0
51.33974750013024,Jalisco,Sinaloa,Policía,0
50.86013735063016,Jalisco,Sinaloa,Médico,1
50.93087560499269,Jalisco,Sinaloa,Médico,1
30.024569867976616,Sinaloa,Sinaloa,Médico,1
53.309812424340414,Jalisco,Sinaloa,Policía,0
51.947047386963824,Sinaloa,Jalisco,Médico,0
54.45478116168336,Sinaloa,Sinaloa,Policía,0
55.468699993489004,Jalisco,Jalisco,Médico,1
53.29187148754032,Jalisco,Sinaloa,Médico,1
51.83256053248359,Jalisco,Sinaloa,Médico,1
43.690236817276,Jalisco,Sinaloa,Policía,1
54.05105722535106,Jalisco,Sinaloa,Policía,0
49.62269246565859,Sinaloa,Sinaloa,Chef,0
45.44646750487033,Jalisco,Jalisco,Policía,1
55.55534802390401,Sinaloa,Sinaloa,Chef,0
55.20480212907707,Sinaloa,Sinaloa,Policía,0
48.96744971136525,Jalisco,Jalisco,Médico,0
49.13672520086047,Jalisco,Sinaloa,Policía,0
54.56422315174101,Jalisco,Sinaloa,Policía,0
42.17020339070584,Jalisco,Sinaloa,Médico,1
51.96172953969178,Jalisco,Sinaloa,Policía,0
50.53790311367061,Jalisco,Jalisco,Policía,1
55.86609581419212,Jalisco,Sinaloa,Médico,1
53.66019241221653,Jalisco,Jalisco,Médico,1
42.3924353355053,Jalisco,Jalisco,Médico,1
54.99678061802987,Sinaloa,Sinaloa,Chef,0
55.26926087172389,Sinaloa,Jalisco,Médico,1
48.23653941525386,Jalisco,Sinaloa,Médico,0
51.25125394074377,Jalisco,Jalisco,Profesor,0
40.27082185744604,Jalisco,Jalisco,Médico,1
54.42467702479959,Jalisco,Sinaloa,Policía,0
37.28615635811471,Jalisco,Jalisco,Médico,1
47.794023299713324,Jalisco,Sinaloa,Policía,1
43.23241089006527,Jalisco,Sinaloa,Médico,1
50.25213400343536,Jalisco,Sinaloa,Policía,1
56.085420954320185,Jalisco,Jalisco,Médico,1
38.49506818977528,Jalisco,Jalisco,Médico,1
52.811465126170425,Sinaloa,Sinaloa,Médico,1
45.25014379405948,Jalisco,Sinaloa,Policía,1
56.15156392672558,Sinaloa,Jalisco,Chef,0
37.791295459021654,Jalisco,Sinaloa,Médico,1
30.006211403783055,Sinaloa,Sinaloa,Médico,1
54.072699009483806,Jalisco,Jalisco,Médico,1
56.37984061779181,Jalisco,Jalisco,Médico,1
53.19186528809504,Jalisco,Jalisco,Médico,1
53.062187210612365,Jalisco,Sinaloa,Policía,0
50.99961893423754,Jalisco,Sinaloa,Profesor,0
45.53486281246525,Jalisco,Sinaloa,Médico,1
53.86326123552914,Jalisco,Jalisco,Policía,0
55.7297719652961,Sinaloa,Sinaloa,Médico,0
47.799557590527236,Jalisco,Jalisco,Médico,0
51.847201121499786,Sinaloa,Jalisco,Médico,0
57.884003124571706,Sinaloa,Jalisco,Policía,0
53.99632559324416,Sinaloa,Jalisco,Médico,0
53.192310966324165,Jalisco,Sinaloa,Médico,1
38.18173874655487,Jalisco,Jalisco,Médico,1
38.91043423555153,Jalisco,Sinaloa,Médico,1
53.8622246141247,Jalisco,Sinaloa,Policía,0
37.34122915170371,Jalisco,Jalisco,Médico,1
43.53306764684882,Jalisco,Sinaloa,Policía,1
53.8298963502049,Jalisco,Sinaloa,Policía,1
52.85068093157546,Jalisco,Sinaloa,Chef,0
52.98326154950025,Jalisco,Sinaloa,Policía,1
54.76409017603544,Jalisco,Jalisco,Médico,1
54.85408461786675,Jalisco,Sinaloa,Policía,0
57.90897045370216,Sinaloa,Jalisco,Médico,0
42.35505529282457,Jalisco,Sinaloa,Policía,1
51.21335180090745,Sinaloa,Jalisco,Médico,0
54.98096328794477,Jalisco,Sinaloa,Policía,0
51.547919839529285,Sinaloa,Sinaloa,Médico,0
52.16449519511493,Sinaloa,Sinaloa,Chef,0
48.91378887142286,CDMX,Sinaloa,Médico,0
49.74184897856773,Jalisco,Jalisco,Policía,0
52.02128297245343,Sinaloa,Sinaloa,Médico,0
53.979844697167145,Jalisco,Jalisco,Policía,0
50.794601397095796,Sinaloa,Sinaloa,Policía,0
57.75416141485948,Jalisco,Sinaloa,Médico,1
46.43594476103134,Jalisco,Sinaloa,Médico,0
38.42287330310701,Jalisco,Sinaloa,Médico,1
56.32522995704511,Sinaloa,Sinaloa,Chef,0
32.500579648669074,Jalisco,Sinaloa,Médico,1
48.7953264894625,Jalisco,Sinaloa,Policía,0
53.64183374094552,Sinaloa,Sinaloa,Policía,0
46.271515471632135,Jalisco,Sinaloa,Médico,1
40.94359329659756,Jalisco,Jalisco,Policía,1
57.30814444158836,Sinaloa,Jalisco,Policía,0
33.64736561588086,Jalisco,Sinaloa,Médico,1
57.251840323803656,Sinaloa,Jalisco,Policía,0
44.04103883077558,Jalisco,Sinaloa,Médico,1
52.97192343715099,Jalisco,CDMX,Médico,0
55.24683770845485,Sinaloa,Jalisco,Médico,0
52.64042759979694,Jalisco,Jalisco,Médico,1
35.48211320540926,Jalisco,Jalisco,Médico,1
53.801089261474836,Sinaloa,Sinaloa,Policía,1
54.4528442040876,Sinaloa,Jalisco,Policía,0
48.172756375925786,Jalisco,Jalisco,Médico,1
53.27641935294346,Jalisco,Sinaloa,Chef,0
42.51788481650394,Jalisco,Jalisco,Médico,1
54.621897052877024,Sinaloa,Sinaloa,Médico,1
49.20263010086858,Sinaloa,Sinaloa,Policía,0
47.78209483054182,Jalisco,Jalisco,Policía,1
54.14638331963716,Jalisco,Jalisco,Médico,1
52.51306792684549,Jalisco,Jalisco,Médico,1
42.61138273664126,Jalisco,Sinaloa,Policía,1
54.99465874141428,Sinaloa,Sinaloa,Médico,1
50.872058129387405,Jalisco,Sinaloa,Médico,1
53.34924660030478,Jalisco,Sinaloa,Médico,1
50.36236827342285,Jalisco,Jalisco,Policía,1
49.54377887338228,Jalisco,Jalisco,Policía,0
37.255928026728725,Jalisco,Jalisco,Médico,1
55.57438767167836,Jalisco,Sinaloa,Médico,1
54.51166413193708,Jalisco,Sinaloa,Policía,0
50.953747132468116,Jalisco,Sinaloa,Médico,1
47.69640693442688,Jalisco,Jalisco,Médico,0
51.944527915216646,Jalisco,Jalisco,Médico,1
41.890877752156754,Jalisco,Sinaloa,Médico,1
55.92091536883493,Jalisco,Jalisco,Policía,0
50.81092725927841,Sinaloa,Sinaloa,Médico,0
50.3055811580995,Sinaloa,CDMX,Médico,0
51.47915087672474,Jalisco,Jalisco,Médico,1
41.001668392657706,Jalisco,Jalisco,Médico,1
53.94899332015022,Sinaloa,Sinaloa,Médico,0
53.305268412156096,Jalisco,Sinaloa,Médico,1
54.9616990048654,Jalisco,Sinaloa,Médico,1
31.79868783647499,Jalisco,Sinaloa,Profesor,1
54.25920409129083,Sinaloa,Jalisco,Chef,0
54.68851577518767,Jalisco,Sinaloa,Médico,1
48.1729430611381,Jalisco,Sinaloa,Policía,1
31.22093548079214,Sinaloa,Jalisco,Profesor,1
59.49289990126008,Sinaloa,Sinaloa,Médico,0
53.17850015593784,Jalisco,Sinaloa,Policía,1
45.67731704149308,Jalisco,Sinaloa,Médico,1
55.0129630650824,Jalisco,Jalisco,Policía,0
48.21841335285634,Jalisco,Sinaloa,Médico,1
56.21989831448422,Jalisco,Sinaloa,Policía,0
31.96320778076369,Sinaloa,Jalisco,Profesor,1
42.1757305143186,Jalisco,Sinaloa,Médico,1
58.963289619528446,Sinaloa,Sinaloa,Policía,0
50.83842236188022,Sinaloa,Jalisco,Médico,1
35.17811248030661,Jalisco,Jalisco,Médico,1
51.965195512283216,Jalisco,Sinaloa,Policía,0
32.0818249613905,Jalisco,Jalisco,Profesor,1
55.59557424621603,Sinaloa,Jalisco,Médico,0
52.42524011941279,Jalisco,Jalisco,Médico,1
50.87689806838808,Jalisco,Jalisco,Médico,0
52.38345762704597,Jalisco,Sinaloa,Policía,0
51.52717151025456,Sinaloa,Jalisco,Médico,0
49.14988170135044,Jalisco,Sinaloa,Policía,0
49.35286183648597,Sinaloa,Sinaloa,Médico,0
43.86691887743572,Jalisco,Sinaloa,Policía,1
54.14835593530692,Jalisco,Sinaloa,Policía,0
50.69591228807297,Jalisco,Jalisco,Médico,1
36.34366985199456,Jalisco,Sinaloa,Médico,1
51.80585745858925,Sinaloa,Sinaloa,Médico,0
55.818187707333415,Sinaloa,Sinaloa,Policía,0
48.591974451329165,Jalisco,Jalisco,Policía,0
51.81405934758756,Jalisco,Sinaloa,Médico,1
52.701884120003456,Sinaloa,Jalisco,Médico,0
46.33473553127875,Jalisco,Jalisco,Profesor,0
51.509528372275376,Jalisco,Sinaloa,Policía,0
36.47216952349613,Jalisco,Sinaloa,Médico,1
40.2618162032811,Jalisco,Sinaloa,Médico,1
52.81861025014395,Jalisco,Jalisco,Policía,0
50.797495772340525,Sinaloa,Sinaloa,Médico,0
51.98462582941061,Jalisco,Jalisco,Médico,0
54.06748686834599,Jalisco,Sinaloa,Médico,1
49.929459702495194,Sinaloa,Sinaloa,Policía,0
53.906563144987736,Sinaloa,Sinaloa,Médico,0
54.20822864935185,Jalisco,Sinaloa,Policía,0
54.058419004117724,Jalisco,Jalisco,Médico,1
50.94779988229354,Jalisco,Sinaloa,Policía,1
40.2154035025239,Jalisco,Sinaloa,Médico,1
53.99944487469087,Sinaloa,Jalisco,Médico,0
53.69032325707154,Jalisco,Jalisco,Policía,0
47.573318695669066,Jalisco,Sinaloa,Policía,1
50.43793269475894,Sinaloa,Sinaloa,Médico,0
54.37181990063094,Sinaloa,Sinaloa,Médico,0
55.35785379710939,Sinaloa,Sinaloa,Médico,0
49.601734370291126,Sinaloa,Jalisco,Médico,0
51.25618044558253,Jalisco,Sinaloa,Médico,0
51.89010131591029,Sinaloa,Sinaloa,Policía,1
51.672580127753605,Jalisco,Sinaloa,Policía,0
41.425231344179124,Jalisco,Sinaloa,Policía,1
28.779133991215225,Sinaloa,Jalisco,Médico,1
31.02177313847921,Sinaloa,Jalisco,Profesor,1
47.58786306654257,Jalisco,Sinaloa,Policía,1
54.165601116393724,Sinaloa,Jalisco,Médico,0
36.984421985749954,Jalisco,Sinaloa,Médico,1
52.39086527919023,Sinaloa,Sinaloa,Médico,0
51.98942084605109,Jalisco,Jalisco,Policía,1
47.28173223325856,Jalisco,Sinaloa,Policía,1
55.0923357534909,Jalisco,Sinaloa,Chef,0
57.27714909578268,Sinaloa,Jalisco,Policía,0
58.16898168123393,Sinaloa,Jalisco,Médico,0
45.10374758819603,Jalisco,Sinaloa,Policía,1
40.792111316211134,Jalisco,Sinaloa,Médico,1
36.98319306658361,Jalisco,Sinaloa,Médico,1
55.972185880222966,Jalisco,Jalisco,Médico,1
52.48604935113633,Jalisco,Jalisco,Médico,1
49.29511737326063,Jalisco,Jalisco,Médico,0
43.976418969922875,Jalisco,Sinaloa,Policía,1
42.94131260932078,Jalisco,Jalisco,Policía,1
38.081826954096826,Jalisco,Sinaloa,Médico,1
48.28299721859821,Jalisco,Sinaloa,Médico,1
53.90901382265935,Jalisco,Sinaloa,Policía,1
56.77157981922206,Sinaloa,Jalisco,Chef,0
35.22159923299149,Jalisco,Jalisco,Médico,1
53.72214631425358,Jalisco,Jalisco,Policía,0
57.33908758175741,Sinaloa,Jalisco,Médico,0
53.779465980045764,Jalisco,Sinaloa,Policía,0
52.515790346182875,Jalisco,Sinaloa,Policía,0
51.58222417556642,Jalisco,Jalisco,Policía,0
54.83855890657518,Jalisco,Sinaloa,Médico,1
35.52504385413115,Jalisco,Sinaloa,Médico,1
49.490679119410586,Jalisco,Sinaloa,Médico,1
51.784300630117926,Jalisco,Jalisco,Policía,0
54.326711621859275,Jalisco,Sinaloa,Policía,0
54.397785597661866,Jalisco,Jalisco,Médico,1
44.265300486248634,Jalisco,Sinaloa,Médico,1
29.237362487808802,Sinaloa,Sinaloa,Médico,1
53.1325256956373,Jalisco,Sinaloa,Policía,0
31.13476467885016,Sinaloa,Jalisco,Médico,1
56.652479865114145,Sinaloa,Sinaloa,Policía,0
57.90102854063973,Sinaloa,Sinaloa,Médico,0
60.640374881603535,Sinaloa,Sinaloa,Chef,0
47.60835778694643,Jalisco,Jalisco,Policía,1
54.86273823190555,Jalisco,Sinaloa,Policía,0
43.97284497697484,Jalisco,Sinaloa,Policía,1
60.136644862655864,Sinaloa,Sinaloa,Médico,0
53.42781924212955,Sinaloa,Sinaloa,Médico,0
55.83318257230949,Sinaloa,Jalisco,Médico,1
52.631097666857116,Jalisco,Jalisco,Policía,0
51.30884290068647,Sinaloa,Jalisco,Chef,0
56.17408985115741,Jalisco,Sinaloa,Policía,0
53.80994266586407,Sinaloa,Jalisco,Médico,1
36.233951939767486,Jalisco,Jalisco,Médico,1
53.38210506361314,Sinaloa,Jalisco,Policía,0
55.811212802692275,Jalisco,Sinaloa,Policía,0
47.51906905092677,Jalisco,Jalisco,Médico,1
50.26505311686648,Jalisco,Sinaloa,Policía,1
54.01693592417626,Jalisco,Jalisco,Médico,1
49.13690618564955,Jalisco,Jalisco,Médico,0
35.97333879572193,Jalisco,Sinaloa,Médico,1
56.39511593537121,Jalisco,Sinaloa,Policía,0
55.73512254393925,Sinaloa,Jalisco,Policía,0
35.64229059158164,Jalisco,Jalisco,Médico,1
48.04960768452668,Jalisco,Jalisco,Médico,0
57.50183398647214,Jalisco,Sinaloa,Policía,0
54.75534282376202,Jalisco,Jalisco,Médico,1
54.27298491104316,Jalisco,Jalisco,Médico,1
52.325395230929445,Jalisco,Sinaloa,Policía,0
53.96226282779516,Sinaloa,Jalisco,Policía,0
54.55224480110538,Sinaloa,Sinaloa,Médico,0
52.288291697144466,Sinaloa,Sinaloa,Policía,0
55.470251994781286,Sinaloa,Sinaloa,Ingeniero,0
55.28601243665339,Jalisco,Sinaloa,Médico,1
48.978754974267275,Jalisco,Sinaloa,Médico,0
53.526841536000184,Sinaloa,Sinaloa,Médico,0
54.281705523895965,Jalisco,Jalisco,Policía,0
50.4654186071079,Sinaloa,Sinaloa,Médico,0
52.26145384677294,Sinaloa,Jalisco,Médico,0
49.048844972391166,Sinaloa,Jalisco,Médico,0
43.13553063284958,Jalisco,Jalisco,Policía,1
57.29982071462755,Sinaloa,Sinaloa,Médico,0
43.21815807409475,Jalisco,Sinaloa,Médico,1
56.53058613237547,Sinaloa,Jalisco,Médico,0
51.45422304013144,Jalisco,Sinaloa,Médico,1
54.58717834205725,Jalisco,Jalisco,Médico,1
56.21259132541188,Sinaloa,Jalisco,Médico,0
52.95409658060464,Jalisco,Jalisco,Médico,1
50.0977328712656,Jalisco,Sinaloa,Policía,1
52.63198698115395,Jalisco,Jalisco,Médico,0
55.69854330487492,Sinaloa,Jalisco,Médico,0
55.06591546466135,Sinaloa,Jalisco,Médico,1
52.070359679216025,Sinaloa,Jalisco,Policía,0
51.779149978634976,Jalisco,Sinaloa,Médico,1
36.32305055709098,Jalisco,Jalisco,Médico,1
49.61606988064592,Jalisco,Jalisco,Médico,1
46.34430950239252,Jalisco,Jalisco,Policía,1
42.66340075517449,Jalisco,Sinaloa,Médico,1
53.91428353272426,Sinaloa,Sinaloa,Médico,0
53.29939562816422,Jalisco,Sinaloa,Policía,0
43.884496452885706,Jalisco,Sinaloa,Médico,1
53.47721492770593,Sinaloa,Sinaloa,Médico,1
55.17557048552935,Jalisco,Sinaloa,Médico,1
58.95815441582536,Sinaloa,Jalisco,Policía,0
53.61181935735071,Sinaloa,Jalisco,Médico,1
54.50403565001864,Sinaloa,Jalisco,Chef,0
52.739839326189546,Jalisco,Jalisco,Policía,0
54.77791248618372,Jalisco,Jalisco,Médico,1
53.19453497262316,Sinaloa,Sinaloa,Médico,0
55.257373557375615,Jalisco,Sinaloa,Médico,1
55.947588689044345,Jalisco,Jalisco,Médico,1
52.68288755686815,Sinaloa,Sinaloa,Médico,0
40.351151238038995,Jalisco,Jalisco,Médico,1
53.705383637891785,Sinaloa,Jalisco,Policía,0
51.05835562904295,Sinaloa,Sinaloa,Médico,0
53.06564264967432,Sinaloa,Sinaloa,Médico,0
44.224335719720095,Jalisco,Jalisco,Policía,1
31.00349767428124,Sinaloa,Sinaloa,Profesor,1
37.420929777423765,Jalisco,Jalisco,Médico,1
60.175000965837214,CDMX,Jalisco,Chef,0
53.52317527001489,Sinaloa,Sinaloa,Médico,0
39.34412068197234,Jalisco,Sinaloa,Médico,1
51.47287670517224,Jalisco,Sinaloa,Policía,0
55.16347799488316,Jalisco,Jalisco,Policía,0
54.50833748834458,Jalisco,Sinaloa,Médico,1
56.787838873093875,Jalisco,Jalisco,Médico,1
51.40109774706933,Sinaloa,Sinaloa,Médico,0
54.35652478256646,Sinaloa,Sinaloa,Policía,1
47.3338082639643,Jalisco,Sinaloa,Médico,0
55.80133813744268,Sinaloa,Sinaloa,Médico,1
55.72438017044405,Sinaloa,Sinaloa,Médico,0
51.98010831687528,Jalisco,Jalisco,Médico,1
51.5727065378133,Jalisco,Jalisco,Médico,1
52.927648922084806,Sinaloa,Jalisco,Chef,0
37.80158459051563,Jalisco,Sinaloa,Médico,1
42.99590473177162,Jalisco,Sinaloa,Médico,0
52.25133865899339,Jalisco,Sinaloa,Médico,1
55.74241905252643,Sinaloa,Jalisco,Médico,0
29.496851301679293,Jalisco,Sinaloa,Profesor,1
53.07892785652016,Jalisco,Sinaloa,Policía,0
51.33929657880388,Jalisco,Sinaloa,Médico,1
42.68057128298926,Jalisco,Jalisco,Policía,1
34.991555368170864,Jalisco,Sinaloa,Médico,1
52.231205233099885,Jalisco,Sinaloa,Médico,1
56.178710184388464,Jalisco,Sinaloa,Chef,0
58.524732427492104,Sinaloa,Jalisco,Policía,0
53.93890372657097,Sinaloa,Jalisco,Médico,0
53.022792397511395,Jalisco,Jalisco,Médico,1
56.833612904611364,Sinaloa,Jalisco,Chef,0
39.405732799537944,Jalisco,Jalisco,Médico,1
44.67613668289098,Jalisco,Jalisco,Médico,1
38.20415558806565,Jalisco,Sinaloa,Médico,1
53.57819944066246,Sinaloa,Jalisco,Policía,0
52.70439767949255,Jalisco,Jalisco,Médico,1
59.738629337172306,Sinaloa,Jalisco,Profesor,0
38.09374633245707,Jalisco,Sinaloa,Médico,1
53.78652846951397,Sinaloa,Jalisco,Policía,0
54.84521975065036,Sinaloa,Sinaloa,Chef,0
51.004115004565875,Jalisco,Jalisco,Médico,1
45.66039908014709,Jalisco,Jalisco,Policía,1
54.26302749383315,Sinaloa,Jalisco,Policía,1
56.29948856983649,Jalisco,Sinaloa,Médico,1
52.56380657432569,Sinaloa,Jalisco,Médico,0
54.04071160456058,Jalisco,Sinaloa,Médico,1
50.534502605558345,Jalisco,Jalisco,Policía,0
52.32042247875841,Jalisco,Sinaloa,Policía,1
52.911521263213146,Jalisco,Sinaloa,Policía,0
33.83415140896272,Jalisco,Jalisco,Médico,1
44.77652337455679,Jalisco,Jalisco,Policía,1
52.14009683015106,Sinaloa,Sinaloa,Policía,0
52.023318097113176,Jalisco,Sinaloa,Médico,1
49.21240353118844,Jalisco,Jalisco,Policía,1
29.988725606611332,Sinaloa,Sinaloa,Profesor,1
51.77086795553577,Jalisco,Sinaloa,Médico,1
49.339566548188664,Sinaloa,Sinaloa,Chef,0
36.62684685636275,Jalisco,Sinaloa,Médico,1
51.10276803016932,Sinaloa,Jalisco,Médico,0
50.42370391901719,Jalisco,Jalisco,Policía,0
51.120109817255276,Sinaloa,Sinaloa,Médico,0
53.001318155922064,Jalisco,Jalisco,Médico,1
52.79361149465077,Jalisco,Jalisco,Médico,1
51.56605633461654,Jalisco,Sinaloa,Policía,1
55.342044122798235,Jalisco,Jalisco,Policía,0
56.78566827606799,Sinaloa,Jalisco,Médico,0
59.01600094817145,Jalisco,Sinaloa,Policía,0
54.72680634581465,Sinaloa,Sinaloa,Médico,1
50.41690778200797,Jalisco,Sinaloa,Policía,1
51.21944573080976,Jalisco,Jalisco,Médico,1
51.728495684605086,Sinaloa,Jalisco,Médico,0
52.45283543365334,Jalisco,Sinaloa,Médico,1
53.89643296886976,Jalisco,Jalisco,Médico,1
57.26277241197505,Jalisco,Sinaloa,Médico,1
56.321713955440494,Sinaloa,Sinaloa,Policía,0
35.90284419249556,Jalisco,Sinaloa,Médico,1
56.90719389197451,Sinaloa,Jalisco,Médico,0
50.65313014902059,Sinaloa,Jalisco,Médico,0
41.267265994861944,Jalisco,Jalisco,Médico,1
53.05470793839462,Sinaloa,Jalisco,Chef,0
33.69947160436436,Jalisco,Sinaloa,Médico,1
50.62049563995343,Sinaloa,Sinaloa,Policía,0
52.88639393135956,Jalisco,Sinaloa,Médico,1
41.79078054483888,Jalisco,Jalisco,Médico,1
29.514153892301167,Sinaloa,Sinaloa,Profesor,1
53.33312438407138,Sinaloa,Sinaloa,Médico,1
57.220523877418366,Sinaloa,Sinaloa,Médico,0
54.372357222827944,Sinaloa,Sinaloa,Médico,1
51.96869011256412,Sinaloa,Jalisco,Médico,0
55.05190558380689,Jalisco,Sinaloa,Policía,0
35.33178526426664,Jalisco,Sinaloa,Médico,1
29.967620407773104,Sinaloa,Sinaloa,Profesor,1
36.15231209691245,Jalisco,Sinaloa,Médico,1
47.30052985413563,Jalisco,Sinaloa,Policía,1
37.572798589381776,Jalisco,Jalisco,Médico,1
55.80972816819909,Sinaloa,Sinaloa,Policía,1
46.32412469650738,Jalisco,Sinaloa,Médico,0
50.17187642308169,Jalisco,Jalisco,Médico,1
53.67202536825601,Sinaloa,Sinaloa,Policía,1
39.86822036606917,Jalisco,Sinaloa,Médico,1
49.481571891210905,Jalisco,Jalisco,Profesor,0
52.3479157522573,Jalisco,Sinaloa,Médico,1
50.57626018350751,Jalisco,Jalisco,Policía,1
52.52619620067855,Jalisco,Sinaloa,Médico,1
26.017403655497667,Sinaloa,Jalisco,Profesor,1
53.3362261177996,Jalisco,Jalisco,Médico,1
46.6858245954904,Jalisco,Sinaloa,Policía,1
52.76596257703484,Jalisco,Sinaloa,Policía,0
59.79965785310747,Sinaloa,Jalisco,Policía,0
32.971114531661556,Sinaloa,Sinaloa,Médico,1
62.28808679803546,Jalisco,Sinaloa,Policía,0
52.63467625741781,Sinaloa,Sinaloa,Médico,0
39.99949023862476,Jalisco,Jalisco,Médico,1
52.5079931651479,Sinaloa,Jalisco,Policía,0
28.2692163988357,Sinaloa,Sinaloa,Médico,1
44.430485639882136,Jalisco,Sinaloa,Policía,1
47.425982609110996,Jalisco,Sinaloa,Policía,0
51.71633282857985,Jalisco,Jalisco,Médico,0
52.4485606881525,Sinaloa,Jalisco,Médico,0
41.60857864344639,Jalisco,Sinaloa,Médico,1
41.33567315107458,Jalisco,Sinaloa,Médico,1
52.64343116272438,Jalisco,Sinaloa,Médico,1
52.71736127720069,Sinaloa,Jalisco,Chef,0
53.523411605412086,Jalisco,Sinaloa,Chef,0
55.63728862127758,Sinaloa,Sinaloa,Policía,0
37.51935551287435,Jalisco,Jalisco,Médico,1
55.609509900207655,Jalisco,Sinaloa,Policía,0
48.100329713741544,Jalisco,Sinaloa,Policía,1
55.5930817856983,Jalisco,Sinaloa,Policía,0
58.90569193812861,Sinaloa,Sinaloa,Policía,0
29.068032124534177,Sinaloa,Jalisco,Profesor,1
46.89916391890449,Jalisco,Sinaloa,Policía,1
57.020443874792754,Sinaloa,Sinaloa,Médico,0
24.995529760646125,Sinaloa,CDMX,Profesor,1
51.456636870652545,Jalisco,Jalisco,Médico,1
36.58311032074026,Jalisco,Sinaloa,Médico,1
55.84498947325131,Sinaloa,Sinaloa,Policía,0
47.191754540795216,Sinaloa,Sinaloa,Chef,1
52.97074452209972,Sinaloa,Sinaloa,Médico,0
30.28136002492683,Sinaloa,Jalisco,Profesor,1
50.74376740002181,Jalisco,Jalisco,Policía,1
50.25396153401772,Sinaloa,Sinaloa,Chef,0
51.28678705387279,Jalisco,Sinaloa,Policía,0
52.25944709883161,Jalisco,Jalisco,Médico,1
53.271733561020156,Sinaloa,Jalisco,Chef,0
55.17732670968191,Jalisco,Jalisco,Médico,1
37.26128360044087,Jalisco,Jalisco,Médico,1
49.08868793619159,Jalisco,Jalisco,Policía,0
55.301192383848566,Sinaloa,Sinaloa,Médico,1
48.43728804395536,Sinaloa,Jalisco,Policía,0
53.42952499312393,Jalisco,Sinaloa,Médico,1
49.94039828858623,Jalisco,Jalisco,Policía,1
39.36106693076447,Jalisco,Jalisco,Médico,1
48.76810045048728,Jalisco,Jalisco,Médico,0
30.601273217537887,Sinaloa,Jalisco,Profesor,1
50.6898274889352,Jalisco,Sinaloa,Médico,1
53.12231852227681,Sinaloa,Sinaloa,Médico,0
50.26549229910974,Sinaloa,Sinaloa,Policía,0
52.324766200622236,Jalisco,Sinaloa,Médico,1
52.28902374637163,Jalisco,Sinaloa,Policía,0
42.99434314150835,Jalisco,Jalisco,Médico,1
40.73516652852767,Jalisco,Sinaloa,Médico,1
42.70480462901196,Jalisco,Sinaloa,Médico,1
49.90427266563664,Jalisco,Sinaloa,Médico,0
52.18148369447215,Sinaloa,Sinaloa,Policía,0
54.34436937062767,Jalisco,Sinaloa,Policía,0
52.64972019853291,Jalisco,Sinaloa,Policía,1
55.3136550270173,Jalisco,Sinaloa,Policía,0
50.57831575052984,Jalisco,Sinaloa,Policía,0
55.03252832679778,Sinaloa,Sinaloa,Médico,1
52.26796233564253,Jalisco,Sinaloa,Médico,1
58.49398224199318,Sinaloa,Sinaloa,Policía,0
48.43100601400822,Jalisco,Sinaloa,Médico,0
51.43638440320485,Jalisco,Sinaloa,Policía,1
55.05733680204914,Jalisco,Sinaloa,Médico,1
51.25879033550568,Jalisco,Sinaloa,Médico,1
52.35809260770475,Sinaloa,Sinaloa,Policía,0
48.9720159014551,Jalisco,Jalisco,Médico,0
45.78706183922545,Jalisco,Jalisco,Médico,1
50.49901743546882,Sinaloa,Sinaloa,Médico,0
48.281281918589634,Jalisco,Sinaloa,Policía,1
48.75100879938611,Jalisco,Sinaloa,Policía,1
56.50043386312985,Sinaloa,Jalisco,Policía,0
47.95133434955953,Jalisco,Jalisco,Policía,1
43.82010926731107,Jalisco,Sinaloa,Médico,1
56.32238871718118,Sinaloa,Sinaloa,Médico,1
39.672695279371865,Jalisco,Sinaloa,Médico,1
39.71103328279078,Jalisco,Jalisco,Médico,1
43.30164498114142,Jalisco,Sinaloa,Médico,1
54.050846208375454,Sinaloa,Jalisco,Médico,1
49.26414095292738,Sinaloa,Jalisco,Médico,0
41.07519200417654,Jalisco,Jalisco,Médico,1
34.59979797791896,Jalisco,Sinaloa,Médico,1
49.88945657912885,Sinaloa,Sinaloa,Médico,0
55.56570091190573,Sinaloa,Sinaloa,Policía,0
37.05126734118974,Jalisco,Sinaloa,Médico,1
52.23259367837859,Jalisco,Jalisco,Médico,1
37.19426725011745,Jalisco,Sinaloa,Médico,1
33.15227687030279,Sinaloa,Sinaloa,Profesor,1
55.712631629108245,Jalisco,Sinaloa,Policía,0
50.7597142711092,Jalisco,Sinaloa,Médico,1
55.243958436633505,Jalisco,Sinaloa,Policía,0
58.19682188164615,Jalisco,Jalisco,Policía,0
56.238496446905934,Sinaloa,Jalisco,Médico,0
53.00115070547707,Sinaloa,Sinaloa,Médico,0
51.435949788196,Jalisco,Jalisco,Policía,0
54.400132355488516,Jalisco,Sinaloa,Médico,0
59.3960937166417,Sinaloa,Sinaloa,Médico,0
56.95744720740435,Sinaloa,Jalisco,Médico,0
55.09752707276955,Sinaloa,Jalisco,Policía,0
40.82283220871715,Jalisco,Jalisco,Médico,1
37.67127993330165,Jalisco,Sinaloa,Policía,1
40.90275818168308,Jalisco,Jalisco,Policía,1
58.14074277516761,Jalisco,Sinaloa,Chef,0
51.698649140760196,Sinaloa,Sinaloa,Policía,0
54.002571566146436,Sinaloa,Jalisco,Policía,0
54.95528484640156,Sinaloa,Sinaloa,Médico,0
33.44096961425502,Sinaloa,Sinaloa,Profesor,1
58.308237926829435,Sinaloa,Jalisco,Policía,0
50.308504275509144,Jalisco,Sinaloa,Policía,0
48.56280877054201,Sinaloa,Jalisco,Médico,0
28.491917346941143,Sinaloa,Jalisco,Profesor,1
52.734807231946235,Sinaloa,Sinaloa,Médico,0
55.05777769277955,Sinaloa,Jalisco,Chef,0
52.30304486282784,Sinaloa,Jalisco,Médico,1
52.04652598589722,Jalisco,Jalisco,Policía,0
51.92646835663535,Sinaloa,Sinaloa,Policía,1
52.62478700904925,Jalisco,Jalisco,Médico,0
50.7326172000522,Jalisco,Sinaloa,Médico,1
53.95511029989788,Jalisco,Sinaloa,Médico,1
51.460893036544405,Sinaloa,Sinaloa,Médico,0
49.490570426083046,Jalisco,Sinaloa,Médico,0
28.95486277397669,Sinaloa,Jalisco,Profesor,1
54.54414342943806,Jalisco,Sinaloa,Médico,1
51.305316167443266,Jalisco,Jalisco,Médico,1
58.6283961794084,Jalisco,Sinaloa,Policía,0
55.34737733737536,Sinaloa,Sinaloa,Chef,0
47.93812687224175,Jalisco,Jalisco,Médico,0
54.31686840826333,Sinaloa,Sinaloa,Chef,0
50.34646498191763,Sinaloa,Jalisco,Médico,0
52.27903826375302,Sinaloa,Sinaloa,Policía,1
56.75448082708995,Jalisco,Sinaloa,Médico,1
56.49818606846889,Jalisco,Jalisco,Chef,0
55.99636215164214,Jalisco,Jalisco,Médico,1
53.95361711753149,Sinaloa,Sinaloa,Médico,0
49.90244928979183,Jalisco,Sinaloa,Policía,1
56.22333571259952,Sinaloa,Sinaloa,Médico,0
34.93689873554419,Jalisco,Jalisco,Médico,1
52.52323067406366,Sinaloa,Jalisco,Chef,0
45.62241796858447,Jalisco,Sinaloa,Policía,1
51.82677219274599,Sinaloa,Sinaloa,Policía,1
56.278926510526794,Sinaloa,Jalisco,Policía,0
52.57929420104562,Jalisco,Jalisco,Policía,1
51.017365393808525,Sinaloa,Sinaloa,Chef,0
59.061428461810976,Jalisco,Jalisco,Profesor,1
52.0673060465768,Jalisco,Sinaloa,Médico,1
31.41949876947379,Sinaloa,Sinaloa,Médico,1
28.634267029675414,Sinaloa,Jalisco,Profesor,1
43.160807371603994,Jalisco,Sinaloa,Policía,1
49.84859684419377,Sinaloa,Sinaloa,Chef,0
50.50230078459464,Jalisco,Sinaloa,Policía,0
35.902913004482805,Jalisco,Sinaloa,Médico,1
54.80291065129752,Sinaloa,Sinaloa,Médico,0
52.75838324071759,Jalisco,Sinaloa,Policía,1
48.79868628779798,Sinaloa,Sinaloa,Médico,0
51.33365423373961,Jalisco,Sinaloa,Policía,1
50.404105796540236,Sinaloa,Jalisco,Médico,0
46.10925360686646,Jalisco,Sinaloa,Policía,1
56.762709029285155,Sinaloa,Sinaloa,Médico,1
35.330183809708444,Jalisco,Sinaloa,Médico,1
58.846334750531575,Sinaloa,Sinaloa,Policía,0
56.31601092159637,Jalisco,Sinaloa,Médico,1
50.06747714425344,Jalisco,Sinaloa,Policía,0
47.04166684509055,Jalisco,Sinaloa,Médico,1
49.75983426565797,Jalisco,Jalisco,Médico,1
55.68406322657455,Jalisco,Jalisco,Médico,1
51.979421165092916,Sinaloa,Jalisco,Policía,0
54.858942311065825,Jalisco,Jalisco,Médico,1
56.80734399145509,Sinaloa,Sinaloa,Médico,0
35.92294067079919,Jalisco,Jalisco,Médico,1
52.019907063281856,Sinaloa,Sinaloa,Médico,0
53.23610098165937,Sinaloa,Sinaloa,Médico,0
34.82928544633088,Sinaloa,Sinaloa,Profesor,1
52.7066614847438,Jalisco,Sinaloa,Médico,1
55.614353536390915,Sinaloa,Jalisco,Médico,0
58.02659049008474,Jalisco,Sinaloa,Policía,0
39.39783742390935,Jalisco,Jalisco,Médico,1
48.66152361739893,Jalisco,Sinaloa,Policía,1
55.22061798356886,Sinaloa,Sinaloa,Chef,0
54.53999351057824,Jalisco,Sinaloa,Médico,1
51.27910258899166,Jalisco,Sinaloa,Médico,1
43.09850323905502,Jalisco,Sinaloa,Médico,1
38.30283354168853,Jalisco,Sinaloa,Médico,1
51.1774197135885,Sinaloa,Jalisco,Médico,0
51.810743643416224,Sinaloa,Sinaloa,Policía,0
51.67706184304275,Sinaloa,Sinaloa,Médico,0
52.57560029704466,Jalisco,Jalisco,Médico,1
60.00149445601853,Sinaloa,Jalisco,Médico,0
47.668680730049616,Jalisco,Jalisco,Médico,0
34.59896760947963,Jalisco,Sinaloa,Médico,1
51.17470178242667,Jalisco,Jalisco,Policía,1
48.9106755097954,Jalisco,Sinaloa,Médico,0
54.54631666186701,Jalisco,Sinaloa,Policía,0
47.45546312370115,Jalisco,Sinaloa,Médico,0
53.36841716010853,Jalisco,Sinaloa,Médico,1
57.69687774850602,Jalisco,Jalisco,Médico,1
35.09335654576781,Jalisco,Jalisco,Médico,1
52.915926087154475,Jalisco,Sinaloa,Médico,0
58.984104064949065,Sinaloa,Sinaloa,Médico,0
34.268851321113914,Jalisco,Sinaloa,Médico,1
53.005826702728626,Jalisco,Jalisco,Médico,1
49.40097572013197,Jalisco,Sinaloa,Policía,1
52.66083038472393,Jalisco,Jalisco,Policía,0
53.0229466413379,Sinaloa,Jalisco,Chef,0
46.14385300945688,Jalisco,Sinaloa,Médico,0
57.4801878986003,Jalisco,Sinaloa,Policía,0
42.80158889757005,Jalisco,Jalisco,Médico,1
53.03477780081237,Jalisco,Sinaloa,Policía,0
40.47964161006008,Jalisco,Jalisco,Médico,1
55.860477052268635,Sinaloa,Sinaloa,Médico,0
43.683415868303214,Jalisco,Sinaloa,Policía,1
58.033259980056144,Sinaloa,Sinaloa,Policía,0
50.188933525013546,Sinaloa,Jalisco,Médico,0
56.858441222102456,Sinaloa,Sinaloa,Médico,0
53.76678470520492,Jalisco,Sinaloa,Médico,1
50.87020271469057,Sinaloa,Jalisco,Policía,1
50.863232080103614,Sinaloa,Jalisco,Médico,0
50.6247987717182,Sinaloa,Sinaloa,Chef,0
55.74298346835232,Sinaloa,Jalisco,Policía,0
55.71954374195633,Jalisco,Sinaloa,Policía,0
55.20592729505217,Sinaloa,Jalisco,Médico,0
42.139391107196495,Jalisco,Jalisco,Policía,1
51.57243997783057,Jalisco,Sinaloa,Policía,0
55.30399317769126,Jalisco,Sinaloa,Médico,1
50.245084903482514,Jalisco,Jalisco,Policía,1
51.11983229939986,Jalisco,Sinaloa,Médico,1
57.90287729010763,Jalisco,Jalisco,Chef,0
52.27782808045666,Jalisco,Sinaloa,Médico,1
52.68399052083241,Jalisco,Sinaloa,Médico,1
51.868178751413566,Jalisco,Sinaloa,Médico,1
53.17166685561624,Jalisco,Sinaloa,Médico,0
41.15267487566918,Jalisco,Jalisco,Policía,1
58.80850400995081,Sinaloa,Sinaloa,Policía,0
57.04026282949945,Sinaloa,Sinaloa,Médico,0
52.29471369616602,Sinaloa,Sinaloa,Médico,0
48.19601892770066,Jalisco,Sinaloa,Policía,1
50.26588920616067,Sinaloa,Sinaloa,Médico,0
56.0076100314981,Jalisco,Sinaloa,Médico,1
43.37268469628654,Jalisco,Sinaloa,Médico,1
54.26650314895894,Sinaloa,Sinaloa,Chef,0
51.2065041661508,Jalisco,Jalisco,Policía,0
55.550069274680446,Jalisco,Jalisco,Chef,0
54.900779914736646,Sinaloa,Sinaloa,Médico,0
52.106961711947484,Jalisco,Sinaloa,Médico,1
26.52466402726504,Sinaloa,Sinaloa,Profesor,1
54.781727740738944,Jalisco,Sinaloa,Médico,1
54.78782664946226,Jalisco,Sinaloa,Policía,0
36.05973070103551,Jalisco,Jalisco,Médico,1
38.9210821742379,Jalisco,Sinaloa,Médico,1
54.30822325039006,Sinaloa,Sinaloa,Chef,0
50.363010509264875,Jalisco,Sinaloa,Policía,0
52.28344210974673,Jalisco,Sinaloa,Médico,1
56.41913963712737,Sinaloa,Sinaloa,Médico,0
44.649104586823654,Jalisco,Jalisco,Policía,1
52.61712015812324,Sinaloa,Sinaloa,Médico,0
50.30763052297195,Jalisco,Jalisco,Policía,0
54.10822722233583,Sinaloa,Sinaloa,Policía,0
54.60654738961649,Jalisco,Sinaloa,Chef,0
28.94624475275459,Sinaloa,Jalisco,Profesor,1
43.78386365588197,Jalisco,Sinaloa,Médico,1
53.219242334137064,Jalisco,Sinaloa,Médico,1
53.92576990467952,Sinaloa,Jalisco,Policía,0
31.52225414254441,Sinaloa,Sinaloa,Médico,1
35.137925873218485,Jalisco,Jalisco,Médico,1
57.12099459180847,Sinaloa,Jalisco,Policía,0
53.109497033728566,Jalisco,Jalisco,Policía,0
50.13920234348996,Sinaloa,Jalisco,Médico,0
54.033120674205456,Sinaloa,Jalisco,Médico,1
34.1072326527629,Jalisco,Jalisco,Médico,1
44.135705121692965,Jalisco,Jalisco,Médico,0
47.839167256579756,Jalisco,Jalisco,Policía,1
52.46570027295366,Jalisco,Jalisco,Policía,0
53.59241884591549,Sinaloa,Jalisco,Médico,0
48.36722822715295,Jalisco,Jalisco,Médico,0
54.739677342671634,Jalisco,Jalisco,Policía,0
52.09405960560986,Jalisco,Jalisco,Médico,1
50.76688538611358,Jalisco,Jalisco,Policía,1
52.20599868565921,Sinaloa,Sinaloa,Policía,0
34.93018174194712,Jalisco,Jalisco,Profesor,1
54.430342021156044,Sinaloa,Jalisco,Policía,0
51.60629122414405,Sinaloa,Sinaloa,Médico,0
58.23340956634674,Sinaloa,Jalisco,Médico,0
49.93090382844016,Sinaloa,Jalisco,Médico,0
34.080141969405645,Jalisco,Jalisco,Médico,1
49.63956092208475,Jalisco,Sinaloa,Profesor,0
54.571376295702535,Sinaloa,Jalisco,Médico,1
53.76552835782775,Jalisco,Sinaloa,Policía,0
54.754041539614335,Jalisco,Sinaloa,Policía,0
51.13426170183597,Sinaloa,Sinaloa,Médico,0
49.89579581591897,Jalisco,Sinaloa,Policía,1
37.81064199215993,Jalisco,Sinaloa,Médico,1
50.89272126605897,Jalisco,Jalisco,Policía,0
53.09161408166311,Jalisco,Jalisco,Médico,1
40.94007086661434,Jalisco,Jalisco,Policía,1
53.669785060786516,Jalisco,Sinaloa,Médico,1
40.635633531162284,Jalisco,Jalisco,Médico,1
55.45428923149967,Sinaloa,Sinaloa,Médico,0
52.70575764920715,Sinaloa,Sinaloa,Chef,0
48.9654824979565,Jalisco,Jalisco,Chef,0
51.937934823422225,Jalisco,Sinaloa,Policía,1
54.26937293742423,Sinaloa,Jalisco,Médico,0
51.41445521757931,Sinaloa,Sinaloa,Chef,0
60.404310397495586,Sinaloa,Sinaloa,Profesor,1
50.35923596260826,Sinaloa,Sinaloa,Médico,0
31.43210586648408,Sinaloa,Sinaloa,Profesor,1
54.130295528302376,Jalisco,Jalisco,Médico,1
50.55688925674044,Jalisco,Jalisco,Médico,1
51.152794172062464,Jalisco,Sinaloa,Policía,0
31.25694829259336,Sinaloa,Sinaloa,Profesor,1
42.67234592635917,Jalisco,Jalisco,Policía,1
50.94949138939892,Jalisco,Sinaloa,Médico,0
38.4604968037633,Jalisco,Sinaloa,Médico,1
28.015208106078163,Sinaloa,Sinaloa,Médico,1
51.962505054067364,Sinaloa,Jalisco,Chef,0
52.172542734855256,Jalisco,Sinaloa,Policía,1
51.43682558611058,Jalisco,Jalisco,Médico,0
56.75280548488374,Jalisco,Jalisco,Profesor,1
53.792589744970925,Sinaloa,Sinaloa,Chef,0
40.62868919977002,Jalisco,Sinaloa,Médico,1
54.36764469630763,Sinaloa,Jalisco,Médico,0
49.230209387906996,Jalisco,Jalisco,Policía,1
37.647959834756904,Jalisco,Sinaloa,Médico,1
29.07205313062342,Sinaloa,Sinaloa,Profesor,1
54.468263377124465,Jalisco,Sinaloa,Policía,0
39.86693156522635,Jalisco,Sinaloa,Médico,1
55.52312164123361,Sinaloa,Sinaloa,Médico,1
53.48946122916618,Jalisco,Sinaloa,Médico,1
48.90588878438041,Jalisco,Jalisco,Chef,0
42.753147022744926,Jalisco,Sinaloa,Médico,1
49.07097675975878,Jalisco,Sinaloa,Médico,1
49.46757230714732,Sinaloa,CDMX,Médico,0
51.645211777367656,Jalisco,Jalisco,Médico,1
56.876026579752434,Sinaloa,Jalisco,Médico,0
36.75933707778891,Jalisco,Jalisco,Médico,1
54.10096830911997,Sinaloa,Sinaloa,Médico,0
52.859959869437105,Jalisco,Sinaloa,Médico,1
34.04544419096166,Sinaloa,Jalisco,Médico,1
44.03644303483373,Jalisco,Jalisco,Médico,1
44.484421842513036,Jalisco,Jalisco,Médico,1
53.676287130435156,Jalisco,Jalisco,Policía,0
41.25753277823006,Jalisco,Sinaloa,Médico,1
43.431552463402525,Jalisco,Jalisco,Médico,1
54.37201058509348,Jalisco,Sinaloa,Policía,0
53.97870156209883,Jalisco,Jalisco,Médico,1
52.56080122505716,Jalisco,Sinaloa,Médico,1
36.97972136374345,Jalisco,Jalisco,Médico,1
35.72341107465937,Jalisco,Sinaloa,Médico,1
54.75016891768561,Jalisco,Sinaloa,Policía,0
52.095620986216176,Sinaloa,Jalisco,Policía,0
53.76972464857735,Jalisco,Jalisco,Chef,0
49.15521876023192,Sinaloa,Sinaloa,Médico,0
35.82669676621852,Jalisco,Sinaloa,Médico,1
33.97706655919739,Jalisco,Jalisco,Médico,1
59.38914661431635,Jalisco,Jalisco,Policía,0
47.24396508652116,Jalisco,Jalisco,Médico,0
48.43744157380742,Jalisco,Sinaloa,Policía,1
55.48074958077157,Jalisco,Jalisco,Médico,1
34.78341441659599,Jalisco,Sinaloa,Médico,1
52.04532759339356,Jalisco,Sinaloa,Médico,1
53.58540147440791,Jalisco,Sinaloa,Chef,0
35.762772749292544,Jalisco,Sinaloa,Profesor,1
49.465117708867645,Jalisco,Sinaloa,Policía,0
55.40758166939485,Sinaloa,Jalisco,Chef,0
38.825070134240285,Jalisco,Sinaloa,Médico,1
54.37424952058947,Jalisco,Sinaloa,Médico,1
52.598263539398715,Jalisco,Jalisco,Policía,0
57.78440400746268,Sinaloa,Sinaloa,Médico,1
30.242332190107135,Jalisco,Jalisco,Médico,1
48.43291913951438,Sinaloa,Jalisco,Médico,0
47.295418511252755,Jalisco,Jalisco,Policía,0
51.7157764095892,Jalisco,Sinaloa,Médico,1
52.417500883929335,Jalisco,Jalisco,Médico,1
53.19624881809503,Sinaloa,Sinaloa,Médico,0
52.51205325412074,Sinaloa,Jalisco,Médico,0
48.805752482553316,Jalisco,Jalisco,Profesor,0
48.99574175416298,Jalisco,Jalisco,Médico,1
51.804685992002454,Jalisco,Sinaloa,Médico,0
56.03522661286247,Sinaloa,Sinaloa,Médico,0
58.073503385980075,Sinaloa,Jalisco,Chef,1
54.55073556226781,Sinaloa,Jalisco,Médico,0
28.858161290967423,Sinaloa,Jalisco,Médico,1
56.672900700703586,Sinaloa,Sinaloa,Policía,0
33.042583170301526,Jalisco,Jalisco,Médico,1
53.521578470553656,Jalisco,Jalisco,Policía,0
50.13412272445784,Jalisco,Sinaloa,Policía,0
50.55837879112118,Jalisco,Sinaloa,Médico,1
31.036178553154617,Sinaloa,Sinaloa,Profesor,1
52.74700193676457,Sinaloa,Jalisco,Profesor,0
54.12580020202428,Jalisco,Sinaloa,Policía,0
38.131848991964134,Jalisco,Sinaloa,Médico,1
53.13325766219689,Sinaloa,Jalisco,Médico,1
53.89830280108367,Jalisco,Sinaloa,Policía,0
54.5706878723333,Jalisco,Sinaloa,Médico,1
51.101992393848775,Jalisco,Jalisco,Policía,0
53.13637073186967,Jalisco,Jalisco,Policía,1
39.50331912966149,Jalisco,Jalisco,Médico,1
54.584314909508976,Sinaloa,Jalisco,Policía,0
53.42418259967425,Sinaloa,Sinaloa,Policía,0
55.53979557522276,Sinaloa,Sinaloa,Médico,0
36.96291664762476,Jalisco,Sinaloa,Médico,1
54.85257156173575,Jalisco,Jalisco,Policía,0
56.7902143005816,Jalisco,Sinaloa,Médico,1
53.95534072420462,Jalisco,Sinaloa,Médico,1
50.68170574223472,Sinaloa,Sinaloa,Médico,0
53.125291969126245,Jalisco,Sinaloa,Policía,0
51.524224313773495,Jalisco,Sinaloa,Médico,1
50.955268700156424,Jalisco,Jalisco,Policía,1
52.62377315805856,Jalisco,Sinaloa,Médico,1
54.067878696636306,Sinaloa,Jalisco,Médico,0
35.29551180677281,Jalisco,Jalisco,Médico,1
32.33452810874257,Jalisco,Jalisco,Profesor,1
57.792151712537205,Sinaloa,Jalisco,Policía,0
54.12584187171101,Sinaloa,Sinaloa,Chef,0
53.820276482114394,Jalisco,Sinaloa,Chef,0
54.89688512074441,Jalisco,Jalisco,Chef,0
50.313166941018565,Jalisco,Jalisco,Policía,0
52.64722322924128,Jalisco,Jalisco,Policía,0
46.80847411514458,Jalisco,Jalisco,Policía,1
55.06382742141543,Jalisco,Sinaloa,Médico,1
34.71475355319433,Jalisco,Sinaloa,Médico,1
50.987985056185444,Sinaloa,Sinaloa,Médico,0
29.107288815972545,Sinaloa,Sinaloa,Médico,1
56.6716605028073,Sinaloa,Sinaloa,Policía,0
30.273975527110487,Jalisco,Sinaloa,Médico,1
52.59744219030291,Sinaloa,Jalisco,Médico,0
32.81993202900936,Jalisco,Jalisco,Médico,1
51.677486985702465,Jalisco,Jalisco,Médico,1
56.586628704658935,Jalisco,Sinaloa,Policía,0
49.08269863384101,Sinaloa,Sinaloa,Médico,0
49.7641663807683,Jalisco,Jalisco,Policía,0
52.57105668318162,Jalisco,Sinaloa,Médico,1
51.23568615248549,Jalisco,Sinaloa,Médico,1
48.82254747685754,Jalisco,Sinaloa,Médico,0
51.996545894077904,Sinaloa,Sinaloa,Médico,0
53.968602005214606,Jalisco,Sinaloa,Médico,1
53.79546840703746,Jalisco,Jalisco,Médico,1
31.879350282591037,Sinaloa,Sinaloa,Médico,1
51.57587513580436,Jalisco,Sinaloa,Policía,1
35.923512747914955,Jalisco,Jalisco,Médico,1
44.8716992745592,Jalisco,Sinaloa,Policía,1
54.80482962622408,Jalisco,Sinaloa,Policía,0
55.166724093798635,Sinaloa,Sinaloa,Médico,1
58.2186537545001,Sinaloa,Sinaloa,Médico,1
55.987938777619625,Sinaloa,Jalisco,Chef,0
52.4801021940306,Jalisco,Jalisco,Médico,1
53.99447901388451,Sinaloa,Sinaloa,Policía,0
55.708427370754784,Jalisco,Jalisco,Policía,0
46.022550442171905,Jalisco,Jalisco,Médico,0
37.8117328299372,Jalisco,Sinaloa,Médico,1
41.65264729426875,Jalisco,Jalisco,Médico,1
52.000066791895875,Sinaloa,Jalisco,Médico,0
53.80561940333516,Jalisco,Sinaloa,Médico,1
52.837352876226554,Sinaloa,Sinaloa,Médico,0
55.56402370052286,Sinaloa,Jalisco,Chef,0
40.25372829507022,Jalisco,Sinaloa,Médico,1
53.75272780033539,Sinaloa,Jalisco,Médico,0
51.28974552448324,Jalisco,Sinaloa,Policía,1
48.550000672212036,Jalisco,Sinaloa,Médico,0
55.31707633615046,Sinaloa,Jalisco,Policía,0
52.206295412634184,Jalisco,Sinaloa,Policía,0
48.41703126176958,Jalisco,Jalisco,Policía,0
47.97554178123363,Jalisco,Sinaloa,Policía,1
53.981200554332915,Jalisco,Jalisco,Policía,0
54.50873670929152,Sinaloa,Sinaloa,Médico,0
44.156621580577436,Jalisco,Sinaloa,Policía,1
39.983764498972405,Jalisco,Sinaloa,Médico,1
32.04792321291839,Sinaloa,Jalisco,Médico,1
53.722600841825354,Sinaloa,Sinaloa,Médico,0
51.02634320605698,Sinaloa,Sinaloa,Médico,0
53.53190672677645,Sinaloa,Sinaloa,Médico,0
53.31168257479129,Sinaloa,Sinaloa,Médico,0
53.30895800704899,Sinaloa,Sinaloa,Médico,0
48.212521739827636,Jalisco,Sinaloa,Policía,0
55.86685751491768,Jalisco,Jalisco,Médico,1
54.06996365471221,Sinaloa,Sinaloa,Médico,0
57.51606673504256,Jalisco,Sinaloa,Médico,1
53.54432785547005,Jalisco,Sinaloa,Médico,1
57.67387376155481,Jalisco,Sinaloa,Médico,1
48.845174158403076,Jalisco,Jalisco,Policía,1
52.95958481702518,Sinaloa,Sinaloa,Profesor,0
53.964793432078224,Jalisco,Jalisco,Médico,1
51.60132995462056,Jalisco,Jalisco,Policía,0
52.6780684953935,Jalisco,Sinaloa,Policía,0
38.74755866618405,Jalisco,Sinaloa,Médico,1
44.45580746601269,Jalisco,Jalisco,Policía,1
36.67035111334418,Jalisco,Sinaloa,Médico,1
48.63682609150885,Jalisco,Sinaloa,Médico,0
56.78217584734251,Jalisco,Jalisco,Médico,1
52.3335031066971,Sinaloa,Sinaloa,Policía,0
57.20755252559446,Sinaloa,Sinaloa,Médico,0
52.17836778497307,Jalisco,Jalisco,Policía,0
56.70801093156189,Jalisco,Sinaloa,Profesor,1
54.68051831377744,Sinaloa,Jalisco,Policía,0
56.12148085972557,Jalisco,Sinaloa,Médico,1
46.02819161877851,Jalisco,Jalisco,Médico,0
42.44680081320135,Jalisco,Jalisco,Médico,1
52.29484381231755,Jalisco,Sinaloa,Médico,1
53.136380762412955,Jalisco,Sinaloa,Médico,1
50.899644537395304,Jalisco,Jalisco,Policía,0
52.060770446818076,Jalisco,Sinaloa,Policía,0
58.36143919223661,Sinaloa,Jalisco,Policía,0
53.46887853230978,Sinaloa,Sinaloa,Médico,0
45.431374159786756,Jalisco,Jalisco,Policía,1
48.3368930832993,Jalisco,Sinaloa,Profesor,0
35.90540756572554,Jalisco,Jalisco,Médico,1
52.50604925099881,Sinaloa,Jalisco,Policía,0
54.8316751101301,Sinaloa,Sinaloa,Policía,0
39.76284891522013,Jalisco,Sinaloa,Médico,1
31.04612008953051,Jalisco,Sinaloa,Profesor,1
40.74121370371547,Jalisco,Sinaloa,Médico,1
49.72072850712716,Jalisco,Jalisco,Policía,0
50.921982373339524,Sinaloa,Jalisco,Médico,0
50.91325170859959,Jalisco,Jalisco,Policía,0
53.306628333980925,Sinaloa,Jalisco,Policía,0
57.55551804034841,Sinaloa,Sinaloa,Médico,0
38.73059007525141,Jalisco,Sinaloa,Médico,1
53.42292420535212,Jalisco,Jalisco,Chef,0
50.88503108617197,Sinaloa,Sinaloa,Médico,0
55.83521322823554,Jalisco,Sinaloa,Médico,1
44.45537711787668,Jalisco,Sinaloa,Médico,1
55.00942424826252,Sinaloa,Jalisco,Médico,0
52.48439355915526,Jalisco,Jalisco,Policía,0
49.1192987102226,Jalisco,Jalisco,Médico,1
49.04840410744382,Jalisco,Jalisco,Policía,0
42.46427563186826,Jalisco,Sinaloa,Policía,1
42.90879000204153,Jalisco,Sinaloa,Médico,1
53.04573011096626,Sinaloa,Sinaloa,Médico,0
54.242452771747814,Sinaloa,Jalisco,Médico,0
54.82169227173701,Jalisco,Sinaloa,Policía,0
53.671460235220216,Jalisco,Sinaloa,Médico,1
47.823922178280455,Jalisco,Sinaloa,Médico,0
49.385953940600785,Jalisco,Jalisco,Médico,1
50.55119524055642,Sinaloa,Sinaloa,Médico,0
47.089824493145684,Jalisco,Sinaloa,Médico,0
46.08729464691838,Jalisco,Jalisco,Policía,1
53.797659138918135,Sinaloa,Sinaloa,Policía,0
55.20574737500026,Sinaloa,Sinaloa,Chef,0
55.00536350148761,Sinaloa,Sinaloa,Policía,1
40.30096159801978,Jalisco,Sinaloa,Médico,1
52.963445186256486,Sinaloa,Sinaloa,Chef,0
55.13030004058726,Sinaloa,Sinaloa,Médico,0
50.78169284917886,Sinaloa,Sinaloa,Chef,0
46.681761764206485,Jalisco,Sinaloa,Médico,0
53.44519408401906,Sinaloa,CDMX,Médico,0
54.53904607660856,Sinaloa,Jalisco,Médico,1
36.83124713277381,Jalisco,Sinaloa,Médico,1
51.510699768636435,Jalisco,Jalisco,Médico,1
51.90431056646473,Sinaloa,Jalisco,Médico,0
41.88651411118288,Jalisco,Sinaloa,Médico,0
54.440352921388396,Jalisco,Sinaloa,Médico,1
57.12967223129316,Sinaloa,Jalisco,Médico,0
35.138869171903366,Jalisco,Jalisco,Médico,1
29.115381553295556,Sinaloa,Sinaloa,Médico,1
34.102358048193196,Jalisco,Sinaloa,Médico,1
36.66488930029515,Jalisco,Jalisco,Médico,1
36.57881097318625,Jalisco,Sinaloa,Médico,1
51.771392813362276,Jalisco,Jalisco,Médico,1
50.81906731668061,Sinaloa,Sinaloa,Policía,0
32.213955718619076,Sinaloa,Jalisco,Médico,1
53.84881635766216,Sinaloa,Sinaloa,Médico,0
53.651065137036134,Jalisco,Jalisco,Médico,1
45.906369856342934,Jalisco,Sinaloa,Médico,0
49.67643780140678,Jalisco,Jalisco,Policía,0
50.04787898076781,Jalisco,Jalisco,Médico,1
34.39324486212846,Jalisco,Sinaloa,Médico,1
35.70530979495972,Jalisco,Sinaloa,Médico,1
57.88088411161101,Sinaloa,Jalisco,Profesor,0
36.757024546547974,Jalisco,Jalisco,Médico,1
50.831997949157326,Jalisco,Jalisco,Médico,0
50.597349369109295,Sinaloa,Sinaloa,Policía,0
50.33687224187527,Sinaloa,Sinaloa,Médico,0
53.60729512695495,Jalisco,Jalisco,Policía,0
54.50296677550902,Sinaloa,Sinaloa,Médico,1
53.35063160367133,Jalisco,Sinaloa,Médico,1
52.313720345650154,Sinaloa,Sinaloa,Médico,1
55.31584321530921,Sinaloa,Sinaloa,Chef,0
54.474028426719954,Jalisco,Sinaloa,Policía,0
53.62871845444884,Sinaloa,Sinaloa,Chef,0
53.24051052873314,Sinaloa,Jalisco,Médico,1
45.779887773041466,Jalisco,Sinaloa,Médico,0
54.44102797102301,Sinaloa,Sinaloa,Policía,0
56.84544315935693,Jalisco,Sinaloa,Médico,1
32.302667117283775,Sinaloa,Sinaloa,Médico,1
54.54897156087849,Sinaloa,Sinaloa,Médico,0
53.35571300584741,Jalisco,Sinaloa,Policía,0
35.816280815038866,Jalisco,Sinaloa,Médico,1
42.80816213499676,Jalisco,Jalisco,Médico,1
52.9755948135691,Jalisco,Jalisco,Médico,1
36.747850185043674,Jalisco,Jalisco,Médico,1
45.574982903433195,Jalisco,Sinaloa,Policía,1
54.07806343671412,Sinaloa,Jalisco,Policía,0
56.40700770606635,Jalisco,Sinaloa,Médico,1
57.72068215926941,Sinaloa,Sinaloa,Médico,1
49.87776797627729,Jalisco,Sinaloa,Policía,0
53.656045817837686,Jalisco,Jalisco,Policía,0
37.449974308816536,Jalisco,Sinaloa,Médico,1
52.13011496155973,Jalisco,Jalisco,Médico,1
38.391287947722866,Jalisco,Sinaloa,Médico,1
51.598970496833054,Jalisco,Sinaloa,Chef,0
58.9775667416749,Sinaloa,Jalisco,Chef,0
35.738305071672336,Jalisco,Sinaloa,Médico,1
31.917647799348607,Sinaloa,Sinaloa,Profesor,1
37.82007902508124,Jalisco,Jalisco,Médico,1
53.46798004184066,Jalisco,Jalisco,Médico,1
37.65932407359079,Jalisco,Sinaloa,Médico,1
57.49934323000472,Sinaloa,Jalisco,Médico,1
56.419176829399326,Sinaloa,Sinaloa,Policía,0
58.69948929345946,Sinaloa,Sinaloa,Médico,0
52.66934388046032,Jalisco,Sinaloa,Policía,1
52.689111827830786,Sinaloa,Sinaloa,Médico,0
55.566579372814815,Sinaloa,Jalisco,Médico,0
51.848944580046364,Sinaloa,Jalisco,Médico,0
27.096132681957435,Sinaloa,Sinaloa,Profesor,1
38.86953908699485,Jalisco,Sinaloa,Médico,1
52.22228749405258,Jalisco,Sinaloa,Médico,1
53.1443504361629,Jalisco,Sinaloa,Médico,1
57.48802147899836,Sinaloa,Sinaloa,Médico,0
56.58831387243573,Jalisco,Sinaloa,Profesor,1
54.30286620335393,Jalisco,Jalisco,Médico,1
53.593660062616294,Jalisco,Jalisco,Médico,1
53.57633727043368,Sinaloa,Jalisco,Chef,0
51.3047812528789,Jalisco,Sinaloa,Médico,1
52.35385491819223,Jalisco,Jalisco,Policía,1
52.183569421549414,Jalisco,Jalisco,Médico,1
49.81572694013988,Jalisco,Jalisco,Policía,1
51.719734671903765,Jalisco,Sinaloa,Médico,0
54.784005059574234,Jalisco,Jalisco,Médico,1
39.71011113566279,Jalisco,Sinaloa,Médico,1
51.438096738711735,Jalisco,Sinaloa,Policía,0
52.809143943480265,Jalisco,Jalisco,Policía,1
55.77511590885117,Sinaloa,Sinaloa,Médico,1
41.04856863583206,Jalisco,Sinaloa,Médico,1
54.710973061777615,Sinaloa,Sinaloa,Policía,0
52.647253534680175,Jalisco,CDMX,Médico,1
46.55118580369749,Jalisco,Sinaloa,Policía,1
27.089291579398058,Sinaloa,Sinaloa,Profesor,1
53.41733521250791,Jalisco,Jalisco,Médico,1
48.28010956924642,Jalisco,Sinaloa,Policía,1
40.141289148438105,Jalisco,Sinaloa,Médico,1
50.842166005623675,Jalisco,Jalisco,Policía,0
52.303456514380564,Jalisco,Sinaloa,Médico,1
52.04544747167672,Jalisco,Sinaloa,Policía,0
52.685307432636705,Sinaloa,Sinaloa,Médico,0
37.361207540865536,Jalisco,Sinaloa,Médico,1
38.40681163134053,Jalisco,Sinaloa,Médico,1
55.38420891192234,Sinaloa,Jalisco,Médico,0
49.69377196456813,Jalisco,Sinaloa,Policía,0
53.20346263094576,Sinaloa,Jalisco,Médico,0
53.10940343513235,Sinaloa,Sinaloa,Médico,1
56.11178914656208,Jalisco,Jalisco,Médico,1
57.07084532901115,Sinaloa,Sinaloa,Médico,1
43.72295708548583,Jalisco,Jalisco,Policía,1
52.30436664797211,Jalisco,Sinaloa,Médico,1
51.861907020475115,Sinaloa,Jalisco,Médico,1
50.90576580457439,Jalisco,Jalisco,Policía,1
48.21061773536706,Jalisco,Sinaloa,Policía,1
48.80967378486085,Sinaloa,Jalisco,Médico,0
58.3599617308451,Sinaloa,Jalisco,Policía,0
49.761358462636984,Sinaloa,Jalisco,Médico,0
53.53141673536349,Jalisco,Sinaloa,Policía,0
49.77504689383973,Jalisco,Jalisco,Policía,0
38.363357972429256,Jalisco,Sinaloa,Médico,1
52.50619393775756,Jalisco,Sinaloa,Médico,1
51.9858498193744,Jalisco,Jalisco,Policía,1
55.61627156110637,Sinaloa,Sinaloa,Médico,1
57.12460996095405,Jalisco,Sinaloa,Chef,0
44.223626551270314,Jalisco,Jalisco,Médico,1
37.46867520091981,Jalisco,Jalisco,Médico,1
55.218150450793466,Sinaloa,Sinaloa,Policía,0
49.94262087966494,Sinaloa,Sinaloa,Médico,0
56.278958977930074,Jalisco,Sinaloa,Policía,0
56.72550904283734,Sinaloa,Sinaloa,Médico,0
49.5656946735117,Sinaloa,Sinaloa,Médico,0
54.63386942396398,Jalisco,Sinaloa,Médico,1
46.16039828364208,Jalisco,Jalisco,Policía,1
53.38164255495154,Jalisco,Jalisco,Policía,0
52.863690730267756,Jalisco,Sinaloa,Policía,0
36.67401141896012,Jalisco,Sinaloa,Médico,1
38.00847334068239,Jalisco,Sinaloa,Médico,1
50.79080250166974,Jalisco,Sinaloa,Policía,1
34.569626353057814,Jalisco,Jalisco,Médico,1
50.41466926388911,Jalisco,Sinaloa,Policía,1
58.636413168395805,Sinaloa,Sinaloa,Médico,0
53.38091370800159,Jalisco,Jalisco,Médico,1
54.198316192514284,Jalisco,Jalisco,Policía,0
49.46079750103616,Jalisco,Jalisco,Policía,1
52.16313876053426,Sinaloa,Sinaloa,Policía,0
54.72134192813831,Sinaloa,Sinaloa,Médico,0
51.5049434342406,Sinaloa,Jalisco,Policía,1
55.30935005519373,Jalisco,Sinaloa,Policía,0
52.16434017023294,Sinaloa,Sinaloa,Médico,0
38.12410068481589,Jalisco,Sinaloa,Médico,1
50.48027514493152,Jalisco,Sinaloa,Médico,1
57.24501755965359,Sinaloa,Jalisco,Profesor,0
53.50309257241744,Jalisco,Jalisco,Policía,0
52.373220163080134,Sinaloa,Sinaloa,Médico,0
49.685674841152384,Jalisco,Sinaloa,Policía,0
58.84126118693952,Sinaloa,Sinaloa,Médico,0
48.326820967440256,Jalisco,Jalisco,Médico,0
53.51002129748418,Jalisco,Jalisco,Médico,1
53.017352481014,Sinaloa,Sinaloa,Médico,0
56.29443084225103,Sinaloa,Jalisco,Chef,0
54.41438411630379,Jalisco,Jalisco,Médico,1
53.491393430519416,Sinaloa,Sinaloa,Policía,0
48.59651302623111,Jalisco,Sinaloa,Policía,1
40.025512782086935,Jalisco,Sinaloa,Médico,1
53.56274387965167,Sinaloa,Sinaloa,Chef,0
56.77760122076707,Sinaloa,Sinaloa,Chef,0
48.4578369653826,Jalisco,Jalisco,Policía,1
51.08199851369216,Sinaloa,Jalisco,Chef,0
50.29439161112435,Jalisco,Sinaloa,Médico,1
49.029055101657676,Jalisco,Sinaloa,Médico,0
51.551600482939676,Jalisco,Jalisco,Policía,0
54.62438363785797,Jalisco,Jalisco,Policía,0
54.326207033172274,Sinaloa,Sinaloa,Policía,1
49.43698597987653,Jalisco,Sinaloa,Policía,1
52.752675665769324,Jalisco,Sinaloa,Médico,1
49.34536135033274,Sinaloa,Sinaloa,Policía,0
51.721526766510905,Sinaloa,Sinaloa,Médico,0
55.33926558348163,Jalisco,Jalisco,Policía,0
55.562295581488804,Sinaloa,Sinaloa,Policía,0
53.621474757671805,Sinaloa,Jalisco,Policía,0
45.33996283353633,Jalisco,Sinaloa,Médico,1
50.10756015615584,Jalisco,Jalisco,Policía,1
50.337369344265625,Jalisco,Sinaloa,Médico,1
39.936123577562824,Jalisco,Sinaloa,Médico,1
55.33456381159301,Sinaloa,Sinaloa,Médico,0
52.873343395001775,Sinaloa,Jalisco,Policía,0
32.96582573925478,Jalisco,Sinaloa,Médico,1
55.613977341988004,Sinaloa,Sinaloa,Médico,0
48.79094628042036,Jalisco,Sinaloa,Policía,1
35.90352788963933,Jalisco,Jalisco,Médico,1
52.50448695744222,Sinaloa,Jalisco,Médico,0
47.67972819264124,Jalisco,Sinaloa,Policía,1
51.25790886560124,Jalisco,Jalisco,Policía,1
55.93909022304517,Jalisco,Jalisco,Médico,1
35.117741879754746,Jalisco,Jalisco,Médico,1
53.15505566304575,Jalisco,Sinaloa,Policía,0
54.14258423344042,Sinaloa,Jalisco,Médico,0
52.54686343793857,Jalisco,Sinaloa,Policía,0
27.398591281860732,Sinaloa,Jalisco,Médico,1
49.5642519645138,Jalisco,Sinaloa,Policía,0
50.41519619527211,Jalisco,Jalisco,Policía,1
56.840936029735815,Sinaloa,Sinaloa,Policía,0
54.09458683545825,Jalisco,Jalisco,Policía,1
51.92424939016737,Jalisco,Jalisco,Policía,0
54.26155639182537,Sinaloa,Jalisco,Médico,0
54.26543815211311,Jalisco,Sinaloa,Policía,0
55.20634474643727,Jalisco,Sinaloa,Policía,1
35.37531111846317,Jalisco,Jalisco,Médico,1
56.535977503723096,Sinaloa,Sinaloa,Chef,0
57.35614801778129,Jalisco,Jalisco,Policía,0
55.91397937250657,Sinaloa,Sinaloa,Médico,0
53.45287992218156,Jalisco,Sinaloa,Médico,0
54.00379347769158,Jalisco,Sinaloa,Chef,0
41.39277259627396,Jalisco,Sinaloa,Médico,0
55.952713747664895,Sinaloa,Sinaloa,Médico,1
46.51422073627773,Jalisco,Jalisco,Policía,1
41.9905839983029,Jalisco,Sinaloa,Médico,1
41.757073958345586,Jalisco,Sinaloa,Policía,1
49.55031149283079,Jalisco,Jalisco,Médico,1
48.39165175350121,Jalisco,Sinaloa,Policía,1
54.91910866255564,Sinaloa,Sinaloa,Policía,0
51.286221608855556,Jalisco,Sinaloa,Chef,0
42.21935197175363,Jalisco,Jalisco,Profesor,0
52.47827566908588,Sinaloa,Sinaloa,Médico,0
45.90489854337824,Jalisco,Sinaloa,Policía,1
53.553728422785575,Jalisco,Sinaloa,Policía,0
46.016917082459194,Jalisco,Jalisco,Médico,1
30.536482662006435,Sinaloa,Sinaloa,Médico,1
51.795474521488856,Sinaloa,Sinaloa,Policía,1
35.37535414703609,Jalisco,Jalisco,Profesor,1
53.518769807321135,Jalisco,Sinaloa,Médico,1
54.32914237556588,Sinaloa,Sinaloa,Médico,0
52.216971854215856,Sinaloa,Jalisco,Médico,1
50.34849357712951,Jalisco,Jalisco,Policía,0
41.95612750647123,Jalisco,Sinaloa,Médico,1
47.874313837927176,Jalisco,Sinaloa,Policía,1
53.59027271110493,Jalisco,Sinaloa,Médico,1
49.37460714850055,Jalisco,Sinaloa,Policía,0
52.101957822151896,Jalisco,Sinaloa,Médico,1
49.08384810310086,Jalisco,Sinaloa,Médico,0
50.33479761305345,Sinaloa,Sinaloa,Médico,0
52.565778599079685,Sinaloa,Sinaloa,Médico,1
56.03255256688342,Sinaloa,Sinaloa,Médico,0
50.4011840882112,Jalisco,Jalisco,Profesor,0
52.267502772297064,Jalisco,Sinaloa,Médico,1
49.778086969389875,Sinaloa,Sinaloa,Médico,0
56.17858906968925,Jalisco,Sinaloa,Médico,1
55.982730777146124,Sinaloa,Sinaloa,Médico,0
57.78102853775037,Sinaloa,Jalisco,Médico,0
50.445593632855775,Sinaloa,Jalisco,Policía,0
31.480606534962952,Sinaloa,Jalisco,Profesor,1
52.791433747220125,Jalisco,Sinaloa,Médico,0
40.39748347934302,Jalisco,Sinaloa,Médico,1
59.619680305355615,Sinaloa,Sinaloa,Médico,0
56.37986164999595,Jalisco,Jalisco,Policía,0
32.82628882459664,Jalisco,Jalisco,Profesor,1
53.59177900815228,Jalisco,Sinaloa,Policía,0
47.4959663146314,Jalisco,Sinaloa,Policía,1
32.09216872866391,Jalisco,Jalisco,Médico,1
51.77082203887836,Jalisco,Sinaloa,Médico,1
53.11369492126323,Sinaloa,Jalisco,Médico,0
29.69908127387726,Sinaloa,Jalisco,Médico,1
57.66162866250166,Jalisco,Sinaloa,Policía,0
50.601464469594916,Jalisco,Sinaloa,Policía,0
39.84920676865757,Jalisco,Sinaloa,Médico,1
43.55150075657977,Jalisco,Sinaloa,Médico,1
55.15569050889869,Sinaloa,Jalisco,Médico,0
56.4882597624181,Sinaloa,Sinaloa,Médico,0
36.26482857335621,Jalisco,Jalisco,Médico,1
56.262186256359385,Jalisco,Sinaloa,Policía,0
53.800369087747946,Jalisco,Sinaloa,Policía,0
48.78212633665981,Jalisco,Jalisco,Policía,1
54.47187452985119,Jalisco,Sinaloa,Médico,1
38.004412071396665,Jalisco,Jalisco,Médico,1
32.355496946014064,Jalisco,Sinaloa,Médico,1
39.657454949261464,Jalisco,Jalisco,Médico,1
52.927084252270014,Jalisco,Sinaloa,Policía,0
51.16246779490871,Sinaloa,Jalisco,Chef,0
48.87710737512056,Jalisco,Jalisco,Policía,1
52.28635644409078,Sinaloa,Sinaloa,Policía,0
56.874346963659065,Sinaloa,Jalisco,Médico,0
54.64427882131531,Sinaloa,Sinaloa,Policía,0
54.05567823383258,Sinaloa,Jalisco,Médico,0
53.082712051421744,Jalisco,Jalisco,Policía,0
50.73560886820916,Jalisco,Sinaloa,Médico,1
56.60795421233741,Jalisco,Jalisco,Médico,1
40.89968736427848,Jalisco,Sinaloa,Médico,1
58.16883298552554,Sinaloa,Jalisco,Policía,0
57.635763529584665,Sinaloa,Sinaloa,Chef,0
41.636046146509884,Jalisco,Sinaloa,Médico,1
42.933399554999305,Jalisco,Jalisco,Policía,1
50.42318264326018,Sinaloa,Sinaloa,Médico,0
29.089070191296635,Sinaloa,Sinaloa,Profesor,1
48.80385678566312,Jalisco,Jalisco,Médico,0
39.088818647546375,Jalisco,Sinaloa,Policía,1
59.34382437027011,Sinaloa,Sinaloa,Chef,0
40.635295766509586,Jalisco,Sinaloa,Médico,1
55.284355071208225,Sinaloa,Jalisco,Chef,0
47.9686506774231,Jalisco,Jalisco,Médico,1
53.86812575524084,Jalisco,Sinaloa,Médico,1
53.58885657787055,Jalisco,Jalisco,Policía,0
51.01543031181349,Jalisco,Sinaloa,Policía,0
52.793426181723156,Sinaloa,Jalisco,Chef,0
42.28621993355176,Jalisco,Sinaloa,Policía,1
50.5501821153305,Jalisco,Sinaloa,Médico,0
37.7329141540132,Jalisco,Jalisco,Médico,1
48.41107231418111,Jalisco,Sinaloa,Médico,1
56.790676817714505,Jalisco,Jalisco,Médico,1
51.84131762170324,Jalisco,Sinaloa,Profesor,1
55.588467963141895,Jalisco,Sinaloa,Médico,1
53.81401867918311,Jalisco,Jalisco,Policía,1
51.12478031199772,Sinaloa,Sinaloa,Médico,0
49.49948801333689,Jalisco,Sinaloa,Policía,0
41.63056906579985,Jalisco,Sinaloa,Médico,1
57.20723886954636,Sinaloa,Jalisco,Policía,0
54.676582278711265,Jalisco,Sinaloa,Policía,0
53.78384830025862,Jalisco,Jalisco,Policía,0
55.96003591022793,Sinaloa,Sinaloa,Policía,0
46.50149127085834,Jalisco,Jalisco,Policía,1
52.695761042472455,Sinaloa,Jalisco,Médico,0
54.716156641409114,Jalisco,Jalisco,Médico,1
50.19091156675039,Jalisco,Sinaloa,Policía,0
53.82438019593706,Sinaloa,Sinaloa,Policía,1
52.8166669951266,Jalisco,Sinaloa,Médico,1
33.44783340634336,Sinaloa,Jalisco,Médico,1
55.02419584724855,Jalisco,Jalisco,Policía,0
51.308800878109636,Sinaloa,Sinaloa,Médico,0
54.24336577222783,Jalisco,Sinaloa,Policía,0
50.73704498342832,Jalisco,Sinaloa,Policía,0
60.57253563808031,Sinaloa,Jalisco,Policía,0
52.6712261289018,Sinaloa,Sinaloa,Policía,1
54.98491997805665,Jalisco,Jalisco,Policía,0
50.58075122937762,Sinaloa,Sinaloa,Médico,0
54.19626491276366,Sinaloa,Sinaloa,Médico,0
56.85273392411184,Jalisco,Jalisco,Médico,1
50.7130135897268,Jalisco,Sinaloa,Policía,1
36.62204311674284,Jalisco,Sinaloa,Médico,1
36.34769908934714,Jalisco,Jalisco,Médico,1
35.7579188958311,Jalisco,Jalisco,Médico,1
51.92823465447235,Jalisco,Sinaloa,Policía,0
55.1971683776554,Sinaloa,Sinaloa,Médico,1
55.311870175277846,Jalisco,Sinaloa,Médico,1
32.113548103484604,Sinaloa,Sinaloa,Médico,1
41.08935558099848,Jalisco,Jalisco,Médico,1
56.70461421578773,Sinaloa,Sinaloa,Chef,0
41.877512873155794,Jalisco,Jalisco,Médico,1
54.1197668730177,Sinaloa,Jalisco,Médico,1
56.417029945412686,Sinaloa,Jalisco,Chef,0
52.72537624622887,Sinaloa,Sinaloa,Chef,0
50.96910387203463,Sinaloa,Sinaloa,Médico,0
51.863788371952886,Sinaloa,Sinaloa,Chef,0
55.80203434568132,Sinaloa,Jalisco,Profesor,0
48.91128478137193,Jalisco,Jalisco,Médico,1
47.82223848848264,Jalisco,Jalisco,Médico,0
54.92240926971493,Jalisco,Sinaloa,Médico,1
48.88134288651104,Sinaloa,Sinaloa,Médico,0
56.840893020170654,Sinaloa,Sinaloa,Médico,0
40.42384018963251,Jalisco,Sinaloa,Médico,1
36.878129915948534,Jalisco,Sinaloa,Médico,1
53.34476151073348,Jalisco,Sinaloa,Médico,1
52.08924645193215,Jalisco,Jalisco,Médico,1
52.9205281142519,Jalisco,Jalisco,Médico,0
42.29735652724124,Jalisco,Sinaloa,Médico,1
35.23095982061238,Jalisco,Sinaloa,Médico,1
52.62753197391754,Jalisco,Sinaloa,Médico,0
51.408495200706355,Jalisco,Sinaloa,Médico,1
27.55859694567448,Sinaloa,Jalisco,Profesor,1
55.190750235833164,Jalisco,Sinaloa,Médico,1
39.50074626736567,Jalisco,Sinaloa,Médico,1
56.18639964272446,Jalisco,Sinaloa,Médico,1
55.187573010460916,Jalisco,Jalisco,Médico,1
55.233966329399074,Sinaloa,Sinaloa,Médico,0
50.436191226066775,Jalisco,Jalisco,Policía,1
52.87162445300659,Sinaloa,Sinaloa,Médico,0
46.630066325391496,Jalisco,Jalisco,Policía,1
47.691582054340216,Jalisco,Jalisco,Policía,1
53.31806086736375,Sinaloa,Sinaloa,Chef,0
56.78959791313362,Jalisco,Jalisco,Policía,0
51.56682116025468,Jalisco,Sinaloa,Policía,0
55.15409355365575,Sinaloa,Jalisco,Policía,0
35.03348569930722,Sinaloa,Sinaloa,Médico,1
43.50015263920965,Jalisco,Sinaloa,Médico,1
36.04387512641598,Jalisco,Sinaloa,Médico,1
54.741017621656,Sinaloa,Sinaloa,Chef,0
37.2923640629155,Jalisco,Sinaloa,Médico,1
51.26802753440616,Jalisco,Sinaloa,Policía,1
51.284978292496604,Jalisco,Sinaloa,Médico,1
30.181865474031603,Sinaloa,Jalisco,Profesor,1
54.27650273019147,Jalisco,Jalisco,Policía,0
27.793986222134272,Sinaloa,Jalisco,Profesor,1
50.641851547030825,Jalisco,Sinaloa,Médico,1
30.921402734961745,Jalisco,Jalisco,Médico,1
51.58296720136086,Sinaloa,Sinaloa,Médico,0
55.40964270565843,Jalisco,Jalisco,Médico,1
34.83244311115658,Jalisco,Jalisco,Médico,1
52.22649572817268,Sinaloa,Jalisco,Chef,0
51.38166656019048,Jalisco,Jalisco,Chef,0
50.831441713668205,Sinaloa,Jalisco,Policía,1
51.75700002996318,Jalisco,Jalisco,Policía,1
44.016492041884995,Jalisco,Sinaloa,Médico,1
52.405367282589886,Sinaloa,Jalisco,Médico,0
56.6580570032463,Sinaloa,Sinaloa,Policía,0
34.93101545032185,Jalisco,Sinaloa,Médico,1
33.056688139127594,Jalisco,Sinaloa,Médico,1
38.18362864906484,Jalisco,CDMX,Médico,1
33.23279493411739,Jalisco,Sinaloa,Médico,1
56.92624788019688,Sinaloa,Jalisco,Policía,0
52.261423528271784,Jalisco,Sinaloa,Médico,0
55.350666688214694,Jalisco,Jalisco,Médico,1
54.55350372469376,Jalisco,Sinaloa,Policía,0
51.15450370936539,Jalisco,Sinaloa,Policía,0
36.32264243160543,Jalisco,Jalisco,Médico,1
52.903176638051406,Sinaloa,Sinaloa,Chef,0
49.952318545487316,Sinaloa,Sinaloa,Policía,1
34.25455253566276,Jalisco,Sinaloa,Médico,1
55.955396017206105,Sinaloa,Sinaloa,Chef,0
51.20986527049666,Jalisco,Jalisco,Policía,1
52.22142601993855,Jalisco,Jalisco,Policía,0
56.21841312822117,Jalisco,Jalisco,Chef,0
51.86038830549283,Sinaloa,Sinaloa,Médico,0
59.31702087082355,Sinaloa,Sinaloa,Médico,0
58.837828137581376,Sinaloa,Sinaloa,Médico,0
44.14421322579836,Jalisco,Sinaloa,Policía,1
42.82666416739418,Jalisco,Sinaloa,Médico,1
51.12788446944158,Jalisco,Sinaloa,Médico,1
50.32072212757967,Sinaloa,Sinaloa,Chef,0
47.79648536095134,Jalisco,Jalisco,Policía,1
41.30528702658126,Jalisco,Jalisco,Médico,1
52.01437681205346,Jalisco,Sinaloa,Policía,0
50.726438738333805,Sinaloa,Jalisco,Médico,0
57.315731548599274,Sinaloa,Sinaloa,Policía,0
40.4957174626437,Jalisco,Sinaloa,Médico,1
54.32423757435446,Jalisco,Sinaloa,Médico,1
51.51152173249428,Sinaloa,Sinaloa,Médico,0
49.9984698885759,Jalisco,Sinaloa,Médico,1
42.84589456894574,Jalisco,Sinaloa,Médico,1
50.158274104044615,Jalisco,Sinaloa,Policía,0
50.5677349697387,Sinaloa,Sinaloa,Médico,0
49.17142858174695,Sinaloa,Sinaloa,Policía,1
50.796493845504024,Jalisco,Sinaloa,Médico,1
35.38787915582961,Jalisco,Jalisco,Médico,1
52.159263944899976,Sinaloa,Sinaloa,Chef,0
45.43288223629582,Jalisco,Jalisco,Policía,0
57.336410425689145,Jalisco,Jalisco,Policía,0
55.232097227324466,Sinaloa,Jalisco,Médico,1
51.28839103982975,Jalisco,Sinaloa,Policía,0
56.30393386905163,Sinaloa,Sinaloa,Policía,0
55.46685643835854,Sinaloa,Sinaloa,Médico,1
40.30077017363132,Jalisco,Sinaloa,Médico,1
51.452347606585604,Jalisco,Jalisco,Policía,0
51.76827361392965,Sinaloa,Sinaloa,Policía,0
55.385547178153665,Jalisco,Jalisco,Policía,0
53.1817943001947,Sinaloa,Sinaloa,Médico,0
53.99736791494517,Jalisco,Sinaloa,Policía,0
52.91464683985406,Jalisco,Jalisco,Médico,1
54.51184639246596,Jalisco,Sinaloa,Policía,1
51.06881301699585,Jalisco,Sinaloa,Chef,0
39.37287181966434,Jalisco,Sinaloa,Médico,0
49.782168879711605,Jalisco,Sinaloa,Médico,1
55.59714831259313,Jalisco,Sinaloa,Médico,1
53.66392764497663,Jalisco,Jalisco,Policía,0
47.17793985520971,Sinaloa,Jalisco,Policía,0
44.30513361936646,Jalisco,Jalisco,Médico,1
37.38432601680999,Jalisco,Jalisco,Médico,1
56.06730499124284,Sinaloa,Sinaloa,Chef,0
41.03380383148452,Jalisco,Jalisco,Médico,1
54.30618619112749,Jalisco,Sinaloa,Médico,1
55.76134431582401,Jalisco,Jalisco,Médico,1
52.70324003110653,Jalisco,Sinaloa,Médico,1
55.304559221634314,Sinaloa,Sinaloa,Chef,0
50.89417024237322,Jalisco,Sinaloa,Policía,0
51.264344789305184,Jalisco,Sinaloa,Médico,1
41.547878012904555,Jalisco,Jalisco,Médico,0
54.60610988104171,Sinaloa,Sinaloa,Médico,1
55.446338407402884,Sinaloa,Sinaloa,Médico,0
56.975164196106185,Jalisco,Jalisco,Policía,0
61.3674852721149,Sinaloa,Sinaloa,Chef,0
46.43836403202603,Jalisco,Sinaloa,Policía,0
55.86983375937751,Jalisco,Sinaloa,Policía,0
53.16093084058682,Sinaloa,Jalisco,Médico,0
56.05252659828933,Jalisco,Jalisco,Policía,0
48.62188759103197,Sinaloa,Jalisco,Chef,0
60.00311207663883,Sinaloa,Jalisco,Policía,0
58.0324083487638,Jalisco,Sinaloa,Chef,0
44.92233632560588,Jalisco,Jalisco,Médico,1
35.15348870918007,Jalisco,Sinaloa,Médico,1
51.56852785384665,Jalisco,Sinaloa,Policía,1
52.81997341518367,Sinaloa,Sinaloa,Médico,1
55.292188585466945,Jalisco,Jalisco,Médico,1
53.23531415114163,Jalisco,Sinaloa,Médico,1
54.357273654711626,Jalisco,Sinaloa,Médico,1
51.35313328284258,Jalisco,Jalisco,Policía,0
47.51688181989206,Jalisco,Sinaloa,Policía,1
53.39502166095268,Sinaloa,Sinaloa,Chef,0
52.50662027519504,Jalisco,Jalisco,Policía,0
43.45329421063359,Jalisco,Sinaloa,Médico,1
50.58930567449476,Jalisco,Sinaloa,Médico,1
53.127969249540925,Jalisco,Jalisco,Médico,1
48.22147907766376,Jalisco,Sinaloa,Policía,0
40.9756820656131,Jalisco,Sinaloa,Médico,1
41.64791454892185,Jalisco,Sinaloa,Médico,1
43.51077270020461,Jalisco,Jalisco,Policía,1
52.56656626721162,Jalisco,Sinaloa,Policía,0
57.15199801747796,Sinaloa,Sinaloa,Policía,0
49.54171697425155,Jalisco,Sinaloa,Médico,0
53.8223883110832,Sinaloa,Sinaloa,Chef,0
56.10222369826831,Jalisco,Sinaloa,Médico,1
53.16138850740305,Jalisco,Jalisco,Médico,1
49.44786304710621,Jalisco,Jalisco,Policía,0
33.1106648328715,Jalisco,Sinaloa,Médico,1
56.009648896478474,Sinaloa,Jalisco,Médico,0
52.69373450993192,Sinaloa,Sinaloa,Policía,0
43.8260843321957,Jalisco,Jalisco,Policía,1
51.97167511364059,Jalisco,Jalisco,Médico,0
36.41887926865728,Jalisco,Jalisco,Médico,1
53.53125768364034,Jalisco,Jalisco,Policía,0
55.38974599949811,Sinaloa,Jalisco,Policía,0
51.00122544130445,Sinaloa,Sinaloa,Médico,0
53.17031972062726,Jalisco,CDMX,Médico,1
51.240020462366445,Jalisco,Jalisco,Médico,1
39.52210546766129,Jalisco,Jalisco,Médico,1
49.60224647370191,Jalisco,Jalisco,Policía,1
57.49768532524205,Sinaloa,Sinaloa,Policía,0
50.30522220807701,Jalisco,Sinaloa,Médico,1
53.604931106847076,Jalisco,Jalisco,Médico,1
53.3844677840184,Jalisco,Sinaloa,Policía,1
43.45525902173459,Jalisco,Sinaloa,Policía,1
55.715400661024866,Jalisco,Sinaloa,Médico,1
56.46136789080439,Jalisco,Jalisco,Policía,0
46.48058106055894,Jalisco,Sinaloa,Policía,1
52.97464861938946,Sinaloa,Jalisco,Chef,0
54.19027425967737,Jalisco,Jalisco,Médico,0
56.05205875964828,Sinaloa,Sinaloa,Policía,0
53.862400786758315,Sinaloa,Sinaloa,Chef,0
57.47182888512612,Sinaloa,Jalisco,Policía,0
45.161707869302504,Jalisco,Sinaloa,Médico,1
52.48841329320427,Sinaloa,Sinaloa,Chef,0
51.610073115178984,Jalisco,Sinaloa,Médico,1
50.46338594084881,Sinaloa,Sinaloa,Médico,0
35.81158486847496,Jalisco,Jalisco,Médico,1
34.56303617904216,Jalisco,Sinaloa,Médico,1
53.24227580841857,Jalisco,Sinaloa,Médico,1
49.858676190890876,Sinaloa,Sinaloa,Policía,0
52.25359171270062,Sinaloa,Jalisco,Policía,0
47.7506572306554,Jalisco,Sinaloa,Policía,0
50.73633179873087,Sinaloa,Sinaloa,Médico,0
47.494894264311256,Jalisco,Jalisco,Policía,1
55.07614182684926,Sinaloa,Jalisco,Médico,0
54.353940166564435,Sinaloa,Sinaloa,Médico,0
37.62105883413756,Jalisco,Sinaloa,Policía,1
51.78007135499813,Sinaloa,Sinaloa,Chef,0
49.98086738541187,Jalisco,Sinaloa,Médico,1
49.580934829374925,Jalisco,Sinaloa,Médico,1
52.70353530598753,Sinaloa,Sinaloa,Policía,0
52.042084934222935,Jalisco,Sinaloa,Médico,1
59.11286113649553,Sinaloa,Sinaloa,Policía,0
44.35432760641194,Jalisco,Jalisco,Médico,1
51.94204504245809,Sinaloa,Sinaloa,Médico,0
53.40724358633473,Jalisco,Sinaloa,Médico,1
47.30008349618899,Jalisco,Sinaloa,Policía,1
55.946786249008895,Sinaloa,Sinaloa,Médico,0
43.27364620203993,Jalisco,Jalisco,Médico,1
37.06313158459241,Jalisco,Jalisco,Médico,1
48.03696187836567,Jalisco,Sinaloa,Médico,1
52.829542405713056,Jalisco,Jalisco,Policía,1
30.709527518282442,Sinaloa,Sinaloa,Médico,1
46.843168759632036,Jalisco,Jalisco,Médico,1
37.78315661552325,Jalisco,Jalisco,Médico,1
59.85761950959554,Sinaloa,Jalisco,Médico,0
49.91179888795738,Jalisco,Sinaloa,Policía,0
50.07396685783324,Jalisco,Sinaloa,Policía,1
52.55043867735451,Sinaloa,Jalisco,Médico,0
54.9351107196045,Sinaloa,Jalisco,Médico,1
50.856618573576476,Jalisco,Jalisco,Policía,0
55.067188281304524,Sinaloa,Sinaloa,Profesor,0
50.85240274153589,Jalisco,Jalisco,Médico,1
49.699280199133675,Jalisco,Jalisco,Policía,1
33.42372669515362,Sinaloa,Jalisco,Profesor,1
38.5433158355964,Jalisco,Jalisco,Médico,1
53.819206797539294,Jalisco,Sinaloa,Médico,1
55.496760888414954,Sinaloa,Sinaloa,Policía,0
51.429580448376946,Sinaloa,Sinaloa,Chef,0
55.717538552576954,Sinaloa,Sinaloa,Médico,0
52.99338266093834,Jalisco,Sinaloa,Chef,0
54.63459202689677,Jalisco,Sinaloa,Médico,1
36.81218929186127,Jalisco,Sinaloa,Médico,1
52.4526167311461,Jalisco,Sinaloa,Chef,0
53.110662541519886,Jalisco,Sinaloa,Médico,1
50.62368135325506,Jalisco,Jalisco,Policía,0
50.35956819804565,Jalisco,Sinaloa,Policía,0
56.70882728846835,Jalisco,Jalisco,Médico,1
36.358356013028924,Jalisco,Jalisco,Médico,1
41.539834576610204,Jalisco,Sinaloa,Médico,1
51.73497367046382,Jalisco,Jalisco,Médico,1
55.01387384782013,Jalisco,Sinaloa,Policía,0
44.952784295342795,Jalisco,Jalisco,Médico,1
53.28698375760654,Jalisco,Sinaloa,Médico,1
56.328012386193116,Jalisco,Jalisco,Médico,1
52.95136422780489,Jalisco,Sinaloa,Médico,1
52.208025399633634,Jalisco,Jalisco,Médico,1
53.87365409886,Jalisco,Sinaloa,Médico,1
58.051320329624716,Sinaloa,Sinaloa,Médico,1
46.51769708487967,Jalisco,Sinaloa,Policía,1
56.17162330044827,Sinaloa,Jalisco,Médico,0
57.3481184397649,Jalisco,Sinaloa,Médico,1
44.06328169922902,Jalisco,Sinaloa,Policía,1
52.6593498968479,Jalisco,Jalisco,Policía,1
51.78352584233338,Sinaloa,Sinaloa,Médico,0
53.354169664349804,Sinaloa,Jalisco,Médico,1
40.91995982016935,Jalisco,Sinaloa,Médico,1
55.829082135164164,Sinaloa,Jalisco,Médico,0
39.69167417515863,Jalisco,Jalisco,Médico,1
53.50188612564613,Sinaloa,Jalisco,Policía,0
56.1434792136184,Jalisco,Jalisco,Policía,0
55.156162299208425,Jalisco,Sinaloa,Médico,1
51.39264051048837,Sinaloa,Sinaloa,Médico,0
54.17361105001959,Sinaloa,Sinaloa,Policía,0
53.73319282085154,Sinaloa,Jalisco,Médico,0
52.309417972618576,Jalisco,Sinaloa,Chef,0
53.54157207372122,Jalisco,Sinaloa,Médico,1
54.93921949125137,Jalisco,Sinaloa,Médico,1
49.42994331184096,Jalisco,Jalisco,Policía,0
52.46835390778507,Jalisco,Jalisco,Médico,1
41.5377659563716,Jalisco,Sinaloa,Médico,0
53.28498818488514,Jalisco,Sinaloa,Médico,1
41.211279000147414,Jalisco,Sinaloa,Médico,1
53.4375384771814,Jalisco,Sinaloa,Médico,1
58.40371847708096,Jalisco,Sinaloa,Profesor,1
53.18659529380119,Sinaloa,Jalisco,Policía,0
43.40438375186952,Jalisco,Sinaloa,Médico,1
53.36750338048973,Sinaloa,Sinaloa,Médico,0
52.17272314717686,Sinaloa,Sinaloa,Médico,0
50.86913181513583,Jalisco,Sinaloa,Médico,1
56.53802887456345,Sinaloa,Jalisco,Médico,1
54.0702766287585,Jalisco,Jalisco,Médico,1
41.55195334669696,Jalisco,Jalisco,Médico,1
37.7398744313304,Jalisco,Sinaloa,Médico,1
53.979260376592315,Jalisco,Sinaloa,Médico,1
51.11565614326811,Sinaloa,Sinaloa,Médico,0
54.33254561282189,Sinaloa,Jalisco,Médico,1
49.75168103090701,Jalisco,Jalisco,Chef,0
49.817610247232054,Jalisco,Jalisco,Médico,0
53.953439348762316,Jalisco,Sinaloa,Policía,0
41.487544188380085,Jalisco,Jalisco,Médico,1
54.76969977613199,Jalisco,Sinaloa,Médico,1
53.63118103498474,Jalisco,Sinaloa,Policía,0
34.36966892401007,Jalisco,Jalisco,Médico,1
39.281956308001625,Jalisco,Sinaloa,Médico,1
52.584978682506886,Jalisco,Sinaloa,Médico,1
52.94305038635099,Jalisco,Jalisco,Médico,1
53.99183052716675,Sinaloa,Sinaloa,Chef,0
51.72971896234179,Jalisco,Jalisco,Policía,0
57.09317231415183,Sinaloa,Jalisco,Médico,1
52.47233376059533,Sinaloa,Sinaloa,Médico,0
52.13894073640773,Sinaloa,Sinaloa,Médico,0
51.26679534996017,Jalisco,Sinaloa,Policía,0
56.51743635196437,Jalisco,Sinaloa,Médico,1
52.34624419182618,Sinaloa,Sinaloa,Médico,0
34.17485047156751,Jalisco,Jalisco,Médico,1
45.22507644124919,Jalisco,Sinaloa,Médico,0
38.5251437457146,Jalisco,Jalisco,Médico,1
54.15346271674277,Sinaloa,Sinaloa,Médico,0
55.285360457362344,Jalisco,Jalisco,Policía,0
58.40681078996084,Sinaloa,Sinaloa,Policía,0
53.262252468261195,Sinaloa,Sinaloa,Médico,0
37.233535101369085,Jalisco,Jalisco,Médico,1
53.74609142306066,Sinaloa,Sinaloa,Médico,0
55.227238713278446,Jalisco,Sinaloa,Médico,1
40.246205393977846,Jalisco,Jalisco,Médico,1
53.54034339795714,Jalisco,Sinaloa,Policía,0
54.785762420470206,Sinaloa,Sinaloa,Policía,0
33.1509228572181,Jalisco,Sinaloa,Médico,1
53.93173888109309,Jalisco,Sinaloa,Médico,1
56.79894476865866,Sinaloa,Jalisco,Médico,0
53.729376794114756,Sinaloa,Jalisco,Chef,0
54.59660016791426,Jalisco,Sinaloa,Policía,0
52.09112401818987,Jalisco,Sinaloa,Médico,1
50.07735626714658,Jalisco,Sinaloa,Médico,0
54.981207026073726,Sinaloa,Jalisco,Médico,1
53.573638324800456,Sinaloa,Jalisco,Policía,0
55.22483608439483,Jalisco,Sinaloa,Policía,1
55.99034291145822,Jalisco,Sinaloa,Chef,0
47.45288769819013,Jalisco,Sinaloa,Médico,1
43.936968295200074,Jalisco,Sinaloa,Policía,1
40.30627293670567,Jalisco,Jalisco,Médico,1
34.45746842395559,Jalisco,Jalisco,Médico,1
50.18644144588207,Jalisco,Sinaloa,Médico,1
53.54140226954135,Jalisco,Jalisco,Policía,0
50.02794914062198,Jalisco,Sinaloa,Policía,0
35.858929426522735,Jalisco,Jalisco,Médico,1
50.36338968273741,Sinaloa,Jalisco,Médico,0
54.95738636860414,Jalisco,Sinaloa,Policía,0
53.49584389187915,Sinaloa,Sinaloa,Policía,1
43.152095411779726,Jalisco,Sinaloa,Médico,1
55.59365268853705,Sinaloa,Jalisco,Médico,1
55.57237308786315,Sinaloa,Jalisco,Médico,0
51.03033534168671,Sinaloa,Jalisco,Profesor,0
45.29905395402815,Jalisco,Sinaloa,Profesor,0
53.732373619273936,Jalisco,Sinaloa,Médico,1
53.84864724956917,Sinaloa,Sinaloa,Chef,0
56.67742785218684,Sinaloa,Jalisco,Médico,0
55.133391799440815,Sinaloa,Jalisco,Chef,0
42.017115666899755,Jalisco,Jalisco,Policía,1
54.64720765411318,Jalisco,Sinaloa,Médico,1
53.203516503788705,Jalisco,Sinaloa,Profesor,0
55.544444522779024,Sinaloa,Sinaloa,Médico,0
54.80984544508596,Jalisco,Jalisco,Médico,1
25.891799732853876,Sinaloa,Sinaloa,Profesor,1
38.2280499429108,Jalisco,Sinaloa,Médico,1
51.49838594609336,Jalisco,Jalisco,Policía,0
51.32865111275249,Jalisco,Jalisco,Chef,0
54.72529084641717,Jalisco,Sinaloa,Policía,0
55.356007950384054,Sinaloa,Sinaloa,Médico,0
50.3545631476747,Jalisco,Sinaloa,Policía,1
51.63629406363624,Jalisco,Sinaloa,Médico,1
50.14288698252473,Sinaloa,Sinaloa,Médico,1
56.60284924490487,Sinaloa,Jalisco,Chef,0
51.03661518580994,Jalisco,Jalisco,Médico,1
53.490175884948854,Jalisco,Jalisco,Médico,1
50.2884571946981,Jalisco,Jalisco,Profesor,0
58.51795611557134,Sinaloa,Sinaloa,Médico,0
43.61371302098283,Jalisco,Sinaloa,Policía,1
48.17668884215847,Jalisco,Sinaloa,Médico,0
56.18396113602813,Sinaloa,Sinaloa,Médico,1
48.37574356336833,Sinaloa,Jalisco,Policía,0
51.20564786697418,Jalisco,Jalisco,Profesor,0
50.08409263656019,Jalisco,Sinaloa,Médico,0
52.64961691797807,Sinaloa,Sinaloa,Médico,1
49.25798423899029,Jalisco,Sinaloa,Policía,0
53.288294940634465,Sinaloa,Sinaloa,Chef,0
54.93563650195776,Sinaloa,Jalisco,Médico,0
53.04866880688951,Jalisco,Sinaloa,Policía,0
48.78954529457458,Jalisco,Sinaloa,Policía,1
51.372195842185114,Sinaloa,Sinaloa,Médico,0
58.34786195999944,Sinaloa,Sinaloa,Médico,0
39.42496805599097,Jalisco,Jalisco,Policía,1
56.02807099289315,Sinaloa,Jalisco,Chef,0
44.78622346560374,Jalisco,Sinaloa,Médico,1
34.312144741738095,Sinaloa,Sinaloa,Médico,1
39.62998241512044,Jalisco,Jalisco,Médico,1
49.99831637800747,Jalisco,Jalisco,Policía,1
35.14986127142949,Jalisco,Sinaloa,Médico,1
54.782423563910065,Jalisco,Sinaloa,Policía,0
36.84531705402559,Jalisco,Jalisco,Médico,1
52.373768882006644,Jalisco,Sinaloa,Médico,0
51.36430546181704,Sinaloa,Sinaloa,Médico,0
55.5456172330383,Sinaloa,Sinaloa,Médico,0
52.73508892273188,Jalisco,Jalisco,Policía,1
45.8442939689659,Jalisco,Jalisco,Policía,1
42.02419813152561,Jalisco,Sinaloa,Policía,1
47.39367549090716,Jalisco,Sinaloa,Policía,1
40.10216294866793,Jalisco,Sinaloa,Médico,1
53.69872247484551,Jalisco,Jalisco,Policía,0
38.953277898780506,Jalisco,Sinaloa,Médico,1
54.87750348403802,Jalisco,Sinaloa,Policía,0
48.23098246437169,Jalisco,Jalisco,Profesor,0
54.414315280293685,Sinaloa,Sinaloa,Chef,0
53.84637380617886,Sinaloa,Sinaloa,Médico,0
55.14258247402459,Jalisco,Jalisco,Policía,0
36.33224067256075,Jalisco,Sinaloa,Médico,1
49.74593440895876,Jalisco,CDMX,Policía,1
58.711215894401214,Sinaloa,Sinaloa,Médico,0
55.553253032385946,Jalisco,Jalisco,Médico,1
55.01900283866084,Sinaloa,Sinaloa,Médico,1
51.72079460481418,Jalisco,Sinaloa,Policía,0
57.437847511077834,Jalisco,Sinaloa,Chef,0
53.73398747945165,Jalisco,Jalisco,Policía,0
43.06981895725703,Jalisco,Jalisco,Médico,1
53.34559741097552,Jalisco,Sinaloa,Policía,1
50.49849736117056,Jalisco,Sinaloa,Policía,0
56.9519946419943,Jalisco,Sinaloa,Policía,0
54.45390932537565,Sinaloa,Sinaloa,Médico,0
55.53757636173363,Jalisco,Sinaloa,Policía,0
58.475707776685596,Sinaloa,Sinaloa,Médico,1
39.64991686429719,Jalisco,Sinaloa,Médico,1
55.02721645371723,Sinaloa,Sinaloa,Médico,0
34.60775681003658,Jalisco,Jalisco,Médico,1
50.158055878086074,Jalisco,Jalisco,Médico,1
32.409569570056405,Sinaloa,Sinaloa,Médico,0
38.0022896803736,Jalisco,Sinaloa,Médico,1
45.905655250542964,Jalisco,Sinaloa,Policía,1
57.752221503457925,Jalisco,Sinaloa,Médico,1
52.08618550754309,Jalisco,Sinaloa,Médico,1
49.326213302737244,Sinaloa,Sinaloa,Médico,1
50.471047207617374,Jalisco,Jalisco,Policía,0
61.23313980707986,Sinaloa,Jalisco,Policía,0
53.06428523959297,Jalisco,Sinaloa,Médico,1
42.2440816097497,Jalisco,Sinaloa,Policía,1
51.952585407960775,Jalisco,Sinaloa,Policía,1
53.390875596554935,Jalisco,Sinaloa,Policía,0
53.18411342398846,Jalisco,Jalisco,Policía,0
49.143747386454244,Jalisco,Sinaloa,Médico,0
34.545535534050245,Jalisco,Sinaloa,Médico,1
51.51242500848544,Jalisco,Jalisco,Médico,1
56.638403310006154,Sinaloa,Sinaloa,Policía,0
50.90095109198947,Jalisco,Sinaloa,Médico,1
50.19918973004697,Jalisco,Jalisco,Policía,1
53.12209800347595,Jalisco,Jalisco,Policía,0
52.615079541840906,Jalisco,Sinaloa,Policía,0
47.3640309124164,Jalisco,Sinaloa,Médico,0
32.06463237935742,Sinaloa,Sinaloa,Profesor,1
50.69051683319486,Jalisco,Sinaloa,Médico,1
53.9469862457349,Jalisco,Sinaloa,Policía,0
50.98077329880629,Jalisco,Sinaloa,Médico,1
38.93687254842796,Jalisco,Jalisco,Médico,1
53.26997692749652,Sinaloa,Sinaloa,Médico,0
51.87972019606064,Jalisco,Sinaloa,Policía,1
49.29401998088479,Jalisco,Sinaloa,Médico,0
37.04499440287131,Jalisco,Sinaloa,Médico,1
38.35748812549791,Jalisco,Jalisco,Policía,1
55.03937968548492,Jalisco,Jalisco,Policía,0
52.86352611923261,Sinaloa,Jalisco,Policía,0
49.62040677258038,Jalisco,Sinaloa,Médico,1
53.02363587056953,Jalisco,Sinaloa,Policía,0
53.397154377192635,Jalisco,Sinaloa,Policía,0
51.2793011388027,Jalisco,Sinaloa,Médico,1
52.70862017370252,Jalisco,Sinaloa,Médico,1
33.15469136471289,Jalisco,Sinaloa,Médico,1
46.29410462753647,Jalisco,Sinaloa,Policía,1
53.864371867171286,Sinaloa,Sinaloa,Médico,0
56.21417281910568,Sinaloa,Sinaloa,Médico,0
45.41780489050997,Jalisco,Sinaloa,Médico,0
37.97153296171756,Jalisco,Jalisco,Médico,1
49.27076727836749,Jalisco,Sinaloa,Médico,0
51.808952319403886,Jalisco,Jalisco,Policía,1
48.13105556994071,Jalisco,Jalisco,Médico,0
53.568627924203994,Sinaloa,Jalisco,Policía,0
52.19433797785216,Jalisco,Sinaloa,Policía,0
54.58690238388714,Sinaloa,Jalisco,Policía,0
40.759987262823884,Jalisco,Sinaloa,Médico,1
38.555847817350084,Jalisco,Sinaloa,Médico,1
49.35751088870475,Jalisco,Sinaloa,Médico,0
45.69461488784202,Jalisco,Jalisco,Médico,0
58.108813752218516,Jalisco,Jalisco,Profesor,1
55.63273403887015,Jalisco,Jalisco,Médico,1
54.730554213616294,Jalisco,Jalisco,Policía,0
37.17412236621409,Jalisco,Sinaloa,Médico,1
25.55413842191091,Sinaloa,Jalisco,Profesor,1
45.480255558532974,Jalisco,Jalisco,Médico,0
48.64881462914225,Jalisco,Sinaloa,Policía,1
37.94270358424954,Jalisco,Sinaloa,Médico,1
47.675332586620456,Jalisco,Sinaloa,Policía,1
56.306189677786435,Jalisco,Jalisco,Policía,0
51.29469939089098,Sinaloa,Sinaloa,Chef,0
54.809276256951,Jalisco,Sinaloa,Policía,0
54.72676252398283,Sinaloa,Sinaloa,Policía,0
44.52029921738816,Jalisco,Sinaloa,Médico,1
36.36062064287172,Jalisco,Jalisco,Médico,1
39.016958577053174,Jalisco,Sinaloa,Médico,1
46.83527222535652,Jalisco,CDMX,Policía,1
50.17026823888215,Sinaloa,Jalisco,Médico,0
43.17054526989048,Jalisco,Sinaloa,Policía,1
40.308570374589635,Jalisco,Sinaloa,Médico,1
56.646100938845656,Sinaloa,Sinaloa,Médico,0
54.13141997298525,Jalisco,Jalisco,Policía,0
57.47443447484842,Sinaloa,Sinaloa,Médico,0
40.60481447646647,Jalisco,Jalisco,Médico,1
52.85610797855118,Jalisco,Jalisco,Médico,1
40.970387236998555,Jalisco,Sinaloa,Médico,1
51.68161889183831,Jalisco,Sinaloa,Médico,0
52.94529238305252,Jalisco,Jalisco,Policía,0
52.72334900882661,Sinaloa,Jalisco,Médico,0
52.77220344774485,Jalisco,Jalisco,Policía,0
53.081144173263276,Jalisco,Sinaloa,Chef,1
55.24739993796398,Sinaloa,Sinaloa,Médico,0
55.81675343825737,Jalisco,Jalisco,Policía,0
51.8269261492618,Sinaloa,Jalisco,Médico,0
42.29328465275042,Jalisco,Jalisco,Médico,1
53.67080052206542,Sinaloa,Jalisco,Chef,0
40.1136215159524,Jalisco,Jalisco,Médico,1
54.09900975810829,Jalisco,Jalisco,Policía,0
53.90448640418746,Jalisco,Sinaloa,Médico,1
46.89430316317538,Jalisco,Jalisco,Policía,0
50.047177856696386,Jalisco,Jalisco,Médico,1
57.9002260023524,Sinaloa,Jalisco,Policía,0
54.09671860814726,Jalisco,Jalisco,Policía,0
50.70374484433644,Sinaloa,Sinaloa,Médico,0
52.17038663547518,Jalisco,Sinaloa,Policía,0
54.157605551361144,Jalisco,Sinaloa,Policía,0
49.20249652438294,Jalisco,Jalisco,Médico,0
54.796519056467595,Jalisco,Jalisco,Médico,1
52.215193016622514,Sinaloa,Sinaloa,Médico,0
53.77751614195501,Jalisco,Jalisco,Médico,1
46.11342846203528,Jalisco,Sinaloa,Policía,1
54.69921800549534,Jalisco,Jalisco,Médico,1
55.784651802458356,Jalisco,Sinaloa,Médico,1
53.878561415470216,Jalisco,Sinaloa,Chef,0
56.706127921421654,Sinaloa,Jalisco,Policía,0
62.22149803831794,Sinaloa,Sinaloa,Médico,1
51.74654281789447,Jalisco,Sinaloa,Policía,0
57.2621215079272,Jalisco,Sinaloa,Médico,1
31.950657430286128,Sinaloa,Sinaloa,Médico,1
52.45081779607923,Sinaloa,Jalisco,Policía,0
51.89640549162038,Jalisco,Sinaloa,Policía,0
40.38930797050351,Jalisco,Sinaloa,Médico,1
54.48118487473315,Jalisco,Sinaloa,Médico,1
56.84541566702559,Sinaloa,Jalisco,Policía,0
53.425457812879806,Jalisco,Sinaloa,Profesor,0
53.359695153636665,Jalisco,Sinaloa,Policía,0
54.08163458943599,Sinaloa,Jalisco,Policía,0
51.52692250273233,Sinaloa,Sinaloa,Policía,0
53.59390960613384,Jalisco,Jalisco,Médico,1
43.39766079538536,Jalisco,Jalisco,Médico,1
51.79633631250207,Sinaloa,Jalisco,Médico,0
54.76378049980215,Jalisco,Jalisco,Policía,0
54.909566318260985,Jalisco,Sinaloa,Chef,0
54.27145146056658,Jalisco,Sinaloa,Médico,1
55.14778905849878,Sinaloa,Sinaloa,Policía,0
56.924183089109256,Jalisco,Sinaloa,Policía,0
50.38833611258938,Jalisco,Sinaloa,Médico,0
50.59253765957805,Sinaloa,Sinaloa,Chef,0
53.034266215495386,Sinaloa,Jalisco,Policía,0
51.11394726547804,Jalisco,Sinaloa,Médico,0
54.8631863199661,Jalisco,Sinaloa,Policía,0
26.429798455445216,Sinaloa,Jalisco,Profesor,1
52.574772963389265,Sinaloa,Sinaloa,Policía,0
27.72405826819569,Sinaloa,Sinaloa,Médico,1
50.662576884029065,Sinaloa,Sinaloa,Médico,0
54.65480505793902,Jalisco,Sinaloa,Policía,0
36.71084102480789,Jalisco,Jalisco,Médico,1
36.74473442374615,Jalisco,Sinaloa,Médico,1
50.81256431173314,Jalisco,Jalisco,Profesor,0
38.49828041244449,Jalisco,Jalisco,Médico,1
55.63682829937443,Jalisco,Sinaloa,Policía,0
48.65144063635588,Sinaloa,Jalisco,Policía,0
56.608915458714264,Jalisco,Sinaloa,Médico,1
52.55193672764385,Sinaloa,Jalisco,Policía,0
52.436754584011766,Jalisco,Sinaloa,Policía,0
47.80172588852301,Jalisco,Jalisco,Médico,0
39.194648308863165,Jalisco,Sinaloa,Médico,1
51.459060335940336,Jalisco,Jalisco,Policía,0
52.41033263014288,Jalisco,Sinaloa,Médico,1
55.53430586408593,Sinaloa,CDMX,Médico,0
54.282803618259635,Sinaloa,Sinaloa,Médico,0
51.90634499447334,Jalisco,Sinaloa,Médico,1
54.931774072353484,Sinaloa,Jalisco,Médico,1
55.823701032725495,Sinaloa,Jalisco,Médico,1
36.762058859566885,Jalisco,Sinaloa,Médico,1
47.883766280050224,Jalisco,Jalisco,Policía,1
30.131317969348213,Sinaloa,Sinaloa,Profesor,1
49.988339909606566,Sinaloa,Jalisco,Médico,0
52.23710172248201,Sinaloa,Sinaloa,Médico,0
58.230099654955865,Sinaloa,Sinaloa,Médico,0
34.630588484565806,Jalisco,Jalisco,Médico,1
49.25020435382605,Sinaloa,Jalisco,Médico,0
53.18335312875635,Sinaloa,Sinaloa,Policía,0
56.15058255348187,Sinaloa,Sinaloa,Médico,0
48.5948871345208,Sinaloa,Sinaloa,Médico,0
40.095777699889325,Jalisco,Sinaloa,Médico,1
50.36297443502689,Sinaloa,Jalisco,Médico,0
56.072003797781555,Jalisco,Sinaloa,Policía,0
55.556804744321575,Sinaloa,Sinaloa,Policía,0
39.991263252442536,Jalisco,Jalisco,Policía,1
53.96808832037666,Sinaloa,Jalisco,Médico,0
54.79751617915509,Jalisco,Sinaloa,Médico,1
34.045434940763755,Jalisco,Sinaloa,Médico,1
34.64741794792011,Jalisco,Jalisco,Médico,1
55.37697275482988,Jalisco,Jalisco,Policía,0
56.32514793348413,Sinaloa,Sinaloa,Chef,0
53.06440127227874,Jalisco,Sinaloa,Médico,1
52.90059484237377,Jalisco,Sinaloa,Policía,0
49.059649036243165,Jalisco,Jalisco,Policía,0
56.659358527553955,Jalisco,Sinaloa,Chef,0
50.86617299825122,Jalisco,Sinaloa,Policía,1
56.54586732245564,Sinaloa,Jalisco,Médico,1
36.17326192319631,Jalisco,Jalisco,Médico,1
38.12331806035121,Jalisco,Sinaloa,Médico,1
52.369580296865365,Jalisco,Jalisco,Policía,0
52.935101296875324,Sinaloa,Sinaloa,Policía,0
53.18807073617976,Jalisco,Sinaloa,Médico,1
54.03691746221859,Jalisco,Sinaloa,Médico,1
49.83241130750915,Jalisco,Jalisco,Policía,1
51.54680804359085,Jalisco,Sinaloa,Policía,0
49.473389195776626,Jalisco,Sinaloa,Policía,0
36.19588981596194,Jalisco,Sinaloa,Médico,1
58.12515655269185,Jalisco,Sinaloa,Policía,0
43.91428874622504,Jalisco,Sinaloa,Médico,1
53.68862462535001,Jalisco,Sinaloa,Médico,1
41.83793000043745,Jalisco,Sinaloa,Médico,1
52.16264958598115,Sinaloa,Sinaloa,Médico,0
51.415122303245646,Sinaloa,Jalisco,Policía,1
43.84692747644205,Jalisco,Sinaloa,Médico,1
51.59627358367522,Jalisco,Sinaloa,Médico,1
55.410944008661495,Sinaloa,Jalisco,Médico,0
52.106039931100455,Jalisco,Sinaloa,Policía,0
54.69420135010212,Jalisco,Sinaloa,Médico,1
31.23930975748653,Sinaloa,Jalisco,Médico,1
51.25195640121984,Jalisco,Jalisco,Chef,0
52.46176200632027,Sinaloa,Sinaloa,Policía,0
56.00832810668756,Sinaloa,Sinaloa,Médico,1
40.530303989318064,Jalisco,Sinaloa,Médico,1
57.63870456762397,Sinaloa,Jalisco,Médico,1
49.95716931749328,Sinaloa,Sinaloa,Policía,0
34.889276671350345,Jalisco,Sinaloa,Médico,1
57.35848194864645,Jalisco,Jalisco,Policía,1
49.71812944225843,Jalisco,Sinaloa,Policía,0
56.97393456337259,Sinaloa,Jalisco,Policía,0
36.411763820786135,Jalisco,Jalisco,Médico,1
39.54101507599421,Jalisco,Jalisco,Médico,1
52.491438748418105,Jalisco,Sinaloa,Chef,0
58.04249078445872,Jalisco,Sinaloa,Chef,0
53.86130445895691,Sinaloa,Sinaloa,Médico,1
26.854232807009716,Sinaloa,Jalisco,Profesor,1
55.96500207926883,Sinaloa,Sinaloa,Chef,0
57.15335558559855,Jalisco,Sinaloa,Médico,0
45.79083264892498,Jalisco,Jalisco,Policía,1
44.80374373522783,Jalisco,Jalisco,Policía,1
55.13744378123431,Sinaloa,Sinaloa,Chef,0
55.03475950219841,Sinaloa,Sinaloa,Policía,0
53.41021782772218,Jalisco,Jalisco,Médico,1
37.76701801228238,Jalisco,Sinaloa,Médico,1
35.70395115982795,Jalisco,Jalisco,Médico,1
52.932077320145126,Sinaloa,Sinaloa,Chef,0
54.4131904570328,Sinaloa,Sinaloa,Médico,0
53.598504398794795,Jalisco,Jalisco,Policía,0
54.06551266692002,Sinaloa,Jalisco,Médico,0
51.326049229480425,Sinaloa,Jalisco,Médico,0
55.96497739623089,Sinaloa,Jalisco,Médico,0
53.0572474305539,Sinaloa,Sinaloa,Médico,0
53.00193901014603,Jalisco,Sinaloa,Médico,1
56.111319886984354,Sinaloa,Jalisco,Médico,1
52.80440952158727,Jalisco,Sinaloa,Policía,0
32.60288491099827,Sinaloa,Jalisco,Profesor,1
51.636036326082866,Jalisco,Sinaloa,Policía,0
29.945267133487622,Sinaloa,Jalisco,Médico,1
53.876233587740266,Jalisco,Jalisco,Médico,1
47.68852963935106,Jalisco,Jalisco,Profesor,0
38.51670917777331,Jalisco,Sinaloa,Médico,1
54.469905003590654,Jalisco,Jalisco,Médico,0
55.05929742997465,Jalisco,Sinaloa,Policía,0
52.94000196587073,Sinaloa,Sinaloa,Médico,0
39.906089323983835,Jalisco,Sinaloa,Médico,1
49.00294940522532,Jalisco,Sinaloa,Médico,1
53.65733930542985,Jalisco,Sinaloa,Médico,1
51.90936090939558,Jalisco,Sinaloa,Policía,1
56.37661342763845,Jalisco,Jalisco,Médico,1
54.130859852177785,Jalisco,Sinaloa,Policía,0
53.27586163408543,Sinaloa,Jalisco,Policía,0
52.328514251566276,Jalisco,Sinaloa,Médico,1
44.87981853174472,Jalisco,Sinaloa,Médico,0
53.74129060956153,Sinaloa,Jalisco,Policía,0
45.102556612494354,Jalisco,Jalisco,Policía,1
50.51941722609909,Jalisco,Sinaloa,Policía,1
43.96960531357372,Jalisco,CDMX,Policía,1
39.27240979471969,Jalisco,Sinaloa,Médico,1
55.25056939689128,Jalisco,Jalisco,Médico,1
49.38092195793683,Jalisco,Sinaloa,Policía,1
46.93377828725626,Jalisco,Sinaloa,Médico,0
42.21927686945908,Jalisco,Jalisco,Médico,1
60.56320677315337,Sinaloa,Sinaloa,Policía,0
51.86530057265531,Jalisco,Jalisco,Médico,1
55.12502790587124,Jalisco,Sinaloa,Policía,0
56.4092661195034,Sinaloa,Sinaloa,Médico,1
59.12765316929978,Sinaloa,Jalisco,Médico,0
53.89506623208555,Jalisco,Jalisco,Policía,0
33.835937638615356,Jalisco,Jalisco,Médico,1
41.58590380220818,Jalisco,Jalisco,Policía,1
52.73926751223752,Sinaloa,Sinaloa,Médico,0
51.99665518863573,Jalisco,Sinaloa,Médico,1
47.25846673581993,Jalisco,Sinaloa,Policía,1
53.94029696103065,Jalisco,Sinaloa,Médico,1
53.02777154115361,Sinaloa,Sinaloa,Chef,0
53.28545940947724,Jalisco,Sinaloa,Policía,0
32.329711174604974,Sinaloa,Sinaloa,Profesor,1
59.01990722551078,Sinaloa,Sinaloa,Médico,1
40.60149407283231,Jalisco,Sinaloa,Médico,1
50.29375408391574,Jalisco,Sinaloa,Policía,1
49.434593347896374,Jalisco,Jalisco,Policía,0
53.6535168571242,Jalisco,Sinaloa,Médico,1
43.881246042038015,Jalisco,Sinaloa,Policía,0
54.04530168076486,Jalisco,Jalisco,Policía,1
44.03118331808616,Jalisco,Jalisco,Médico,1
60.14349244808399,CDMX,Jalisco,Policía,0
37.168758299879606,Jalisco,Sinaloa,Médico,1
52.94995958311801,Sinaloa,Jalisco,Médico,1
54.00251556275519,Jalisco,Jalisco,Policía,0
51.89329840935092,Jalisco,Jalisco,Policía,0
52.71250244420281,Jalisco,Jalisco,Policía,0
54.895637305319454,Sinaloa,Sinaloa,Chef,0
50.815702808577846,Jalisco,Jalisco,Médico,0
55.24816505531299,Jalisco,Sinaloa,Médico,1
53.35747277169239,Jalisco,Sinaloa,Médico,1
57.354661396697914,Sinaloa,Sinaloa,Chef,0
48.65506144644735,Jalisco,Jalisco,Policía,0
51.86638961321199,Sinaloa,Sinaloa,Chef,0
53.87578674972448,Sinaloa,Sinaloa,Médico,0
54.45412892090207,Jalisco,Jalisco,Médico,1
49.56818180199384,Sinaloa,Sinaloa,Médico,0
32.74862847927966,Jalisco,Sinaloa,Médico,1
53.32031110000086,Sinaloa,Jalisco,Policía,0
53.84290967084971,Sinaloa,Jalisco,Policía,0
41.08756293800915,Jalisco,Jalisco,Médico,1
55.60215239620584,Sinaloa,Sinaloa,Policía,0
52.58445278467036,Jalisco,Jalisco,Médico,1
41.338210107110946,Jalisco,Sinaloa,Médico,1
50.45970161618851,Sinaloa,Sinaloa,Chef,0
52.54261402062839,Sinaloa,Sinaloa,Policía,0
54.264575464705565,Jalisco,Sinaloa,Médico,1
55.33291187930183,Jalisco,CDMX,Médico,1
51.1725395215815,Jalisco,Sinaloa,Médico,0
54.118575481214826,Jalisco,Jalisco,Médico,0
51.66158952947835,Jalisco,Sinaloa,Policía,0
52.42330103127692,Jalisco,Sinaloa,Médico,1
48.864904794653796,Jalisco,Sinaloa,Médico,0
51.684998606139345,Jalisco,Sinaloa,Policía,1
51.98967496723823,Jalisco,Sinaloa,Médico,1
53.34965851529373,Jalisco,Sinaloa,Policía,0
53.16363701997763,Jalisco,Sinaloa,Policía,0
38.43946290281423,Jalisco,Sinaloa,Médico,1
58.359176705593164,Sinaloa,Sinaloa,Médico,0
51.887069559108326,Sinaloa,Sinaloa,Médico,0
34.48139466142477,Jalisco,Sinaloa,Médico,1
55.51074330478507,Sinaloa,Sinaloa,Policía,0
54.61875825275779,Sinaloa,Sinaloa,Médico,0
51.122568902718314,Sinaloa,Sinaloa,Policía,1
49.15303293924357,Jalisco,Sinaloa,Policía,1
59.25837668661263,Sinaloa,Sinaloa,Policía,0
46.19485209711476,Jalisco,Jalisco,Policía,1
35.505016893972964,Jalisco,Jalisco,Médico,1
54.09585368909349,Sinaloa,Sinaloa,Médico,0
44.06568256581343,Jalisco,Jalisco,Policía,1
50.54269851730699,Sinaloa,Jalisco,Policía,1
49.65385417682184,Jalisco,Sinaloa,Médico,1
53.50363678208552,Jalisco,Sinaloa,Médico,1
56.99836215827471,Jalisco,Sinaloa,Médico,1
43.11904436546453,Jalisco,Sinaloa,Médico,1
62.03715424567572,Sinaloa,Sinaloa,Médico,0
55.149103422372,Jalisco,Sinaloa,Profesor,1
51.541397217793836,Sinaloa,Sinaloa,Médico,0
40.54806957425916,Jalisco,Sinaloa,Médico,1
52.60768546223508,Jalisco,Jalisco,Médico,1
56.80861556710504,Sinaloa,Jalisco,Policía,0
47.27542573592963,Jalisco,Jalisco,Médico,0
42.753055019177616,Jalisco,Sinaloa,Policía,1
52.50262761585821,Jalisco,Sinaloa,Médico,0
49.330633577700695,Jalisco,Sinaloa,Médico,0
51.36399206489826,Jalisco,Sinaloa,Policía,0
50.080599272218244,Jalisco,Sinaloa,Policía,1
55.41698751158107,Jalisco,Sinaloa,Médico,1
52.065063234293966,Sinaloa,Sinaloa,Médico,0
52.76335674482503,Jalisco,Sinaloa,Médico,0
38.99646327685066,Jalisco,Sinaloa,Médico,1
51.80875596930774,Sinaloa,Sinaloa,Policía,1
52.293115598481265,Sinaloa,Sinaloa,Médico,1
54.465985036026574,Jalisco,Sinaloa,Policía,0
51.21506210759472,Jalisco,Sinaloa,Médico,1
49.563726536216734,Jalisco,Jalisco,Policía,1
39.12389610792704,Jalisco,Jalisco,Médico,1
49.684401941703435,Sinaloa,Jalisco,Médico,0
55.28649035582691,Sinaloa,Jalisco,Médico,1
54.89557632774763,Jalisco,Sinaloa,Policía,0
56.81521025180507,Jalisco,Sinaloa,Médico,1
53.520142936047215,Sinaloa,Jalisco,Profesor,0
52.90749015417173,Jalisco,Jalisco,Chef,0
55.770114493470146,Sinaloa,Sinaloa,Médico,0
53.880763869463514,Jalisco,Jalisco,Médico,1
47.51698612802766,Jalisco,Jalisco,Médico,0
49.789998987960075,Sinaloa,Sinaloa,Policía,0
52.415931948411064,Jalisco,Sinaloa,Médico,1
54.58461808084369,Sinaloa,Sinaloa,Médico,0
52.867379165227234,Jalisco,Sinaloa,Médico,0
51.16413007096349,Sinaloa,Jalisco,Chef,0
52.37586259435407,Jalisco,Jalisco,Médico,0
55.27543030398362,Sinaloa,Sinaloa,Médico,1
56.5194160548283,Sinaloa,Sinaloa,Policía,0
54.817739112147095,Sinaloa,Sinaloa,Médico,0
52.95805993734138,Sinaloa,Sinaloa,Chef,0
50.463966167581994,Jalisco,Sinaloa,Médico,1
61.86292597419258,Sinaloa,Sinaloa,Médico,0
55.70292191949716,Sinaloa,Sinaloa,Médico,0
55.94504222573286,Jalisco,Sinaloa,Policía,0
44.29500887624321,Jalisco,Jalisco,Médico,1
49.99781406126863,Jalisco,Sinaloa,Policía,1
35.17871086683089,Jalisco,Sinaloa,Médico,1
58.824758915531,Sinaloa,Jalisco,Chef,0
50.60056343387631,Jalisco,Jalisco,Médico,1
53.247644026896154,Sinaloa,Sinaloa,Médico,1
55.272814759039356,Sinaloa,Sinaloa,Policía,0
41.32503830221228,Jalisco,Sinaloa,Policía,1
40.391422866257166,Jalisco,Sinaloa,Médico,1
36.86139837885524,Jalisco,Jalisco,Médico,1
52.360860273635595,Jalisco,Sinaloa,Policía,1
39.9259072294177,Jalisco,Sinaloa,Médico,1
51.111848480125936,Sinaloa,Sinaloa,Chef,0
56.05036002573817,Jalisco,Sinaloa,Médico,1
54.59684532486026,Jalisco,Jalisco,Policía,0
38.90609436711762,Jalisco,Sinaloa,Policía,1
53.41543571000864,Sinaloa,Sinaloa,Policía,1
51.30840334911125,Jalisco,Jalisco,Policía,0
43.23393970241136,Jalisco,Jalisco,Médico,1
54.10432371885237,Jalisco,Sinaloa,Médico,1
44.49317397764788,Jalisco,Sinaloa,Médico,1
52.533359834030904,Jalisco,Sinaloa,Médico,1
49.79023721662347,Jalisco,Jalisco,Médico,0
56.167325450164256,Jalisco,Jalisco,Policía,0
54.11177228046186,Jalisco,Jalisco,Policía,0
45.455561931820135,Jalisco,Jalisco,Policía,1
52.38322133811739,Jalisco,Sinaloa,Médico,1
53.33318507066133,Jalisco,Jalisco,Médico,1
45.091281760968045,Jalisco,Jalisco,Policía,1
52.15553095640116,Sinaloa,Sinaloa,Médico,0
44.991014233452006,Jalisco,Sinaloa,Policía,1
56.096584204282266,Jalisco,Jalisco,Médico,1
52.6687631329375,Jalisco,Sinaloa,Médico,1
52.56159738135219,Jalisco,Sinaloa,Policía,0
52.744806401220444,Jalisco,Jalisco,Chef,0
50.594014034978976,Sinaloa,Sinaloa,Médico,0
56.98507375242168,Jalisco,Sinaloa,Policía,0
42.03101593037505,Jalisco,Jalisco,Médico,1
46.886633472932914,Jalisco,Jalisco,Médico,0
47.6313208054884,Jalisco,Jalisco,Médico,0
55.364212071167785,Sinaloa,Sinaloa,Policía,0
50.18861350876325,Jalisco,Sinaloa,Policía,0
55.336194018630465,Jalisco,Sinaloa,Policía,0
49.17359043956843,Jalisco,Sinaloa,Médico,0
35.4924114495929,Jalisco,Sinaloa,Médico,1
52.83520935443861,Sinaloa,Jalisco,Policía,0
53.864738271333024,Jalisco,Jalisco,Médico,1
55.972321294034046,Jalisco,Sinaloa,Médico,1
51.962072097024254,Jalisco,Jalisco,Policía,0
39.405910099211745,Jalisco,Jalisco,Médico,1
35.41296497610219,Jalisco,Sinaloa,Médico,1
37.73725030564674,Jalisco,Sinaloa,Médico,1
47.647091082837406,Sinaloa,Sinaloa,Chef,0
56.107374885946925,Sinaloa,Sinaloa,Policía,0
48.47787620536085,Jalisco,Jalisco,Policía,1
50.51972959561192,Jalisco,Jalisco,Policía,0
54.05374822348351,Sinaloa,Sinaloa,Médico,1
49.82906777218054,Sinaloa,Sinaloa,Médico,0
36.12418660877765,Jalisco,Jalisco,Médico,1
51.360636312436554,Sinaloa,Sinaloa,Médico,0
53.590138809648515,Jalisco,Sinaloa,Médico,1
49.50128750835144,Jalisco,Jalisco,Policía,1
53.73370652945882,Jalisco,Jalisco,Policía,0
50.00420028997079,Sinaloa,Sinaloa,Médico,0
55.22761429187203,Sinaloa,Jalisco,Policía,0
50.77615107620819,Sinaloa,Sinaloa,Médico,0
52.17632059639711,Jalisco,Sinaloa,Policía,0
57.79880106753411,Sinaloa,Jalisco,Chef,0
56.704807171530256,Jalisco,Jalisco,Médico,1
50.35184734815961,Jalisco,Sinaloa,Policía,1
33.94881096254211,Jalisco,Sinaloa,Médico,1
38.82055459472658,Jalisco,Sinaloa,Médico,1
50.474787190170616,Sinaloa,Jalisco,Médico,0
60.50962640985481,Jalisco,Sinaloa,Policía,0
51.3021395802096,Sinaloa,Jalisco,Médico,1
52.63156993626289,Jalisco,Sinaloa,Médico,1
56.25687729540198,Sinaloa,Sinaloa,Médico,0
51.877718881996365,Jalisco,Sinaloa,Policía,0
39.47459761749158,Jalisco,Sinaloa,Médico,1
55.09367148919872,Sinaloa,Sinaloa,Policía,0
55.15617104341234,Sinaloa,Sinaloa,Médico,0
57.19048512494706,Sinaloa,Sinaloa,Policía,0
51.915028533745804,Jalisco,Jalisco,Médico,1
55.1941008581033,Sinaloa,Sinaloa,Médico,1
54.38686287912429,Sinaloa,Sinaloa,Policía,0
54.4672471114652,Jalisco,Sinaloa,Médico,0
54.13131732369113,Sinaloa,Jalisco,Policía,0
50.26468118914331,Jalisco,Jalisco,Policía,0
49.15036101374379,Sinaloa,Jalisco,Médico,0
55.22533717584518,Jalisco,Sinaloa,Policía,1
52.252705431649765,Jalisco,Jalisco,Policía,0
47.702707158172984,Sinaloa,Sinaloa,Policía,0
51.67726642527034,Jalisco,Sinaloa,Médico,1
41.092284070655055,Jalisco,Sinaloa,Médico,1
53.066362165816685,Sinaloa,Sinaloa,Médico,1
51.530340813315775,Jalisco,Sinaloa,Médico,1
56.04003175408321,Jalisco,Sinaloa,Médico,1
54.336045808170425,Jalisco,Sinaloa,Médico,1
53.10876051409353,Sinaloa,Jalisco,Médico,0
37.677636127782804,Jalisco,Jalisco,Médico,1
45.52497587793145,Jalisco,Jalisco,Médico,1
53.57843555258272,Sinaloa,Sinaloa,Médico,0
56.21052231307299,Sinaloa,Jalisco,Médico,1
55.63268212672076,Jalisco,Jalisco,Médico,1
54.63702113572488,Jalisco,Jalisco,Policía,0
54.06568463610022,Jalisco,Jalisco,Policía,0
40.982068388397586,Jalisco,Sinaloa,Médico,1
51.15902992257499,Jalisco,Sinaloa,Policía,1
49.410860765075654,Jalisco,Sinaloa,Policía,0
53.39784912046468,Jalisco,Sinaloa,Médico,1
60.493075731470796,Sinaloa,Jalisco,Médico,0
52.931343977348305,Jalisco,Sinaloa,Policía,1
39.59564933794622,Jalisco,Sinaloa,Médico,1
52.777861458597854,Jalisco,Sinaloa,Médico,1
57.13033332140305,Jalisco,Sinaloa,Policía,0
52.178440921373934,Sinaloa,Jalisco,Chef,0
55.62896702574083,Jalisco,Sinaloa,Policía,0
53.1727873214664,Jalisco,Jalisco,Médico,1
53.44058676098404,Sinaloa,Jalisco,Médico,0
57.71792621794142,Jalisco,Jalisco,Médico,1
56.39864878114647,Sinaloa,Sinaloa,Policía,0
44.79046218555723,Jalisco,Sinaloa,Médico,0
48.40632983600307,Jalisco,Jalisco,Médico,0
53.16372957964115,Jalisco,Sinaloa,Chef,0
54.30816092840854,Jalisco,Sinaloa,Médico,1
52.710861749727755,Jalisco,Jalisco,Médico,1
55.05818498308924,Jalisco,Jalisco,Policía,0
37.96296117735682,Jalisco,Jalisco,Médico,1
52.87716161170809,Sinaloa,Jalisco,Médico,0
52.76741434458328,Jalisco,Sinaloa,Policía,0
54.59115977366806,Jalisco,Sinaloa,Médico,1
51.943615932158934,Sinaloa,Jalisco,Chef,0
42.228297100632155,Jalisco,Sinaloa,Médico,1
56.1058968754567,Sinaloa,Sinaloa,Médico,1
56.67645200943957,Jalisco,Sinaloa,Policía,0
34.5877369346977,Jalisco,Sinaloa,Profesor,1
49.782694655017224,Jalisco,Sinaloa,Policía,0
54.24167839392596,Sinaloa,Jalisco,Policía,0
50.30719483572913,Jalisco,Jalisco,Policía,0
52.56575492679597,Jalisco,Jalisco,Médico,1
53.93096139320567,Jalisco,Sinaloa,Médico,1
42.62615028620573,Jalisco,Sinaloa,Médico,1
53.20856503376386,Sinaloa,Jalisco,Médico,0
54.8155266808711,Sinaloa,Jalisco,Médico,1
54.62300040841867,Jalisco,Sinaloa,Médico,1
55.53112928080432,Sinaloa,Sinaloa,Médico,1
33.17452129385894,Jalisco,Jalisco,Médico,1
53.1134906298812,Jalisco,Sinaloa,Policía,0
51.65504556118572,Jalisco,Jalisco,Policía,0
50.88382034621545,Sinaloa,Sinaloa,Chef,0
55.95504380081716,Sinaloa,Sinaloa,Médico,0
52.05399560420585,Sinaloa,Jalisco,Médico,0
52.81233153606586,Jalisco,Sinaloa,Médico,1
52.51376429340759,Sinaloa,Jalisco,Médico,0
55.14820965717457,Jalisco,Jalisco,Chef,0
49.79544586709623,Jalisco,Sinaloa,Profesor,0
48.8144231402223,Jalisco,Sinaloa,Médico,0
56.39222006967713,Jalisco,Sinaloa,Policía,0
51.74544053791489,Sinaloa,Sinaloa,Médico,0
52.62825937848019,Jalisco,Sinaloa,Policía,0
51.182588846898945,Jalisco,Sinaloa,Médico,0
43.77767758799689,Jalisco,Sinaloa,Médico,1
49.4803086316448,Sinaloa,Jalisco,Médico,0
50.914264023755976,Jalisco,Jalisco,Médico,1
54.35487681132405,Sinaloa,Sinaloa,Médico,0
50.27094716612375,Sinaloa,Sinaloa,Médico,0
41.08077904757756,Jalisco,Sinaloa,Policía,1
49.397113252946134,Jalisco,Sinaloa,Policía,0
28.595281357384422,Sinaloa,Jalisco,Médico,1
38.4725716745004,Jalisco,Sinaloa,Médico,1
55.49662295376517,Sinaloa,Sinaloa,Chef,0
56.424913362772905,Jalisco,Sinaloa,Médico,1
49.468795303848054,Jalisco,Sinaloa,Médico,1
54.03768553027832,Jalisco,Jalisco,Médico,1
57.36728072879433,Jalisco,Sinaloa,Policía,0
55.21374689882208,Sinaloa,Jalisco,Médico,0
51.28867525963059,Jalisco,Jalisco,Médico,1
51.977849009285464,Jalisco,Sinaloa,Médico,1
46.00163986720582,Jalisco,Jalisco,Policía,1
57.37068836366843,Sinaloa,Sinaloa,Médico,1
49.57150943129949,Jalisco,Sinaloa,Policía,0
44.30184920350631,Jalisco,Sinaloa,Policía,1
49.559397961628264,Jalisco,Jalisco,Profesor,0
28.85230588994022,Sinaloa,Sinaloa,Profesor,1
55.517015255262315,Sinaloa,Jalisco,Médico,0
38.20382083784891,Jalisco,Sinaloa,Médico,1
55.005412713378725,Sinaloa,Sinaloa,Médico,0
39.09458600096245,Jalisco,Sinaloa,Policía,1
50.584957151643984,Sinaloa,Sinaloa,Médico,0
53.42981213462972,Jalisco,Jalisco,Policía,0
43.57257024383649,Jalisco,Sinaloa,Policía,1
50.23112498044326,Jalisco,Jalisco,Policía,0
55.82872600796804,Jalisco,Sinaloa,Médico,1
47.63450523862608,Jalisco,Sinaloa,Médico,0
53.327823377587144,Jalisco,Sinaloa,Policía,0
52.48633092204348,Jalisco,Sinaloa,Médico,0
37.11519607296711,Jalisco,Jalisco,Médico,1
54.82536611325798,Jalisco,Sinaloa,Médico,1
49.487295851020946,Jalisco,Sinaloa,Policía,0
51.069082323474,Sinaloa,Jalisco,Policía,0
40.98222267550207,Jalisco,Sinaloa,Médico,1
39.96912819654623,Jalisco,Sinaloa,Médico,1
50.992930033000434,Sinaloa,Sinaloa,Policía,0
40.30133855472603,Jalisco,Sinaloa,Médico,1
40.60310852942997,Jalisco,Sinaloa,Médico,1
53.56245034285837,Sinaloa,Jalisco,Médico,1
54.41221582629173,Sinaloa,Sinaloa,Médico,0
52.40204174229312,Jalisco,Jalisco,Médico,1
50.20342091698599,Sinaloa,Sinaloa,Médico,0
56.532285928162175,Jalisco,Sinaloa,Policía,0
54.57850124701602,Sinaloa,Sinaloa,Médico,1
50.901343111570164,Jalisco,Sinaloa,Policía,0
53.44806193377881,Jalisco,Sinaloa,Policía,0
46.16079866204759,Jalisco,Sinaloa,Policía,1
46.98083755411953,Jalisco,Jalisco,Policía,0
53.25762069082431,Jalisco,Sinaloa,Médico,1
54.35975554740003,Jalisco,Sinaloa,Médico,0
55.549513685687636,Jalisco,Jalisco,Policía,0
52.11570042155783,Sinaloa,Sinaloa,Médico,0
46.488732906357605,Jalisco,Jalisco,Policía,1
53.5453503074866,Jalisco,Sinaloa,Médico,1
55.204097841191036,Sinaloa,Sinaloa,Médico,1
51.46287472088117,Sinaloa,Sinaloa,Chef,0
43.35518344086028,Jalisco,Jalisco,Médico,1
52.23189031567259,Jalisco,Jalisco,Policía,1
52.272338051097904,Jalisco,Jalisco,Médico,1
47.42518447101852,Jalisco,Sinaloa,Policía,1
37.75628562083706,Jalisco,Sinaloa,Médico,1
48.24299091148062,Sinaloa,Sinaloa,Chef,0
54.979690061897,Jalisco,Jalisco,Médico,1
40.772381529346575,Jalisco,Sinaloa,Médico,1
32.0925418290767,Sinaloa,Sinaloa,Médico,1
56.17527308545276,Sinaloa,Sinaloa,Médico,1
57.32373295209327,Sinaloa,Sinaloa,Policía,0
56.07016537297163,Jalisco,Jalisco,Médico,1
31.178542351994356,Sinaloa,Jalisco,Médico,1
37.4057252027135,Jalisco,Jalisco,Policía,1
52.069843358557335,Jalisco,Sinaloa,Policía,0
55.86058334754309,Sinaloa,Sinaloa,Policía,0
55.680167088766744,Jalisco,Sinaloa,Policía,0
56.82244577910899,Jalisco,Sinaloa,Médico,1
54.76616679083559,Sinaloa,Jalisco,Policía,0
45.24244569182267,Jalisco,Sinaloa,Médico,1
53.8265733380606,Sinaloa,Sinaloa,Médico,1
50.55927934322765,Sinaloa,Jalisco,Policía,0
54.62627708400064,Jalisco,Jalisco,Médico,1
54.34632816496646,Jalisco,Jalisco,Médico,1
58.4303723504897,Sinaloa,Jalisco,Médico,0
27.202475908689483,Sinaloa,Sinaloa,Profesor,1
52.70617292472323,Sinaloa,Jalisco,Médico,0
50.25060092989853,Sinaloa,Jalisco,Médico,0
53.30238529834509,Jalisco,Sinaloa,Médico,1
50.55168663433363,Jalisco,Jalisco,Policía,0
32.84975281964519,Sinaloa,Sinaloa,Médico,1
51.726273787095295,Sinaloa,Jalisco,Médico,0
56.23903618150086,Sinaloa,Jalisco,Chef,0
48.68786771321044,Jalisco,Sinaloa,Médico,1
56.9409242548179,Sinaloa,Jalisco,Médico,0
56.966835686311015,Sinaloa,Jalisco,Policía,0
50.04838335245608,Sinaloa,Jalisco,Chef,0
52.723731973356955,Jalisco,Jalisco,Policía,0
51.37469138317925,Jalisco,Sinaloa,Policía,1
43.01751402240613,Jalisco,Jalisco,Policía,1
53.06620599381403,Jalisco,Sinaloa,Policía,0
52.84731330211136,Jalisco,Jalisco,Policía,1
51.45006380367132,Jalisco,Jalisco,Policía,0
53.96985933724486,Jalisco,Sinaloa,Médico,1
50.33179060471587,Jalisco,Sinaloa,Policía,0
52.21722349240732,Jalisco,Sinaloa,Médico,1
50.13760839808278,Jalisco,Sinaloa,Médico,0
53.10001870865512,Jalisco,Sinaloa,Médico,1
48.816554559626454,Jalisco,Jalisco,Profesor,0
54.347210488432225,Sinaloa,Sinaloa,Médico,0
49.21733287364897,Jalisco,Jalisco,Médico,0
54.71773355827264,Sinaloa,Sinaloa,Médico,0
55.215319573256274,Sinaloa,Jalisco,Médico,0
55.927720860909346,Jalisco,Jalisco,Policía,0
43.00036450495686,Jalisco,Sinaloa,Médico,1
54.730868005866476,Jalisco,Sinaloa,Profesor,1
47.31087554301331,Jalisco,CDMX,Médico,1
56.49297971263702,Jalisco,Sinaloa,Médico,0
49.92372524263034,Jalisco,Sinaloa,Policía,1
52.82446578542646,Sinaloa,Sinaloa,Policía,1
53.93010056578777,Jalisco,Jalisco,Médico,1
50.293666165793,Jalisco,CDMX,Policía,0
51.47020307415599,Jalisco,Sinaloa,Profesor,0
35.33091742348975,Jalisco,Jalisco,Médico,1
49.483949076657176,Jalisco,Sinaloa,Médico,1
57.890759288198325,Jalisco,Sinaloa,Médico,1
49.908476494323224,Jalisco,Jalisco,Médico,1
50.90603710502881,Sinaloa,Sinaloa,Policía,1
58.51681462882367,Jalisco,Jalisco,Policía,0
51.78354551295301,Sinaloa,Sinaloa,Médico,0
50.15470488032484,Jalisco,Sinaloa,Policía,0
53.251780614621964,Jalisco,Sinaloa,Policía,1
40.412233648856386,Jalisco,Jalisco,Policía,1
34.381688396479134,Jalisco,Jalisco,Médico,1
38.728984359567136,Jalisco,Jalisco,Médico,1
49.51549148015914,Jalisco,Sinaloa,Policía,1
54.09214797912457,Sinaloa,Sinaloa,Médico,0
53.21923906732033,Jalisco,Sinaloa,Policía,1
42.9799319771148,Jalisco,Sinaloa,Médico,1
55.03507923070767,Sinaloa,Sinaloa,Policía,0
53.641558247633505,Jalisco,Sinaloa,Policía,1
50.59062345795576,Jalisco,Sinaloa,Policía,1
49.57026821216907,Sinaloa,Sinaloa,Médico,0
58.17506454280364,Sinaloa,Sinaloa,Médico,0
35.44436669430581,Jalisco,Sinaloa,Policía,1
53.676049920881184,Sinaloa,Sinaloa,Médico,0
36.860551026099266,Jalisco,Sinaloa,Médico,1
46.55994568928299,Jalisco,Jalisco,Policía,0
33.14683625053645,Sinaloa,Jalisco,Médico,1
53.17801409216843,Jalisco,Jalisco,Médico,1
34.91417651086559,Jalisco,Sinaloa,Médico,1
54.44107842586073,Jalisco,Sinaloa,Policía,0
52.22071362481608,Sinaloa,Sinaloa,Médico,0
35.943010917915956,Jalisco,Jalisco,Médico,1
44.20369567208146,Jalisco,Jalisco,Policía,1
50.90465969682404,Jalisco,Jalisco,Policía,0
51.259096262340364,Sinaloa,Jalisco,Médico,0
37.90243490783539,Jalisco,Sinaloa,Médico,1
54.49166939051366,Sinaloa,Sinaloa,Médico,0
54.38537926732714,Sinaloa,Jalisco,Chef,0
52.519033673255066,Jalisco,Jalisco,Policía,0
52.22976836674749,Jalisco,Jalisco,Chef,0
48.67822829875471,Sinaloa,CDMX,Médico,0
35.979319644915115,Jalisco,Sinaloa,Médico,1
40.533585407273605,Jalisco,Sinaloa,Policía,1
36.54746623897651,Jalisco,Jalisco,Médico,1
51.77889615649747,Jalisco,Sinaloa,Policía,1
49.09836682083818,Jalisco,Jalisco,Chef,0
54.18952922454058,Jalisco,Jalisco,Médico,1
55.48465471022025,Jalisco,Sinaloa,Chef,0
53.34895685135846,Sinaloa,Sinaloa,Médico,0
49.72120768933878,Jalisco,Jalisco,Policía,0
61.12177722713457,Sinaloa,Sinaloa,Policía,0
53.064891106378965,Sinaloa,Sinaloa,Médico,0
57.8059063456621,Sinaloa,Jalisco,Chef,0
53.43819529285704,Sinaloa,Sinaloa,Médico,0
51.771642393903576,Sinaloa,Sinaloa,Ingeniero,0
46.92391860389948,Jalisco,Jalisco,Policía,1
58.57711149030708,Sinaloa,Sinaloa,Policía,0
53.62870479299631,Jalisco,Jalisco,Médico,1
34.52929333617062,Jalisco,Jalisco,Médico,1
54.697284774652886,Sinaloa,Jalisco,Policía,0
53.09326261232583,Jalisco,Jalisco,Médico,1
49.586378795881586,Jalisco,Sinaloa,Policía,0
53.234819045508324,Jalisco,Jalisco,Médico,1
57.05319997830625,Jalisco,Sinaloa,Profesor,1
53.442344477319025,Jalisco,Jalisco,Policía,1
51.579696100434454,Jalisco,Sinaloa,Policía,0
46.77706126009707,Jalisco,Jalisco,Policía,1
51.56212082323458,Jalisco,Sinaloa,Policía,0
38.45108135189038,Jalisco,Jalisco,Médico,1
50.96884978591577,Jalisco,Sinaloa,Policía,0
55.04552296120695,Jalisco,Sinaloa,Médico,0
55.97801282581133,Jalisco,Sinaloa,Médico,1
51.066829501310636,Sinaloa,Sinaloa,Médico,0
53.54494509417297,Jalisco,Jalisco,Chef,0
51.43349146510954,Jalisco,Jalisco,Médico,1
51.38127088662547,Jalisco,Jalisco,Médico,1
59.96424969462214,Sinaloa,Jalisco,Médico,0
54.97375058285814,Sinaloa,Jalisco,Médico,1
49.05988568009933,Jalisco,Jalisco,Profesor,0
54.44900115508733,Jalisco,Sinaloa,Médico,1
40.83379038608881,Jalisco,Sinaloa,Policía,1
43.72517068354857,Jalisco,Jalisco,Médico,1
53.53464209348949,Sinaloa,Jalisco,Médico,0
57.34939669275549,Sinaloa,Jalisco,Chef,0
51.38302120902612,Sinaloa,Jalisco,Policía,1
54.1428035575542,Jalisco,Jalisco,Chef,0
36.22437898914539,Jalisco,Sinaloa,Médico,1
28.791461498180176,Sinaloa,Jalisco,Médico,1
55.27022123021611,Jalisco,Sinaloa,Policía,0
55.45570153942987,Sinaloa,Jalisco,Policía,0
34.25271351679987,Jalisco,Sinaloa,Médico,1
55.21992889273643,Jalisco,Sinaloa,Médico,1
50.647848269764594,Sinaloa,Jalisco,Policía,1
54.57917837064009,Sinaloa,Sinaloa,Médico,0
53.4847547677461,Jalisco,Sinaloa,Policía,0
51.622169770703074,Jalisco,Sinaloa,Médico,0
33.666782471873645,Jalisco,Sinaloa,Médico,1
51.22856854026278,Jalisco,Jalisco,Policía,1
49.7003463825696,Jalisco,Sinaloa,Policía,1
52.63095964460756,Jalisco,Jalisco,Médico,0
53.20657256149236,Jalisco,Sinaloa,Médico,1
52.55496568258146,Sinaloa,Sinaloa,Médico,0
57.670355028345206,Jalisco,Sinaloa,Policía,0
57.624550048001666,Sinaloa,Jalisco,Chef,0
50.3623833983323,Sinaloa,Sinaloa,Médico,0
49.66461288253134,Jalisco,Sinaloa,Médico,0
34.90055752658404,Jalisco,Sinaloa,Médico,1
53.02758947195502,Sinaloa,Sinaloa,Médico,0
51.87271277515607,Jalisco,Sinaloa,Policía,1
54.82016184515953,Jalisco,Jalisco,Médico,1
54.94692980532005,Sinaloa,Sinaloa,Médico,1
29.34261421853723,Sinaloa,Sinaloa,Profesor,1
51.002417846098936,Jalisco,Sinaloa,Policía,1
57.97540390168087,Sinaloa,Sinaloa,Médico,0
49.307843928761784,Jalisco,Jalisco,Médico,1
55.199262120257586,Jalisco,Sinaloa,Médico,1
58.18407289188544,Jalisco,Sinaloa,Chef,0
53.05120755312963,Jalisco,Jalisco,Policía,0
56.671527665312404,Jalisco,Sinaloa,Médico,1
56.24441844545324,Sinaloa,Sinaloa,Médico,0
56.978937257757515,Sinaloa,Sinaloa,Policía,0
52.45485093966982,Jalisco,Jalisco,Policía,0
45.37227155622038,Jalisco,Sinaloa,Policía,1
54.01833541369562,Sinaloa,Sinaloa,Chef,0
50.932215785418286,Jalisco,Jalisco,Médico,1
55.39909211634822,Sinaloa,Jalisco,Policía,0
52.7724445268857,Jalisco,Sinaloa,Chef,0
52.786842099335296,Sinaloa,Sinaloa,Policía,0
56.065210899002366,Jalisco,Jalisco,Chef,0
31.069830912776776,Sinaloa,Sinaloa,Profesor,1
43.3085905180493,Jalisco,Sinaloa,Médico,1
53.617821679232506,Sinaloa,Sinaloa,Chef,0
52.6927031663155,Sinaloa,Jalisco,Médico,0
40.632765743024024,Jalisco,Jalisco,Médico,1
54.334246846731936,Jalisco,Jalisco,Médico,1
54.775602249029376,Sinaloa,Sinaloa,Médico,0
55.083604763006015,Jalisco,Sinaloa,Médico,1
54.45629702246783,Sinaloa,Sinaloa,Médico,0
49.52208707007131,Sinaloa,Sinaloa,Médico,0
56.53563581051094,Sinaloa,Sinaloa,Médico,0
57.80036653712394,Jalisco,Sinaloa,Chef,1
39.08252763177229,Jalisco,Sinaloa,Médico,1
36.907426893819036,Jalisco,Jalisco,Médico,1
53.692548648716475,Jalisco,Sinaloa,Médico,1
50.605395028255984,Jalisco,Sinaloa,Médico,1
55.63567823705212,Sinaloa,Sinaloa,Policía,0
51.67070784318842,Jalisco,Jalisco,Médico,1
41.76020334921904,Jalisco,Sinaloa,Médico,1
61.51046056448929,CDMX,Jalisco,Policía,0
54.17949769917831,Jalisco,Sinaloa,Policía,0
43.918224838181345,Jalisco,Jalisco,Médico,1
53.91848020575921,Jalisco,Sinaloa,Chef,0
54.24617205225296,Jalisco,Jalisco,Médico,1
60.45950707788084,Sinaloa,Jalisco,Policía,0
52.08147049848256,Jalisco,Sinaloa,Policía,0
54.57675150149982,Sinaloa,Sinaloa,Médico,0
54.50004666670713,Sinaloa,Jalisco,Médico,0
53.57791938642646,Jalisco,Sinaloa,Policía,0
26.834648376692275,Sinaloa,Jalisco,Profesor,1
48.543641062711025,Jalisco,Sinaloa,Policía,1
54.83421610328169,Sinaloa,Sinaloa,Policía,0
51.718034643192,Jalisco,Sinaloa,Policía,0
30.081728572191473,Sinaloa,Sinaloa,Médico,1
52.810280584879195,Sinaloa,Sinaloa,Médico,0
55.376113677603385,Jalisco,Sinaloa,Policía,0
39.2554889228897,Jalisco,Sinaloa,Médico,1
53.52356774144398,Jalisco,Jalisco,Médico,1
38.35046567588584,Jalisco,Sinaloa,Médico,1
55.17613501135695,Sinaloa,Sinaloa,Médico,1
50.62170801464901,Sinaloa,Sinaloa,Médico,0
58.39973721772623,Jalisco,Jalisco,Policía,0
46.6026591189747,Jalisco,Jalisco,Policía,1
56.213457615608675,Jalisco,Sinaloa,Médico,1
51.219323997436625,Jalisco,Jalisco,Policía,0
51.39549098533016,Jalisco,Jalisco,Profesor,0
47.335522216410055,Jalisco,Sinaloa,Policía,1
52.576573661810386,Sinaloa,Sinaloa,Médico,0
39.07850120276672,Jalisco,Jalisco,Médico,1
53.068807832717084,Jalisco,Jalisco,Policía,0
26.35585485890283,Sinaloa,Sinaloa,Profesor,1
53.808439416544715,Sinaloa,Sinaloa,Médico,1
48.61081612720666,Sinaloa,Sinaloa,Policía,0
34.919985716150364,Jalisco,Sinaloa,Médico,1
39.62969589208592,Jalisco,Sinaloa,Médico,1
49.11422307958384,Sinaloa,Jalisco,Policía,0
56.2336233993784,Jalisco,Sinaloa,Médico,0
53.93071466951071,Sinaloa,Jalisco,Policía,0
59.0344101208761,Sinaloa,Jalisco,Policía,0
54.44489884901953,Sinaloa,Sinaloa,Policía,0
55.31060017686102,Sinaloa,Jalisco,Médico,1
52.2180712878004,Jalisco,Sinaloa,Médico,1
41.51071032951215,Jalisco,Jalisco,Médico,1
55.599225092531356,Jalisco,Sinaloa,Médico,1
50.11955727544319,Sinaloa,Sinaloa,Médico,0
51.07535308793022,Jalisco,Jalisco,Médico,1
51.206218492039326,Jalisco,Sinaloa,Policía,1
46.13779677830634,Jalisco,Sinaloa,Policía,1
56.05942847461046,Jalisco,Sinaloa,Chef,0
54.83802362475335,Sinaloa,Sinaloa,Policía,0
35.8096439768253,Jalisco,Sinaloa,Médico,1
55.54744681065215,Sinaloa,Sinaloa,Médico,0
42.49203054116279,Jalisco,Sinaloa,Policía,1
50.27045101765559,Jalisco,Jalisco,Policía,1
54.1203540196716,Jalisco,Sinaloa,Médico,1
41.83444706474705,Jalisco,Jalisco,Policía,1
55.4179713525585,Jalisco,Sinaloa,Policía,0
55.814244609862584,Sinaloa,Sinaloa,Ingeniero,0
51.39464220146632,Jalisco,Jalisco,Policía,0
40.973294720630804,Jalisco,Jalisco,Médico,1
54.76177827550171,Sinaloa,Sinaloa,Ingeniero,0
55.68668137149767,Sinaloa,Sinaloa,Médico,1
50.27898220448577,Jalisco,Sinaloa,Policía,1
56.37219149278023,Jalisco,Sinaloa,Policía,0
50.36766828535595,Jalisco,Jalisco,Policía,1
54.1270842466354,Sinaloa,Sinaloa,Policía,0
51.30026878499166,Jalisco,Sinaloa,Policía,0
56.583307172011246,Sinaloa,Jalisco,Médico,1
52.103423567381675,Sinaloa,Sinaloa,Médico,0
53.65340583224426,Jalisco,Jalisco,Policía,0
48.40619394722442,Sinaloa,Sinaloa,Médico,0
56.025663116488396,Jalisco,Jalisco,Médico,1
35.51997538073701,Jalisco,Jalisco,Médico,1
50.95756400073695,Sinaloa,Sinaloa,Médico,0
50.24813492988473,Jalisco,Sinaloa,Médico,1
46.12502972790065,Sinaloa,Sinaloa,Policía,0
53.02516397782249,Jalisco,Jalisco,Chef,0
51.93216830537335,Jalisco,Sinaloa,Policía,0
51.08397350732997,Jalisco,Sinaloa,Médico,1
56.789726268960145,Jalisco,Sinaloa,Médico,1
57.46224716337121,Sinaloa,Jalisco,Policía,0
47.91688908504939,Jalisco,Jalisco,Policía,1
56.47196151595758,Jalisco,Sinaloa,Policía,0
53.53876054324948,Sinaloa,Sinaloa,Médico,0
38.60707847441802,Jalisco,Sinaloa,Médico,1
54.97282229986858,Jalisco,Jalisco,Policía,0
42.166073357089445,Jalisco,Sinaloa,Médico,1
38.43380279685185,Jalisco,Jalisco,Médico,1
53.64627665807645,Sinaloa,Sinaloa,Policía,1
55.677539250884266,Jalisco,Jalisco,Médico,1
53.10636134461098,Jalisco,Jalisco,Policía,0
42.13304249635902,Jalisco,Sinaloa,Policía,1
55.92735492550716,Sinaloa,Jalisco,Policía,0
54.55764286108089,Jalisco,Sinaloa,Policía,0
44.5508897550029,Jalisco,Jalisco,Policía,1
54.15212402803647,Jalisco,Sinaloa,Policía,0
54.14439789607367,Sinaloa,Sinaloa,Policía,0
49.144407345892915,Jalisco,Jalisco,Policía,1
51.769041731841135,Jalisco,Jalisco,Policía,0
51.6180349681953,Jalisco,Sinaloa,Policía,1
36.71027920884378,Jalisco,Sinaloa,Médico,1
49.70861810622606,Jalisco,Jalisco,Médico,1
49.130249477903405,Jalisco,Sinaloa,Policía,1
53.7770222597541,Jalisco,Sinaloa,Policía,0
36.561883036931675,Jalisco,Sinaloa,Médico,1
42.06547722037895,Jalisco,Sinaloa,Policía,1
54.23658503798642,Sinaloa,Sinaloa,Médico,0
53.08728760022363,Sinaloa,Sinaloa,Policía,0
54.518779128022366,Jalisco,Jalisco,Médico,1
43.88105872264904,Jalisco,Sinaloa,Policía,1
54.27766801663086,Sinaloa,Sinaloa,Policía,1
53.84063448887383,Jalisco,Sinaloa,Médico,1
43.71032820772592,Jalisco,Jalisco,Policía,1
53.1611822366526,Jalisco,Sinaloa,Policía,0
51.95020986312637,Jalisco,Sinaloa,Profesor,0
53.21900896789427,Sinaloa,Sinaloa,Policía,1
51.89499949833137,Sinaloa,Sinaloa,Policía,0
31.072212772362924,Jalisco,Sinaloa,Médico,1
54.830679786593066,Jalisco,Jalisco,Policía,0
39.968445630495225,Jalisco,Sinaloa,Médico,1
53.435203153977426,Jalisco,Sinaloa,Policía,0
55.717746893013114,Jalisco,Jalisco,Policía,0
37.857647105094706,Jalisco,Sinaloa,Médico,1
29.949582018655608,Sinaloa,Sinaloa,Médico,1
54.721708179512554,Sinaloa,Sinaloa,Policía,0
53.91550815295983,Sinaloa,Sinaloa,Chef,0
58.00596745492923,Sinaloa,Jalisco,Médico,0
49.14161558203942,Sinaloa,Sinaloa,Médico,0
51.34622054244682,Jalisco,Jalisco,Policía,0
58.33793357450697,Jalisco,Sinaloa,Médico,1
42.59264164312681,Jalisco,Sinaloa,Policía,1
50.98920966643699,Jalisco,Sinaloa,Médico,1
45.419200760293116,Jalisco,Sinaloa,Policía,1
51.963215925274746,Sinaloa,Sinaloa,Médico,0
45.64265511760368,Jalisco,Sinaloa,Policía,1
51.76864114996219,Sinaloa,Jalisco,Médico,1
49.592857720141296,Jalisco,Jalisco,Policía,1
51.999278332874475,Jalisco,Sinaloa,Policía,0
46.56380537746325,Jalisco,Jalisco,Policía,1
52.13510503426703,Jalisco,Sinaloa,Médico,1
45.728388577398846,Jalisco,Jalisco,Policía,1
54.93211355293005,Jalisco,Sinaloa,Médico,1
54.71254613497944,Jalisco,Jalisco,Policía,0
57.20894327151965,Jalisco,Sinaloa,Policía,0
48.703558115328505,Sinaloa,Jalisco,Médico,0
51.94996641544413,Sinaloa,Sinaloa,Chef,0
53.48881264778978,Sinaloa,Jalisco,Médico,1
44.85367373831008,Jalisco,Sinaloa,Policía,1
54.76326274736844,Jalisco,Sinaloa,Policía,0
52.457870317968904,Jalisco,Sinaloa,Policía,1
54.10708533463292,Jalisco,Sinaloa,Policía,0
53.95383490366618,Sinaloa,Jalisco,Médico,0
45.21472522146627,Jalisco,Sinaloa,Policía,1
44.60446329368362,Jalisco,Sinaloa,Profesor,0
57.726441376064884,Sinaloa,Sinaloa,Médico,0
55.3891264794999,Jalisco,Sinaloa,Policía,0
49.5791283602026,Sinaloa,Sinaloa,Chef,0
52.763041267319316,Jalisco,Jalisco,Policía,1
37.853446387239146,Jalisco,Sinaloa,Médico,1
58.16972365337574,Sinaloa,Jalisco,Policía,0
54.546042597901625,Sinaloa,Sinaloa,Médico,1
49.75411350298711,Jalisco,Jalisco,Médico,1
52.30723594328732,Jalisco,Jalisco,Policía,0
48.023194369483235,Jalisco,Sinaloa,Policía,1
33.73346970131239,Jalisco,Jalisco,Médico,1
54.439279170266936,Sinaloa,Sinaloa,Médico,0
57.88611280751165,Sinaloa,Sinaloa,Policía,0
38.97085579861635,Jalisco,Jalisco,Médico,1
51.83733167107919,Jalisco,Jalisco,Médico,1
53.47206877316037,Jalisco,Sinaloa,Médico,1
53.114576383276386,Sinaloa,Jalisco,Médico,1
50.09554761815273,Sinaloa,Sinaloa,Médico,0
51.54119778469862,Jalisco,Sinaloa,Médico,1
55.17900733036303,Sinaloa,Sinaloa,Médico,0
55.09808434995528,Sinaloa,Sinaloa,Médico,0
50.76307992874283,Sinaloa,Sinaloa,Médico,0
57.80645182759896,Sinaloa,Jalisco,Médico,0
52.14917882336277,Sinaloa,Sinaloa,Médico,0
53.681031615687814,Sinaloa,Sinaloa,Médico,0
52.325848050342294,Jalisco,Sinaloa,Médico,1
51.65654823719399,Sinaloa,Sinaloa,Policía,0
47.76500161729962,Jalisco,Sinaloa,Médico,0
49.942822629005306,Sinaloa,Jalisco,Médico,0
41.2167185434772,Jalisco,Jalisco,Policía,1
39.37123692021161,Jalisco,Jalisco,Médico,1
53.19541660213477,Sinaloa,Jalisco,Policía,0
58.97458888571696,Sinaloa,Sinaloa,Policía,0
58.013252057978654,Sinaloa,Sinaloa,Médico,0
37.67425650024819,Jalisco,Sinaloa,Médico,1
53.68746978791808,Sinaloa,Jalisco,Médico,0
29.149308244374044,Sinaloa,Sinaloa,Médico,1
41.63369018584651,Jalisco,Jalisco,Médico,1
53.48829145672597,Jalisco,Jalisco,Médico,1
51.36013624509144,Sinaloa,Jalisco,Médico,0
50.820215636436345,CDMX,Jalisco,Médico,0
50.241806738199934,Jalisco,Sinaloa,Policía,1
40.49027770590433,Jalisco,Sinaloa,Médico,1
53.31299583018254,Sinaloa,Jalisco,Médico,1
53.816559918737326,Jalisco,Sinaloa,Médico,1
51.58492006526175,Sinaloa,CDMX,Médico,0
51.732547301344624,Jalisco,Jalisco,Policía,0
51.9752128392673,Sinaloa,Sinaloa,Médico,0
55.063251696215424,Sinaloa,Jalisco,Policía,0
55.122341978307816,Sinaloa,Sinaloa,Policía,0
55.32456345435603,Jalisco,Jalisco,Policía,0
36.857019322801335,Jalisco,Jalisco,Médico,1
50.96781212958881,Sinaloa,Jalisco,Policía,0
44.11061054864733,Jalisco,Sinaloa,Policía,1
50.01373140880264,Jalisco,Sinaloa,Policía,1
54.48504670000267,Sinaloa,Sinaloa,Chef,0
37.11718033760859,Jalisco,CDMX,Médico,1
54.72181457520706,Sinaloa,Jalisco,Policía,1
53.78986674069613,Jalisco,Sinaloa,Policía,1
47.91732150597396,Jalisco,Jalisco,Médico,0
52.34342906162437,Sinaloa,Sinaloa,Policía,0
55.782654815000335,Sinaloa,Sinaloa,Policía,0
57.672770189999085,Sinaloa,Sinaloa,Médico,0
49.635457854410205,Sinaloa,Sinaloa,Médico,0
53.01283707079017,Jalisco,Sinaloa,Policía,0
60.45057718795078,Jalisco,Sinaloa,Policía,0
55.11529899179505,Sinaloa,Jalisco,Médico,0
48.75022654865607,Jalisco,Sinaloa,Policía,1
56.416777049729575,Sinaloa,Jalisco,Chef,0
50.894912963594635,Jalisco,Jalisco,Médico,1
51.99451878831567,Sinaloa,Sinaloa,Policía,0
52.73082079523609,Sinaloa,Sinaloa,Policía,1
53.23411347519687,Sinaloa,Sinaloa,Profesor,0
52.15563442320941,Jalisco,Jalisco,Médico,1
54.31060224888895,Jalisco,Sinaloa,Médico,1
49.70355366680728,Jalisco,Sinaloa,Profesor,0
41.04633331633685,Jalisco,Sinaloa,Médico,1
48.995411557550824,Jalisco,Jalisco,Policía,0
52.02150661180629,Jalisco,Jalisco,Médico,1
38.7603226900989,Jalisco,Jalisco,Médico,1
50.69836852297992,Jalisco,Sinaloa,Policía,1
51.41315857786075,Jalisco,Sinaloa,Policía,0
52.38473202519852,Sinaloa,Jalisco,Policía,1
53.068346098240895,Jalisco,Jalisco,Policía,0
53.34706684126182,Jalisco,Jalisco,Policía,0
45.87917145939116,Jalisco,Sinaloa,Médico,1
53.856010020934285,Jalisco,Sinaloa,Policía,0
58.08544894987767,Sinaloa,Jalisco,Policía,0
51.94243893780249,Jalisco,Jalisco,Médico,1
54.73101651204482,Sinaloa,Sinaloa,Médico,0
56.71055695633124,Sinaloa,Sinaloa,Policía,0
56.805568782078566,Jalisco,Jalisco,Médico,1
28.742335257152686,Sinaloa,Sinaloa,Médico,1
54.36401836776171,Sinaloa,Sinaloa,Policía,0
52.46348673988233,Jalisco,Jalisco,Médico,1
51.98254605086833,Jalisco,Jalisco,Médico,1
50.36433176448554,Jalisco,Jalisco,Médico,1
50.53938853907616,Sinaloa,Sinaloa,Médico,0
54.26721660001754,Jalisco,Sinaloa,Médico,0
50.67282462320041,Sinaloa,Jalisco,Médico,0
52.80533185321413,Sinaloa,Sinaloa,Profesor,0
53.46570246476571,Jalisco,Sinaloa,Policía,0
41.882439784923704,Jalisco,Sinaloa,Médico,1
56.52035685154848,Jalisco,Sinaloa,Médico,1
53.569453844595884,Sinaloa,Sinaloa,Médico,0
53.83579904831067,Sinaloa,Sinaloa,Policía,0
54.03768116897125,Jalisco,Jalisco,Policía,0
36.454904784654985,Jalisco,Jalisco,Médico,1
53.64292013499312,Jalisco,Jalisco,Médico,1
55.37499347732388,Jalisco,Jalisco,Médico,1
50.334556475381014,Jalisco,Jalisco,Policía,1
52.04828766321737,Jalisco,CDMX,Policía,1
52.73915137447977,Jalisco,Sinaloa,Médico,1
53.937619638867154,Sinaloa,Jalisco,Médico,0
49.02061444970296,Jalisco,Jalisco,Policía,0
52.62755626186953,Jalisco,Sinaloa,Chef,0
42.959029447116436,Jalisco,Sinaloa,Médico,1
44.18757737549095,Jalisco,Sinaloa,Policía,1
54.95329140406635,Jalisco,Jalisco,Policía,0
58.73358196479341,Jalisco,Sinaloa,Profesor,1
41.36695315836863,Jalisco,Sinaloa,Médico,1
56.50187786787233,Sinaloa,Jalisco,Policía,0
23.724451632026273,Sinaloa,Sinaloa,Profesor,1
42.93011106775307,Jalisco,Jalisco,Policía,1
35.489529238198145,Jalisco,Jalisco,Médico,1
56.803307431607074,Sinaloa,Sinaloa,Médico,0
56.27089288124512,Jalisco,Sinaloa,Médico,1
52.97835526542942,Jalisco,Jalisco,Policía,0
45.344138959120244,Jalisco,Sinaloa,Policía,1
41.56852335979276,Jalisco,Jalisco,Policía,1
54.692123834092754,Sinaloa,Sinaloa,Médico,0
48.00224806841564,Jalisco,Sinaloa,Policía,1
51.87691540906325,Jalisco,Sinaloa,Médico,1
52.55182917354289,Sinaloa,Sinaloa,Médico,0
56.1680492466865,Jalisco,Sinaloa,Policía,0
51.43147373002546,Jalisco,Sinaloa,Policía,0
57.64538485091611,Jalisco,Jalisco,Policía,0
54.110971651092335,Jalisco,Sinaloa,Médico,1
54.620045143485534,Sinaloa,Sinaloa,Médico,0
56.27341726510282,Sinaloa,Jalisco,Médico,1
54.27863205041828,Sinaloa,Jalisco,Chef,0
38.21593797077669,Jalisco,Sinaloa,Médico,1
52.91813479198382,Jalisco,Sinaloa,Médico,1
54.441894583933724,Sinaloa,Jalisco,Chef,0
52.37289392928047,Jalisco,Sinaloa,Policía,1
49.733910324306464,Jalisco,Sinaloa,Médico,1
51.89402083205258,Sinaloa,Sinaloa,Policía,0
54.91575550710344,Sinaloa,Jalisco,Ingeniero,0
52.253186903623714,Jalisco,Sinaloa,Médico,1
37.94937202735919,Jalisco,Sinaloa,Médico,1
52.907667070677114,Jalisco,Jalisco,Médico,1
30.46911143483579,Jalisco,Jalisco,Médico,1
48.68764355151531,Jalisco,Sinaloa,Profesor,0
52.705873304790636,Sinaloa,Sinaloa,Médico,0
52.103456298367874,Jalisco,Sinaloa,Médico,1
40.583295405459324,Jalisco,Jalisco,Policía,1
51.90292147628441,Jalisco,Jalisco,Policía,0
54.29689689654821,Sinaloa,Jalisco,Médico,0
56.534035738360096,Sinaloa,Sinaloa,Médico,0
40.235960278571305,Jalisco,Jalisco,Médico,1
50.42130962191607,Jalisco,Sinaloa,Policía,1
52.91037285248013,Jalisco,Jalisco,Policía,0
52.76913856857067,Sinaloa,Sinaloa,Médico,0
46.48800423372808,Jalisco,Jalisco,Policía,1
52.663248414282805,Jalisco,Sinaloa,Médico,0
36.79060690806775,Jalisco,Sinaloa,Médico,1
42.913269062910175,Jalisco,Sinaloa,Médico,1
58.89273041448677,Sinaloa,Sinaloa,Policía,0
55.74027070803325,Jalisco,Jalisco,Médico,1
37.27450445806059,Jalisco,Sinaloa,Médico,1
50.677082529569866,Jalisco,Sinaloa,Médico,1
53.270940110086784,Jalisco,Jalisco,Médico,0
53.877435799575196,Sinaloa,Sinaloa,Médico,0
56.81597602556976,Sinaloa,Jalisco,Médico,0
53.51645270846561,Jalisco,Sinaloa,Médico,1
41.88725096278266,Jalisco,Sinaloa,Médico,1
52.214624582411695,Sinaloa,Jalisco,Médico,0
37.20951914577597,Jalisco,Jalisco,Médico,1
48.42500678064339,Jalisco,Jalisco,Médico,0
52.70460022755174,Sinaloa,Jalisco,Policía,0
47.22467139894795,Jalisco,Sinaloa,Médico,0
53.20709097305841,Sinaloa,Jalisco,Policía,1
55.356134949204126,Sinaloa,Sinaloa,Médico,1
58.82426380932333,Sinaloa,Sinaloa,Policía,0
34.36937426261731,Sinaloa,Sinaloa,Médico,0
52.13549666480258,Sinaloa,Jalisco,Médico,0
28.446582902440298,Sinaloa,Jalisco,Profesor,1
54.68937339502172,Jalisco,Sinaloa,Médico,1
58.02159651190736,Sinaloa,Sinaloa,Policía,0
30.132415175117416,Sinaloa,Jalisco,Médico,1
48.82152461446506,Jalisco,Jalisco,Policía,1
54.19293863327904,Sinaloa,Sinaloa,Policía,0
30.62292057962504,Sinaloa,Sinaloa,Profesor,1
52.29023957338692,Sinaloa,Sinaloa,Médico,0
51.76424888544717,Jalisco,Sinaloa,Médico,1
52.274661065161474,Jalisco,Jalisco,Médico,1
50.673528709567655,Jalisco,Sinaloa,Policía,0
52.109282192769285,Jalisco,Sinaloa,Policía,1
51.12389019240668,Sinaloa,Jalisco,Médico,0
52.0490757019591,Jalisco,Jalisco,Policía,0
39.90400170114029,Jalisco,Jalisco,Médico,1
46.106946730546845,Jalisco,Jalisco,Policía,1
35.81323738621235,Jalisco,Jalisco,Médico,1
48.062268527077265,Jalisco,Sinaloa,Policía,1
36.43867791396312,Jalisco,Jalisco,Médico,1
51.38150512462846,Jalisco,Jalisco,Médico,1
50.70427719490878,Sinaloa,Jalisco,Médico,0
56.91437526502442,Sinaloa,Jalisco,Médico,0
52.280605194758174,Jalisco,Jalisco,Médico,1
56.572070595290846,Sinaloa,Jalisco,Médico,0
50.97083927708177,Jalisco,Sinaloa,Médico,1
40.004669187566904,Jalisco,Jalisco,Médico,1
44.96730809688641,Jalisco,Sinaloa,Médico,1
35.87128277096093,Jalisco,Jalisco,Médico,1
54.822560792268135,Jalisco,Sinaloa,Policía,0
37.98000732903259,Jalisco,Jalisco,Médico,1
53.502796236061265,Jalisco,Sinaloa,Médico,1
56.94325443148252,Sinaloa,Sinaloa,Médico,0
53.6855073265981,Jalisco,Sinaloa,Médico,1
50.503383302297046,Jalisco,Jalisco,Policía,0
50.67279836742324,Sinaloa,Jalisco,Chef,0
46.229137959332704,Jalisco,Jalisco,Policía,1
51.89632441056529,Jalisco,Sinaloa,Policía,0
36.539501507830074,Jalisco,Sinaloa,Médico,1
49.01737474765274,Jalisco,Jalisco,Policía,0
49.40507072940125,Jalisco,Jalisco,Policía,0
51.85367194645323,Jalisco,Sinaloa,Médico,1
50.92626301645545,Jalisco,Jalisco,Médico,1
54.328037284567706,Sinaloa,Jalisco,Chef,0
42.68798114794395,Jalisco,Jalisco,Médico,1
56.591666118948915,Jalisco,Jalisco,Policía,0
52.64360437021395,Jalisco,Sinaloa,Policía,0
49.01195024787406,Jalisco,Sinaloa,Policía,0
37.22634256648362,Jalisco,Sinaloa,Médico,1
48.014790345029866,Jalisco,Jalisco,Policía,1
45.159884004827255,Jalisco,Sinaloa,Policía,1
54.26828838987631,Sinaloa,Jalisco,Médico,0
38.2409761092502,Jalisco,Sinaloa,Médico,1
54.938662657329594,Sinaloa,Jalisco,Médico,0
51.71210689857603,Jalisco,Jalisco,Policía,0
47.21362104332805,Jalisco,Sinaloa,Policía,1
49.16012702040412,Jalisco,Sinaloa,Profesor,0
49.77757695468885,Jalisco,Jalisco,Médico,1
55.39967266999602,Jalisco,Sinaloa,Policía,0
49.32545294608442,Jalisco,Sinaloa,Médico,1
46.941278732149456,Jalisco,Sinaloa,Policía,1
37.32196561442226,Jalisco,Sinaloa,Médico,1
37.72462297991518,Jalisco,Jalisco,Médico,1
50.883198449710996,Sinaloa,Sinaloa,Médico,0
49.72528939802358,Jalisco,Sinaloa,Policía,0
50.010326897457134,Jalisco,Sinaloa,Médico,1
54.59865201450841,Jalisco,Sinaloa,Médico,1
50.12929129984337,Jalisco,Sinaloa,Profesor,0
51.03689957045218,Jalisco,Sinaloa,Médico,0
51.04158563244692,Jalisco,Jalisco,Policía,0
26.273191029213002,Sinaloa,Jalisco,Profesor,1
35.300872313357544,Jalisco,Sinaloa,Médico,1
48.51420296571956,CDMX,Jalisco,Médico,0
53.01835586370199,Sinaloa,Sinaloa,Policía,0
54.03190743701665,Sinaloa,Jalisco,Médico,1
50.448522808957094,Jalisco,Sinaloa,Policía,0
51.83558218511421,Jalisco,Sinaloa,Policía,1
54.351800705085715,Sinaloa,Jalisco,Chef,0
52.872854441862145,Jalisco,Sinaloa,Policía,0
40.59010722837618,Jalisco,Sinaloa,Policía,1
55.323841720765024,Sinaloa,Sinaloa,Policía,0
54.565935608522956,Sinaloa,Sinaloa,Médico,1
51.53955699538304,Jalisco,Sinaloa,Médico,1
53.66933833275891,Sinaloa,Jalisco,Médico,1
43.93936997524021,Jalisco,Sinaloa,Médico,1
52.513085348478576,Jalisco,Sinaloa,Médico,1
53.269634642408576,Sinaloa,Sinaloa,Médico,1
55.22955610927855,Jalisco,Jalisco,Médico,1
54.56755500869275,Jalisco,Jalisco,Chef,0
56.150177707730954,Sinaloa,Sinaloa,Médico,0
57.06905990127225,Jalisco,Jalisco,Policía,0
53.79453299278871,Jalisco,Sinaloa,Policía,0
49.1989605134213,Jalisco,Sinaloa,Policía,0
55.80801173167389,Sinaloa,Jalisco,Policía,0
39.768012381407445,Jalisco,Sinaloa,Médico,1
53.246993506673995,Jalisco,Sinaloa,Policía,1
50.248717901201495,Sinaloa,Jalisco,Médico,0
51.18851247357626,Jalisco,Sinaloa,Policía,0
47.35488063690754,Jalisco,Sinaloa,Médico,0
53.049156595516614,Jalisco,Sinaloa,Chef,0
60.306413066259594,Sinaloa,Jalisco,Policía,0
49.47534242776283,Jalisco,Sinaloa,Profesor,0
50.555996138195496,Sinaloa,Sinaloa,Médico,0
51.846913689149986,Sinaloa,Jalisco,Médico,0
54.28529167201959,Jalisco,Jalisco,Policía,0
48.79474243270405,Jalisco,Sinaloa,Médico,0
55.81492886645445,Jalisco,Jalisco,Médico,1
51.66853561208218,Jalisco,Sinaloa,Policía,0
52.647923591177594,Sinaloa,Sinaloa,Chef,0
41.253370626374206,Jalisco,Jalisco,Médico,1
40.718459526479066,Jalisco,Jalisco,Médico,1
49.58944774119392,Jalisco,Sinaloa,Médico,0
50.89551915614196,Sinaloa,Jalisco,Médico,0
57.45779688787863,Jalisco,Sinaloa,Profesor,1
41.37468194601453,Jalisco,Sinaloa,Médico,1
52.08385585878102,Sinaloa,Sinaloa,Médico,0
57.18290164236227,Sinaloa,Sinaloa,Médico,1
35.56453082744546,Jalisco,Jalisco,Médico,1
29.678682872326036,Sinaloa,Sinaloa,Profesor,1
54.280134378751484,Jalisco,Sinaloa,Médico,1
50.31100303251806,Jalisco,Sinaloa,Chef,0
41.084619594621195,Jalisco,Jalisco,Médico,1
54.1894421285074,Sinaloa,Sinaloa,Policía,1
47.528999272285006,Jalisco,Sinaloa,Policía,1
55.19608893892844,Jalisco,Sinaloa,Médico,1
52.876031673094765,Jalisco,Sinaloa,Médico,1
49.17581949885047,Jalisco,Jalisco,Médico,0
58.94764688238918,Sinaloa,Sinaloa,Policía,0
39.6293528486399,Jalisco,Jalisco,Médico,1
51.09935474058812,Sinaloa,Sinaloa,Médico,0
50.32069541615967,Jalisco,Sinaloa,Médico,0
51.34280902727609,Sinaloa,Jalisco,Policía,1
52.8398617637802,Sinaloa,Sinaloa,Ingeniero,0
52.987605533547566,Jalisco,Sinaloa,Policía,0
51.56333577258165,Jalisco,Sinaloa,Médico,1
52.97511436600624,Jalisco,Jalisco,Médico,1
52.84823044578407,Jalisco,Sinaloa,Médico,1
54.10617777576164,Jalisco,Sinaloa,Médico,1
60.36664064978133,Sinaloa,CDMX,Médico,0
53.01577274001036,Jalisco,Sinaloa,Policía,0
52.96421601854219,Jalisco,Sinaloa,Médico,1
52.823879431271685,Jalisco,Jalisco,Policía,1
56.84299740674894,Sinaloa,Sinaloa,Médico,0
50.6985741857911,Jalisco,Sinaloa,Médico,1
49.110015938033634,Jalisco,Jalisco,Médico,0
55.91384703413841,Jalisco,Sinaloa,Médico,1
55.31909924167863,Sinaloa,Jalisco,Médico,0
50.949669600850996,Sinaloa,Sinaloa,Médico,0
54.710442296031964,Sinaloa,Sinaloa,Policía,0
44.130785818594916,Jalisco,Jalisco,Policía,1
53.86915399680435,Sinaloa,Jalisco,Médico,0
50.41758688655866,Sinaloa,Sinaloa,Médico,0
53.11797281515244,Sinaloa,Sinaloa,Médico,0
52.139702726869245,Jalisco,Jalisco,Policía,0
55.95165321220138,Sinaloa,Jalisco,Médico,0
35.39273266549007,Jalisco,Sinaloa,Médico,1
54.82612882612629,Jalisco,Sinaloa,Médico,1
54.8214832861237,Jalisco,Jalisco,Médico,1
52.13381545718095,Sinaloa,Jalisco,Policía,1
53.74345458611024,Jalisco,Sinaloa,Médico,1
55.832014150186005,Jalisco,Jalisco,Policía,0
53.701653782924105,Jalisco,Sinaloa,Policía,0
50.6592052471516,Sinaloa,Sinaloa,Médico,0
51.69927933060025,Jalisco,Jalisco,Médico,1
52.8869728783397,Sinaloa,Jalisco,Policía,0
52.38102594171407,Sinaloa,Sinaloa,Médico,0
49.80929865317562,Sinaloa,Sinaloa,Chef,0
51.63216892833121,Sinaloa,Sinaloa,Chef,0
50.26869429151387,Jalisco,Jalisco,Policía,0
53.876105268273434,Sinaloa,Sinaloa,Policía,0
55.96923864550481,Sinaloa,Sinaloa,Policía,0
48.31968961003422,Jalisco,Sinaloa,Policía,1
43.123903803768535,Jalisco,Jalisco,Médico,1
51.749368475723955,Jalisco,Sinaloa,Médico,1
48.999241912322844,Jalisco,Sinaloa,Policía,0
53.28764195139352,Jalisco,Sinaloa,Médico,1
53.33651695298903,Jalisco,Sinaloa,Policía,0
48.17967094464596,Jalisco,Sinaloa,Chef,0
49.96938481162725,Jalisco,Sinaloa,Médico,0
54.512402784000294,Sinaloa,Jalisco,Médico,0
39.19009386987909,Jalisco,Sinaloa,Médico,1
49.342706713986495,Sinaloa,Jalisco,Policía,0
43.54015272792385,Jalisco,Jalisco,Médico,1
57.307977553350135,Sinaloa,Sinaloa,Policía,1
40.24551623778901,Jalisco,Sinaloa,Médico,1
55.10553525499042,Jalisco,Sinaloa,Médico,1
54.51417707232575,Jalisco,Sinaloa,Policía,0
48.88387990497026,Jalisco,Jalisco,Médico,1
39.812300915138636,Jalisco,Jalisco,Médico,1
50.84334910277141,Jalisco,Jalisco,Médico,1
48.38152789822295,Jalisco,Sinaloa,Policía,0
35.07991613867334,Jalisco,Sinaloa,Profesor,1
54.45524126104222,Sinaloa,Sinaloa,Médico,0
52.245643677858624,Sinaloa,Sinaloa,Médico,0
53.83559501465326,Sinaloa,Sinaloa,Policía,1
56.962235144263616,Sinaloa,Sinaloa,Policía,0
52.21169528607784,Sinaloa,Jalisco,Médico,0
51.4753235993191,Jalisco,Jalisco,Policía,0
55.22706908865941,Jalisco,Jalisco,Policía,0
43.15380838174627,Jalisco,Jalisco,Médico,1
54.76696176452194,Sinaloa,Jalisco,Médico,0
39.238324663624866,Jalisco,Sinaloa,Médico,1
53.00780101554624,Jalisco,Jalisco,Policía,0
52.78276134497406,Jalisco,Sinaloa,Policía,0
46.54986656945299,Jalisco,Jalisco,Policía,1
49.28806152634516,Jalisco,Jalisco,Médico,0
37.74657938129981,Jalisco,Jalisco,Médico,1
54.273357366443875,Sinaloa,Sinaloa,Chef,0
55.36726338529644,Sinaloa,Sinaloa,Médico,0
48.421526463635914,Jalisco,Sinaloa,Médico,1
56.48942054193861,Jalisco,Sinaloa,Policía,0
49.01708056255262,Jalisco,Sinaloa,Policía,0
48.515679517041576,Jalisco,Jalisco,Médico,0
54.098094069138924,Sinaloa,Jalisco,Policía,0
51.7970260009061,Jalisco,Jalisco,Policía,1
36.88772410242966,Jalisco,Sinaloa,Médico,1
48.69188918248075,Jalisco,Sinaloa,Policía,1
51.10995106837982,Sinaloa,Sinaloa,Médico,0
48.79535550819023,Jalisco,Sinaloa,Policía,0
53.37850874703167,Jalisco,Sinaloa,Médico,1
54.43746066590897,Jalisco,CDMX,Médico,1
54.43346203947283,Jalisco,Jalisco,Policía,0
58.115860486933656,Sinaloa,Jalisco,Médico,1
52.68747840578682,Sinaloa,Sinaloa,Chef,0
53.240959239537844,Sinaloa,Jalisco,Chef,0
53.34157923986565,Sinaloa,Jalisco,Médico,1
54.84589728531005,Jalisco,Jalisco,Policía,0
50.76916719323296,Sinaloa,Sinaloa,Médico,0
37.49436957449059,Jalisco,Sinaloa,Médico,1
52.617357140542886,Jalisco,Jalisco,Policía,1
45.76860361489551,Jalisco,Sinaloa,Policía,1
40.368771948684575,Jalisco,Jalisco,Médico,1
51.000904294997525,Jalisco,Jalisco,Policía,0
54.21996839419394,Sinaloa,Sinaloa,Policía,0
37.15632463433607,Jalisco,Sinaloa,Médico,1
56.70174654986695,Sinaloa,Sinaloa,Médico,0
50.0563058147047,Jalisco,Sinaloa,Policía,1
51.026854547892846,Jalisco,Jalisco,Médico,1
40.76075129617958,Jalisco,Jalisco,Médico,1
53.92597335307637,Jalisco,Jalisco,Policía,0
59.52568514506616,Sinaloa,Jalisco,Médico,0
58.25724373054706,Sinaloa,Sinaloa,Policía,0
52.170559918615126,Jalisco,Sinaloa,Médico,1
40.708780171295984,Jalisco,Jalisco,Médico,1
45.60473378515738,Jalisco,Sinaloa,Policía,1
56.42347144002467,Jalisco,Jalisco,Médico,1
30.993318389980875,Jalisco,CDMX,Médico,1
27.561102558751678,Sinaloa,Sinaloa,Profesor,1
54.23602949708663,Sinaloa,Sinaloa,Chef,0
51.700322698199706,Sinaloa,Jalisco,Policía,0
40.218364845364015,Jalisco,Sinaloa,Médico,1
51.43087791528437,Sinaloa,Sinaloa,Médico,0
30.07132569766596,Sinaloa,Sinaloa,Médico,1
52.02053682855657,Jalisco,Jalisco,Médico,0
51.55954647054419,Jalisco,Sinaloa,Policía,1
34.70366849332747,Jalisco,Sinaloa,Médico,1
54.295535385651554,Jalisco,Sinaloa,Policía,0
48.37984449832625,Sinaloa,Jalisco,Médico,0
56.28167580147435,Jalisco,Jalisco,Médico,1
50.85734334107887,Jalisco,Sinaloa,Policía,0
50.79564792126524,Jalisco,Sinaloa,Chef,0
50.52627474632206,Jalisco,Jalisco,Médico,1
30.51532578616622,Sinaloa,Jalisco,Profesor,1
48.53147845678815,Jalisco,Jalisco,Profesor,0
56.66024024307372,Jalisco,Sinaloa,Médico,1
51.324683096080726,Jalisco,Sinaloa,Policía,0
47.37622733083285,Jalisco,Jalisco,Profesor,0
53.83310229641468,Sinaloa,Sinaloa,Policía,0
55.32418300501588,Jalisco,Jalisco,Policía,0
41.48222194836449,Jalisco,Jalisco,Médico,1
51.636581875616606,Jalisco,Sinaloa,Médico,1
52.373058922301006,Jalisco,Sinaloa,Médico,1
39.04960961191549,Jalisco,Sinaloa,Médico,1
58.488599604943424,Sinaloa,Sinaloa,Médico,1
53.779602553378105,Jalisco,Sinaloa,Policía,0
54.452207717804185,Jalisco,Jalisco,Médico,0
41.62798747526335,Jalisco,Sinaloa,Médico,1
44.70626679740298,Jalisco,Sinaloa,Médico,1
46.667391824336796,Jalisco,Sinaloa,Médico,0
55.30626520547912,Sinaloa,Jalisco,Policía,0
53.68375837756137,Sinaloa,Sinaloa,Médico,0
56.40344042668297,Jalisco,Jalisco,Médico,0
54.936239955861545,Jalisco,Sinaloa,Médico,1
55.45561966410489,Jalisco,Sinaloa,Policía,0
50.14211573396383,Jalisco,Jalisco,Médico,0
42.861739743447046,Jalisco,Jalisco,Médico,1
52.95158711935776,Jalisco,Sinaloa,Policía,0
51.51531740818209,Jalisco,Jalisco,Policía,0
52.69926769915378,Sinaloa,Sinaloa,Chef,1
56.65978486903986,Jalisco,Sinaloa,Médico,1
46.670496683373884,Sinaloa,Jalisco,Policía,0
55.43575124234132,Sinaloa,Jalisco,Médico,0
42.58093168783675,Jalisco,Sinaloa,Policía,1
48.25414131436678,Jalisco,Jalisco,Policía,0
35.42208306850452,Jalisco,Sinaloa,Médico,1
49.414692481891635,Sinaloa,Sinaloa,Policía,0
54.41906712539283,Sinaloa,Jalisco,Médico,1
53.15270917470511,Jalisco,Sinaloa,Médico,1
51.90397649475184,Jalisco,Sinaloa,Chef,0
52.0434535457671,Sinaloa,Sinaloa,Médico,0
31.19863344591731,Sinaloa,Sinaloa,Profesor,1
53.693167444293756,Sinaloa,Jalisco,Médico,0
55.2577405989563,Jalisco,Sinaloa,Médico,1
39.31599121128491,Jalisco,Jalisco,Médico,1
60.56839478688957,Sinaloa,Sinaloa,Médico,0
36.515313092215735,Jalisco,Sinaloa,Médico,1
52.1472418911659,Sinaloa,Sinaloa,Médico,0
53.490250721506506,Sinaloa,Jalisco,Médico,1
51.655349479096614,Jalisco,Jalisco,Médico,1
55.36542474553062,Jalisco,Sinaloa,Policía,0
29.85516406356013,Jalisco,Jalisco,Médico,1
52.729117770343144,Jalisco,Sinaloa,Policía,0
54.81169567516401,Sinaloa,Jalisco,Policía,0
58.1458987574392,Sinaloa,Sinaloa,Policía,0
49.681632540408486,Jalisco,Sinaloa,Policía,1
55.835607204760294,Sinaloa,Jalisco,Médico,0
53.529386612384194,Jalisco,Sinaloa,Policía,0
55.26734538818568,Jalisco,Sinaloa,Chef,0
50.72936589098551,Jalisco,Jalisco,Policía,1
52.23662119984873,Jalisco,Sinaloa,Policía,0
35.4687082815511,Jalisco,Sinaloa,Médico,1
52.86182877672554,Sinaloa,Sinaloa,Policía,0
37.32127413165485,Jalisco,Jalisco,Médico,1
50.58348639980485,Jalisco,Sinaloa,Policía,0
53.01167544504945,Jalisco,Sinaloa,Policía,0
52.741483131039814,Sinaloa,Sinaloa,Policía,1
54.844253382245874,Sinaloa,Sinaloa,Médico,0
42.97802152834,Jalisco,Jalisco,Policía,1
53.42082492495329,Sinaloa,Sinaloa,Médico,0
52.96164584620191,Sinaloa,Sinaloa,Médico,0
51.11381360842594,Jalisco,Sinaloa,Médico,0
42.90155706713223,Jalisco,Jalisco,Médico,1
53.18736920004233,Jalisco,Sinaloa,Policía,1
54.610852421833876,Sinaloa,Sinaloa,Policía,1
43.08249359079686,Jalisco,Sinaloa,Policía,1
50.376993019932485,Sinaloa,Sinaloa,Médico,0
33.48709004656153,Jalisco,Jalisco,Médico,1
56.59151002247321,Sinaloa,Sinaloa,Médico,1
53.98933763472465,Sinaloa,Jalisco,Médico,0
54.838186262411654,Jalisco,Jalisco,Médico,1
52.89704268099832,Sinaloa,Sinaloa,Médico,0
38.73766237672291,Jalisco,Sinaloa,Médico,1
56.46924828979983,Sinaloa,Sinaloa,Policía,0
30.901760776699497,Jalisco,Jalisco,Profesor,1
33.088519547141196,Sinaloa,Jalisco,Médico,1
48.63334767540729,Jalisco,Sinaloa,Policía,0
56.81078435450852,Sinaloa,Sinaloa,Médico,0
52.877244874215755,Jalisco,Jalisco,Policía,0
50.53348763831804,Jalisco,Sinaloa,Policía,0
50.29526731123055,Jalisco,Jalisco,Policía,0
53.21863556757237,Jalisco,Sinaloa,Chef,0
58.69896561104408,Sinaloa,Jalisco,Policía,0
57.73980291081559,Sinaloa,Jalisco,Médico,0
45.38142479120706,Jalisco,Sinaloa,Policía,1
51.36633961279272,Jalisco,Jalisco,Médico,1
41.51184119671062,Jalisco,Jalisco,Médico,1
55.39783263335056,Jalisco,Sinaloa,Médico,1
51.89613990604154,Jalisco,Sinaloa,Policía,1
54.55751773583631,Jalisco,Sinaloa,Policía,0
53.117779867855184,Jalisco,Sinaloa,Médico,1
53.03869633462111,Sinaloa,Jalisco,Médico,0
34.901496932558445,Jalisco,Sinaloa,Médico,1
51.752283897903155,Jalisco,Sinaloa,Policía,0
52.26840461072979,Sinaloa,Sinaloa,Policía,0
52.044276813712784,Jalisco,Sinaloa,Policía,0
49.12143292150748,Jalisco,Sinaloa,Chef,0
53.734586052439234,Jalisco,Sinaloa,Policía,0
55.23872805712223,Jalisco,Sinaloa,Médico,1
51.3346201262339,Jalisco,Jalisco,Policía,0
53.99417579574602,Jalisco,Sinaloa,Chef,0
39.89638835934265,Jalisco,Jalisco,Policía,1
55.40768697422711,Jalisco,Jalisco,Chef,0
43.760541282304295,Jalisco,Sinaloa,Policía,1
52.06904307683885,Sinaloa,Jalisco,Chef,0
32.90068545193497,Sinaloa,Jalisco,Médico,1
57.2665441928245,Sinaloa,Sinaloa,Médico,0
54.96142081234956,Jalisco,Jalisco,Policía,0
56.31994569273011,Sinaloa,Sinaloa,Policía,0
56.31496836562667,Sinaloa,Sinaloa,Médico,0
56.29352667759655,Jalisco,Sinaloa,Médico,1
54.456369294047136,Sinaloa,Jalisco,Policía,0
53.20454557920751,Sinaloa,Sinaloa,Ingeniero,0
33.72542576495863,Jalisco,Sinaloa,Médico,1
52.621100650166696,Jalisco,Sinaloa,Policía,0
59.657878810526626,Sinaloa,Sinaloa,Policía,0
48.6506162652025,Jalisco,Sinaloa,Policía,1
54.60989781460361,Jalisco,Sinaloa,Médico,1
50.910935718503325,Jalisco,Jalisco,Médico,1
53.806646626911885,Jalisco,Jalisco,Policía,0
54.31160415009234,Sinaloa,Sinaloa,Chef,0
50.90634780006122,Sinaloa,Jalisco,Policía,1
56.25602732273909,Jalisco,Jalisco,Médico,1
55.767869902635745,Jalisco,Sinaloa,Policía,0
37.11430115466658,Jalisco,Sinaloa,Médico,1
56.83826802094464,Jalisco,Jalisco,Médico,1
52.77396651762811,Sinaloa,Jalisco,Chef,0
52.88843359568349,Jalisco,Sinaloa,Policía,1
51.29484219695941,Jalisco,Jalisco,Médico,1
54.62102840778004,Jalisco,Sinaloa,Médico,1
47.38583215352456,Jalisco,Jalisco,Policía,1
56.49865342800402,Jalisco,Sinaloa,Profesor,1
53.415347094096596,Sinaloa,Sinaloa,Médico,1
39.37528449241794,Jalisco,Sinaloa,Médico,1
51.99336176469362,Sinaloa,Jalisco,Policía,1
57.96963966557845,Sinaloa,Sinaloa,Policía,0
54.31549778724623,Jalisco,Sinaloa,Médico,1
53.73039731073056,Sinaloa,Jalisco,Médico,0
55.61605423644401,Jalisco,Sinaloa,Chef,0
54.194741086043834,Jalisco,Sinaloa,Médico,1
52.02308136951971,Jalisco,Jalisco,Policía,0
56.45542430097176,Sinaloa,Sinaloa,Médico,0
36.583875101781665,Jalisco,Sinaloa,Médico,1
32.93819782487242,Jalisco,Sinaloa,Médico,1
52.46348746377971,Sinaloa,Sinaloa,Médico,0
54.42204591807392,Sinaloa,Sinaloa,Policía,0
42.54031520405179,Jalisco,Sinaloa,Médico,1
48.04187382859477,Jalisco,Sinaloa,Policía,1
53.8405450297667,Jalisco,Sinaloa,Médico,1
53.62242449214065,Jalisco,Sinaloa,Médico,1
53.33299245307859,Jalisco,Sinaloa,Policía,0
54.07999010730927,Sinaloa,Jalisco,Policía,0
55.60992483864738,Jalisco,Sinaloa,Médico,1
50.709713198920355,Jalisco,Sinaloa,Policía,0
55.06943377768374,Jalisco,Sinaloa,Médico,1
51.27767526261676,Jalisco,Jalisco,Chef,0
55.30375170314642,Sinaloa,Jalisco,Chef,0
56.53050175056287,Jalisco,Sinaloa,Médico,0
53.326174501020176,Jalisco,Sinaloa,Médico,1
32.72082639155168,Sinaloa,Sinaloa,Profesor,1
54.5352957079899,Jalisco,Sinaloa,Médico,1
50.75262311478501,Jalisco,Sinaloa,Policía,1
36.09546870520735,Jalisco,Sinaloa,Médico,1
44.16224387601124,Jalisco,Jalisco,Policía,1
53.24591395540862,Sinaloa,Sinaloa,Médico,0
53.881703932055466,Sinaloa,Sinaloa,Médico,1
51.95350252461352,Sinaloa,Sinaloa,Médico,0
55.59233612254776,Sinaloa,Sinaloa,Médico,0
52.94826308315647,Sinaloa,Sinaloa,Policía,1
50.519338198461725,Jalisco,Sinaloa,Policía,0
51.873647990540874,Sinaloa,Jalisco,Policía,0
51.562565619838196,Jalisco,Jalisco,Policía,0
32.414652155682546,Jalisco,Sinaloa,Médico,1
54.38654141015777,Jalisco,Jalisco,Policía,0
47.47731502007733,Jalisco,Jalisco,Policía,1
56.765569051706166,Sinaloa,Jalisco,Médico,0
53.015180412733145,Sinaloa,Sinaloa,Médico,0
53.469533885753805,Sinaloa,Sinaloa,Policía,0
51.50545439094156,Sinaloa,Sinaloa,Médico,0
42.797621098953684,Jalisco,Sinaloa,Médico,1
48.791059583821074,Jalisco,Sinaloa,Policía,1
50.74768403370099,Jalisco,Jalisco,Médico,1
59.449236804076385,Sinaloa,Sinaloa,Policía,0
50.64911273328864,Jalisco,Sinaloa,Policía,0
32.14839953803829,Jalisco,Jalisco,Profesor,1
50.35541614836601,Jalisco,Jalisco,Médico,0
55.22318486098534,Jalisco,Jalisco,Médico,1
56.53455997914841,Jalisco,Jalisco,Policía,0
40.307040050318804,Jalisco,Sinaloa,Médico,1
58.03598125285275,Sinaloa,Sinaloa,Médico,0
49.587213904797146,Jalisco,Sinaloa,Policía,1
53.868122287753984,Sinaloa,Jalisco,Policía,0
51.99318269857608,Jalisco,Jalisco,Policía,0
49.652414127162245,Jalisco,Sinaloa,Médico,0
46.7192553359504,Jalisco,Jalisco,Policía,1
45.81039539811478,Jalisco,Sinaloa,Médico,0
53.99897625435314,Sinaloa,Sinaloa,Médico,0
54.30018310473959,Sinaloa,Jalisco,Policía,0
55.114883700836494,Jalisco,Jalisco,Chef,0
53.69702069747991,Jalisco,Sinaloa,Médico,1
53.87301591040525,Sinaloa,Sinaloa,Médico,0
49.748335959617435,Jalisco,Jalisco,Policía,0
52.15131401239264,Sinaloa,Sinaloa,Médico,0
51.55603006348762,Jalisco,Jalisco,Policía,0
33.65888686458201,Jalisco,Jalisco,Profesor,1
51.80961721347858,Jalisco,Sinaloa,Médico,1
56.95260597486355,Sinaloa,Jalisco,Médico,0
48.23896901353494,Jalisco,Jalisco,Profesor,0
53.28840644157761,Sinaloa,Jalisco,Médico,0
49.41390602019216,Jalisco,Jalisco,Policía,0
51.5207068587516,Jalisco,Sinaloa,Policía,0
49.856867740909834,Jalisco,Jalisco,Médico,1
53.29289219243953,Sinaloa,Jalisco,Médico,0
52.46830655403388,Jalisco,Sinaloa,Policía,0
57.16507092100731,Sinaloa,Sinaloa,Policía,0
51.57185720816177,Jalisco,Sinaloa,Policía,1
51.27246165635055,Sinaloa,Jalisco,Médico,0
39.711771416403565,Jalisco,Sinaloa,Médico,1
39.15128080534113,Jalisco,Sinaloa,Médico,1
40.51199604778574,Jalisco,Sinaloa,Médico,1
56.37319197671326,Sinaloa,Sinaloa,Policía,0
53.265543194488586,Jalisco,Jalisco,Médico,1
55.594827180939184,Sinaloa,Jalisco,Policía,0
55.20813643090992,Sinaloa,Sinaloa,Médico,1
52.79794183690878,Jalisco,Sinaloa,Policía,0
48.67834933618167,Sinaloa,Sinaloa,Médico,0
61.34084082890363,Sinaloa,Sinaloa,Policía,0
52.53695507542902,Jalisco,Sinaloa,Médico,1
29.214298084947494,Sinaloa,Sinaloa,Médico,1
49.687554765454344,Jalisco,Jalisco,Policía,0
49.29029878546925,Jalisco,Sinaloa,Policía,0
37.715576222062346,Jalisco,Sinaloa,Médico,1
49.843127849027795,Jalisco,Jalisco,Policía,0
48.10546058776393,Sinaloa,Jalisco,Chef,0
49.99295716181153,Sinaloa,Jalisco,Policía,0
56.453617165449806,Sinaloa,Jalisco,Médico,0
41.565433563633306,Jalisco,Sinaloa,Médico,1
55.85647189944665,Sinaloa,Jalisco,Médico,0
42.30221333499288,Jalisco,Sinaloa,Médico,1
42.99905992638915,Jalisco,Jalisco,Policía,1
52.366522650029374,Sinaloa,Sinaloa,Chef,0
54.956658484168976,Sinaloa,Sinaloa,Médico,0
47.922068593287825,Jalisco,Sinaloa,Policía,0
58.471819791845135,Jalisco,Sinaloa,Policía,0
55.01158373769351,Jalisco,Jalisco,Policía,0
53.263665264568445,Sinaloa,Sinaloa,Médico,0
52.96536291309414,Sinaloa,Sinaloa,Médico,0
53.18354876911288,Jalisco,Sinaloa,Médico,1
52.487402959642395,Jalisco,Sinaloa,Chef,0
50.149345202244966,Jalisco,Jalisco,Médico,0
53.23500952461874,Jalisco,Sinaloa,Policía,1
53.6510513725493,Sinaloa,Sinaloa,Médico,1
56.58005409646818,Sinaloa,Sinaloa,Policía,0
33.66032914215283,Jalisco,Jalisco,Médico,1
52.940683978729695,Sinaloa,Sinaloa,Policía,0
36.14626109620373,Jalisco,Sinaloa,Médico,1
53.10733107756771,Jalisco,Jalisco,Policía,0
54.03514426667489,Jalisco,Jalisco,Médico,0
52.52488864523478,Sinaloa,Sinaloa,Médico,0
53.64912722324746,Jalisco,Sinaloa,Médico,1
32.61075778672624,Jalisco,Jalisco,Médico,1
58.86353401901634,Sinaloa,Sinaloa,Policía,0
46.44984306737089,Jalisco,Sinaloa,Policía,1
52.32740186982721,Sinaloa,Jalisco,Médico,0
51.4486172502883,Jalisco,Sinaloa,Médico,1
32.254870321798066,Sinaloa,Jalisco,Médico,1
55.9717146317275,Sinaloa,Jalisco,Médico,0
35.65749609476846,Jalisco,Sinaloa,Médico,1
53.3943864561058,Jalisco,Sinaloa,Médico,1
52.57655976975437,Jalisco,Sinaloa,Policía,0
57.89371382570081,Jalisco,Sinaloa,Policía,0
50.03076026474099,Jalisco,Jalisco,Médico,1
47.54008825213489,Jalisco,Sinaloa,Médico,0
40.63796143013205,Jalisco,Jalisco,Médico,1
32.66839793505643,Sinaloa,Jalisco,Médico,1
50.70258298768075,Sinaloa,Sinaloa,Policía,0
54.87401894257597,Sinaloa,Jalisco,Médico,1
54.507029461247285,Jalisco,Sinaloa,Policía,0
42.68471858385459,Jalisco,Jalisco,Médico,1
52.362895884700585,Sinaloa,Sinaloa,Médico,0
42.88516253723583,Jalisco,Sinaloa,Médico,1
52.137574474549915,Sinaloa,Sinaloa,Médico,0
53.26686326700281,Sinaloa,Sinaloa,Policía,0
52.46284531119864,Sinaloa,Sinaloa,Policía,0
52.221039872442375,Jalisco,Jalisco,Policía,0
35.58735727795046,Jalisco,Jalisco,Médico,1
51.28515435562283,Jalisco,Sinaloa,Médico,0
49.18019576613078,Jalisco,Jalisco,Médico,0
54.46963737585799,Jalisco,Sinaloa,Policía,0
55.35097885086866,Jalisco,Jalisco,Policía,0
33.94364603003653,Jalisco,Sinaloa,Médico,1
55.13582827998129,Sinaloa,Jalisco,Policía,0
33.88864683822119,Jalisco,Jalisco,Médico,1
38.814777212541856,Jalisco,Sinaloa,Médico,1
52.987416960790256,Sinaloa,Sinaloa,Médico,1
53.44553106579883,Sinaloa,Sinaloa,Médico,0
45.84590713898096,Jalisco,Sinaloa,Policía,1
58.95919794752165,Jalisco,Jalisco,Policía,0
55.89012933532769,Jalisco,Sinaloa,Médico,1
52.89723634174683,Jalisco,Sinaloa,Policía,0
42.25181406165092,Jalisco,Sinaloa,Policía,1
32.79569520565812,Jalisco,Jalisco,Médico,1
57.5718243706122,Sinaloa,Jalisco,Policía,0
45.93826269172614,Jalisco,Jalisco,Médico,1
41.54972600612622,Jalisco,Sinaloa,Médico,1
51.50343423169915,Jalisco,Jalisco,Policía,0
51.1412733080221,Jalisco,Sinaloa,Profesor,0
53.81486952271084,Sinaloa,Sinaloa,Médico,1
49.41662677162937,Jalisco,Sinaloa,Policía,0
56.313283875457365,Sinaloa,Jalisco,Médico,0
49.246462087750785,Jalisco,Jalisco,Policía,1
35.33833126161588,Jalisco,Jalisco,Médico,1
33.30287114905774,Jalisco,Sinaloa,Médico,1
55.06783243830904,Jalisco,Sinaloa,Médico,1
58.07508673526608,Sinaloa,Jalisco,Médico,1
55.032423904370916,Jalisco,Sinaloa,Policía,0
49.44578529276893,Jalisco,Sinaloa,Policía,1
37.40398568629696,Jalisco,Sinaloa,Médico,1
54.29338824621024,Sinaloa,Sinaloa,Médico,0
56.42005842305477,Sinaloa,Sinaloa,Médico,0
60.4199168943609,Sinaloa,Sinaloa,Chef,0
35.92591443410582,Jalisco,Sinaloa,Médico,1
58.03467413709567,Sinaloa,Sinaloa,Médico,0
54.733084703429604,Sinaloa,Sinaloa,Médico,0
59.19939101015158,Jalisco,Jalisco,Policía,0
53.32510521257065,Jalisco,Sinaloa,Médico,1
55.8170407483946,Sinaloa,Jalisco,Médico,0
39.96496288169814,Jalisco,Jalisco,Médico,1
52.86629744120443,Jalisco,Sinaloa,Médico,1
53.89356064917398,Jalisco,Sinaloa,Médico,1
55.23272737751508,Sinaloa,Sinaloa,Médico,0
50.52331864525365,Jalisco,CDMX,Médico,0
54.392166308174026,Sinaloa,Sinaloa,Médico,0
48.37347291482056,Jalisco,Jalisco,Policía,1
37.58858487619178,Jalisco,Sinaloa,Médico,1
40.054325470949635,Jalisco,Sinaloa,Médico,1
51.49613844507634,Jalisco,Sinaloa,Médico,1
52.43867171198561,Sinaloa,Jalisco,Chef,0
53.34418085109319,Jalisco,Sinaloa,Policía,0
57.05000659391301,Sinaloa,Sinaloa,Médico,1
53.5271461174258,Jalisco,Sinaloa,Médico,1
52.93356466094609,Jalisco,Sinaloa,Policía,0
54.11607753843219,Jalisco,CDMX,Policía,0
51.21511852648933,Jalisco,Sinaloa,Policía,0
39.56574631188903,Jalisco,Sinaloa,Médico,1
56.62871113161252,Sinaloa,Sinaloa,Chef,0
51.50367742232586,Jalisco,Jalisco,Médico,1
39.586916782900204,Jalisco,Sinaloa,Médico,1
55.67700308450551,Jalisco,Sinaloa,Chef,0
51.513250053175106,Sinaloa,Jalisco,Médico,0
37.95057450709261,Jalisco,Sinaloa,Médico,1
46.856902241357815,Jalisco,Jalisco,Policía,1
55.44487799713217,Jalisco,Sinaloa,Médico,1
55.60788635038459,Jalisco,Sinaloa,Policía,0
47.65278637627702,Sinaloa,Sinaloa,Policía,0
53.147256496217146,Jalisco,Sinaloa,Policía,0
39.41209291512602,Jalisco,Jalisco,Médico,1
48.9895664153423,Jalisco,Sinaloa,Policía,0
39.10224313555818,Jalisco,Sinaloa,Policía,1
42.50918103559129,Jalisco,Sinaloa,Médico,1
48.67807395094388,Jalisco,Jalisco,Médico,1
49.09476119739084,Jalisco,Sinaloa,Policía,0
37.389558510968556,Jalisco,Sinaloa,Médico,1
53.932946037995954,Sinaloa,Sinaloa,Médico,0
52.433829648185956,Jalisco,Sinaloa,Policía,0
57.07961433166037,Sinaloa,Jalisco,Policía,0
52.214175019689876,Jalisco,Sinaloa,Policía,0
49.28895250174308,Jalisco,Sinaloa,Policía,1
48.11806241659963,Jalisco,Sinaloa,Policía,1
56.32450583272164,Jalisco,Sinaloa,Médico,1
39.930387342901625,Jalisco,Jalisco,Policía,1
53.936709371179674,Jalisco,Jalisco,Policía,0
52.72140204237224,Sinaloa,Sinaloa,Médico,0
53.19685662727834,Jalisco,Sinaloa,Médico,1
49.387853787358125,Sinaloa,Jalisco,Policía,0
52.860767902601815,Jalisco,Sinaloa,Policía,0
51.60924533815984,Sinaloa,Jalisco,Policía,1
52.307573089262924,Jalisco,Sinaloa,Médico,0
38.19410842539983,Jalisco,Jalisco,Médico,1
56.462014781733544,Jalisco,Sinaloa,Policía,0
54.666721763667276,Sinaloa,Jalisco,Médico,0
52.17169298834279,Jalisco,Sinaloa,Policía,0
51.11890747973691,Jalisco,Sinaloa,Médico,1
50.782844447648216,Sinaloa,Sinaloa,Médico,0
42.07781487853324,Jalisco,Sinaloa,Policía,1
56.57003161584452,Jalisco,Jalisco,Médico,1
49.34567289791938,Sinaloa,Sinaloa,Chef,0
51.46743239516669,Sinaloa,Jalisco,Policía,0
41.892991919179096,Jalisco,Sinaloa,Médico,1
48.963385155866156,Jalisco,Sinaloa,Médico,0
41.53585567956566,Jalisco,Sinaloa,Médico,1
47.08405807045667,Jalisco,Jalisco,Policía,1
50.193949247729115,Sinaloa,Sinaloa,Médico,0
44.47353146209461,Jalisco,Sinaloa,Médico,1
48.48375025582353,Jalisco,Sinaloa,Policía,0
52.02309239804058,Sinaloa,Jalisco,Chef,0
47.55688962663618,Jalisco,Sinaloa,Policía,1
50.721394141825016,Jalisco,Jalisco,Policía,0
42.36163037120739,Jalisco,Sinaloa,Médico,1
49.90599019842875,Sinaloa,Sinaloa,Médico,0
54.8780479070142,Sinaloa,Sinaloa,Médico,1
53.73586534403867,Jalisco,Sinaloa,Médico,1
54.479056617854724,Jalisco,Jalisco,Médico,1
55.781578809232215,Sinaloa,Sinaloa,Chef,0
55.59397328325634,Jalisco,Sinaloa,Médico,0
47.36632417834102,Jalisco,Sinaloa,Médico,1
53.399311466831335,Jalisco,Sinaloa,Médico,1
57.781176337403274,Jalisco,Jalisco,Policía,1
52.8004921941727,Jalisco,Jalisco,Policía,1
54.40826923474227,Sinaloa,Sinaloa,Médico,1
55.01825026634244,Sinaloa,Sinaloa,Médico,0
48.88932469173019,Jalisco,Jalisco,Médico,0
41.337926349832756,Jalisco,Jalisco,Médico,1
55.07383789999492,Sinaloa,Sinaloa,Policía,0
57.47213561196756,Sinaloa,Jalisco,Médico,1
51.80621225831969,Jalisco,Sinaloa,Policía,0
49.43712100061984,Jalisco,Sinaloa,Policía,1
52.92646354779178,Jalisco,Sinaloa,Médico,1
53.69371753328331,Jalisco,Jalisco,Chef,0
54.178226501486606,Sinaloa,Sinaloa,Policía,0
41.08057340062161,Jalisco,Jalisco,Médico,1
35.0921897243246,Jalisco,Sinaloa,Médico,1
51.99546974011777,Jalisco,Sinaloa,Médico,1
53.956759579245556,Sinaloa,Jalisco,Chef,0
46.315442620437665,Jalisco,Jalisco,Policía,1
54.023705460944775,Jalisco,Jalisco,Médico,1
41.00945928659383,Jalisco,Sinaloa,Médico,1
51.37346742997046,Jalisco,Sinaloa,Médico,1
51.33970199245297,Jalisco,Sinaloa,Médico,1
43.72357793426474,Jalisco,Sinaloa,Médico,1
58.182963549599435,Sinaloa,Sinaloa,Policía,0
56.08852044470813,Jalisco,Sinaloa,Policía,0
33.02932382387512,Jalisco,Sinaloa,Profesor,1
49.82407224960552,Jalisco,Sinaloa,Policía,0
45.4220285653897,Jalisco,Jalisco,Policía,1
53.477749207216476,Jalisco,Sinaloa,Médico,1
51.63599306812856,Sinaloa,Jalisco,Chef,0
50.27712973399229,Jalisco,Jalisco,Policía,0
43.23530841021789,Jalisco,Jalisco,Médico,1
52.00199909874469,Jalisco,Jalisco,Policía,0
55.658515443336526,Sinaloa,Jalisco,Médico,1
59.14070497607786,Sinaloa,Jalisco,Policía,0
53.10538362199376,Sinaloa,Sinaloa,Policía,0
57.451326647456234,Jalisco,Sinaloa,Médico,0
56.73215534521778,Jalisco,Sinaloa,Policía,0
47.935477231181224,Jalisco,Sinaloa,Médico,0
34.63489266291997,Jalisco,Sinaloa,Médico,1
55.153964048673096,Sinaloa,Sinaloa,Médico,0
54.365046870411334,Jalisco,Sinaloa,Médico,1
54.376128760726104,Jalisco,Sinaloa,Policía,0
51.67701902024307,Jalisco,Jalisco,Médico,1
53.20494681760422,Jalisco,Sinaloa,Médico,1
48.82730465964086,Jalisco,Sinaloa,Médico,0
42.654545868239154,Jalisco,Sinaloa,Médico,1
57.69380137431829,Sinaloa,Jalisco,Policía,0
49.97659902968194,Jalisco,Sinaloa,Policía,0
50.59295177716793,Jalisco,Sinaloa,Policía,0
52.80113003967259,Sinaloa,Sinaloa,Chef,0
53.68636297211676,Sinaloa,Jalisco,Médico,0
43.02227301034561,Jalisco,Sinaloa,Policía,1
50.87890438192311,Jalisco,Sinaloa,Policía,0
53.91091520207703,Sinaloa,Sinaloa,Policía,0
52.379966543662015,Jalisco,Jalisco,Policía,1
53.84557223885646,Jalisco,Sinaloa,Policía,0
40.158928496334774,Jalisco,Sinaloa,Médico,1
28.533075393763156,Sinaloa,Jalisco,Profesor,1
50.85711435724695,Jalisco,Sinaloa,Policía,0
47.63026433199042,Jalisco,Jalisco,Médico,1
51.14674207818607,Jalisco,Sinaloa,Policía,0
51.19713320010386,Jalisco,Jalisco,Policía,0
53.46672595046983,Jalisco,Sinaloa,Médico,1
54.05051293397466,Jalisco,Sinaloa,Médico,1
53.85567248789255,Jalisco,Jalisco,Médico,1
51.3257985458419,Sinaloa,Sinaloa,Médico,0
53.581329189221385,Jalisco,Sinaloa,Médico,1
51.87369437632911,Sinaloa,Jalisco,Médico,0
33.34816322200649,Jalisco,Jalisco,Médico,1
53.232518699235975,Jalisco,Jalisco,Policía,0
52.21715687265727,Sinaloa,Sinaloa,Médico,1
56.49028753182961,Sinaloa,Sinaloa,Médico,0
54.61746248230707,Jalisco,Sinaloa,Policía,0
52.27116369842518,Jalisco,Sinaloa,Médico,0
54.95310797040225,Sinaloa,Sinaloa,Médico,0
35.88578024312882,Jalisco,Jalisco,Médico,1
45.80732304567057,Jalisco,Jalisco,Profesor,0
37.310851121930746,Jalisco,Jalisco,Médico,1
41.50653214008328,Jalisco,Sinaloa,Médico,1
53.41577830388015,Jalisco,Sinaloa,Policía,0
51.93449841082709,Jalisco,Sinaloa,Policía,0
53.28059777926055,Sinaloa,Sinaloa,Médico,0
56.93234473750985,Jalisco,Sinaloa,Médico,1
55.74244639165202,Jalisco,Jalisco,Policía,0
51.738859104211414,Sinaloa,Sinaloa,Médico,1
55.87034449658016,Sinaloa,Sinaloa,Chef,0
51.062286142961106,Jalisco,Jalisco,Policía,0
54.08010676561632,Jalisco,Jalisco,Médico,0
54.123243081215755,Jalisco,Sinaloa,Médico,1
53.11071192921314,Sinaloa,Sinaloa,Médico,0
51.53248021853698,Jalisco,Jalisco,Policía,0
55.260602455533665,Jalisco,Sinaloa,Médico,1
50.58722436807819,Jalisco,Sinaloa,Policía,0
57.73539091945233,Sinaloa,Jalisco,Médico,0
46.79657373971803,Jalisco,Sinaloa,Policía,1
58.23844796251521,Sinaloa,Sinaloa,Policía,0
54.27830243026968,Sinaloa,Sinaloa,Médico,0
56.03173691791238,Sinaloa,Sinaloa,Médico,0
57.89544220948304,Jalisco,Sinaloa,Profesor,1
54.480860429777785,Jalisco,Sinaloa,Policía,0
48.226425977468125,Jalisco,Sinaloa,Policía,1
55.121865978172394,Jalisco,Jalisco,Médico,1
52.349741909844866,Jalisco,Sinaloa,Policía,0
53.08516907062221,Jalisco,Jalisco,Médico,1
51.488689428781505,Sinaloa,Sinaloa,Chef,0
56.38522323534728,Jalisco,Sinaloa,Médico,1
53.4329739461495,Jalisco,Sinaloa,Policía,0
53.80895767189542,Sinaloa,Sinaloa,Médico,0
52.39980778889465,Sinaloa,Jalisco,Policía,0
52.7924528498976,Sinaloa,Sinaloa,Chef,0
55.21289983208355,Jalisco,Sinaloa,Policía,0
43.84323112347904,Jalisco,Sinaloa,Policía,1
37.8810239501983,Jalisco,Jalisco,Médico,1
54.0199317092237,Sinaloa,Sinaloa,Médico,0
40.35879063493245,Jalisco,Jalisco,Médico,1
52.779403789347434,Jalisco,Sinaloa,Policía,0
58.17326959987763,Jalisco,Sinaloa,Policía,0
44.35445801197972,Jalisco,Sinaloa,Policía,1
51.325427678783015,Sinaloa,Jalisco,Médico,0
51.68987782606845,Jalisco,Jalisco,Policía,0
45.97270615249744,Jalisco,Sinaloa,Médico,1
51.95179786330556,Jalisco,Sinaloa,Médico,1
48.48405068034566,Jalisco,Sinaloa,Médico,0
35.86768682131158,Jalisco,Sinaloa,Médico,1
55.89590794407815,Sinaloa,Sinaloa,Médico,1
53.97869797615121,Jalisco,Sinaloa,Policía,0
50.17969708383204,Sinaloa,Sinaloa,Médico,0
53.22176375628579,Sinaloa,Jalisco,Médico,0
48.00308024062389,Jalisco,Sinaloa,Policía,1
51.89082583624514,Jalisco,Sinaloa,Médico,1
39.53958297063265,Jalisco,Jalisco,Médico,1
46.223979167238696,Jalisco,Jalisco,Policía,1
51.292435777790786,Sinaloa,Sinaloa,Chef,0
50.887104811600345,Sinaloa,Jalisco,Médico,0
49.83271546669914,Sinaloa,Sinaloa,Policía,1
53.30686183247788,Sinaloa,Sinaloa,Médico,0
51.309174555911305,Sinaloa,Sinaloa,Médico,0
50.93078445788656,Jalisco,Jalisco,Médico,1
48.87467430991409,Sinaloa,Jalisco,Médico,0
55.3309803421796,Jalisco,Jalisco,Médico,1
50.77439641567525,Sinaloa,Jalisco,Médico,0
52.5350621296788,Jalisco,Sinaloa,Médico,1
33.44484912885925,Jalisco,Jalisco,Médico,1
40.094009318106785,Jalisco,Sinaloa,Médico,1
49.41277142563136,Sinaloa,Jalisco,Médico,0
29.773703106766092,Sinaloa,Jalisco,Médico,1
47.91325515868124,Jalisco,Jalisco,Profesor,0
53.783180729098234,Jalisco,Sinaloa,Policía,0
51.51150618286176,Jalisco,Sinaloa,Policía,0
49.45696333366446,Jalisco,Sinaloa,Policía,1
39.476161562630715,Jalisco,Sinaloa,Médico,1
49.247806965267415,Sinaloa,Sinaloa,Médico,0
49.78760496144932,Sinaloa,Sinaloa,Médico,0
55.6257930495909,Jalisco,Sinaloa,Médico,1
57.06097275992507,Sinaloa,Jalisco,Chef,0
56.11846052277469,Jalisco,Sinaloa,Médico,1
53.946259384531125,Sinaloa,Jalisco,Policía,0
53.18808162334058,Jalisco,Sinaloa,Médico,1
52.34368836281728,Jalisco,Sinaloa,Policía,1
33.165567763306306,Jalisco,Jalisco,Profesor,1
50.1703488079639,Jalisco,Sinaloa,Policía,1
37.7905327592061,Jalisco,Sinaloa,Médico,1
55.25236338836424,Jalisco,Sinaloa,Policía,0
54.06314138580307,Sinaloa,Sinaloa,Policía,0
37.92724200861073,Jalisco,Sinaloa,Médico,1
49.723875701760456,Jalisco,Jalisco,Policía,0
55.571010414455365,Sinaloa,Sinaloa,Médico,1
50.21071054628187,Jalisco,Sinaloa,Médico,0
35.708104777491165,Jalisco,Jalisco,Médico,1
54.44427499809378,Jalisco,Sinaloa,Médico,1
46.77441043132366,Jalisco,Sinaloa,Policía,1
50.91975472247592,Jalisco,Jalisco,Policía,0
56.23902488792527,Sinaloa,Sinaloa,Médico,1
52.098010105017316,Jalisco,Jalisco,Policía,1
56.94545692356658,Sinaloa,Jalisco,Chef,0
53.14042150713426,Jalisco,Jalisco,Médico,1
57.770878297871114,Jalisco,Jalisco,Médico,0
54.15408542665284,Jalisco,Sinaloa,Policía,0
53.3881516776661,Jalisco,Sinaloa,Médico,1
49.19671983441347,Jalisco,Jalisco,Médico,0
55.22556783016476,Sinaloa,Sinaloa,Policía,0
40.81232540568798,Jalisco,Jalisco,Médico,1
40.800166005803575,Jalisco,Sinaloa,Médico,1
55.298436328171924,Sinaloa,Jalisco,Policía,0
52.96707800044979,Jalisco,Sinaloa,Médico,1
55.59407085753414,Sinaloa,Sinaloa,Policía,0
51.39639948861045,Sinaloa,Jalisco,Chef,0
53.05523462337137,Jalisco,Sinaloa,Policía,0
50.10778818401434,Jalisco,Sinaloa,Policía,1
46.20143372571792,Jalisco,Sinaloa,Policía,1
40.346457977964405,Jalisco,Sinaloa,Policía,1
54.34346606549141,Jalisco,Sinaloa,Médico,1
57.13270039744584,Jalisco,Jalisco,Médico,1
57.98932131253777,Jalisco,Jalisco,Policía,0
49.42027431559853,Jalisco,Jalisco,Médico,0
56.89795150402733,Jalisco,Jalisco,Policía,0
53.706008256886555,Jalisco,Jalisco,Médico,1
38.25048310590705,Jalisco,Jalisco,Médico,1
43.78403367901362,Jalisco,Jalisco,Policía,1
51.978298983711625,Jalisco,Sinaloa,Policía,0
57.65565148632451,Jalisco,Jalisco,Policía,0
53.544095970013885,Sinaloa,Sinaloa,Chef,0
53.79825527347054,Sinaloa,Sinaloa,Chef,0
48.24655220479446,Jalisco,Jalisco,Policía,1
57.205957688011885,Jalisco,Sinaloa,Policía,0
42.66973547281356,Jalisco,Sinaloa,Médico,1
35.84797399133012,Jalisco,Sinaloa,Médico,1
56.99094619398325,Sinaloa,Jalisco,Médico,0
26.80855297461066,Sinaloa,Jalisco,Profesor,1
54.65758880993417,Sinaloa,Jalisco,Médico,0
55.25002950993718,Jalisco,Jalisco,Médico,1
41.17069026464136,Jalisco,Jalisco,Médico,1
54.07129433593389,Sinaloa,Jalisco,Policía,0
54.65717271672788,Sinaloa,Sinaloa,Médico,0
45.3191204465278,Jalisco,Jalisco,Policía,1
55.011995361167976,Jalisco,Jalisco,Médico,1
31.275534817092947,Sinaloa,Jalisco,Profesor,1
51.910543828438186,Sinaloa,Jalisco,Médico,0
54.536118591094805,Sinaloa,Sinaloa,Policía,0
48.14591306125476,Jalisco,Jalisco,Policía,1
53.730299109294535,Jalisco,Sinaloa,Policía,0
58.25612314204976,Jalisco,Jalisco,Policía,0
51.105456129598174,Jalisco,Sinaloa,Médico,1
40.68479329500218,Jalisco,Sinaloa,Médico,1
55.021482231766356,Jalisco,Sinaloa,Policía,0
50.01713287211379,Sinaloa,Sinaloa,Policía,1
58.19031625261216,Sinaloa,Sinaloa,Policía,0
56.51137798324687,Sinaloa,Sinaloa,Policía,0
30.485150092664476,Sinaloa,Jalisco,Médico,1
50.438782309730875,Jalisco,Sinaloa,Policía,1
50.499961934932635,Jalisco,Sinaloa,Policía,1
52.64888980744039,Sinaloa,Jalisco,Chef,0
40.61778862631583,Jalisco,Sinaloa,Médico,1
55.259365727898896,Sinaloa,Jalisco,Médico,1
53.14298599248882,Sinaloa,Jalisco,Médico,1
47.40734085660017,Jalisco,Sinaloa,Médico,1
55.13136111492049,Sinaloa,Jalisco,Chef,0
53.041951677581444,Jalisco,Jalisco,Policía,1
55.41277372278701,Sinaloa,Jalisco,Médico,0
36.47030040776562,Jalisco,Sinaloa,Médico,1
51.90170251579991,Jalisco,Jalisco,Policía,0
55.569771427152,Jalisco,Sinaloa,Policía,0
52.021988954960946,Jalisco,Sinaloa,Médico,1
49.06401821478907,Jalisco,Sinaloa,Policía,1
53.89786038648146,Jalisco,Jalisco,Policía,0
50.67635895361478,Jalisco,Sinaloa,Médico,1
52.53540663432859,Sinaloa,Sinaloa,Policía,1
49.95974979231241,Jalisco,Sinaloa,Chef,0
53.1357361110388,Sinaloa,Jalisco,Médico,1
45.00115139703266,Jalisco,Jalisco,Policía,1
53.46508481069626,Jalisco,Sinaloa,Médico,1
52.31710936017889,Jalisco,Sinaloa,Policía,0
54.421567843524144,Jalisco,Sinaloa,Policía,0
50.70260185931838,Sinaloa,Jalisco,Chef,0
56.24451247149977,Jalisco,Jalisco,Médico,1
55.476218531618294,Jalisco,Sinaloa,Policía,0
41.715762067842576,Jalisco,Jalisco,Médico,1
52.39990241048174,Jalisco,Sinaloa,Médico,1
43.68321465894351,Jalisco,Sinaloa,Médico,1
53.3534098401164,Jalisco,Sinaloa,Policía,0
38.15249123262545,Jalisco,Sinaloa,Médico,1
53.961677431926674,Sinaloa,Jalisco,Médico,0
52.31806308992061,Jalisco,Sinaloa,Médico,1
56.19198138903722,Jalisco,Sinaloa,Médico,1
56.7977527191626,Sinaloa,Jalisco,Médico,0
54.378729427916625,Jalisco,Sinaloa,Médico,1
53.141700423349334,Sinaloa,Sinaloa,Policía,0
47.97403038298705,Jalisco,Jalisco,Policía,1
49.57860647112659,Jalisco,Jalisco,Policía,0
54.34912034359734,Jalisco,Jalisco,Policía,0
53.24029910390453,Sinaloa,Sinaloa,Médico,0
52.895449999872966,Sinaloa,Jalisco,Chef,0
51.73736538383804,Jalisco,Jalisco,Policía,1
55.813975512621624,Jalisco,Sinaloa,Policía,0
47.71925354643377,Jalisco,Sinaloa,Profesor,0
52.046549873742535,Sinaloa,Jalisco,Médico,0
53.39381478130253,Jalisco,Jalisco,Policía,0
50.814002915529755,Jalisco,Sinaloa,Policía,0
55.65961443295779,Sinaloa,Sinaloa,Médico,1
50.34676642340683,Sinaloa,Sinaloa,Médico,0
53.96073165551556,Jalisco,Sinaloa,Médico,1
37.67706399004895,Jalisco,Sinaloa,Médico,1
56.00940144332878,Jalisco,Sinaloa,Médico,1
55.77541195195519,Sinaloa,Sinaloa,Médico,0
57.894129718778615,Sinaloa,Jalisco,Médico,0
53.580781503247636,Jalisco,Sinaloa,Médico,1
49.2464887485809,Sinaloa,Jalisco,Policía,0
55.57796418039741,Sinaloa,Jalisco,Policía,0
53.79340822619735,Jalisco,Jalisco,Médico,1
50.8831180078892,Jalisco,Sinaloa,Policía,0
40.67611915996847,Jalisco,Sinaloa,Médico,1
46.358198118349776,Jalisco,Sinaloa,Médico,0
48.97621339107682,Jalisco,Sinaloa,Policía,1
52.63735904340285,Sinaloa,Jalisco,Policía,0
39.882992154549044,Jalisco,Jalisco,Médico,1
49.69389690785101,Sinaloa,Jalisco,Policía,0
54.1079512971672,Sinaloa,Sinaloa,Médico,1
58.81642508167334,Sinaloa,Sinaloa,Chef,0
48.844469524686886,Sinaloa,Sinaloa,Médico,0
35.94277467635743,Jalisco,Sinaloa,Médico,1
54.184943061134355,Jalisco,Sinaloa,Policía,0
53.96474699415536,Jalisco,Jalisco,Policía,0
33.40075121471206,Jalisco,Sinaloa,Médico,1
53.79741047356941,Sinaloa,Sinaloa,Médico,0
59.085891734301754,Jalisco,Sinaloa,Chef,0
57.8857503780837,Jalisco,Sinaloa,Policía,0
29.35816469585246,Sinaloa,Jalisco,Profesor,1
54.47918307588799,Sinaloa,Sinaloa,Policía,0
48.89654548373536,Jalisco,Jalisco,Policía,1
40.551129906417245,Jalisco,Sinaloa,Médico,1
58.408312281585694,Sinaloa,Sinaloa,Médico,0
54.58818616864045,Jalisco,Sinaloa,Médico,1
50.76562393130836,Sinaloa,Jalisco,Médico,0
40.13407171878116,Jalisco,Sinaloa,Médico,1
48.963970419644355,Jalisco,Jalisco,Médico,0
49.928016731113914,Jalisco,Jalisco,Policía,0
48.28190168513024,Jalisco,Sinaloa,Policía,0
57.01474652489155,Jalisco,Jalisco,Policía,0
50.87599246652159,Jalisco,Jalisco,Policía,0
37.83392937278647,Jalisco,Sinaloa,Médico,1
54.5912858002108,Sinaloa,Sinaloa,Médico,0
54.34492929632842,Sinaloa,Sinaloa,Médico,0
54.012048613354864,Sinaloa,Jalisco,Chef,0
56.655909280517456,Jalisco,Sinaloa,Policía,0
55.72589300914371,Jalisco,Jalisco,Policía,0
54.72287041032822,Jalisco,Jalisco,Médico,1
46.94846367066192,Jalisco,Jalisco,Médico,0
52.52293367389259,Sinaloa,Sinaloa,Médico,0
41.036577722089554,Jalisco,Sinaloa,Médico,1
28.501295978531303,Sinaloa,Jalisco,Profesor,1
29.75796298147886,Sinaloa,Jalisco,Médico,1
31.57196903314228,Sinaloa,Sinaloa,Médico,1
51.43980454865396,Jalisco,Sinaloa,Policía,0
50.99553142590536,Sinaloa,CDMX,Médico,0
53.34502695183047,Jalisco,Jalisco,Médico,1
44.32211406425645,Jalisco,Jalisco,Policía,1
49.68741876367305,Sinaloa,Sinaloa,Policía,1
51.90588455505732,Sinaloa,Sinaloa,Médico,0
49.32440375327378,Sinaloa,Sinaloa,Médico,0
30.331391715931716,Sinaloa,Sinaloa,Médico,1
46.8595489206503,Jalisco,Sinaloa,Policía,1
55.40934316706339,Jalisco,Jalisco,Policía,0
53.67260478472679,Sinaloa,Sinaloa,Médico,0
53.060958505952755,Jalisco,Sinaloa,Médico,1
53.988043264652575,Sinaloa,Sinaloa,Chef,0
57.50929376725327,Sinaloa,Jalisco,Médico,0
53.79328453136719,Sinaloa,Jalisco,Médico,0
48.78066243140738,Jalisco,Jalisco,Policía,1
30.881826333521023,Sinaloa,Sinaloa,Médico,1
55.87858276663827,Jalisco,Sinaloa,Médico,1
58.06654305053525,Sinaloa,Sinaloa,Médico,1
54.1229981879495,Jalisco,Sinaloa,Chef,0
36.479983540940424,Jalisco,Sinaloa,Médico,1
54.38344841946226,Sinaloa,Jalisco,Chef,0
56.596281583884256,Jalisco,Sinaloa,Chef,0
50.69583121494941,Jalisco,Sinaloa,Policía,0
36.686869641717344,Jalisco,Sinaloa,Médico,1
59.84528202767192,Jalisco,Sinaloa,Profesor,1
53.7301629956138,Jalisco,Sinaloa,Médico,1
48.344989399323374,Jalisco,Sinaloa,Policía,1
52.05991484017396,Jalisco,Jalisco,Policía,1
55.66947124877851,Sinaloa,Sinaloa,Médico,0
53.055587575153915,Jalisco,Sinaloa,Policía,0
54.19772005523434,Jalisco,Jalisco,Policía,0
53.59423227731105,Jalisco,Sinaloa,Policía,0
54.28997439890066,Jalisco,Jalisco,Policía,0
54.49260251820371,Jalisco,Sinaloa,Policía,0
50.237878842076434,Jalisco,Sinaloa,Chef,0
57.008624155629164,Sinaloa,Sinaloa,Médico,0
49.04512218309097,Jalisco,Sinaloa,Policía,0
54.89931905802596,Jalisco,Sinaloa,Policía,0
54.30511203704386,Jalisco,Sinaloa,Chef,0
38.76543634475039,Jalisco,Sinaloa,Médico,1
52.57688474638982,Jalisco,Sinaloa,Médico,1
52.48048689245975,Jalisco,Sinaloa,Médico,1
51.36506175798575,Jalisco,Sinaloa,Policía,1
33.26424986209387,Jalisco,Sinaloa,Médico,1
51.63358646753895,Jalisco,Sinaloa,Policía,1
36.06547541598398,Jalisco,Jalisco,Médico,1
54.55843048609925,Jalisco,Sinaloa,Médico,1
47.690945806728465,Jalisco,Sinaloa,Médico,0
55.468728376470125,Sinaloa,Sinaloa,Médico,0
60.093467468192806,Sinaloa,Sinaloa,Médico,0
49.26768216980937,Sinaloa,Jalisco,Médico,0
54.15793753857274,Jalisco,Sinaloa,Policía,0
50.73589909905202,Jalisco,Sinaloa,Policía,1
38.81048411270521,Jalisco,Sinaloa,Médico,1
58.91726436865795,Jalisco,Sinaloa,Policía,0
50.882421402153554,Jalisco,Jalisco,Médico,1
55.471378310606916,Jalisco,Jalisco,Médico,1
39.101186966458826,Jalisco,Jalisco,Médico,1
44.00357531736931,Jalisco,Sinaloa,Médico,1
50.28982100568141,Sinaloa,Sinaloa,Médico,0
51.005586021541156,Sinaloa,Jalisco,Médico,0
49.400295457965214,Jalisco,Jalisco,Médico,0
57.51680600306545,Sinaloa,Sinaloa,Médico,0
50.819858653568765,Jalisco,Sinaloa,Médico,1
49.111295689313096,Jalisco,Jalisco,Policía,1
45.05131616099307,Jalisco,Jalisco,Médico,1
39.861535227212016,Jalisco,Sinaloa,Policía,1
56.24473931990273,Sinaloa,Jalisco,Médico,0
53.21052812888798,Sinaloa,Jalisco,Médico,0
26.43516112053227,Sinaloa,Sinaloa,Profesor,1
48.424462850676925,Jalisco,Sinaloa,Policía,1
55.03404799988449,Sinaloa,Sinaloa,Médico,1
52.833918458909395,Jalisco,Sinaloa,Médico,1
52.300313621838264,Jalisco,Sinaloa,Médico,1
48.82014227192069,Jalisco,Sinaloa,Médico,1
49.99043803248109,Jalisco,Jalisco,Médico,1
56.00140637830804,Jalisco,Jalisco,Médico,1
32.52203980502114,Sinaloa,Sinaloa,Médico,1
42.7455246175646,Jalisco,Jalisco,Policía,1
55.22234707405177,Jalisco,Sinaloa,Médico,1
52.67645649776988,Jalisco,Sinaloa,Médico,1
53.855190603388564,Jalisco,Sinaloa,Policía,1
53.77788952049986,Jalisco,Sinaloa,Policía,0
53.75387484215671,Sinaloa,Sinaloa,Policía,0
50.99716892815733,Jalisco,Jalisco,Médico,1
50.088037246410096,Jalisco,Sinaloa,Médico,1
53.24509340187346,Jalisco,Sinaloa,Policía,0
52.610759519670026,Sinaloa,Sinaloa,Médico,0
52.63291823107533,Jalisco,Sinaloa,Médico,1
55.83822287455794,Jalisco,Jalisco,Médico,1
58.52912480183745,Sinaloa,Sinaloa,Médico,0
49.56216677842262,Jalisco,Sinaloa,Chef,0
53.57729466057502,Jalisco,Jalisco,Policía,0
52.1728014047204,Sinaloa,Jalisco,Policía,0
49.71784199678228,Jalisco,Jalisco,Chef,0
51.52912917780967,Jalisco,Jalisco,Policía,0
48.05110053116058,Jalisco,Sinaloa,Policía,1
53.772081257781835,Sinaloa,Sinaloa,Médico,0
51.62011822707459,Sinaloa,Jalisco,Médico,0
50.98267029934897,Sinaloa,Jalisco,Médico,0
51.88981541528775,Sinaloa,Sinaloa,Médico,0
53.507927153667296,Jalisco,Sinaloa,Policía,0
42.762705938287894,Jalisco,Sinaloa,Médico,1
55.324224991249345,Sinaloa,Sinaloa,Médico,1
52.1075022254636,Jalisco,Sinaloa,Médico,1
53.22339412132626,Sinaloa,Sinaloa,Médico,0
50.39365080529451,Jalisco,Sinaloa,Policía,1
51.00991233083132,Jalisco,Sinaloa,Policía,0
52.62768473910539,Sinaloa,Sinaloa,Profesor,0
51.17559960682004,Jalisco,Jalisco,Policía,0
50.28598493680467,Jalisco,CDMX,Policía,1
38.31716458549728,Jalisco,Jalisco,Médico,1
60.11992465482151,Sinaloa,Jalisco,Médico,0
52.593666585748885,Sinaloa,Jalisco,Médico,0
51.36580201312508,Jalisco,Sinaloa,Médico,1
40.91611639955515,Jalisco,Sinaloa,Médico,1
48.60382585545963,Jalisco,Jalisco,Médico,0
50.4769666080558,Jalisco,Sinaloa,Policía,1
52.13819244619356,Jalisco,Jalisco,Chef,0
56.128423204066685,Sinaloa,Jalisco,Médico,0
56.83638424626171,Sinaloa,CDMX,Médico,0
54.88802823771197,Sinaloa,Sinaloa,Médico,1
55.541526021396066,Sinaloa,Jalisco,Policía,0
54.186548832870265,Sinaloa,Jalisco,Chef,0
33.14159208034708,Jalisco,Sinaloa,Profesor,1
47.43344456219431,Jalisco,Sinaloa,Policía,1
41.88696136600802,Jalisco,Sinaloa,Médico,1
54.61844778847401,Jalisco,Sinaloa,Policía,0
46.586732454118135,Jalisco,Jalisco,Policía,1
54.864014828343244,Jalisco,Jalisco,Policía,1
54.61729113903177,Jalisco,Jalisco,Policía,0
26.246879420323697,Sinaloa,CDMX,Profesor,1
50.16112689147487,Jalisco,Sinaloa,Policía,0
52.13018830252663,Jalisco,Sinaloa,Médico,1
49.2312175992499,Sinaloa,Sinaloa,Chef,0
53.77107530487516,Jalisco,Sinaloa,Policía,0
41.04993227841041,Jalisco,Jalisco,Médico,1
37.96766359521507,Jalisco,Sinaloa,Médico,1
40.85180082447918,Jalisco,Jalisco,Médico,1
50.55975418771076,Jalisco,Sinaloa,Médico,1
50.17817802785701,Sinaloa,Sinaloa,Médico,0
53.59811903899244,Sinaloa,Sinaloa,Médico,1
32.783466434233326,Jalisco,Jalisco,Médico,1
54.85223522885618,Jalisco,Sinaloa,Chef,0
55.03489982820899,Jalisco,Sinaloa,Policía,0
50.37179636274023,Sinaloa,Jalisco,Médico,0
38.86778073676043,Jalisco,Sinaloa,Médico,1
54.64323794541689,Jalisco,Sinaloa,Médico,1
42.45062949067826,Jalisco,Jalisco,Policía,1
52.49667732853223,Sinaloa,Sinaloa,Médico,0
47.88718516486002,Jalisco,Jalisco,Médico,0
49.55952747758251,Jalisco,Jalisco,Médico,1
38.956882141684126,Jalisco,Sinaloa,Médico,1
52.66069230191733,Sinaloa,Sinaloa,Chef,0
54.8455046546768,Jalisco,Jalisco,Policía,0
35.52727567205616,Jalisco,Jalisco,Médico,1
49.89267633962733,Jalisco,Sinaloa,Médico,1
49.610375252246854,Jalisco,Sinaloa,Médico,0
54.9103797047265,Sinaloa,Sinaloa,Médico,0
54.29845152135467,Jalisco,Sinaloa,Policía,0
36.94390034030788,Jalisco,Sinaloa,Médico,1
54.824810097790525,Sinaloa,Sinaloa,Policía,0
52.11023684555766,Jalisco,Jalisco,Médico,1
53.8094134846654,Sinaloa,Sinaloa,Chef,0
53.45391419189313,Jalisco,Jalisco,Médico,1
46.75662393041668,Jalisco,Sinaloa,Médico,1
54.029680359574044,Jalisco,Sinaloa,Médico,0
44.126048453783795,Jalisco,Jalisco,Policía,1
55.431587531073156,Sinaloa,Jalisco,Médico,1
53.189250511262344,Sinaloa,Sinaloa,Médico,0
46.053198120761614,Jalisco,Sinaloa,Policía,1
51.64906689638511,Jalisco,Jalisco,Policía,0
35.512878717161,Jalisco,Sinaloa,Médico,1
54.977646321654,Jalisco,Jalisco,Médico,1
55.541636280024946,Sinaloa,Jalisco,Médico,0
36.68645489023494,Jalisco,Sinaloa,Médico,1
57.635622030852396,Sinaloa,Sinaloa,Chef,0
53.14038879008851,Sinaloa,Sinaloa,Profesor,0
55.60088430130828,Sinaloa,Jalisco,Policía,0
51.177912286767715,Jalisco,Sinaloa,Policía,1
50.687001407603525,Jalisco,Jalisco,Médico,1
53.37628697741654,Jalisco,Sinaloa,Médico,1
53.75207704150626,Sinaloa,Sinaloa,Médico,0
37.751733459958515,Jalisco,Jalisco,Médico,1
51.73497446920872,Jalisco,Jalisco,Médico,0
50.52026348618831,Sinaloa,Sinaloa,Médico,0
54.25454341131024,Sinaloa,Jalisco,Médico,1
54.66219713096885,Jalisco,Sinaloa,Médico,1
57.19958130714844,Jalisco,Sinaloa,Policía,0
51.84590622586168,Sinaloa,Sinaloa,Chef,0
41.341214119090466,Jalisco,Jalisco,Médico,1
52.90178515549071,Jalisco,Jalisco,Médico,1
44.93217726763438,Jalisco,Sinaloa,Policía,1
51.24257275583965,Sinaloa,Sinaloa,Médico,0
54.35611248991631,Jalisco,Jalisco,Policía,0
54.106613629276,Sinaloa,Sinaloa,Policía,0
57.49430231592883,Jalisco,Jalisco,Policía,0
52.18550509747378,Sinaloa,Jalisco,Policía,0
58.41357341101838,Jalisco,Sinaloa,Médico,0
57.88360471663148,Sinaloa,Sinaloa,Chef,0
54.594705126464824,Sinaloa,Jalisco,Policía,0
40.4662449102955,Jalisco,Sinaloa,Médico,1
51.37315139666018,Jalisco,Sinaloa,Médico,1
50.99658671785939,Jalisco,Jalisco,Médico,1
35.94824600545512,Jalisco,Sinaloa,Médico,1
50.535375377485536,Sinaloa,Sinaloa,Chef,0
55.00097910042393,Jalisco,Jalisco,Médico,1
52.90830347841066,Jalisco,Sinaloa,Policía,0
56.812461260206625,Jalisco,Sinaloa,Médico,1
48.64761194004371,Jalisco,Jalisco,Policía,1
52.31208128185148,Sinaloa,Sinaloa,Chef,0
55.0463442756671,Jalisco,Sinaloa,Médico,1
54.264309702278695,Jalisco,Sinaloa,Médico,1
49.83957803581518,Jalisco,Jalisco,Policía,0
57.4094061854183,Sinaloa,Sinaloa,Médico,1
55.14292857253567,Jalisco,Sinaloa,Policía,0
55.618533700243574,Sinaloa,Sinaloa,Médico,1
42.055551983381406,Jalisco,Sinaloa,Médico,1
51.486322780119984,Jalisco,Jalisco,Policía,1
52.93058970806772,Jalisco,Sinaloa,Médico,1
53.779597267843975,Sinaloa,Sinaloa,Chef,0
53.35869347270736,Sinaloa,Jalisco,Policía,0
52.232699418482305,Jalisco,Jalisco,Médico,0
57.153876600626894,Sinaloa,Sinaloa,Médico,1
45.79316359559348,Jalisco,Sinaloa,Policía,0
54.811636555713186,Sinaloa,Sinaloa,Médico,0
51.415907590755126,Jalisco,Jalisco,Médico,1
43.97422181350255,Jalisco,Jalisco,Policía,1
50.9342654435935,Sinaloa,Sinaloa,Policía,0
58.61660348925682,Jalisco,Jalisco,Policía,0
53.5629854609598,Jalisco,Jalisco,Médico,1
52.001013320829195,Jalisco,Jalisco,Chef,0
51.44579253820384,Jalisco,Jalisco,Policía,0
41.29272644507692,Jalisco,Sinaloa,Médico,1
56.659378665388864,Sinaloa,Jalisco,Médico,0
54.99723492340554,Sinaloa,Sinaloa,Policía,0
57.61756605699574,Sinaloa,Jalisco,Médico,0
40.24778450641614,Jalisco,Jalisco,Policía,1
54.51045514209388,Jalisco,Jalisco,Médico,1
31.180006735054068,Sinaloa,Sinaloa,Médico,1
55.29470962829717,Sinaloa,Jalisco,Policía,0
53.73421195721329,Sinaloa,Sinaloa,Médico,0
52.61355002973591,Sinaloa,Sinaloa,Policía,1
36.20169317314884,Jalisco,Sinaloa,Médico,1
36.775000373451476,Jalisco,Sinaloa,Médico,1
40.23971674696334,Jalisco,Sinaloa,Médico,1
56.48922007043998,Jalisco,Sinaloa,Médico,1
49.852168467961555,Jalisco,Jalisco,Policía,0
51.94777669840499,Sinaloa,Sinaloa,Policía,0
52.81228448776805,Sinaloa,Jalisco,Médico,0
53.99949216479998,Jalisco,Sinaloa,Médico,1
51.546533733938446,Jalisco,Jalisco,Policía,0
56.015270369152006,Jalisco,Sinaloa,Profesor,1
44.59755886738422,Jalisco,Sinaloa,Médico,1
57.278939113700424,Sinaloa,Jalisco,Médico,0
41.238689389006865,Jalisco,Sinaloa,Policía,1
44.0407586767094,Jalisco,Sinaloa,Médico,1
55.64418960747755,Sinaloa,Sinaloa,Chef,0
52.681360067101124,Jalisco,Sinaloa,Médico,1
49.20006274199959,Jalisco,Jalisco,Policía,0
50.91599701722642,Jalisco,Sinaloa,Policía,0
52.58984000984807,Jalisco,Sinaloa,Médico,1
50.50341112006876,Jalisco,Sinaloa,Médico,0
48.9707803795918,Jalisco,Jalisco,Policía,0
46.39067297090665,Jalisco,Sinaloa,Policía,1
53.28241588773098,Sinaloa,Sinaloa,Médico,1
57.77730547052767,Sinaloa,Sinaloa,Policía,0
52.89708696815693,Sinaloa,Jalisco,Policía,1
54.265094499081265,Sinaloa,Sinaloa,Médico,0
45.52835163210666,Jalisco,Jalisco,Médico,1
57.554187105655366,Jalisco,Sinaloa,Policía,0
52.149274772831674,Jalisco,Sinaloa,Policía,0
51.83690806572862,Sinaloa,Sinaloa,Policía,1
54.436538665779075,Jalisco,Sinaloa,Chef,0
52.41367035894424,Jalisco,Sinaloa,Policía,0
57.09987617855112,Sinaloa,Jalisco,Policía,0
56.76312900218782,Sinaloa,Sinaloa,Médico,1
40.85501810507793,Jalisco,Sinaloa,Médico,1
50.144576586552276,Jalisco,Sinaloa,Chef,0
49.06112335301728,Jalisco,Sinaloa,Policía,1
54.28559658286479,Jalisco,Sinaloa,Médico,1
50.26355724977891,Sinaloa,Jalisco,Médico,0
49.039940201160874,Sinaloa,Sinaloa,Médico,0
46.207825222031786,Jalisco,Jalisco,Médico,0
37.96898084614793,Jalisco,Sinaloa,Médico,1
55.38846957580432,Jalisco,Sinaloa,Policía,1
51.857435873055316,Sinaloa,Sinaloa,Médico,0
47.6334874535952,Jalisco,Sinaloa,Policía,1
44.5002772201713,Jalisco,Jalisco,Médico,1
52.23463537496128,Sinaloa,Jalisco,Médico,0
51.97649970136921,Jalisco,Jalisco,Policía,0
36.14112839899169,Jalisco,Sinaloa,Médico,1
32.72962756890348,Jalisco,Sinaloa,Médico,1
53.471174294978894,Jalisco,Sinaloa,Médico,1
53.50851237040328,Sinaloa,Sinaloa,Médico,0
35.46743999548001,Jalisco,Sinaloa,Médico,1
54.6748088086404,Sinaloa,Sinaloa,Médico,1
58.24247233286615,Sinaloa,Sinaloa,Policía,0
54.788733105828804,Sinaloa,Sinaloa,Chef,0
49.01796270829148,Jalisco,Jalisco,Médico,0
56.08427891819586,Sinaloa,Jalisco,Médico,0
55.74163748699485,Sinaloa,Sinaloa,Policía,0
51.44037095866906,Jalisco,Sinaloa,Chef,0
53.23287792981304,Jalisco,Sinaloa,Médico,1
54.336287094254644,Jalisco,Jalisco,Médico,1
53.359867484049275,Jalisco,Sinaloa,Policía,0
54.87360124043337,Jalisco,Jalisco,Médico,0
50.983496252679615,Jalisco,Sinaloa,Policía,0
52.239394180462604,Jalisco,Sinaloa,Policía,0
53.72823447299214,Jalisco,Sinaloa,Policía,0
30.55463393234519,Jalisco,Sinaloa,Médico,1
51.717034195279034,Jalisco,Sinaloa,Policía,0
41.71151485968436,Jalisco,Sinaloa,Médico,1
39.90646623013511,Jalisco,Sinaloa,Médico,1
52.719038889177924,Sinaloa,Sinaloa,Médico,0
51.600139760009235,Jalisco,Sinaloa,Policía,1
53.68350555759136,Jalisco,Jalisco,Médico,1
52.90924860290518,Jalisco,Sinaloa,Chef,0
51.835234183413824,Jalisco,Jalisco,Médico,1
55.39194562582362,Jalisco,Sinaloa,Médico,1
51.69630748583186,Jalisco,Jalisco,Policía,0
49.204967325329264,Jalisco,Jalisco,Policía,1
50.31425747747442,Sinaloa,Sinaloa,Médico,0
52.65587034112328,Jalisco,Sinaloa,Médico,1
53.18241103735854,Jalisco,CDMX,Policía,0
51.58645053485687,Jalisco,Jalisco,Policía,0
55.05537184413387,Jalisco,Sinaloa,Policía,0
52.004657706604505,Jalisco,Sinaloa,Policía,0
50.507654938712214,Sinaloa,Jalisco,Médico,0
51.0228977234016,Jalisco,Sinaloa,Médico,1
53.16147894914623,Jalisco,Jalisco,Médico,1
55.09422181032332,Sinaloa,Jalisco,Médico,0
32.468218408133545,Sinaloa,Sinaloa,Médico,1
49.641768490377544,Jalisco,Sinaloa,Profesor,0
48.35862804679856,Sinaloa,Sinaloa,Policía,1
53.4705021193827,Sinaloa,Jalisco,Chef,0
36.8411870520404,Jalisco,Sinaloa,Médico,1
53.1726318130177,Sinaloa,Sinaloa,Médico,0
57.48925509910135,Sinaloa,Jalisco,Médico,0
53.54426745721525,Sinaloa,Sinaloa,Médico,0
36.72772795260768,Jalisco,Sinaloa,Médico,1
39.770525852618,Jalisco,Jalisco,Médico,1
53.80563295132912,Jalisco,Jalisco,Policía,0
51.622854128872405,Jalisco,Sinaloa,Policía,0
52.65793992539365,Jalisco,Jalisco,Médico,1
52.85041091319783,Sinaloa,Sinaloa,Médico,1
33.25296554441202,Jalisco,Jalisco,Médico,1
51.90326299235635,Jalisco,Sinaloa,Policía,0
49.4750406752504,Jalisco,Sinaloa,Médico,1
53.103399065321014,Jalisco,Sinaloa,Médico,1
54.158536779718496,Sinaloa,Jalisco,Chef,0
34.981984257664955,Sinaloa,Jalisco,Médico,1
49.05108553744713,Jalisco,Jalisco,Policía,1
52.611843626533414,Sinaloa,Sinaloa,Médico,0
52.199423793155546,Jalisco,Sinaloa,Chef,0
28.178367224321708,Sinaloa,Sinaloa,Profesor,1
34.56684263595884,Sinaloa,Sinaloa,Médico,1
57.88584881504126,Sinaloa,Sinaloa,Médico,0
55.476022296910344,Jalisco,Sinaloa,Médico,1
36.83128979635529,Jalisco,Sinaloa,Médico,1
52.266328880232635,Sinaloa,Sinaloa,Médico,1
37.28823348012651,Jalisco,Jalisco,Profesor,1
49.64259821393618,Jalisco,Sinaloa,Médico,1
54.71078193242748,Sinaloa,Sinaloa,Policía,0
53.93095673225088,Jalisco,Sinaloa,Policía,0
50.88261569145443,Jalisco,Jalisco,Policía,0
51.97559625772425,Sinaloa,Sinaloa,Profesor,0
52.1896885718064,Sinaloa,Sinaloa,Médico,0
39.298371657506195,Jalisco,Sinaloa,Médico,1
42.97184138291456,Jalisco,Sinaloa,Policía,1
55.88179030155738,Sinaloa,Jalisco,Chef,0
56.07221695443185,Jalisco,Jalisco,Policía,0
34.787721432427006,Jalisco,Sinaloa,Médico,0
52.789930704058804,Sinaloa,Sinaloa,Médico,1
39.079944142559285,Jalisco,Jalisco,Médico,1
44.57047021778182,Jalisco,Sinaloa,Policía,1
51.85649130224387,Jalisco,Sinaloa,Médico,1
47.122047061142624,Jalisco,Sinaloa,Médico,1
45.9076569269413,Jalisco,Sinaloa,Policía,1
52.78391050798263,Sinaloa,Sinaloa,Chef,0
51.891799413362364,Jalisco,Sinaloa,Médico,0
52.248134076497514,Sinaloa,Jalisco,Policía,1
47.13830094148901,Jalisco,Sinaloa,Policía,1
46.15175561342638,Jalisco,Jalisco,Médico,1
61.68635614729328,Sinaloa,Jalisco,Médico,0
47.77453557214041,Jalisco,Jalisco,Policía,1
51.69190112434107,Jalisco,Jalisco,Médico,0
52.61003654057967,Jalisco,Jalisco,Médico,1
40.221643659804016,Jalisco,Sinaloa,Médico,1
55.987642637968634,Jalisco,Jalisco,Médico,1
51.014824896272316,Jalisco,Sinaloa,Policía,0
51.38977489536532,Jalisco,Sinaloa,Policía,1
32.807341328977714,Sinaloa,Sinaloa,Profesor,1
29.373236789941018,Sinaloa,Jalisco,Médico,1
50.07491103580815,Jalisco,Jalisco,Médico,1
50.193665686191714,Sinaloa,Jalisco,Policía,1
38.066292719375994,Jalisco,Jalisco,Médico,1
35.33774477088154,Jalisco,Sinaloa,Médico,1
31.65482888013089,Sinaloa,Sinaloa,Médico,1
52.54941524749684,Sinaloa,Jalisco,Médico,1
52.14126247821163,Jalisco,Jalisco,Médico,1
59.626280230915015,Sinaloa,Jalisco,Médico,0
42.016262695081736,Jalisco,Sinaloa,Médico,1
51.444979534876744,Sinaloa,Jalisco,Médico,0
51.311741672214254,Sinaloa,Jalisco,Chef,0
33.32789382830816,Sinaloa,Sinaloa,Médico,1
43.95864380238287,Jalisco,Jalisco,Médico,1
55.946759355660085,Sinaloa,Jalisco,Médico,1
56.20380460985146,Jalisco,Jalisco,Profesor,1
51.16186221720325,Jalisco,Jalisco,Médico,1
52.68779810276732,Jalisco,Sinaloa,Policía,1
51.16728480452885,Sinaloa,Jalisco,Médico,0
44.60260922727274,Jalisco,Jalisco,Policía,1
53.55128946491826,Jalisco,Sinaloa,Policía,1
38.69513579742067,Jalisco,Sinaloa,Policía,1
50.590816117375894,Sinaloa,Jalisco,Médico,0
55.54929537537615,Jalisco,Sinaloa,Médico,0
27.638276224643416,Sinaloa,Sinaloa,Profesor,1
38.27262595446287,Jalisco,Sinaloa,Médico,1
52.0619302156008,Jalisco,Sinaloa,Profesor,0
54.46125529132933,Jalisco,Jalisco,Médico,1
35.52556723736378,Jalisco,Sinaloa,Profesor,1
55.599204053789016,Sinaloa,Sinaloa,Chef,0
31.54262340050934,Sinaloa,Jalisco,Médico,1
43.02762255089719,Jalisco,Sinaloa,Policía,1
45.407998133936665,Jalisco,Jalisco,Médico,1
51.20368946981844,Sinaloa,Sinaloa,Policía,1
47.979261896248204,Sinaloa,Jalisco,Policía,0
48.747056078959005,Jalisco,Sinaloa,Policía,1
55.37944753363262,Sinaloa,Sinaloa,Policía,0
53.47043989501132,Sinaloa,Jalisco,Chef,0
36.73729763454165,Jalisco,Sinaloa,Médico,1
34.72810297925383,Jalisco,Jalisco,Médico,1
31.571929889861096,Sinaloa,Sinaloa,Médico,1
50.88878860915322,Jalisco,Jalisco,Policía,0
51.20773904224966,Jalisco,Sinaloa,Policía,0
54.55292798270725,Sinaloa,Sinaloa,Médico,0
54.687910377769335,Sinaloa,Jalisco,Médico,1
53.39643411828249,Jalisco,Sinaloa,Policía,0
48.241416061095066,Jalisco,Sinaloa,Policía,1
38.64719400477661,Jalisco,Jalisco,Médico,1
34.04568943917764,Jalisco,Jalisco,Profesor,1
57.873672081670584,Sinaloa,Sinaloa,Médico,1
56.13714979920511,Sinaloa,Sinaloa,Médico,1
54.25920527533642,Jalisco,Sinaloa,Policía,0
54.632021575377166,Sinaloa,Jalisco,Médico,0
51.7745501928614,Jalisco,Sinaloa,Chef,0
53.81961276204618,Jalisco,Sinaloa,Médico,0
52.057146301061834,Jalisco,Jalisco,Médico,1
58.62253025950571,Sinaloa,Sinaloa,Policía,0
59.48250466044425,Sinaloa,Jalisco,Policía,0
53.06190798973574,Jalisco,Sinaloa,Policía,0
56.59399765008432,Sinaloa,Sinaloa,Médico,1
45.8117275903906,Jalisco,Sinaloa,Médico,1
52.030495017015795,Sinaloa,Sinaloa,Médico,0
53.3431111915586,Sinaloa,Sinaloa,Médico,0
42.984529334049896,Jalisco,CDMX,Médico,1
46.81530566997829,Jalisco,Sinaloa,Policía,0
45.92757464446498,Jalisco,Sinaloa,Policía,1
53.275859132063175,Jalisco,Jalisco,Chef,0
54.724758633166765,Sinaloa,Jalisco,Médico,0
36.82637757590297,Jalisco,Sinaloa,Médico,1
50.79355976893945,Jalisco,Sinaloa,Médico,1
54.443466085612116,Sinaloa,Sinaloa,Policía,0
55.64106050739963,Sinaloa,Sinaloa,Médico,0
49.32422652300643,Jalisco,Sinaloa,Policía,1
52.16392050000017,Jalisco,Jalisco,Policía,0
40.160884095094886,Jalisco,Jalisco,Médico,1
50.531891647766464,Jalisco,Sinaloa,Profesor,0
56.31183230565415,Sinaloa,Sinaloa,Médico,1
52.75676985538501,Sinaloa,Jalisco,Policía,0
55.92155092598405,Sinaloa,Jalisco,Policía,0
52.97643207608394,Sinaloa,Sinaloa,Médico,0
50.67681856086881,Jalisco,Sinaloa,Médico,1
52.38966377182096,Sinaloa,Sinaloa,Médico,0
52.04208169546781,Jalisco,Jalisco,Chef,0
56.8087426402068,Jalisco,Sinaloa,Policía,0
51.587100242983986,Sinaloa,Sinaloa,Policía,0
49.5548614976349,Sinaloa,Sinaloa,Policía,0
55.08713728330397,Sinaloa,Sinaloa,Médico,1
57.741179752245294,Sinaloa,Sinaloa,Médico,1
55.9611114086353,Jalisco,Sinaloa,Policía,0
40.64994409704737,Jalisco,Jalisco,Médico,1
54.432220461923386,Sinaloa,Sinaloa,Médico,0
37.67895412366182,Jalisco,Sinaloa,Médico,1
53.357167320563775,Sinaloa,Jalisco,Profesor,0
53.96080537039683,Jalisco,Jalisco,Médico,1
51.0462041642875,Jalisco,Sinaloa,Policía,0
50.74751740066968,Sinaloa,Jalisco,Médico,0
51.61644376226877,Jalisco,Jalisco,Policía,0
58.40277865722771,Sinaloa,Jalisco,Médico,0
53.019388037096846,Jalisco,Sinaloa,Policía,0
49.247486152258574,Jalisco,Sinaloa,Médico,1
56.30637780633809,Jalisco,Sinaloa,Policía,0
54.39475180538889,Sinaloa,Sinaloa,Médico,0
51.39313061342848,Sinaloa,Sinaloa,Médico,0
48.01011200229008,Jalisco,Sinaloa,Policía,1
57.82972950547909,Sinaloa,Sinaloa,Médico,0
49.479795852315824,Jalisco,Jalisco,Policía,1
53.05879463415855,Jalisco,Jalisco,Médico,1
50.457681800654576,Sinaloa,Sinaloa,Médico,0
49.13704643907628,Jalisco,Sinaloa,Médico,0
54.243993338507494,Jalisco,Sinaloa,Médico,1
43.851330747845424,Jalisco,Sinaloa,Médico,1
43.454876906485055,Jalisco,Sinaloa,Policía,1
39.954735432253045,Jalisco,Sinaloa,Médico,1
48.521263804088264,Sinaloa,Sinaloa,Médico,0
49.75278197577985,Jalisco,Jalisco,Policía,1
41.5108539024431,Jalisco,Jalisco,Médico,1
53.092063816126924,Jalisco,Jalisco,Policía,0
41.35664391709442,Jalisco,Jalisco,Médico,1
49.966573428824475,Jalisco,Jalisco,Policía,1
58.279580538653214,Jalisco,Sinaloa,Policía,0
53.26143466554661,Sinaloa,Sinaloa,Médico,0
53.647541681328704,Sinaloa,Jalisco,Policía,1
56.44090837923202,Sinaloa,Sinaloa,Médico,1
45.423097734465955,Jalisco,Sinaloa,Policía,1
53.529781338991505,Sinaloa,Sinaloa,Médico,0
51.017775966928426,Jalisco,CDMX,Policía,0
41.831759430375214,Jalisco,Sinaloa,Policía,1
42.099690158132525,Jalisco,Jalisco,Médico,1
33.96520926943028,Jalisco,Jalisco,Profesor,1
52.756800067805,Sinaloa,Jalisco,Chef,0
42.035242651417626,Jalisco,Sinaloa,Policía,1
53.511914372631104,Jalisco,Sinaloa,Policía,0
46.595910163971126,Jalisco,Sinaloa,Policía,1
49.6181106746497,Jalisco,Jalisco,Policía,1
36.5010404005472,Jalisco,Sinaloa,Médico,1
51.395123219173165,Jalisco,Jalisco,Chef,0
34.887943878348885,Jalisco,Sinaloa,Médico,1
59.629521305308,Sinaloa,Sinaloa,Chef,0
42.50732447274217,Jalisco,Jalisco,Médico,1
35.28312783328029,Jalisco,Jalisco,Médico,1
43.6210402445468,Jalisco,Jalisco,Médico,1
54.84909483213185,Sinaloa,Sinaloa,Médico,1
37.98279516485737,Jalisco,Sinaloa,Médico,1
41.96326621740005,Jalisco,Jalisco,Médico,1
40.82399068375898,Jalisco,Sinaloa,Médico,1
50.70270907364547,Sinaloa,Sinaloa,Médico,0
44.099592418497835,Jalisco,Sinaloa,Policía,1
54.5405241652881,Jalisco,Sinaloa,Médico,1
42.429598402724416,Jalisco,Jalisco,Médico,1
54.97044575323676,Jalisco,Sinaloa,Policía,0
48.60547370504698,Jalisco,Jalisco,Médico,0
51.821301482230275,Jalisco,Sinaloa,Policía,1
54.252875088912276,Sinaloa,Sinaloa,Policía,0
54.850751182962355,Sinaloa,Sinaloa,Médico,1
55.846019308287175,Sinaloa,Sinaloa,Médico,0
50.10268520797899,Jalisco,Jalisco,Policía,0
54.76316524795134,Jalisco,Jalisco,Policía,0
55.92901197835522,Sinaloa,Sinaloa,Chef,0
33.151875411996805,Jalisco,Jalisco,Médico,1
57.830181522450374,Jalisco,Sinaloa,Policía,0
56.018865489717825,Jalisco,Sinaloa,Policía,0
51.08132179027231,Jalisco,Jalisco,Policía,0
45.009724247603486,Jalisco,Sinaloa,Médico,1
55.564740953508625,Jalisco,Sinaloa,Chef,1
55.97800401047179,Sinaloa,Sinaloa,Chef,0
52.17039570343885,Jalisco,Sinaloa,Policía,0
53.738586321926824,Sinaloa,Sinaloa,Médico,0
55.154952162468106,Jalisco,Jalisco,Chef,0
49.51767411104,Sinaloa,Sinaloa,Médico,0
49.65815151614519,Sinaloa,Sinaloa,Policía,0
48.265605737740046,Jalisco,Sinaloa,Médico,0
55.48615971304269,Jalisco,Sinaloa,Médico,1
50.63437224980406,Sinaloa,Sinaloa,Médico,0
55.732631266263915,Sinaloa,Sinaloa,Médico,0
50.87395552768425,Sinaloa,Sinaloa,Policía,0
52.255259610191665,Jalisco,Jalisco,Policía,1
61.534999152667844,Sinaloa,Jalisco,Médico,0
45.33925511000024,Jalisco,Sinaloa,Médico,1
51.58591274453958,Jalisco,Sinaloa,Médico,1
41.14106639506966,Jalisco,Sinaloa,Policía,1
38.885905325766274,Jalisco,Sinaloa,Médico,1
56.73659035319431,Jalisco,Jalisco,Policía,0
53.23498842183576,Sinaloa,Sinaloa,Policía,1
46.03682941834452,Jalisco,Sinaloa,Médico,1
52.377162015385615,Sinaloa,Sinaloa,Médico,0
54.62085434988295,Sinaloa,Sinaloa,Médico,0
51.70583651313549,Jalisco,Sinaloa,Policía,0
59.40362967145695,Sinaloa,Sinaloa,Policía,0
58.0812687921262,Sinaloa,Sinaloa,Policía,0
49.335245810478085,Jalisco,Sinaloa,Policía,1
51.978216008831865,Sinaloa,Jalisco,Médico,0
46.9723116587523,Jalisco,Jalisco,Policía,1
42.74354574967509,Jalisco,Sinaloa,Médico,1
53.21455593653858,Jalisco,Sinaloa,Policía,1
52.99373853873162,Jalisco,Jalisco,Policía,0
53.578799359945954,Jalisco,Sinaloa,Chef,0
43.62988329115279,Jalisco,Sinaloa,Médico,1
49.73259331473162,Sinaloa,Sinaloa,Médico,0
46.20212876350527,Jalisco,Jalisco,Médico,0
57.197420913083945,Sinaloa,Sinaloa,Policía,0
51.580724448200165,Sinaloa,Sinaloa,Médico,1
49.87428467286313,Jalisco,CDMX,Policía,1
49.40272153501867,Jalisco,Jalisco,Policía,1
54.31617141058301,Jalisco,Sinaloa,Médico,1
51.40922587375397,Sinaloa,Jalisco,Médico,0
49.94236982894365,Sinaloa,Sinaloa,Médico,0
42.4630221824936,Jalisco,Jalisco,Médico,1
53.23169395616013,Sinaloa,Sinaloa,Médico,0
55.41277262550101,Sinaloa,Sinaloa,Policía,0
53.66815806166607,Jalisco,Jalisco,Chef,0
36.61519020475666,Jalisco,Jalisco,Médico,1
39.82348917932482,Jalisco,Sinaloa,Médico,1
51.05295790491209,Sinaloa,Jalisco,Policía,1
55.65842845682437,Jalisco,Sinaloa,Médico,1
55.888613922377914,Jalisco,Jalisco,Policía,0
49.42774141137268,Jalisco,Sinaloa,Médico,0
52.913756017855015,Jalisco,Sinaloa,Médico,1
52.906691721285355,Sinaloa,Sinaloa,Ingeniero,0
50.349716081834416,Jalisco,Jalisco,Policía,0
53.26715997709201,Sinaloa,Sinaloa,Médico,0
54.54729892703387,Jalisco,Sinaloa,Médico,1
55.716051468605734,Sinaloa,Sinaloa,Médico,0
48.84946901103085,Jalisco,Sinaloa,Policía,0
51.48827107239084,Sinaloa,CDMX,Médico,0
56.3466320196446,Jalisco,Sinaloa,Policía,0
49.872421585002,Sinaloa,Sinaloa,Médico,0
39.140385928767756,Jalisco,Jalisco,Médico,1
56.246742227903674,Jalisco,Sinaloa,Médico,1
52.99540775226384,Jalisco,Jalisco,Médico,1
50.845408766881114,Sinaloa,Jalisco,Médico,0
50.07798361724386,Jalisco,Jalisco,Médico,0
34.12042776963203,Jalisco,Jalisco,Profesor,1
53.1042523029216,Sinaloa,Sinaloa,Chef,0
31.435103605324457,Sinaloa,Jalisco,Profesor,1
51.91998311891196,Jalisco,Jalisco,Médico,1
58.133544996189784,Sinaloa,Sinaloa,Médico,0
54.51532073930122,Sinaloa,Sinaloa,Médico,1
49.08059501442503,Jalisco,Sinaloa,Policía,1
42.17696085004418,Jalisco,Jalisco,Policía,1
53.4838981521071,Jalisco,Jalisco,Médico,1
57.754447182820726,Sinaloa,Jalisco,Médico,0
50.79543829170422,Jalisco,Sinaloa,Policía,0
58.611700871818,Sinaloa,Sinaloa,Médico,1
34.359803818995616,Jalisco,Sinaloa,Médico,0
47.65395769284443,Sinaloa,Jalisco,Médico,0
53.948419227771765,Jalisco,Sinaloa,Médico,1
55.12071485394882,Sinaloa,Sinaloa,Médico,0
43.91160479671839,Jalisco,Sinaloa,Policía,1
54.451995680710894,Sinaloa,Jalisco,Chef,0
50.97063856354895,Jalisco,Jalisco,Policía,0
50.540343661090965,Jalisco,Jalisco,Policía,0
41.34891396872884,Jalisco,Jalisco,Médico,1
55.04013835519609,Jalisco,Sinaloa,Médico,1
54.75322379492683,Jalisco,Jalisco,Policía,0
56.49694675856606,Sinaloa,Sinaloa,Chef,0
54.79359461442405,Jalisco,Jalisco,Médico,1
31.821979638703908,Jalisco,Jalisco,Profesor,1
55.232661873519255,Jalisco,Jalisco,Médico,1
47.96458621317808,Jalisco,Sinaloa,Policía,0
53.9312078347757,Jalisco,Sinaloa,Policía,0
54.52535586557602,Jalisco,Sinaloa,Médico,1
58.3416416130181,Sinaloa,Sinaloa,Policía,0
54.46759560562597,Jalisco,CDMX,Policía,0
33.59566578316786,Jalisco,Sinaloa,Médico,1
49.549177642270614,Sinaloa,Sinaloa,Médico,0
34.91366937502673,Jalisco,Sinaloa,Médico,1
54.288651823449506,Sinaloa,Jalisco,Médico,1
49.92264812379351,Jalisco,Jalisco,Policía,1
49.148879910542036,Sinaloa,Jalisco,Médico,0
33.906111938816785,Jalisco,Jalisco,Médico,1
54.283516597638815,Sinaloa,Sinaloa,Médico,0
55.542143716465816,Sinaloa,Sinaloa,Policía,1
51.73507378843898,Sinaloa,Sinaloa,Médico,0
51.60454370633358,Sinaloa,Jalisco,Médico,0
51.68791415591016,Jalisco,Sinaloa,Médico,1
55.36773953864281,Jalisco,Jalisco,Policía,0
55.53666851762946,Sinaloa,Jalisco,Médico,0
50.13697034644219,Sinaloa,CDMX,Policía,0
53.87502086455074,Jalisco,Sinaloa,Médico,1
54.77416994928741,Jalisco,Sinaloa,Médico,1
50.92590276017905,Sinaloa,Jalisco,Médico,0
51.18067870611244,Sinaloa,Sinaloa,Policía,1
54.570413015024876,Jalisco,Sinaloa,Médico,1
52.490228788253596,Jalisco,Sinaloa,Médico,1
52.558424640361785,Sinaloa,Sinaloa,Chef,0
54.09985419657843,Jalisco,Jalisco,Médico,1
54.0736837685712,Jalisco,Jalisco,Policía,0
37.580215336188736,Jalisco,Sinaloa,Médico,1
48.977348343921264,Sinaloa,Jalisco,Médico,0
51.40720895990105,Sinaloa,Jalisco,Médico,1
38.28832676407386,Jalisco,Sinaloa,Médico,1
39.303001718206765,Jalisco,Jalisco,Médico,1
52.5609063610023,Jalisco,Sinaloa,Médico,1
56.90220582839202,Sinaloa,Sinaloa,Policía,0
35.90264907069002,Jalisco,Jalisco,Médico,1
54.8050351761403,Sinaloa,Jalisco,Médico,1
55.539697704748235,Sinaloa,Sinaloa,Médico,0
49.36667109093672,Jalisco,Jalisco,Médico,1
50.161835842223475,Jalisco,Sinaloa,Médico,0
56.9427086637145,Sinaloa,Sinaloa,Médico,0
60.10477942356109,Sinaloa,Sinaloa,Policía,0
52.476646431630606,Jalisco,Jalisco,Médico,1
54.11097376044521,Jalisco,Sinaloa,Policía,0
45.24197296646174,Jalisco,Jalisco,Policía,1
44.83781987945614,Jalisco,Jalisco,Policía,1
52.48087673115212,Jalisco,Sinaloa,Policía,0
47.237012830974805,Jalisco,Sinaloa,Policía,1
41.58336879494208,Jalisco,Sinaloa,Policía,1
42.278571827881905,Jalisco,Jalisco,Policía,1
51.73730272879756,Jalisco,Sinaloa,Policía,0
49.56031541490118,Jalisco,Sinaloa,Policía,1
50.28293199889432,Sinaloa,Sinaloa,Médico,0
52.548021305556844,Jalisco,Jalisco,Policía,0
34.81093635308197,Jalisco,Sinaloa,Médico,1
52.947138078582476,Sinaloa,Sinaloa,Policía,0
55.71193844549357,Jalisco,Sinaloa,Policía,0
40.496355030890804,Jalisco,Sinaloa,Policía,1
51.332271382720585,Sinaloa,Sinaloa,Médico,0
54.39741680315246,Sinaloa,Jalisco,Médico,0
42.099029180441455,Jalisco,Sinaloa,Médico,1
56.22162902598532,Jalisco,Sinaloa,Médico,1
48.54450915645482,Jalisco,Jalisco,Policía,0
51.40520763936877,Sinaloa,Sinaloa,Policía,0
44.57183643855619,Jalisco,Sinaloa,Médico,1
52.21454025160188,Jalisco,Sinaloa,Policía,1
56.188889611275435,Jalisco,Jalisco,Chef,0
51.29228852482184,Jalisco,Sinaloa,Policía,0
49.61796486142053,Jalisco,Sinaloa,Médico,1
38.29487832905192,Jalisco,Sinaloa,Médico,1
38.78760124392953,Jalisco,Jalisco,Médico,1
53.99535276060591,Jalisco,Sinaloa,Médico,1
47.64752019753192,Jalisco,Sinaloa,Médico,0
55.42978497930381,Jalisco,Sinaloa,Policía,0
52.28704497512779,Sinaloa,Jalisco,Ingeniero,0
53.917106402433866,Sinaloa,Jalisco,Policía,0
53.002205731193705,Jalisco,Sinaloa,Policía,0
37.90035006153022,Jalisco,Sinaloa,Policía,1
49.860219560030885,Sinaloa,Sinaloa,Médico,0
36.19957788242597,Jalisco,Sinaloa,Médico,1
51.543103801810084,Jalisco,Jalisco,Médico,1
48.267044034853,Jalisco,Jalisco,Médico,0
53.247154159876736,Jalisco,Sinaloa,Médico,1
53.969990453795404,Sinaloa,Jalisco,Policía,0
53.36845703328192,Jalisco,Sinaloa,Policía,0
54.0175022180315,Jalisco,Sinaloa,Médico,1
38.071610313492506,Jalisco,Jalisco,Médico,1
50.108693630183765,Jalisco,Sinaloa,Médico,1
40.47305381969219,Jalisco,Jalisco,Médico,1
35.28996432233956,Jalisco,Jalisco,Médico,1
46.83250708141594,Jalisco,Jalisco,Policía,1
54.50823544414514,Jalisco,Sinaloa,Policía,0
53.107263723654775,Sinaloa,Sinaloa,Médico,0
53.086305631529804,Jalisco,Jalisco,Médico,1
42.570588661524155,Jalisco,Sinaloa,Policía,1
53.65631130242768,Sinaloa,Jalisco,Médico,0
58.178074099808676,Sinaloa,Sinaloa,Chef,0
52.54357631796201,Jalisco,Jalisco,Médico,1
57.9334744307499,Jalisco,Jalisco,Médico,1
58.40530131683436,Jalisco,Jalisco,Policía,0
58.20460189967152,Sinaloa,Sinaloa,Médico,0
55.56274028137675,Sinaloa,Jalisco,Médico,1
56.36513552620774,Sinaloa,Sinaloa,Médico,1
52.009854887707455,Jalisco,Jalisco,Policía,1
38.4312810061775,Jalisco,Sinaloa,Médico,1
50.085857856320224,Jalisco,Jalisco,Chef,0
39.606801914211694,Jalisco,Jalisco,Médico,1
43.11050183676278,Jalisco,Sinaloa,Médico,1
50.82276522038045,Jalisco,Sinaloa,Médico,1
55.604680594235305,Sinaloa,Jalisco,Policía,0
51.892888945194585,Jalisco,Sinaloa,Policía,0
52.95187050653222,Jalisco,Sinaloa,Médico,0
47.12121847679177,Jalisco,Sinaloa,Médico,0
56.07104255988967,Sinaloa,Jalisco,Policía,0
51.553430743946926,Sinaloa,Sinaloa,Profesor,0
54.013643337001454,Jalisco,Sinaloa,Médico,1
39.39556440835082,Jalisco,Jalisco,Médico,1
50.86019230018613,Jalisco,Sinaloa,Médico,0
52.261415913170154,Jalisco,Sinaloa,Policía,1
52.90499681161382,Sinaloa,Jalisco,Médico,0
52.49399171370911,Jalisco,Jalisco,Policía,0
50.51883381843802,Jalisco,Sinaloa,Médico,0
49.75223956868176,Jalisco,Sinaloa,Policía,0
52.767166744393364,Jalisco,Jalisco,Policía,1
51.56574780131389,Jalisco,Jalisco,Policía,0
47.5717525684412,Jalisco,Sinaloa,Médico,1
52.590593096948474,Sinaloa,Sinaloa,Médico,0
52.4723608329343,Jalisco,Jalisco,Médico,0
52.641059275136755,Jalisco,Sinaloa,Policía,0
53.220532281291945,Jalisco,Sinaloa,Policía,1
54.42498980416255,Jalisco,Sinaloa,Médico,1
42.794346657450404,Jalisco,Sinaloa,Médico,1
40.551561175921925,Jalisco,Sinaloa,Médico,1
51.24384078192945,Jalisco,Sinaloa,Policía,1
50.52612036671138,Jalisco,Jalisco,Médico,1
52.45472994532363,Sinaloa,Sinaloa,Médico,0
50.026690204358026,Sinaloa,Sinaloa,Médico,0
41.67997144621961,Jalisco,Sinaloa,Médico,1
57.888675261152684,Jalisco,Sinaloa,Policía,0
32.9958972564556,Jalisco,Sinaloa,Médico,1
50.93326478951942,Jalisco,Jalisco,Policía,0
54.25109707152984,Jalisco,Jalisco,Policía,0
55.47756231815229,Jalisco,Sinaloa,Policía,0
54.665182828058754,Jalisco,Sinaloa,Policía,0
53.333469161749626,Sinaloa,Sinaloa,Policía,0
55.719898073081204,Sinaloa,Sinaloa,Policía,0
49.520283332103446,Sinaloa,Sinaloa,Médico,0
53.6834192328575,Sinaloa,Sinaloa,Chef,0
52.94104589507808,Jalisco,Sinaloa,Médico,1
53.07127027867004,Jalisco,Sinaloa,Médico,1
54.302038114749216,Sinaloa,Sinaloa,Médico,1
47.107450264882445,Jalisco,Jalisco,Policía,1
51.24841042345251,Jalisco,Jalisco,Policía,0
40.56904414234373,Jalisco,Jalisco,Médico,1
42.753397513091635,Jalisco,Jalisco,Policía,1
55.80000857101978,Sinaloa,Sinaloa,Médico,0
36.32771514224659,Jalisco,Sinaloa,Médico,1
54.172747590152994,Jalisco,CDMX,Policía,0
52.99731764447845,Jalisco,Sinaloa,Médico,1
53.51527238886537,Jalisco,Jalisco,Médico,1
48.88031656707061,Jalisco,Sinaloa,Médico,1
54.16369833690451,Sinaloa,Sinaloa,Policía,1
54.62917342851209,Sinaloa,Jalisco,Médico,1
51.484260907121055,Jalisco,Sinaloa,Médico,1
32.460517378090714,Sinaloa,Jalisco,Profesor,1
55.65283098380979,Sinaloa,Sinaloa,Chef,0
51.15384716582857,Jalisco,Jalisco,Profesor,0
55.58936693218241,Jalisco,Sinaloa,Policía,0
39.37551760111478,Jalisco,Sinaloa,Médico,1
54.58972707251949,Sinaloa,Jalisco,Médico,1
54.70118917359958,Jalisco,Jalisco,Médico,1
53.59663606948925,Jalisco,Sinaloa,Médico,1
52.51107684821135,Sinaloa,Sinaloa,Médico,0
34.924444649471745,Jalisco,Jalisco,Médico,1
48.27827561761152,Sinaloa,Jalisco,Médico,0
47.972136824871015,Jalisco,Jalisco,Médico,0
55.99390709150259,Jalisco,Jalisco,Médico,1
49.49244309208927,Jalisco,Sinaloa,Policía,0
57.77013166295162,Sinaloa,Sinaloa,Médico,1
55.81495902749241,Jalisco,Sinaloa,Policía,0
52.1019246948289,Jalisco,Jalisco,Policía,0
55.90643089821838,Sinaloa,Jalisco,Chef,0
39.736472273500524,Jalisco,Jalisco,Médico,1
40.00756391399827,Jalisco,Sinaloa,Médico,1
45.935820274566865,Jalisco,Sinaloa,Médico,1
58.70437857380504,Sinaloa,Sinaloa,Médico,0
37.553297423758835,Jalisco,Sinaloa,Médico,1
53.73116058943291,Jalisco,Sinaloa,Médico,1
42.14769165660327,Jalisco,Sinaloa,Médico,1
56.448783495191144,Jalisco,Sinaloa,Policía,0
49.23382195657815,Jalisco,Sinaloa,Policía,0
48.47217471265823,Sinaloa,Jalisco,Policía,0
54.65136738869897,Sinaloa,Sinaloa,Médico,0
40.798678974349485,Jalisco,Sinaloa,Médico,1
59.5925351589896,Sinaloa,Jalisco,Chef,0
53.3023008086801,Sinaloa,Jalisco,Médico,0
54.29671395429046,Jalisco,Sinaloa,Policía,0
53.718884560390826,Sinaloa,Jalisco,Policía,1
55.701979643351734,Sinaloa,Sinaloa,Chef,0
56.88837311171844,Sinaloa,Jalisco,Médico,1
56.92948330937173,Jalisco,Sinaloa,Médico,1
55.143355712992566,Jalisco,Jalisco,Médico,0
54.39748855260221,Sinaloa,Sinaloa,Médico,1
49.838907573583086,Sinaloa,Sinaloa,Médico,0
51.9268378429136,Sinaloa,Sinaloa,Chef,0
47.37696844473304,Sinaloa,Sinaloa,Policía,0
52.82417226042615,Jalisco,Sinaloa,Policía,1
52.52617843617443,Jalisco,Sinaloa,Médico,1
53.55555288005792,Jalisco,Jalisco,Policía,0
54.69440464201654,Jalisco,Sinaloa,Policía,0
53.373566173435975,Jalisco,Sinaloa,Chef,0
56.422084351858054,Sinaloa,Sinaloa,Policía,0
45.56559103065834,Jalisco,Jalisco,Médico,1
45.96086628995248,Jalisco,Jalisco,Médico,0
53.40960851138647,Jalisco,CDMX,Médico,1
50.77229446913859,Jalisco,Jalisco,Médico,1
40.45658693807157,Jalisco,Jalisco,Médico,1
51.90355201495031,Sinaloa,Sinaloa,Médico,0
53.453137544005095,Jalisco,Jalisco,Policía,1
56.33476876680231,Sinaloa,Sinaloa,Chef,0
48.93344641502,Jalisco,Sinaloa,Policía,1
49.50365969982318,Sinaloa,Sinaloa,Policía,0
41.58330396068433,Jalisco,Sinaloa,Médico,1
50.79506238665574,Jalisco,Jalisco,Policía,0
49.84981471956735,Jalisco,Jalisco,Profesor,0
50.107290084958294,Sinaloa,Sinaloa,Médico,0
56.59937550861627,Jalisco,Sinaloa,Chef,0
40.61209799485698,Jalisco,Jalisco,Médico,1
52.84041407476973,Jalisco,Jalisco,Policía,1
55.46576643612219,Sinaloa,CDMX,Médico,1
52.59206989000221,Sinaloa,CDMX,Policía,0
56.30734824619676,Jalisco,Sinaloa,Policía,0
51.73203155909398,Jalisco,Sinaloa,Policía,0
47.971768035222595,Jalisco,Jalisco,Policía,1
53.197068829818896,Sinaloa,Sinaloa,Médico,0
52.752983576354595,Jalisco,Jalisco,Médico,1
57.887046463405596,Sinaloa,Jalisco,Médico,0
51.36032795983335,Jalisco,Jalisco,Policía,0
53.6109907835064,Jalisco,Sinaloa,Médico,1
43.51323627596925,Jalisco,Sinaloa,Policía,1
50.02677989559573,Jalisco,Jalisco,Policía,1
55.613987720904255,Sinaloa,Sinaloa,Policía,0
50.834879920885946,Jalisco,Sinaloa,Médico,0
56.10290728486234,Sinaloa,Jalisco,Médico,0
51.76455464265037,Jalisco,Sinaloa,Médico,1
51.77630059176232,Jalisco,Sinaloa,Médico,0
58.617694718156066,Sinaloa,Jalisco,Médico,0
51.979122647560146,Jalisco,Sinaloa,Policía,0
58.16184347905196,Sinaloa,Sinaloa,Médico,0
47.10707858303948,Jalisco,Jalisco,Policía,1
37.48340176078075,Jalisco,Jalisco,Médico,1
42.81836808351227,Jalisco,Sinaloa,Médico,1
50.933511944571826,Sinaloa,Jalisco,Chef,0
33.13064932467926,Jalisco,Jalisco,Médico,1
55.72291796955972,Jalisco,Jalisco,Policía,0
52.05005599563339,Sinaloa,Sinaloa,Médico,0
53.45674934020131,Jalisco,Jalisco,Chef,0
55.3232723888572,Sinaloa,Sinaloa,Médico,0
48.482464608371465,Jalisco,Sinaloa,Policía,1
50.809957580866275,Jalisco,Jalisco,Médico,1
52.79964907654426,Jalisco,Jalisco,Médico,1
56.14154783392241,Jalisco,Sinaloa,Médico,1
55.418815065545814,Sinaloa,Jalisco,Médico,1
56.91310865489011,Sinaloa,Sinaloa,Chef,0
49.13577195755725,Jalisco,Sinaloa,Policía,1
41.14036649950002,Jalisco,Sinaloa,Policía,1
58.5721433544985,Jalisco,Jalisco,Policía,0
55.185393413332804,Sinaloa,Sinaloa,Médico,0
54.60590646038174,Jalisco,Sinaloa,Policía,0
55.61494437992924,Sinaloa,Sinaloa,Médico,0
50.8653081275166,Jalisco,Sinaloa,Policía,0
39.45543498433112,Jalisco,Sinaloa,Médico,1
56.17756279224879,Jalisco,Jalisco,Policía,0
48.2830341757638,Jalisco,Sinaloa,Policía,1
39.007473899867584,Jalisco,Sinaloa,Médico,1
55.95309313117946,Jalisco,Sinaloa,Médico,0
55.023491115109294,Jalisco,Sinaloa,Policía,1
37.789280235585224,Jalisco,Sinaloa,Médico,1
34.755754881758406,Jalisco,Sinaloa,Médico,1
54.130229899556994,Jalisco,Sinaloa,Policía,0
48.990947657978865,Jalisco,Jalisco,Policía,1
54.07323897244953,Jalisco,Jalisco,Médico,1
57.54941010284636,Sinaloa,Sinaloa,Policía,0
51.86306873466674,Jalisco,Sinaloa,Médico,0
49.380400921556706,Jalisco,Jalisco,Médico,0
49.271893787609486,Jalisco,Sinaloa,Médico,0
53.34046080144499,Jalisco,Sinaloa,Chef,0
46.91473882300185,Jalisco,Sinaloa,Policía,1
37.30740339557541,Jalisco,Jalisco,Médico,1
58.444955192433234,Jalisco,Sinaloa,Policía,0
52.55534102656537,Jalisco,Jalisco,Médico,1
36.932870327766864,Jalisco,Sinaloa,Médico,1
49.54927004791662,Jalisco,Jalisco,Policía,1
38.4056068399657,Jalisco,Sinaloa,Médico,1
49.86752732607064,Sinaloa,Sinaloa,Chef,0
48.582920734134284,Jalisco,Sinaloa,Policía,0
55.377113593468074,Jalisco,Sinaloa,Médico,1
50.53465333421374,Sinaloa,Sinaloa,Policía,0
56.34643078488526,Jalisco,Sinaloa,Policía,1
55.53898387149301,Jalisco,Sinaloa,Médico,1
54.704585832866286,Jalisco,Sinaloa,Policía,0
41.100079671312024,Jalisco,Sinaloa,Médico,1
42.90191711381655,Jalisco,Jalisco,Médico,1
53.075857487896855,Sinaloa,Jalisco,Médico,0
51.19292511136994,Jalisco,Jalisco,Policía,1
49.29680995361436,Jalisco,Sinaloa,Policía,0
53.73429103149944,Jalisco,Jalisco,Médico,1
48.3846365488441,Jalisco,Sinaloa,Médico,0
52.97870067104858,Jalisco,Sinaloa,Chef,0
35.50891013463562,Jalisco,Sinaloa,Médico,1
53.51559241030441,Jalisco,Sinaloa,Médico,1
58.83030456916198,Jalisco,Sinaloa,Policía,0
54.64689112678366,Sinaloa,Sinaloa,Médico,0
51.61662087522615,Jalisco,Jalisco,Policía,0
53.93679989498037,Jalisco,Jalisco,Médico,1
37.09144906706621,Jalisco,Sinaloa,Médico,1
51.36479706483046,Sinaloa,Sinaloa,Policía,0
52.63564149285236,Sinaloa,Jalisco,Médico,0
57.22592835164167,Jalisco,Sinaloa,Médico,1
55.79903876693186,Sinaloa,Sinaloa,Médico,0
48.23054731781768,Sinaloa,Sinaloa,Médico,0
29.3911248202945,Sinaloa,Sinaloa,Profesor,1
48.30146626897357,Sinaloa,Sinaloa,Policía,1
35.60069851740376,Jalisco,Jalisco,Médico,1
53.817977402472,Sinaloa,Jalisco,Médico,0
53.38505579683002,Sinaloa,Jalisco,Médico,0
50.69909135054214,Jalisco,Jalisco,Médico,1
53.027649391050545,Sinaloa,Jalisco,Médico,0
33.79168663649254,Jalisco,Sinaloa,Médico,1
38.119411689748574,Jalisco,Sinaloa,Médico,1
47.83310216158671,Jalisco,Sinaloa,Médico,1
58.38578055079477,Sinaloa,Jalisco,Policía,0
42.3462450630397,Jalisco,Jalisco,Policía,1
58.60368813826188,Sinaloa,Jalisco,Médico,1
52.75242779792584,Sinaloa,Sinaloa,Médico,0
54.77450660556889,Jalisco,Sinaloa,Chef,0
52.73588927227313,Jalisco,Sinaloa,Policía,0
49.985143840204394,Jalisco,Sinaloa,Policía,1
54.19523111136374,Jalisco,Sinaloa,Policía,1
51.43551118450851,Jalisco,Jalisco,Médico,1
50.741302829606305,Jalisco,Jalisco,Policía,0
53.32297392887666,Jalisco,Sinaloa,Policía,0
44.43372102516271,Jalisco,Sinaloa,Médico,0
53.480200366534916,Sinaloa,Sinaloa,Médico,0
56.20651415666195,Jalisco,Sinaloa,Policía,0
52.949672887458156,Jalisco,Sinaloa,Médico,0
55.726777257842926,Jalisco,Sinaloa,Policía,0
52.63901588122061,Sinaloa,Jalisco,Chef,0
37.69129326701112,Jalisco,Sinaloa,Médico,1
55.17576628109349,Jalisco,Sinaloa,Policía,0
53.470470866981294,Jalisco,Jalisco,Policía,0
52.48523638780273,Jalisco,Jalisco,Policía,0
52.88936701843242,Jalisco,Jalisco,Médico,1
35.598188859178514,Jalisco,Sinaloa,Médico,1
42.87027999321917,Jalisco,Sinaloa,Médico,0
51.007180865590875,Jalisco,Sinaloa,Médico,1
50.48799113296842,Sinaloa,Sinaloa,Médico,0
51.84190841330929,Jalisco,Jalisco,Policía,0
34.28550212294812,Sinaloa,Jalisco,Médico,1
55.45238624026637,Sinaloa,Jalisco,Policía,0
56.35188157180115,Sinaloa,Sinaloa,Policía,0
49.37911860471856,Sinaloa,Sinaloa,Médico,0
53.29885955795286,Sinaloa,Jalisco,Chef,0
55.70661444287512,Jalisco,Sinaloa,Policía,0
36.630303388774706,Jalisco,Sinaloa,Médico,1
54.825809605246185,Jalisco,Sinaloa,Profesor,1
34.864070184399594,Jalisco,Sinaloa,Médico,1
53.96710229090017,Jalisco,Jalisco,Médico,1
52.52774881627584,Sinaloa,Jalisco,Policía,0
52.58202435049435,Jalisco,Sinaloa,Policía,0
54.91098553198838,Jalisco,Jalisco,Policía,0
53.47460921130295,Sinaloa,Sinaloa,Médico,1
48.844915953474754,Jalisco,Sinaloa,Chef,0
57.522521752428894,Sinaloa,Sinaloa,Médico,1
50.80196433477759,Jalisco,Sinaloa,Policía,0
36.22323717381019,Jalisco,Sinaloa,Médico,1
35.5706647219301,Jalisco,Sinaloa,Médico,1
51.34693018689382,Sinaloa,Sinaloa,Policía,0
54.17523221997081,Sinaloa,Sinaloa,Médico,1
53.84236925032729,Jalisco,Jalisco,Médico,1
49.06131305919613,Sinaloa,Jalisco,Médico,0
54.47686618702487,Sinaloa,Jalisco,Profesor,0
35.58438488986173,Jalisco,Sinaloa,Médico,1
54.851872119540715,Jalisco,Jalisco,Médico,1
49.99791742648803,Sinaloa,Jalisco,Médico,0
60.975126167550386,Sinaloa,Jalisco,Policía,0
32.14560274401969,Jalisco,Sinaloa,Médico,1
49.42277770746743,Jalisco,Sinaloa,Policía,0
55.70124812521815,Jalisco,Sinaloa,Policía,0
50.80996018039067,Jalisco,Sinaloa,Policía,0
51.64478086272977,Jalisco,Jalisco,Médico,0
50.635546953489225,Sinaloa,Jalisco,Médico,0
50.91733336603504,Jalisco,Sinaloa,Policía,0
54.156551217523514,Jalisco,Sinaloa,Policía,0
51.223879535550225,Sinaloa,CDMX,Médico,0
53.89849589957854,Sinaloa,Sinaloa,Médico,0
34.3424785363667,Jalisco,Sinaloa,Médico,1
49.60616318310339,Jalisco,Sinaloa,Policía,1
51.11647207963999,Jalisco,Jalisco,Médico,1
53.499355175413505,Jalisco,Jalisco,Chef,0
50.27300739408622,Sinaloa,Sinaloa,Médico,0
58.290705451372524,Sinaloa,Sinaloa,Médico,0
57.435900118348826,Sinaloa,Sinaloa,Policía,0
50.261310879285524,Jalisco,Jalisco,Policía,0
54.48196267442312,Jalisco,Sinaloa,Médico,1
52.95905112683828,Jalisco,Jalisco,Médico,1
39.10596017568284,Jalisco,Jalisco,Médico,1
56.51753319556376,Jalisco,Sinaloa,Médico,1
58.078318117947404,Sinaloa,Jalisco,Policía,0
56.56665604941317,Sinaloa,Jalisco,Policía,0
45.63619312770716,Jalisco,Sinaloa,Policía,1
36.68879885301441,Jalisco,Sinaloa,Médico,1
50.076789081013175,Sinaloa,Jalisco,Médico,0
31.502542693033206,Jalisco,Sinaloa,Profesor,1
57.13458713322836,Jalisco,Sinaloa,Médico,1
48.54828559100523,Sinaloa,Sinaloa,Médico,0
52.415898065992,Sinaloa,Jalisco,Médico,0
51.10311806870194,Sinaloa,Sinaloa,Médico,0
38.94036465739482,Jalisco,Jalisco,Policía,1
53.094301187806614,Jalisco,Sinaloa,Médico,1
38.11458014019385,Jalisco,Jalisco,Médico,1
35.40899142661853,Jalisco,Sinaloa,Médico,1
49.10728699473914,Sinaloa,Sinaloa,Médico,0
50.37839538951445,Jalisco,Jalisco,Policía,1
51.41300496481419,Jalisco,Sinaloa,Policía,1
52.91756341574495,Jalisco,Sinaloa,Policía,0
55.45362536386594,Sinaloa,Sinaloa,Chef,0
53.22787554745024,Jalisco,Sinaloa,Médico,1
51.674124209864814,Jalisco,Jalisco,Chef,0
54.598854739181235,Jalisco,Sinaloa,Médico,1
53.00475524621267,Jalisco,Sinaloa,Médico,1
52.77613330092074,Jalisco,Jalisco,Policía,0
50.29060059848619,Jalisco,Jalisco,Policía,1
51.07735714238234,Sinaloa,Jalisco,Médico,0
43.54181270574826,Jalisco,Sinaloa,Médico,1
52.84404947183872,Jalisco,Jalisco,Policía,0
54.54775037719194,Jalisco,Sinaloa,Médico,1
40.27693688979906,Jalisco,Sinaloa,Médico,1
57.80516606246972,Sinaloa,Jalisco,Médico,0
52.669265561666705,Jalisco,Jalisco,Médico,0
53.74115080851791,Sinaloa,Sinaloa,Médico,0
52.442696721542035,Jalisco,Jalisco,Policía,0
39.236156192604696,Jalisco,Jalisco,Médico,1
51.67764914657235,Sinaloa,Sinaloa,Policía,0
51.20007739267729,Sinaloa,Jalisco,Policía,0
32.31239711669328,Jalisco,Jalisco,Profesor,1
50.57955749316589,Jalisco,Jalisco,Policía,0
56.352824691776924,Sinaloa,Jalisco,Médico,1
53.07973876746816,Sinaloa,Sinaloa,Médico,0
58.96711674292224,Sinaloa,Sinaloa,Policía,0
53.378851747333236,Jalisco,Sinaloa,Chef,0
51.543908373008904,Jalisco,Jalisco,Médico,1
55.000823389485284,Sinaloa,Jalisco,Policía,0
51.67789314254694,Sinaloa,Jalisco,Policía,0
34.637427695195896,Jalisco,Sinaloa,Médico,1
57.2718037025861,Jalisco,Sinaloa,Médico,1
45.38941911037906,Jalisco,Jalisco,Médico,1
45.14590710447429,Jalisco,Sinaloa,Médico,0
33.95707329106924,Sinaloa,CDMX,Profesor,1
53.936728642356385,Jalisco,Jalisco,Policía,0
54.01064771593469,Sinaloa,Jalisco,Médico,0
41.09307068403939,Jalisco,Sinaloa,Médico,1
44.914483272549134,Jalisco,Sinaloa,Médico,1
51.6915670596031,Jalisco,Sinaloa,Médico,1
51.910104030216544,Jalisco,Sinaloa,Policía,0
45.9237785884315,Jalisco,Sinaloa,Policía,1
53.22519943436125,Jalisco,Sinaloa,Policía,0
51.60496708290441,Sinaloa,Sinaloa,Médico,0
48.429106903259964,Jalisco,Sinaloa,Médico,1
54.59436162562736,Jalisco,Jalisco,Médico,1
53.425429180352424,Jalisco,Jalisco,Médico,1
35.214368172032835,Jalisco,Jalisco,Médico,1
35.15216414403833,Jalisco,Jalisco,Médico,1
49.7211498767325,Jalisco,Sinaloa,Médico,1
54.82563783205225,Sinaloa,Sinaloa,Médico,0
45.30024093123039,Jalisco,Jalisco,Policía,1
48.080214621424105,Jalisco,Jalisco,Policía,1
39.44445418237184,Jalisco,Jalisco,Médico,1
28.351304843653345,Sinaloa,Sinaloa,Profesor,1
52.795262839895905,Sinaloa,Sinaloa,Policía,0
51.01891164590962,Jalisco,Jalisco,Médico,0
51.059150998387594,Jalisco,Sinaloa,Médico,1
52.171319709699354,Jalisco,Jalisco,Policía,0
43.83704976607607,Jalisco,Sinaloa,Policía,1
52.539871440837636,Jalisco,Jalisco,Médico,1
54.4951722915016,Jalisco,Jalisco,Policía,0
54.23509660262491,Jalisco,Sinaloa,Chef,0
54.64355535641694,Jalisco,Sinaloa,Médico,1
48.229974669965294,Jalisco,Sinaloa,Médico,0
52.09654604024135,Jalisco,Jalisco,Médico,1
51.300188750964665,Jalisco,Sinaloa,Médico,1
53.765752745184,Jalisco,Sinaloa,Chef,0
47.164254014716306,Jalisco,Jalisco,Médico,0
35.93546808461625,Jalisco,Jalisco,Médico,1
52.47507749490681,Jalisco,Sinaloa,Médico,1
44.03858632060059,Jalisco,Sinaloa,Policía,1
56.427085497180734,Jalisco,Sinaloa,Médico,1
52.1979047676892,Jalisco,Jalisco,Policía,0
52.82263570075033,Jalisco,Jalisco,Médico,1
56.55656841452176,Sinaloa,Sinaloa,Médico,0
52.80699051286704,Sinaloa,Sinaloa,Médico,0
52.3250914883825,Jalisco,Sinaloa,Médico,0
56.052797396899365,Sinaloa,Jalisco,Médico,1
51.15980745085789,Jalisco,Jalisco,Policía,1
54.643845337354755,Sinaloa,Jalisco,Policía,0
47.037294639148186,Jalisco,Jalisco,Policía,1
60.8936123570705,Sinaloa,Jalisco,Médico,0
31.91933223096504,Sinaloa,Sinaloa,Profesor,1
47.44187433520679,Jalisco,Sinaloa,Médico,1
54.63613338718165,Sinaloa,Jalisco,Médico,0
50.43501055720757,Sinaloa,Sinaloa,Policía,0
54.07576292945579,Sinaloa,Jalisco,Médico,1
55.05349893668232,Sinaloa,Jalisco,Médico,1
55.48700944859548,Jalisco,Sinaloa,Médico,1
47.75748790397654,Jalisco,Sinaloa,Médico,1
33.77659916913012,Jalisco,Sinaloa,Médico,1
54.180200540752054,Jalisco,Jalisco,Policía,0
57.52247610509597,Sinaloa,Jalisco,Profesor,1
54.373482397692776,Jalisco,Jalisco,Policía,1
41.2453866271773,Jalisco,Sinaloa,Médico,1
58.28948002521827,Sinaloa,Sinaloa,Policía,0
51.88345467398728,Jalisco,Jalisco,Policía,1
49.82058669438735,Jalisco,Jalisco,Policía,0
57.03154974010596,Jalisco,Jalisco,Policía,0
55.8993055658029,Jalisco,Sinaloa,Policía,0
55.74815162350632,Sinaloa,Jalisco,Médico,1
35.93616675723271,Jalisco,Sinaloa,Médico,1
50.337440206769166,Sinaloa,Jalisco,Médico,0
50.259333565101706,Sinaloa,Sinaloa,Médico,0
49.094482909068674,Jalisco,Jalisco,Policía,1
32.108728675834996,Sinaloa,Sinaloa,Profesor,1
50.81238182275624,Sinaloa,CDMX,Policía,0
51.45954867559532,Sinaloa,Jalisco,Médico,0
55.70989592605249,Sinaloa,Sinaloa,Profesor,0
52.170518738267006,Jalisco,Sinaloa,Policía,0
51.965018371763556,Sinaloa,Jalisco,Médico,0
41.508471735949996,Jalisco,Jalisco,Policía,1
53.50193281320227,Jalisco,Sinaloa,Médico,1
41.891645439823606,Jalisco,Sinaloa,Médico,1
49.48382172532487,Sinaloa,Sinaloa,Médico,0
52.32566702896208,Sinaloa,Sinaloa,Chef,0
61.09449300408009,Sinaloa,Sinaloa,Policía,0
53.00261469356052,Jalisco,Sinaloa,Policía,0
42.56126197536259,Jalisco,CDMX,Médico,1
49.69433112676637,Sinaloa,Sinaloa,Médico,0
52.70508535498302,Jalisco,Jalisco,Médico,1
50.36884605018722,Jalisco,Jalisco,Policía,1
52.8549876931915,Jalisco,Jalisco,Policía,0
33.18632859271973,Jalisco,Jalisco,Médico,1
51.012520196219924,Sinaloa,Sinaloa,Policía,0
49.85363032499383,Jalisco,Jalisco,Policía,1
35.909658129851394,Jalisco,Sinaloa,Profesor,1
54.79069934781602,Jalisco,Sinaloa,Policía,0
52.18380765627546,Jalisco,Sinaloa,Policía,0
48.65343387104289,Jalisco,Jalisco,Policía,1
36.46494127748328,Jalisco,Sinaloa,Médico,1
58.571622282629605,Sinaloa,Jalisco,Médico,0
50.71376066830864,Jalisco,Sinaloa,Profesor,0
38.584165913780396,Jalisco,Jalisco,Médico,1
53.31097935641502,Jalisco,Jalisco,Médico,1
25.33278908228675,Sinaloa,Sinaloa,Profesor,1
50.54067334148056,Jalisco,Jalisco,Médico,1
54.49398504941473,Sinaloa,Sinaloa,Médico,0
51.007598381144135,Sinaloa,Jalisco,Médico,0
52.2554187211467,Sinaloa,Jalisco,Chef,0
44.4641251306866,Jalisco,Jalisco,Policía,1
51.42806401248189,Jalisco,Jalisco,Médico,1
51.827939669833505,Jalisco,Jalisco,Policía,1
50.05955697872321,Jalisco,Jalisco,Policía,0
50.04200394764139,Jalisco,Sinaloa,Policía,1
48.04127755745169,Jalisco,Sinaloa,Profesor,0
53.74994612314876,Sinaloa,Jalisco,Chef,0
52.6584556517087,Jalisco,Sinaloa,Policía,0
51.48274579671147,Jalisco,Jalisco,Policía,0
48.91160980513023,Jalisco,Sinaloa,Médico,1
49.73122959912085,Sinaloa,Jalisco,Chef,0
39.82011644628077,Jalisco,Sinaloa,Médico,1
48.862489438394235,Jalisco,Sinaloa,Policía,1
53.865338128770546,Sinaloa,Sinaloa,Policía,1
55.215063676248555,Sinaloa,Jalisco,Chef,0
51.426364064046446,Jalisco,Sinaloa,Policía,0
49.58414193029883,Jalisco,Sinaloa,Policía,1
50.39700534767126,Jalisco,Jalisco,Médico,1
50.87586289576718,Jalisco,Jalisco,Policía,0
49.61741967093226,Jalisco,Sinaloa,Profesor,0
55.10495176475876,Sinaloa,Jalisco,Policía,0
47.817668493044664,Jalisco,Sinaloa,Médico,0
55.22795667995546,Sinaloa,Jalisco,Policía,0
57.78951031397768,Jalisco,Jalisco,Policía,0
52.876978584445816,Jalisco,Sinaloa,Médico,1
44.32573867039294,Jalisco,Sinaloa,Médico,1
51.2084177277224,Jalisco,Sinaloa,Chef,0
53.98572753489801,Jalisco,Jalisco,Chef,0
57.20620397188243,Jalisco,Jalisco,Profesor,1
57.189914277747775,Sinaloa,Sinaloa,Médico,0
45.55909681843291,Jalisco,Sinaloa,Profesor,0
50.73868677040686,Jalisco,Sinaloa,Médico,1
58.675803063461274,Sinaloa,Sinaloa,Chef,0
57.08016639872149,Sinaloa,Sinaloa,Policía,0
44.834446253847844,Jalisco,Sinaloa,Médico,1
52.405658277328065,Jalisco,Sinaloa,Médico,0
55.06872602894872,Jalisco,Sinaloa,Médico,1
54.643381375624976,Jalisco,Sinaloa,Policía,0
51.67754170588128,Sinaloa,Sinaloa,Policía,0
48.185764930444506,Jalisco,Sinaloa,Policía,1
38.74957649521474,Jalisco,Sinaloa,Médico,1
56.632746522545176,Sinaloa,Sinaloa,Médico,0
48.87153391911289,Sinaloa,Jalisco,Médico,0
53.82224229331969,Sinaloa,Jalisco,Médico,0
32.24650360526388,Jalisco,Jalisco,Médico,1
50.47027870760322,Jalisco,Jalisco,Médico,0
55.10218931399412,Sinaloa,Sinaloa,Médico,1
55.81900061812381,Sinaloa,Sinaloa,Policía,0
53.612059892395315,Sinaloa,Sinaloa,Policía,0
42.67763910051974,Jalisco,Sinaloa,Policía,1
52.3733325391079,Sinaloa,CDMX,Chef,0
51.70435853963444,Jalisco,Jalisco,Policía,0
52.12045926781128,Sinaloa,Sinaloa,Chef,0
49.11740655031144,Sinaloa,Sinaloa,Médico,0
53.66005143962488,Jalisco,Jalisco,Policía,0
55.5655337367432,Jalisco,Sinaloa,Médico,1
51.55374736233981,Jalisco,Sinaloa,Policía,0
48.57308107210922,Jalisco,Sinaloa,Médico,0
54.42407883502239,Jalisco,Sinaloa,Médico,1
57.534248575600465,Jalisco,Sinaloa,Médico,1
58.1409627014101,Sinaloa,Sinaloa,Médico,0
52.93471169986526,Sinaloa,Sinaloa,Médico,0
49.736570165804,Jalisco,Sinaloa,Policía,0
48.84978382841697,Jalisco,Jalisco,Médico,0
55.267122409803946,Jalisco,Sinaloa,Policía,0
38.12806280190982,Jalisco,Jalisco,Médico,1
49.17670867430088,Sinaloa,Jalisco,Médico,0
46.980935556467514,Jalisco,Sinaloa,Policía,1
34.19469098534641,Jalisco,Jalisco,Médico,1
43.60724346782801,Jalisco,Sinaloa,Policía,1
29.93948202018889,Sinaloa,Sinaloa,Médico,1
55.81949670512306,Jalisco,Jalisco,Médico,1
52.563555619957434,Jalisco,Sinaloa,Policía,1
55.73222262359518,Sinaloa,Sinaloa,Médico,0
57.07374328555735,Sinaloa,Jalisco,Chef,0
48.94816582065995,Sinaloa,Sinaloa,Médico,0
52.00211690144645,Sinaloa,Sinaloa,Profesor,0
52.91507002428005,Sinaloa,Sinaloa,Médico,0
51.198628995487915,Jalisco,Sinaloa,Policía,0
56.23799824853737,Jalisco,Sinaloa,Médico,1
55.59724581129962,Jalisco,Sinaloa,Policía,0
50.799587523876006,Sinaloa,Sinaloa,Médico,1
52.9417232406756,Jalisco,Sinaloa,Médico,1
54.68262227029015,Sinaloa,Jalisco,Médico,0
59.236658318629175,Sinaloa,Sinaloa,Policía,0
37.076952782500236,Jalisco,Sinaloa,Médico,1
55.72599264297384,Sinaloa,Sinaloa,Chef,0
49.66641620355854,Jalisco,Sinaloa,Médico,1
54.165452365711516,Jalisco,Sinaloa,Médico,1
50.83215838407372,Jalisco,Sinaloa,Médico,1
50.102721033768006,Jalisco,Jalisco,Médico,1
48.59869790247403,Jalisco,Sinaloa,Chef,0
53.839129747904884,Sinaloa,Jalisco,Policía,0
45.84404509669872,Jalisco,Jalisco,Policía,1
51.12285184313767,Jalisco,Sinaloa,Policía,1
52.624100696792816,Jalisco,Sinaloa,Médico,1
50.08775290803217,Jalisco,Jalisco,Médico,0
54.70290970969046,Jalisco,Jalisco,Policía,0
51.76368921154264,Sinaloa,Jalisco,Médico,0
54.10919467227052,Sinaloa,Sinaloa,Médico,1
48.621732507867364,Jalisco,Jalisco,Médico,0
54.37736426151075,Jalisco,Jalisco,Policía,0
51.61542530989535,Sinaloa,Jalisco,Médico,0
49.421658720546574,Sinaloa,Sinaloa,Médico,0
51.23363929120776,Jalisco,Jalisco,Policía,0
54.80209429143922,Jalisco,Sinaloa,Policía,0
48.69257865889723,Jalisco,Jalisco,Policía,0
52.01328245275069,Jalisco,Jalisco,Policía,0
54.38257728559259,Jalisco,Jalisco,Médico,1
54.53368165534421,Sinaloa,Sinaloa,Médico,1
39.03823781465984,Jalisco,Sinaloa,Médico,1
37.117525820725945,Jalisco,Jalisco,Médico,1
40.03574720320035,Jalisco,Sinaloa,Médico,1
52.264072719120044,Jalisco,Sinaloa,Policía,1
49.43664034496439,Sinaloa,Sinaloa,Médico,0
55.24959605935589,Sinaloa,Sinaloa,Médico,0
50.48949665813421,Sinaloa,Sinaloa,Médico,0
34.597022377376554,Jalisco,Sinaloa,Médico,1
55.68968038713531,Jalisco,Sinaloa,Chef,0
41.618797627046376,Jalisco,Sinaloa,Médico,1
50.742887709433326,Jalisco,Sinaloa,Policía,1
50.35909910533682,Jalisco,Sinaloa,Policía,0
54.95720426937563,Jalisco,Jalisco,Policía,0
45.958129899267306,Jalisco,Sinaloa,Policía,1
48.83950764255697,Jalisco,Sinaloa,Médico,0
49.98200722189621,Sinaloa,Jalisco,Médico,0
50.88915372274684,Jalisco,Jalisco,Médico,1
36.38256239908701,Jalisco,Sinaloa,Médico,1
53.98825027334534,Sinaloa,Jalisco,Ingeniero,0
39.976518424633895,Jalisco,Jalisco,Policía,1
49.72665494160242,Sinaloa,Jalisco,Médico,0
53.11465113912885,Jalisco,Jalisco,Policía,0
54.98969593294175,Sinaloa,Jalisco,Médico,0
40.091485700849105,Jalisco,Jalisco,Policía,1
50.20355513802167,Jalisco,Sinaloa,Policía,1
53.24229642240095,Sinaloa,Sinaloa,Chef,0
43.298934646833494,Jalisco,Sinaloa,Policía,1
58.44443976533458,Sinaloa,Jalisco,Chef,0
54.053432704324536,Sinaloa,Sinaloa,Médico,0
53.41868758454355,Sinaloa,Sinaloa,Chef,0
49.85513659664572,Sinaloa,Sinaloa,Chef,0
53.35702023854739,Sinaloa,Sinaloa,Policía,0
54.09202986247265,Jalisco,Sinaloa,Médico,1
53.703466443202764,Sinaloa,Jalisco,Médico,1
51.56774646330852,Jalisco,Sinaloa,Chef,0
43.40227077042309,Jalisco,Sinaloa,Médico,1
49.58988397995594,Sinaloa,Jalisco,Policía,0
33.209741820432846,Jalisco,Sinaloa,Médico,1
49.85334507788424,Jalisco,Sinaloa,Policía,1
55.51892606044505,Jalisco,Sinaloa,Médico,1
54.84516091995685,Jalisco,Sinaloa,Médico,1
52.84811355457262,Jalisco,Jalisco,Policía,1
53.00274050633697,Jalisco,Jalisco,Médico,1
45.994259535652134,Jalisco,Jalisco,Médico,1
57.400881856269,Sinaloa,Sinaloa,Chef,0
50.92094161275297,Sinaloa,Sinaloa,Chef,0
52.462518167545795,Jalisco,Sinaloa,Policía,0
54.49959592499682,Jalisco,Jalisco,Policía,0
49.96655134102477,Jalisco,Sinaloa,Policía,0
43.48941014410506,Jalisco,Jalisco,Policía,1
49.74807471906889,Jalisco,Sinaloa,Policía,0
36.62362785603877,Jalisco,Sinaloa,Médico,1
49.97315731208362,Sinaloa,Sinaloa,Médico,0
48.05264975799561,Jalisco,Sinaloa,Policía,1
47.45524805777687,Sinaloa,Sinaloa,Médico,0
52.67885881771307,Sinaloa,Sinaloa,Médico,1
59.63015925503472,Sinaloa,Sinaloa,Médico,0
36.82502642615544,Jalisco,Jalisco,Médico,1
43.04805359418124,Jalisco,Sinaloa,Policía,1
42.83060875857976,Jalisco,Sinaloa,Médico,1
52.96602737638044,Sinaloa,Jalisco,Policía,0
49.63288024473721,Jalisco,Sinaloa,Policía,1
44.8187053126828,Jalisco,Sinaloa,Médico,0
50.04412653975371,Jalisco,Sinaloa,Policía,0
32.66733142988472,Sinaloa,Jalisco,Médico,1
45.45912517502842,Jalisco,Jalisco,Médico,0
50.77944814829165,Sinaloa,Jalisco,Médico,0
55.52454794251731,Jalisco,Sinaloa,Policía,0
50.147477361577295,Jalisco,Sinaloa,Policía,1
53.37428376705364,Jalisco,Sinaloa,Chef,0
51.24466911179903,Jalisco,Sinaloa,Médico,1
32.16450583542788,Jalisco,Jalisco,Profesor,1
51.08583283217054,Jalisco,Sinaloa,Policía,1
54.06955943433739,Sinaloa,Sinaloa,Chef,0
47.65452947241642,Jalisco,Jalisco,Médico,0
48.95883693096545,Jalisco,Jalisco,Policía,0
53.37438636393273,Jalisco,Sinaloa,Médico,1
57.33946407259103,Jalisco,Sinaloa,Profesor,1
51.088522298542536,Jalisco,Sinaloa,Policía,0
37.828406802260915,Jalisco,Jalisco,Médico,1
57.730420311183494,Jalisco,Sinaloa,Médico,1
53.90084896317689,Sinaloa,Sinaloa,Policía,0
50.97311108024764,Sinaloa,Sinaloa,Chef,0
31.974374958514236,Sinaloa,Jalisco,Profesor,1
54.74661119694925,Sinaloa,Sinaloa,Policía,0
41.24743583439181,Jalisco,Jalisco,Médico,1
50.4827828697637,Sinaloa,Jalisco,Médico,0
52.49390178173133,Sinaloa,Sinaloa,Policía,0
42.44052351243403,Jalisco,Sinaloa,Médico,1
52.53416032984268,Sinaloa,Sinaloa,Médico,0
54.211813111130034,Jalisco,Sinaloa,Policía,0
49.169000264119106,Jalisco,Sinaloa,Policía,0
56.510380253935786,Jalisco,Sinaloa,Médico,1
50.79101833627041,Jalisco,Sinaloa,Médico,0
51.092965778839186,Sinaloa,Sinaloa,Médico,0
53.888551245416856,Sinaloa,Jalisco,Chef,0
55.63773671345504,Jalisco,Jalisco,Médico,1
57.14427288295264,Sinaloa,Sinaloa,Policía,0
52.629306974717174,Sinaloa,Sinaloa,Policía,0
52.16617007222574,Jalisco,Sinaloa,Policía,0
57.39104222829615,Sinaloa,Sinaloa,Médico,0
50.01442302060611,Jalisco,Sinaloa,Policía,1
35.089597378459814,Jalisco,Sinaloa,Médico,1
50.62902369955282,Jalisco,Jalisco,Policía,1
37.18204858056928,Jalisco,Sinaloa,Médico,1
54.51790878179268,Sinaloa,Jalisco,Médico,0
53.379250587888805,Jalisco,Sinaloa,Policía,0
53.07395522813107,Jalisco,Sinaloa,Médico,1
52.711772493056486,Jalisco,Sinaloa,Médico,1
58.15488655793209,Sinaloa,Sinaloa,Médico,0
40.93812059155898,Jalisco,Sinaloa,Policía,1
45.41233036533076,Jalisco,Sinaloa,Policía,1
56.10985694702478,Jalisco,Jalisco,Policía,0
53.02682816326904,Sinaloa,Sinaloa,Médico,0
37.40396970359648,Jalisco,Jalisco,Médico,1
47.546385499597505,Jalisco,Sinaloa,Médico,0
37.54612412568214,Jalisco,Sinaloa,Médico,1
52.99602331118809,Jalisco,Jalisco,Médico,0
34.446154812907665,Jalisco,Jalisco,Médico,1
55.467843422581836,Jalisco,Jalisco,Médico,1
32.627886566310984,Jalisco,Sinaloa,Médico,1
55.59166298746783,Jalisco,Sinaloa,Policía,0
57.253908656225725,Sinaloa,Sinaloa,Policía,0
58.06790792101223,Sinaloa,Sinaloa,Policía,0
31.28933178065543,Sinaloa,Sinaloa,Profesor,1
47.2494529264178,Jalisco,Sinaloa,Médico,0
47.21649721615237,Jalisco,Sinaloa,Médico,0
53.50777334051119,Sinaloa,Sinaloa,Médico,0
57.062224875445615,Sinaloa,Sinaloa,Policía,1
55.27859959364243,Jalisco,Sinaloa,Policía,0
52.649086025705216,Jalisco,Jalisco,Médico,1
53.67354869672228,Jalisco,Sinaloa,Profesor,1
53.333278260049255,Sinaloa,Sinaloa,Policía,0
53.5726453332648,Jalisco,Sinaloa,Policía,0
49.09074704282196,Jalisco,Sinaloa,Policía,1
50.97372680686668,Jalisco,Sinaloa,Médico,1
54.47477115916635,Sinaloa,Jalisco,Médico,1
38.52667330289407,Jalisco,Sinaloa,Médico,1
57.08154550633409,Jalisco,Sinaloa,Policía,0
51.35752654350269,Sinaloa,Sinaloa,Médico,0
55.5510763458313,Jalisco,Jalisco,Médico,1
52.255818347192545,Jalisco,Sinaloa,Policía,0
49.63070401728375,Jalisco,Sinaloa,Policía,0
51.38405090439254,Jalisco,Sinaloa,Policía,0
45.16481616727956,Jalisco,Jalisco,Policía,1
39.087622335911455,Jalisco,Sinaloa,Médico,1
51.78433611436721,Sinaloa,Jalisco,Policía,1
38.66301180435174,Jalisco,Sinaloa,Médico,1
51.781511040582785,Jalisco,Sinaloa,Policía,0
51.22954537081028,Jalisco,Sinaloa,Policía,0
48.28246308691826,Jalisco,Jalisco,Médico,0
39.5927671212421,Jalisco,Sinaloa,Médico,1
52.86454380278989,Sinaloa,Jalisco,Médico,0
50.939629168014314,Jalisco,Sinaloa,Médico,1
52.30290239426106,Sinaloa,Sinaloa,Policía,0
29.02298384344617,Sinaloa,Sinaloa,Médico,1
56.58156336396266,Jalisco,Jalisco,Policía,0
43.5802487883639,Jalisco,Sinaloa,Policía,1
54.53250292397202,Jalisco,Jalisco,Médico,1
52.33833338575839,Jalisco,Sinaloa,Médico,1
55.39730159699662,Jalisco,Jalisco,Policía,1
58.30039602561774,Sinaloa,Sinaloa,Policía,0
54.28090691326266,Jalisco,Sinaloa,Médico,1
60.27179929876238,Sinaloa,Sinaloa,Médico,1
54.87922131543462,Sinaloa,Sinaloa,Médico,1
51.032249219530996,Sinaloa,Sinaloa,Médico,0
39.76735482465638,Jalisco,Sinaloa,Médico,1
51.54612259257113,Jalisco,Sinaloa,Médico,1
46.04245928422313,Jalisco,Sinaloa,Médico,1
54.529871214893504,Jalisco,Sinaloa,Policía,0
55.034048358098175,Sinaloa,Jalisco,Médico,0
57.007940561845125,Jalisco,Jalisco,Policía,0
34.350037538441754,Jalisco,Jalisco,Médico,1
41.08435122012219,Jalisco,Sinaloa,Médico,1
44.85034986706237,Jalisco,Jalisco,Policía,1
51.93994332284709,Jalisco,Sinaloa,Médico,1
53.50436736567688,Jalisco,Jalisco,Médico,1
36.504543540706486,Jalisco,Jalisco,Médico,1
49.66425530804523,Jalisco,Sinaloa,Policía,0
58.0970059321993,Jalisco,Sinaloa,Policía,0
50.61793732549214,Jalisco,Jalisco,Médico,0
51.676808809649415,Jalisco,Jalisco,Médico,1
50.111263374121584,Jalisco,Sinaloa,Médico,1
53.72410449157469,Jalisco,Sinaloa,Policía,0
51.38218035504069,Jalisco,Sinaloa,Médico,1
48.75104736603584,Sinaloa,Sinaloa,Policía,0
46.78890135919309,Jalisco,Sinaloa,Policía,0
39.87880909763416,Jalisco,Sinaloa,Médico,1
55.226152872937824,Sinaloa,Sinaloa,Médico,0
52.70677539486883,Sinaloa,Sinaloa,Médico,0
54.91427139905203,Sinaloa,Sinaloa,Médico,0
57.9715471552656,Sinaloa,Sinaloa,Policía,0
50.145872856085674,Jalisco,Jalisco,Policía,0
48.65911588653627,Jalisco,Sinaloa,Médico,0
45.11537138284076,Jalisco,Sinaloa,Policía,1
54.401338547048844,Jalisco,Sinaloa,Policía,0
50.17968499173867,Jalisco,Jalisco,Policía,0
50.47931077735779,Sinaloa,Jalisco,Chef,0
26.26862700809147,Sinaloa,Sinaloa,Profesor,1
42.497731578591356,Jalisco,Sinaloa,Policía,1
57.36793519550967,Sinaloa,Sinaloa,Policía,0
36.513052256813964,Jalisco,Jalisco,Profesor,1
53.274584854603305,Sinaloa,Sinaloa,Chef,0
52.55322290193998,Jalisco,Sinaloa,Policía,0
53.570729559793286,Sinaloa,Jalisco,Médico,1
55.78736371260623,Jalisco,Sinaloa,Médico,1
34.83258966963682,Jalisco,Sinaloa,Médico,1
38.50124040228587,Jalisco,Jalisco,Médico,1
43.07997724622257,Jalisco,Sinaloa,Médico,1
37.80455311268567,Jalisco,Jalisco,Médico,1
41.926906940921185,Jalisco,Sinaloa,Policía,1
56.006093220743026,Sinaloa,Sinaloa,Médico,1
50.34626980141953,Jalisco,Sinaloa,Policía,0
56.60388388068688,Jalisco,Sinaloa,Policía,0
47.91978000456061,Jalisco,Sinaloa,Policía,1
51.45854310148171,Jalisco,Sinaloa,Médico,1
55.94611792102845,Jalisco,Sinaloa,Policía,0
55.367852124713025,Jalisco,Sinaloa,Chef,0
54.75964201419379,Jalisco,Sinaloa,Médico,0
39.89635006551316,Jalisco,Sinaloa,Médico,1
55.743763174575335,Sinaloa,Jalisco,Médico,1
49.32888481315604,Jalisco,Sinaloa,Médico,1
50.00716021059415,Jalisco,Jalisco,Policía,1
37.39548745317114,Jalisco,Sinaloa,Médico,1
52.40917800914326,CDMX,Jalisco,Médico,0
54.56102049771702,Jalisco,Sinaloa,Policía,0
48.96138217391497,Jalisco,Jalisco,Policía,1
45.25655150653325,Jalisco,Jalisco,Médico,1
50.26565552865017,Sinaloa,CDMX,Médico,0
51.012788062249264,Jalisco,Jalisco,Policía,1
41.012747392565515,Jalisco,Sinaloa,Policía,1
50.81715072887196,Jalisco,Jalisco,Policía,0
54.68239550175055,Sinaloa,Jalisco,Médico,0
49.38161172823229,Jalisco,Sinaloa,Policía,1
50.91963975125845,Jalisco,Sinaloa,Policía,0
50.33565224961924,Jalisco,Jalisco,Médico,1
50.390602996672015,Jalisco,Jalisco,Policía,1
52.236204931856285,Jalisco,Jalisco,Médico,1
41.32120400875682,Jalisco,Sinaloa,Médico,1
42.47137328756102,Jalisco,Jalisco,Médico,1
44.41014958647219,Jalisco,Jalisco,Policía,1
51.738232920425716,Jalisco,Sinaloa,Médico,1
57.623680034507075,Sinaloa,Jalisco,Chef,0
56.78263895174201,Jalisco,Jalisco,Policía,0
30.898713326840095,Sinaloa,Jalisco,Profesor,1
53.715463615054325,Jalisco,Sinaloa,Policía,0
36.84391274073668,Jalisco,Jalisco,Médico,1
55.746020494105046,Jalisco,Sinaloa,Médico,1
55.231933003456874,Jalisco,Sinaloa,Médico,1
54.46507728456319,Jalisco,Sinaloa,Médico,1
58.420156638510726,Sinaloa,Sinaloa,Médico,0
53.116927256312906,Jalisco,Sinaloa,Médico,0
40.13412815479012,Jalisco,Jalisco,Médico,1
54.549178982685866,Sinaloa,Jalisco,Médico,0
54.81782234432348,Sinaloa,Sinaloa,Médico,1
50.08112841924693,Jalisco,Sinaloa,Médico,1
52.985290572562896,Sinaloa,Sinaloa,Médico,0
53.5749153522308,Jalisco,CDMX,Policía,0
56.231890998843745,Jalisco,Jalisco,Policía,0
57.843262610491266,Sinaloa,Sinaloa,Médico,1
40.026145739842136,Jalisco,Sinaloa,Médico,1
55.516214518694646,Jalisco,Jalisco,Policía,0
54.963067382591696,Jalisco,Sinaloa,Policía,0
53.50053042345344,Jalisco,Sinaloa,Policía,0
51.12135119324557,Jalisco,Jalisco,Policía,1
27.086964280398156,Sinaloa,Sinaloa,Profesor,1
32.04499767592324,Sinaloa,Jalisco,Médico,1
53.82259965089618,Sinaloa,Jalisco,Médico,0
52.57693940239568,Jalisco,Jalisco,Médico,1
53.734755237944626,Sinaloa,Sinaloa,Médico,0
54.03112472692497,Jalisco,Sinaloa,Médico,0
48.309531221835186,Sinaloa,Jalisco,Médico,0
48.81085633423292,Jalisco,Sinaloa,Policía,0
56.580469273202986,Jalisco,Sinaloa,Policía,0
54.049781066152256,Jalisco,Sinaloa,Médico,1
54.93666575917221,Jalisco,Jalisco,Policía,0
57.59714191207828,Sinaloa,Jalisco,Policía,0
55.608556295982154,Sinaloa,Jalisco,Chef,0
52.40950647706349,Jalisco,Jalisco,Médico,1
55.44848532256329,Jalisco,Sinaloa,Policía,0
50.516789886332894,Sinaloa,Sinaloa,Chef,0
53.42308336767612,Jalisco,Jalisco,Médico,1
42.64924212007708,Jalisco,CDMX,Médico,1
58.51383847421583,Sinaloa,Sinaloa,Policía,0
51.496389978091784,Sinaloa,Jalisco,Policía,0
39.3305125241345,Jalisco,Sinaloa,Médico,1
53.56347039187924,Jalisco,Sinaloa,Policía,1
52.05115297524248,Jalisco,Sinaloa,Médico,1
51.55815054929447,Sinaloa,Sinaloa,Policía,0
48.521333893815545,Sinaloa,Jalisco,Médico,0
54.00369058022987,Sinaloa,Jalisco,Policía,0
52.77664677548072,Sinaloa,Sinaloa,Médico,0
50.346484559718235,Sinaloa,Sinaloa,Policía,0
54.68894594529938,Sinaloa,Sinaloa,Chef,0
53.8186345785637,Jalisco,Jalisco,Médico,1
51.8774088098518,Jalisco,Sinaloa,Policía,1
43.078428826285915,Jalisco,Sinaloa,Médico,1
34.662189439409026,Sinaloa,Sinaloa,Profesor,1
46.81942505898571,Jalisco,Sinaloa,Policía,1
52.425474008809964,Sinaloa,Sinaloa,Médico,0
48.38908465973727,Jalisco,Sinaloa,Médico,0
57.17966605180434,Sinaloa,Jalisco,Chef,0
51.41877136210097,Jalisco,Sinaloa,Policía,0
52.821152779332714,Jalisco,Sinaloa,Policía,1
54.39271661783374,Sinaloa,Sinaloa,Policía,0
34.81269018166489,Jalisco,Sinaloa,Médico,1
52.29430220952858,Sinaloa,Sinaloa,Médico,0
54.89884641710826,Jalisco,Sinaloa,Médico,1
45.24399959703416,Jalisco,Jalisco,Médico,1
53.69161976036104,Jalisco,Sinaloa,Policía,0
53.395851664828825,Jalisco,Sinaloa,Médico,1
50.25179871991558,Jalisco,Sinaloa,Policía,0
52.44816933818051,Jalisco,Jalisco,Policía,0
42.709010481247915,Jalisco,Sinaloa,Médico,1
56.89824098382158,Sinaloa,Sinaloa,Médico,0
57.32512945650754,Sinaloa,Jalisco,Chef,0
52.90378443287263,Sinaloa,Sinaloa,Médico,0
45.175248093583484,Jalisco,Jalisco,Policía,1
40.69278764857985,Jalisco,Jalisco,Médico,1
54.088768069214126,Sinaloa,Sinaloa,Médico,0
54.44551516769845,Jalisco,Sinaloa,Médico,1
39.403996884204915,Jalisco,Jalisco,Médico,1
54.6289565613846,Jalisco,Jalisco,Policía,0
57.921065371416574,Sinaloa,Sinaloa,Médico,0
53.98175457086222,Jalisco,Jalisco,Médico,1
35.539898407971435,Jalisco,Sinaloa,Médico,1
43.843887034090784,Jalisco,Sinaloa,Médico,1
45.87024055755877,Jalisco,Sinaloa,Policía,1
49.65972813750098,Jalisco,Sinaloa,Chef,0
36.364723838772306,Jalisco,Sinaloa,Médico,1
59.33289481867888,Jalisco,Sinaloa,Policía,0
55.55597463056475,Sinaloa,Sinaloa,Médico,1
35.38434627288353,Jalisco,Jalisco,Médico,1
54.60532483758239,Sinaloa,Sinaloa,Médico,0
33.02674486703194,Sinaloa,Sinaloa,Profesor,1
50.80343511021617,Jalisco,Sinaloa,Médico,1
54.70114674077842,Jalisco,Sinaloa,Policía,0
57.63270531715321,Sinaloa,Sinaloa,Médico,1
53.20250330782906,Jalisco,Sinaloa,Médico,1
52.884274668328395,Jalisco,Jalisco,Médico,1
52.4224216480992,Sinaloa,Sinaloa,Policía,0
50.56037687891781,Sinaloa,Sinaloa,Policía,0
56.97270915471879,Sinaloa,Jalisco,Policía,0
50.761290040649264,Jalisco,Jalisco,Médico,1
46.6998578105235,Jalisco,Jalisco,Policía,1
49.44192697459119,Jalisco,Sinaloa,Policía,1
52.60966622101345,Jalisco,Sinaloa,Policía,0
37.37080009732398,Jalisco,Jalisco,Médico,1
49.395906988435584,Jalisco,Sinaloa,Policía,0
51.67510282218436,Jalisco,Sinaloa,Médico,1
56.09302732823591,Jalisco,Sinaloa,Médico,1
39.81028876788184,Jalisco,Sinaloa,Médico,1
60.327989794768264,CDMX,Sinaloa,Chef,0
53.95196390378887,Jalisco,Sinaloa,Médico,1
29.901304714900412,Sinaloa,Jalisco,Profesor,1
53.838311322538345,Jalisco,Sinaloa,Policía,0
53.47086070578983,Sinaloa,Jalisco,Médico,1
49.803672851111315,Jalisco,Sinaloa,Policía,1
56.18245961204494,Sinaloa,Sinaloa,Chef,0
50.26944507962953,Jalisco,Sinaloa,Policía,1
52.51755118449706,Sinaloa,Jalisco,Médico,0
52.23649856548317,Jalisco,Sinaloa,Chef,0
42.80445231132728,Jalisco,Jalisco,Médico,1
58.806516547284886,Sinaloa,Sinaloa,Chef,0
52.70599869952494,Jalisco,Sinaloa,Médico,1
51.55811330371835,Jalisco,Sinaloa,Policía,0
56.16921331543512,Jalisco,Jalisco,Policía,0
51.018910999369744,Jalisco,Sinaloa,Policía,1
52.11386882620227,Jalisco,Sinaloa,Policía,0
54.28713027795696,Jalisco,Sinaloa,Médico,1
54.83407802509664,Jalisco,Jalisco,Policía,0
44.22452094953694,Jalisco,Sinaloa,Médico,1
53.0132428717232,Sinaloa,Jalisco,Médico,1
39.68418830350679,Jalisco,Sinaloa,Médico,1
29.510505774875796,Sinaloa,Jalisco,Profesor,1
50.76695225390828,Jalisco,Sinaloa,Policía,0
54.91290129908697,Jalisco,Sinaloa,Médico,1
57.716792410895046,Sinaloa,Sinaloa,Médico,0
53.92536597748546,Sinaloa,Jalisco,Médico,1
41.373551861497525,Jalisco,Sinaloa,Policía,1
52.8702953118438,Jalisco,Sinaloa,Policía,0
50.276451281891546,Jalisco,Sinaloa,Médico,1
54.61844779046159,Jalisco,Jalisco,Médico,1
55.747444262802105,Sinaloa,Sinaloa,Chef,0
37.27636133589291,Jalisco,Sinaloa,Policía,1
47.85580288786986,Jalisco,Sinaloa,Policía,0
55.235481318775655,Jalisco,Sinaloa,Policía,0
51.640440222620235,Sinaloa,Sinaloa,Médico,0
49.684606518668076,Jalisco,Jalisco,Policía,1
50.91653117673683,Jalisco,Jalisco,Médico,1
54.004791250105164,Jalisco,Sinaloa,Policía,0
59.496950802098176,Sinaloa,Jalisco,Médico,0
31.06255383142949,Sinaloa,Sinaloa,Profesor,1
30.462212288406757,Sinaloa,Sinaloa,Profesor,1
41.050890582578525,Jalisco,Sinaloa,Médico,1
43.782590853813886,Jalisco,Sinaloa,Médico,1
53.022154212639364,Jalisco,CDMX,Médico,1
42.844882627881375,Jalisco,Jalisco,Médico,1
57.482039618994946,Jalisco,Sinaloa,Médico,0
43.12428161096476,Jalisco,Sinaloa,Médico,1
35.146551371513894,Jalisco,Sinaloa,Médico,1
44.6978931470033,Jalisco,Sinaloa,Médico,1
54.9510101476919,Sinaloa,Jalisco,Médico,1
55.168520509291746,Sinaloa,Sinaloa,Médico,0
56.82829522749127,Sinaloa,Sinaloa,Policía,0
55.75248144989686,Jalisco,Sinaloa,Médico,1
55.57633327212366,Jalisco,Sinaloa,Policía,0
44.98335540859398,Jalisco,CDMX,Médico,0
53.80270756609551,Sinaloa,Jalisco,Médico,0
55.36219603032,Jalisco,Jalisco,Policía,0
51.814800940483764,Jalisco,Sinaloa,Médico,1
54.93685765658324,Sinaloa,Sinaloa,Médico,0
51.261869103888486,Sinaloa,Jalisco,Médico,0
35.66503734516739,Jalisco,Jalisco,Médico,1
52.13852590710552,CDMX,Sinaloa,Médico,0
43.89261491785641,Jalisco,Sinaloa,Médico,1
56.59554140443686,Jalisco,Jalisco,Médico,0
36.835661747186926,Jalisco,Sinaloa,Médico,1
49.70642130797731,Jalisco,Sinaloa,Médico,0
53.4273273709196,Sinaloa,Sinaloa,Médico,0
54.539840290771345,Sinaloa,Jalisco,Médico,0
42.55466831116358,Jalisco,Sinaloa,Médico,1
54.873152877921605,Jalisco,Sinaloa,Policía,0
55.890186922179716,Jalisco,Jalisco,Policía,0
54.542476317889054,Sinaloa,Sinaloa,Chef,0
38.85238318424019,Jalisco,Jalisco,Médico,1
55.83803009649872,Sinaloa,Jalisco,Médico,0
37.32724429552911,Jalisco,Jalisco,Médico,1
49.92382895390948,Jalisco,Sinaloa,Médico,1
49.83637513034611,Sinaloa,Sinaloa,Médico,0
55.149953572713585,Sinaloa,Sinaloa,Médico,0
51.65675688703372,Sinaloa,Sinaloa,Médico,0
51.99713606324437,Jalisco,Sinaloa,Policía,0
58.105345603129145,Jalisco,Sinaloa,Policía,0
32.10403020898646,Jalisco,Sinaloa,Médico,1
41.19678719272306,Jalisco,Sinaloa,Médico,1
57.105275869956984,Sinaloa,Jalisco,Médico,0
51.21824027719635,Sinaloa,Sinaloa,Médico,0
40.02104116862857,Jalisco,Sinaloa,Policía,1
52.781424083511546,Sinaloa,Sinaloa,Médico,1
54.108287979387526,Sinaloa,Sinaloa,Profesor,0
49.54376605447463,Jalisco,Sinaloa,Policía,0
52.50870562164878,Sinaloa,Jalisco,Policía,0
52.053418424886104,Sinaloa,Sinaloa,Policía,1
37.647688639501226,Jalisco,Sinaloa,Médico,1
48.88023022185516,Sinaloa,Sinaloa,Médico,0
54.06530340921805,Sinaloa,Sinaloa,Policía,0
57.117112496160026,Sinaloa,Sinaloa,Policía,0
46.26524964370609,Jalisco,Sinaloa,Policía,1
51.4406948637239,Jalisco,Jalisco,Policía,1
51.35248531368368,Sinaloa,Jalisco,Médico,0
54.32773750182504,Sinaloa,Sinaloa,Policía,0
54.61829188162624,Sinaloa,Jalisco,Profesor,0
47.1805646908039,Jalisco,Sinaloa,Policía,1
41.693119164938366,Jalisco,Sinaloa,Policía,1
47.26797927160888,Jalisco,Sinaloa,Médico,0
51.956171075021615,Sinaloa,Jalisco,Médico,0
53.23584026458293,Jalisco,Sinaloa,Médico,1
33.248046717071425,Jalisco,Jalisco,Médico,1
52.52225292939637,Sinaloa,Jalisco,Profesor,0
56.43091910454855,Jalisco,Jalisco,Médico,1
56.726084181818464,Jalisco,Jalisco,Médico,1
46.95713084441987,Jalisco,Jalisco,Médico,0
54.597913344233575,Jalisco,Sinaloa,Policía,0
52.075597487328096,Jalisco,Sinaloa,Policía,0
40.53705762863409,Jalisco,Sinaloa,Médico,1
53.28184267096174,Jalisco,Sinaloa,Policía,0
48.943886530353964,Jalisco,Sinaloa,Policía,0
51.231878513735865,Jalisco,Sinaloa,Policía,1
53.18171255529827,Jalisco,Jalisco,Policía,0
44.30704017401594,Jalisco,Jalisco,Médico,0
52.206074604230416,Jalisco,Sinaloa,Policía,1
56.73887235355067,Sinaloa,Jalisco,Policía,0
56.95046519057778,Sinaloa,Jalisco,Policía,0
55.69792637239525,Jalisco,Sinaloa,Médico,1
45.95650904663602,Jalisco,Jalisco,Médico,1
33.42099813519946,Jalisco,Jalisco,Profesor,1
54.70657954217534,Sinaloa,Sinaloa,Policía,0
37.426342982761355,Jalisco,Jalisco,Médico,1
53.267637702942764,Jalisco,Jalisco,Médico,1
43.177322932206025,Jalisco,Jalisco,Médico,1
48.7239590636506,Jalisco,Sinaloa,Chef,0
30.95536644682455,Jalisco,Sinaloa,Profesor,1
49.89810045175828,Jalisco,Sinaloa,Médico,1
50.54675489994972,Jalisco,Sinaloa,Médico,1
54.74216226738439,Sinaloa,Sinaloa,Chef,0
42.32300304380018,Jalisco,Sinaloa,Médico,1
52.763366476962446,Jalisco,Jalisco,Policía,0
51.21833609678359,Jalisco,Jalisco,Médico,1
45.29793587893572,Jalisco,Jalisco,Policía,1
53.88076346380257,Sinaloa,Sinaloa,Chef,0
40.940233621185726,Jalisco,Jalisco,Médico,1
42.42818249163193,Jalisco,Jalisco,Médico,1
40.229205768040586,Jalisco,Sinaloa,Médico,1
52.08481527424788,Sinaloa,Jalisco,Policía,0
54.51293674716518,Jalisco,Sinaloa,Policía,0
51.243585280652525,Jalisco,Sinaloa,Policía,0
56.72373304430957,Sinaloa,Sinaloa,Médico,1
51.551414429993244,Sinaloa,Jalisco,Médico,0
50.60865761855001,Sinaloa,Sinaloa,Médico,0
55.05096619873158,Sinaloa,Jalisco,Médico,0
41.242323931347144,Jalisco,Jalisco,Médico,1
51.31597518659038,Jalisco,Sinaloa,Médico,1
51.21729390939107,Jalisco,Jalisco,Policía,1
48.489705197501024,Jalisco,Jalisco,Médico,0
51.3383704795081,Sinaloa,Jalisco,Médico,0
49.756094909899836,Sinaloa,Sinaloa,Chef,0
51.797266826175345,Sinaloa,Sinaloa,Policía,0
36.86633029265399,Jalisco,Jalisco,Médico,1
54.71378807907418,Jalisco,Sinaloa,Médico,1
54.79132892336072,Jalisco,Sinaloa,Médico,1
52.93041791365243,Sinaloa,Sinaloa,Médico,0
53.634486763296344,Jalisco,Sinaloa,Policía,1
52.607553240120346,Jalisco,Sinaloa,Médico,1
33.56636148693015,Sinaloa,Jalisco,Médico,1
50.37595081713551,Jalisco,Sinaloa,Médico,1
53.91772740276584,Jalisco,Sinaloa,Policía,0
30.245859523659064,Sinaloa,Sinaloa,Profesor,1
52.309659826158146,Jalisco,Sinaloa,Médico,1
56.30809583702879,Sinaloa,Jalisco,Médico,1
56.21722853651571,Jalisco,Sinaloa,Policía,0
52.48391728079633,Jalisco,Jalisco,Médico,1
50.40781173359239,Jalisco,Jalisco,Médico,1
58.45413881807819,Jalisco,Sinaloa,Policía,0
51.48451971773746,Jalisco,Sinaloa,Chef,0
56.0969179599452,Jalisco,Sinaloa,Médico,1
50.893766387113395,Sinaloa,Sinaloa,Médico,0
51.375321782977714,Jalisco,Jalisco,Médico,1
53.89881747058884,Jalisco,Sinaloa,Policía,0
51.993922556248094,Sinaloa,Sinaloa,Policía,1
52.53473915418558,Sinaloa,Sinaloa,Policía,0
40.51639110209776,Jalisco,Jalisco,Policía,1
54.466921707762125,Sinaloa,Sinaloa,Médico,0
48.563784515400584,Jalisco,Jalisco,Policía,1
51.89163250318243,Jalisco,Jalisco,Médico,1
54.359024303125906,Sinaloa,Jalisco,Médico,0
53.21152482705741,Jalisco,Sinaloa,Médico,1
33.37528470647051,Jalisco,Jalisco,Médico,1
33.731083865869635,Jalisco,Sinaloa,Médico,1
57.53247118804348,Jalisco,Jalisco,Policía,0
52.70313506147247,Sinaloa,Jalisco,Médico,0
51.00610615667535,Jalisco,Sinaloa,Policía,0
52.33879343028677,Sinaloa,Jalisco,Policía,0
53.78032044840899,Jalisco,Sinaloa,Chef,0
51.35718320485304,Jalisco,Jalisco,Policía,0
46.856073772057584,Jalisco,Jalisco,Policía,1
53.041509660896324,Jalisco,Jalisco,Policía,0
53.50708941104843,Sinaloa,Sinaloa,Médico,0
52.74246763453271,Sinaloa,Sinaloa,Médico,1
37.061075824167254,Jalisco,Sinaloa,Médico,1
42.431617574814254,Jalisco,Sinaloa,Policía,1
50.81957830846888,Sinaloa,Sinaloa,Médico,0
50.976221338548235,Sinaloa,Sinaloa,Médico,0
52.62275168496402,Sinaloa,Jalisco,Médico,1
54.65858774404301,Jalisco,Jalisco,Policía,0
56.52689379382431,Jalisco,Sinaloa,Policía,0
51.56906834094401,Sinaloa,Sinaloa,Policía,0
52.98456658970443,Sinaloa,Sinaloa,Médico,0
49.900734799121096,Jalisco,Jalisco,Policía,0
54.32528609455673,Jalisco,Jalisco,Chef,0
55.275044486828214,Sinaloa,Sinaloa,Médico,1
56.34965268850816,Jalisco,Sinaloa,Médico,1
56.06588273217736,Sinaloa,Sinaloa,Policía,1
52.30877713804053,Jalisco,Sinaloa,Médico,1
45.71921089330402,Jalisco,Sinaloa,Policía,1
50.1795143080564,Sinaloa,Sinaloa,Médico,0
37.938367148831006,Jalisco,Jalisco,Médico,1
51.190986386007225,Jalisco,Sinaloa,Médico,0
51.9019314511933,Sinaloa,Sinaloa,Policía,0
51.414016234152335,Sinaloa,Sinaloa,Médico,0
53.31331145421271,Sinaloa,Sinaloa,Policía,0
52.89585146964225,Jalisco,Sinaloa,Policía,0
51.48531862920078,Jalisco,Sinaloa,Médico,0
55.42129158023068,Sinaloa,Sinaloa,Médico,1
55.31751382215971,Jalisco,Sinaloa,Policía,0
56.27936465477808,Sinaloa,Sinaloa,Médico,0
51.11995427027169,Jalisco,Jalisco,Médico,1
33.15104557774082,Jalisco,Sinaloa,Médico,1
44.19054802381443,Jalisco,Sinaloa,Médico,1
50.72328703988665,Sinaloa,Sinaloa,Médico,0
51.633093701689425,Sinaloa,Sinaloa,Policía,0
52.423528584789615,Jalisco,Sinaloa,Policía,1
54.213631131085684,Sinaloa,Sinaloa,Policía,0
53.917227446184754,Jalisco,Sinaloa,Médico,1
40.53829736734745,Jalisco,Sinaloa,Médico,1
53.624965323427766,Sinaloa,Jalisco,Médico,0
52.23007465946177,Sinaloa,Jalisco,Médico,0
51.24322161570576,Jalisco,Jalisco,Policía,0
52.130893100857875,Jalisco,Sinaloa,Médico,1
53.66181910721725,Jalisco,Jalisco,Médico,1
53.94890675899733,Jalisco,Sinaloa,Médico,1
54.76276155566428,Sinaloa,Jalisco,Médico,1
57.79488280362982,Sinaloa,Sinaloa,Médico,0
54.183372688987745,Sinaloa,Sinaloa,Médico,1
50.733405842151456,Jalisco,Jalisco,Médico,1
51.96207651149701,Sinaloa,Sinaloa,Médico,0
50.20226750317882,Jalisco,Sinaloa,Médico,0
52.29121571974041,Jalisco,Sinaloa,Policía,0
52.67907622740437,Jalisco,Sinaloa,Médico,1
52.499185360219805,Sinaloa,Sinaloa,Médico,0
54.734947439289186,Sinaloa,Jalisco,Policía,0
54.53634413628964,Sinaloa,Sinaloa,Médico,1
43.8849907902223,Jalisco,Sinaloa,Policía,1
36.99377025332061,Jalisco,Sinaloa,Médico,1
37.43711628382986,Jalisco,Sinaloa,Médico,1
50.09217136367196,Jalisco,Sinaloa,Policía,1
54.6432253361768,Sinaloa,CDMX,Médico,0
44.97518214544413,Jalisco,Jalisco,Policía,1
55.634547174977925,Sinaloa,Sinaloa,Médico,0
42.05447774065491,Jalisco,Jalisco,Médico,1
53.914781548532964,Sinaloa,Sinaloa,Médico,1
32.72608137264757,Jalisco,Jalisco,Médico,1
37.622749372982454,Jalisco,Jalisco,Médico,1
48.18834820144154,Jalisco,Jalisco,Policía,1
51.388938295375766,Jalisco,Sinaloa,Policía,1
51.80467174180902,Jalisco,Sinaloa,Médico,1
50.16006539649927,Sinaloa,Jalisco,Médico,0
55.25276318496334,Jalisco,Sinaloa,Policía,0
57.46541632000175,Jalisco,Jalisco,Policía,0
54.94189238410199,Jalisco,Jalisco,Médico,1
51.79518295612857,Jalisco,Sinaloa,Policía,1
49.724299081563274,Jalisco,Sinaloa,Policía,1
52.68528628530252,Jalisco,Sinaloa,Médico,1
52.93930976055356,Jalisco,Jalisco,Médico,1
52.05449563970075,Sinaloa,Sinaloa,Médico,0
51.69883022362932,Sinaloa,Jalisco,Policía,0
35.152674306152164,Jalisco,Sinaloa,Médico,1
42.679462444199494,Jalisco,Sinaloa,Policía,1
51.39178023261059,Sinaloa,Sinaloa,Médico,0
41.45083691116098,Jalisco,Sinaloa,Policía,1
54.81569986336197,Sinaloa,Sinaloa,Policía,0
54.688982127265625,Jalisco,Sinaloa,Médico,1
41.557986707085064,Jalisco,Sinaloa,Médico,1
55.1621724454294,Sinaloa,Jalisco,Chef,0
35.27503502610176,Jalisco,Sinaloa,Médico,1
53.01625901468641,Jalisco,Sinaloa,Policía,0
53.86629707990304,Sinaloa,Sinaloa,Médico,1
53.714324835280586,Jalisco,Jalisco,Policía,0
52.29861884652163,Sinaloa,Jalisco,Médico,0
34.48900355712636,Jalisco,Sinaloa,Médico,1
44.53019999575815,Jalisco,Jalisco,Policía,1
53.38321400956441,Jalisco,Jalisco,Policía,0
55.829077974731426,Jalisco,Sinaloa,Policía,0
52.34456344077643,Jalisco,Sinaloa,Médico,1
47.68761041823523,Jalisco,Sinaloa,Médico,0
49.80462198442672,Sinaloa,Jalisco,Médico,0
37.33057979426736,Jalisco,Sinaloa,Médico,1
39.397633180574374,Jalisco,Sinaloa,Médico,1
51.968976401591576,Jalisco,Sinaloa,Médico,1
50.07917131839228,Jalisco,Sinaloa,Profesor,0
40.47128516181016,Jalisco,Sinaloa,Médico,1
51.908106905590394,Sinaloa,Jalisco,Médico,0
55.35078908096346,Sinaloa,Jalisco,Médico,0
55.297068557817276,Sinaloa,Jalisco,Médico,1
52.406890494621976,Sinaloa,Sinaloa,Policía,1
27.862536194433567,Sinaloa,Sinaloa,Médico,1
52.732446589882244,Sinaloa,Jalisco,Médico,0
53.79298917137219,Jalisco,Jalisco,Policía,0
51.98744384394248,Sinaloa,Jalisco,Médico,0
51.67548145209819,Sinaloa,Sinaloa,Chef,0
41.28977515493429,Jalisco,Jalisco,Policía,1
54.98174229494699,Sinaloa,Jalisco,Médico,0
53.72509904597015,Jalisco,Jalisco,Policía,0
56.59325347297053,Jalisco,Sinaloa,Policía,0
53.062507583091616,Jalisco,Sinaloa,Policía,1
53.28693100737593,Sinaloa,Sinaloa,Médico,0
32.57060454093933,Sinaloa,Sinaloa,Profesor,1
52.93949632065671,Jalisco,Sinaloa,Médico,1
55.53683515675819,Sinaloa,Jalisco,Médico,0
51.245792150124586,Jalisco,Sinaloa,Médico,1
48.28776082764137,Sinaloa,Sinaloa,Médico,0
43.1804227143873,Jalisco,Jalisco,Médico,1
53.426876854741046,Sinaloa,Sinaloa,Médico,0
52.322740330901944,Jalisco,Sinaloa,Médico,1
49.902346018309174,Jalisco,Sinaloa,Médico,0
52.471898306538016,Sinaloa,Sinaloa,Médico,0
59.10177297457505,Sinaloa,Sinaloa,Policía,0
50.3186683912688,Jalisco,Jalisco,Médico,1
56.98925317821662,Sinaloa,Jalisco,Médico,0
49.91917959717519,Sinaloa,Sinaloa,Médico,0
51.506319672615525,Sinaloa,Jalisco,Policía,0
43.50268642713645,Jalisco,Jalisco,Policía,1
52.55503445134514,Jalisco,Sinaloa,Policía,0
49.8069196276703,Jalisco,Sinaloa,Policía,0
43.97527910076407,Jalisco,Sinaloa,Policía,1
49.8936225203164,Sinaloa,Jalisco,Policía,0
57.07508365880584,Jalisco,Sinaloa,Médico,1
51.37520552798514,Jalisco,Sinaloa,Policía,0
55.018891687714806,Jalisco,Sinaloa,Policía,0
48.39398261266473,Sinaloa,Sinaloa,Médico,0
51.4138593461553,Jalisco,Sinaloa,Médico,1
52.50352228459511,Jalisco,Jalisco,Médico,1
41.58210692522013,Jalisco,Sinaloa,Policía,1
35.06864276914169,Jalisco,Jalisco,Profesor,1
57.39791313670041,Sinaloa,Sinaloa,Policía,0
51.2634172024194,Jalisco,Sinaloa,Policía,0
51.2701464334986,Jalisco,Sinaloa,Policía,0
53.21109770050205,Jalisco,Jalisco,Policía,0
54.35176532449746,Jalisco,Jalisco,Médico,1
31.423555016349155,Sinaloa,Sinaloa,Profesor,1
53.40888096510928,Jalisco,Sinaloa,Policía,0
49.51021785164484,Jalisco,Jalisco,Médico,1
48.60503548106693,Sinaloa,Jalisco,Médico,0
52.96822285901974,Jalisco,Jalisco,Médico,1
43.0585386437616,Jalisco,Sinaloa,Médico,1
52.20459282306218,Sinaloa,Jalisco,Médico,0
40.42888080352204,Jalisco,Jalisco,Policía,1
53.06115626041632,Sinaloa,Sinaloa,Médico,0
56.68636181869624,Jalisco,Sinaloa,Policía,0
55.29243330455522,Jalisco,Sinaloa,Policía,0
54.44899488532898,Sinaloa,Sinaloa,Médico,0
54.65307228050775,Sinaloa,Jalisco,Chef,0
51.973130388157635,Jalisco,Sinaloa,Médico,1
51.38456689606047,Jalisco,Sinaloa,Médico,1
58.038721865349316,Sinaloa,Sinaloa,Policía,0
40.55227884790331,Jalisco,Jalisco,Médico,1
38.82335751934586,Jalisco,Sinaloa,Médico,1
53.05864680280799,Jalisco,Jalisco,Policía,0
53.3789355547265,Jalisco,Sinaloa,Médico,1
52.68227563103645,Jalisco,Jalisco,Chef,0
31.59653699852128,Sinaloa,Sinaloa,Profesor,1
50.853540901143916,Jalisco,Sinaloa,Policía,1
54.331403035100564,Sinaloa,Jalisco,Médico,0
55.4744520685402,Jalisco,Jalisco,Policía,0
57.712802164053095,Jalisco,Jalisco,Médico,1
49.65781502826345,Jalisco,Jalisco,Policía,0
51.51599768847745,Sinaloa,Sinaloa,Médico,0
52.196644823144126,Jalisco,Jalisco,Médico,0
52.420866024803956,Sinaloa,Sinaloa,Médico,0
51.602907470978955,Sinaloa,Sinaloa,Médico,0
51.124651718991025,Sinaloa,Sinaloa,Médico,0
54.898706747871145,Jalisco,Sinaloa,Médico,1
51.91222012492604,Jalisco,Sinaloa,Médico,1
43.729404994607776,Jalisco,Jalisco,Policía,1
47.54636307014527,Jalisco,Jalisco,Profesor,0
28.660867335162976,Sinaloa,Sinaloa,Profesor,1
52.93086784939664,Jalisco,Sinaloa,Policía,0
52.328913157772185,Jalisco,Sinaloa,Policía,1
56.41570248096977,Jalisco,Sinaloa,Policía,0
51.325382026257344,Jalisco,Sinaloa,Médico,1
55.372422183902344,Jalisco,Jalisco,Médico,1
40.12044721831201,Jalisco,Sinaloa,Médico,1
44.27161280125396,Jalisco,Sinaloa,Médico,1
54.15953434791656,Jalisco,Sinaloa,Policía,0
32.41769443924433,Sinaloa,Jalisco,Profesor,1
49.42425172886589,Jalisco,Sinaloa,Médico,1
54.4326985765079,Jalisco,Sinaloa,Médico,1
54.170407042927586,Sinaloa,Sinaloa,Médico,0
52.51660454262858,Sinaloa,Sinaloa,Profesor,0
54.57017226896559,Sinaloa,Sinaloa,Médico,0
53.50342066897812,Sinaloa,Sinaloa,Médico,0
57.92946857940349,Jalisco,Jalisco,Policía,0
51.863321469459,Sinaloa,Jalisco,Médico,0
53.267999226601894,Jalisco,Sinaloa,Médico,1
54.34759060635373,Sinaloa,Sinaloa,Médico,0
52.00398717979593,Jalisco,Sinaloa,Policía,0
53.06666137716899,Sinaloa,Sinaloa,Chef,0
53.49369689760684,Sinaloa,Sinaloa,Chef,0
33.838002306140346,Jalisco,Sinaloa,Médico,1
51.95570374243849,Sinaloa,Jalisco,Médico,0
55.661627459509155,Jalisco,Sinaloa,Médico,1
46.94914938552958,Sinaloa,Sinaloa,Médico,0
53.67286445908903,Jalisco,Jalisco,Policía,0
33.336913079666616,Sinaloa,Jalisco,Profesor,1
62.19156048050399,CDMX,Sinaloa,Policía,0
56.37917878106473,Sinaloa,Sinaloa,Policía,0
53.00913601200475,Sinaloa,Jalisco,Profesor,0
29.827117247299448,Jalisco,Sinaloa,Médico,1
49.61090017064505,Jalisco,Sinaloa,Policía,0
51.132899606023585,Jalisco,Jalisco,Policía,1
44.000111506501014,Jalisco,Sinaloa,Policía,1
49.262653145457776,Jalisco,Sinaloa,Policía,1
52.495899643438825,Sinaloa,Jalisco,Médico,1
49.35807259073427,Jalisco,Sinaloa,Policía,1
54.99210709505616,Jalisco,Jalisco,Policía,0
38.704349898337284,Jalisco,Sinaloa,Médico,1
51.520647552771266,Sinaloa,Jalisco,Chef,0
50.75314213198202,Sinaloa,Sinaloa,Policía,0
36.619682954087594,Jalisco,Sinaloa,Médico,1
52.1230178360545,Sinaloa,Jalisco,Médico,0
55.141620843823056,Jalisco,Sinaloa,Chef,0
38.35403181596155,Jalisco,Jalisco,Médico,1
37.99679355241017,Jalisco,Sinaloa,Policía,1
52.7100076097779,Sinaloa,Sinaloa,Médico,0
57.97158343057607,Sinaloa,Sinaloa,Médico,0
54.61184735782286,Sinaloa,Sinaloa,Médico,0
52.064468656496246,Sinaloa,Sinaloa,Chef,0
53.794153971062705,Sinaloa,Sinaloa,Médico,0
49.91202610780201,Jalisco,Sinaloa,Médico,0
51.7006657544245,Jalisco,Jalisco,Médico,1
59.39298291188096,Sinaloa,Sinaloa,Médico,0
42.39442560001274,Jalisco,Jalisco,Policía,1
48.98108653393691,Jalisco,Jalisco,Policía,0
50.763457631211146,Jalisco,Jalisco,Policía,0
57.450922699550055,Sinaloa,Sinaloa,Policía,0
52.15445076457892,Jalisco,Sinaloa,Policía,1
48.360703895862656,Sinaloa,Sinaloa,Médico,0
55.168303323517,Sinaloa,Sinaloa,Chef,0
55.85141032718188,Sinaloa,Jalisco,Policía,0
43.18472028652474,Jalisco,Sinaloa,Médico,1
44.922828160543595,Jalisco,Sinaloa,Médico,1
37.31267554791367,Jalisco,Sinaloa,Profesor,1
38.66243688417901,Jalisco,Sinaloa,Médico,1
59.075058405921745,Sinaloa,Jalisco,Chef,0
53.347089442669066,Jalisco,Sinaloa,Policía,0
37.05821649002995,Jalisco,Jalisco,Policía,1
50.61095435299002,Sinaloa,Sinaloa,Médico,0
53.18405126452963,Jalisco,CDMX,Policía,0
50.085690911867694,Jalisco,Sinaloa,Policía,1
59.329913869231525,Sinaloa,Jalisco,Policía,0
56.08953465770032,Sinaloa,Sinaloa,Chef,0
55.06547928872761,Jalisco,Jalisco,Médico,1
36.94848015274826,Jalisco,Jalisco,Médico,1
34.658138173170386,Jalisco,Sinaloa,Médico,1
48.3792043423946,Jalisco,Jalisco,Policía,1
53.731424044987214,Jalisco,Sinaloa,Médico,1
53.161614671441505,Jalisco,Sinaloa,Chef,0
54.15367913058879,Sinaloa,Sinaloa,Médico,0
55.13872512203292,Jalisco,Sinaloa,Profesor,1
52.08939813159387,Sinaloa,Sinaloa,Médico,0
51.46003204370769,Jalisco,Jalisco,Médico,1
53.61514928107701,Sinaloa,Sinaloa,Médico,0
52.97851981530915,Jalisco,Sinaloa,Policía,0
38.940448849446994,Jalisco,Sinaloa,Médico,1
30.13231115711473,Sinaloa,Sinaloa,Profesor,1
56.739932531861896,Sinaloa,Sinaloa,Chef,0
53.57255926444014,Jalisco,Sinaloa,Policía,0
52.33805686069059,Sinaloa,Sinaloa,Médico,0
54.911834582477624,Jalisco,Jalisco,Médico,0
54.05870651695872,Jalisco,Sinaloa,Policía,0
42.60280885641646,Jalisco,Sinaloa,Policía,1
53.130226186676964,Jalisco,Jalisco,Policía,0
54.15353942440662,Jalisco,Sinaloa,Policía,0
53.4644182535177,Sinaloa,Sinaloa,Médico,0
37.178026209497084,Jalisco,Jalisco,Profesor,1
51.385831554222264,Jalisco,Sinaloa,Policía,1
52.51263317471032,Jalisco,Sinaloa,Chef,0
38.30989576939794,Jalisco,Sinaloa,Médico,1
48.92445510328497,Jalisco,Sinaloa,Policía,1
41.351974800800825,Jalisco,Sinaloa,Policía,1
40.901375492548524,Jalisco,Sinaloa,Médico,1
57.162912804059786,Sinaloa,Jalisco,Policía,0
52.14210392400407,Jalisco,Sinaloa,Médico,1
49.478376639249745,Jalisco,Jalisco,Médico,0
48.6886621867419,Jalisco,Jalisco,Policía,0
61.86756748658755,Sinaloa,Jalisco,Policía,0
51.37025964600525,Jalisco,Jalisco,Médico,1
51.28915178935986,Sinaloa,Sinaloa,Policía,0
54.59855766714474,Jalisco,Sinaloa,Médico,1
49.51628523193891,Jalisco,Sinaloa,Médico,0
51.91724412456077,Jalisco,Sinaloa,Policía,0
42.94842682775083,Jalisco,Jalisco,Policía,1
54.050674577647364,Sinaloa,Sinaloa,Médico,0
51.95625104816291,Jalisco,Sinaloa,Policía,0
53.16566582158441,Sinaloa,Jalisco,Médico,0
45.07607738832896,Jalisco,Jalisco,Médico,1
31.75860038669981,Sinaloa,Jalisco,Médico,1
49.51288995349679,Sinaloa,Jalisco,Médico,0
52.26867235768159,Jalisco,Sinaloa,Médico,1
37.15480662210419,Jalisco,Sinaloa,Médico,1
49.592117379624995,Sinaloa,Sinaloa,Chef,0
56.849441408469936,Sinaloa,Sinaloa,Policía,0
37.82898350377431,Jalisco,Jalisco,Médico,1
48.538760427325116,Jalisco,Sinaloa,Médico,0
54.18248996499483,Jalisco,Sinaloa,Policía,0
54.092747968080715,Sinaloa,Sinaloa,Médico,0
51.18849021391684,Sinaloa,Sinaloa,Chef,0
50.27402398770221,Jalisco,Jalisco,Médico,1
57.4992476211673,Sinaloa,Sinaloa,Médico,0
51.34640560919456,Sinaloa,Sinaloa,Médico,0
56.3302650475193,Jalisco,Sinaloa,Policía,1
52.96035800768924,Jalisco,Sinaloa,Médico,1
49.34824350727601,Jalisco,Sinaloa,Policía,0
47.16219968497495,Jalisco,Sinaloa,Médico,0
44.92229370235891,Jalisco,Jalisco,Policía,1
49.01718879891905,Jalisco,Sinaloa,Médico,0
44.45767611992161,Jalisco,Jalisco,Policía,1
51.332050667647934,Jalisco,Sinaloa,Chef,0
55.591093039206186,Sinaloa,Sinaloa,Médico,0
50.69493110650124,Sinaloa,Sinaloa,Médico,0
53.84329988006733,Jalisco,Sinaloa,Médico,1
48.61757164913216,Jalisco,Sinaloa,Médico,0
51.792576943220595,Sinaloa,Sinaloa,Policía,1
52.310230247274696,Sinaloa,Jalisco,Chef,0
47.442076263432384,Jalisco,Sinaloa,Policía,1
49.85413819582777,Sinaloa,Sinaloa,Médico,0
48.49475348402591,Jalisco,Sinaloa,Médico,1
51.89901454758756,Sinaloa,Sinaloa,Médico,0
60.859287578490466,Sinaloa,Jalisco,Médico,0
50.13380924928005,Jalisco,Sinaloa,Policía,1
55.35617291769716,Jalisco,Jalisco,Policía,0
58.00737745614108,Jalisco,Jalisco,Profesor,1
39.79476176276945,Jalisco,Sinaloa,Médico,1
53.63399766984249,Jalisco,Sinaloa,Médico,1
53.354777831037396,Jalisco,Jalisco,Policía,0
38.986502133939055,Jalisco,Sinaloa,Médico,1
35.054558088126086,Jalisco,Sinaloa,Médico,1
45.56754726136707,Jalisco,Sinaloa,Médico,1
50.88939549047107,Jalisco,Jalisco,Policía,0
42.28617934417707,Jalisco,Jalisco,Médico,1
50.02861048273664,Sinaloa,Jalisco,Chef,0
44.63438969226295,Jalisco,Jalisco,Policía,1
52.277018334043426,Jalisco,Sinaloa,Policía,1
41.48461039286946,Jalisco,Jalisco,Médico,1
56.67695384486662,Jalisco,Jalisco,Policía,1
56.49419156072647,Sinaloa,Sinaloa,Médico,0
49.70538739336757,Jalisco,Sinaloa,Médico,0
48.78914835563849,Jalisco,Jalisco,Policía,1
57.61455391072446,Sinaloa,Sinaloa,Policía,0
50.3269928165149,Sinaloa,Sinaloa,Chef,0
28.696860784807264,Sinaloa,Sinaloa,Profesor,1
53.00353872994843,Jalisco,Jalisco,Médico,1
50.539067599642514,Jalisco,Sinaloa,Policía,1
53.791814773717796,Sinaloa,Sinaloa,Médico,1
51.258046307082694,Sinaloa,Sinaloa,Médico,0
33.16731385016713,Jalisco,Sinaloa,Médico,1
51.872776246337175,Jalisco,Jalisco,Médico,1
32.40811625179265,Jalisco,Sinaloa,Médico,1
54.652029893447875,Sinaloa,Sinaloa,Médico,0
56.18137783077911,Jalisco,Jalisco,Policía,0
53.99311028416818,Sinaloa,Jalisco,Policía,0
49.96947904182315,Jalisco,Jalisco,Policía,1
39.93592850308632,Jalisco,Sinaloa,Médico,1
56.97950718074741,Sinaloa,Jalisco,Médico,0
37.575691015640196,Jalisco,Sinaloa,Médico,1
52.021748810115966,Jalisco,Sinaloa,Policía,0
49.94534636102979,Jalisco,Jalisco,Policía,0
36.82228301021627,Jalisco,Sinaloa,Médico,1
46.94868856730295,Jalisco,Sinaloa,Policía,1
55.18829668218548,Jalisco,Jalisco,Médico,1
54.963691032602796,Sinaloa,Sinaloa,Policía,0
56.6858982054472,Jalisco,Jalisco,Médico,1
55.56686514653409,Jalisco,Sinaloa,Médico,1
54.26552222468033,Jalisco,Sinaloa,Policía,1
47.732645108293774,Jalisco,Jalisco,Médico,0
47.22276184543493,Jalisco,Jalisco,Policía,1
50.01748468779803,Jalisco,Jalisco,Policía,0
57.04733077251295,Sinaloa,Sinaloa,Policía,0
54.50563801986918,Jalisco,Sinaloa,Profesor,1
55.872061165854774,Jalisco,Sinaloa,Policía,0
51.439555386829234,Jalisco,CDMX,Policía,1
34.269611977188966,Jalisco,Jalisco,Médico,1
52.872417646907834,Sinaloa,Jalisco,Policía,0
56.37839084616666,Jalisco,Sinaloa,Médico,1
53.57279095300787,Sinaloa,Sinaloa,Médico,0
49.791810255307105,Sinaloa,Sinaloa,Médico,0
52.7427673159952,Jalisco,Jalisco,Médico,1
56.17218546645915,Sinaloa,Sinaloa,Chef,0
58.795728929715935,Sinaloa,Sinaloa,Médico,0
57.480739963132955,Sinaloa,Jalisco,Médico,0
41.79560516354579,Jalisco,Sinaloa,Médico,1
52.40112736354223,Jalisco,Sinaloa,Médico,1
56.21296555630228,Jalisco,Jalisco,Médico,1
53.49879958152702,Jalisco,Sinaloa,Médico,1
51.22932030098596,Jalisco,Sinaloa,Policía,0
54.81031954352731,Jalisco,Jalisco,Chef,0
39.97478736133115,Jalisco,Jalisco,Policía,1
38.136170784485216,Jalisco,Sinaloa,Médico,1
54.6208270086486,Jalisco,Sinaloa,Médico,1
54.7385487720512,Jalisco,Jalisco,Médico,1
37.523705659601944,Jalisco,Jalisco,Médico,1
51.294116076817026,Sinaloa,Sinaloa,Médico,0
58.430582238235814,Sinaloa,Sinaloa,Médico,0
56.09787988983623,Sinaloa,Sinaloa,Médico,0
50.32752888480039,Jalisco,Sinaloa,Chef,0
53.352400718324226,Jalisco,Jalisco,Médico,0
37.2550482688532,Jalisco,Sinaloa,Médico,1
51.16040246427394,Jalisco,Jalisco,Policía,0
56.64648609023871,Jalisco,Sinaloa,Médico,1
53.62097537921338,Sinaloa,Sinaloa,Chef,0
56.602244260186815,Jalisco,Jalisco,Policía,0
58.26481205225246,Sinaloa,Sinaloa,Médico,0
40.445383537556104,Jalisco,Jalisco,Médico,1
56.270147009085726,Jalisco,Sinaloa,Médico,1
52.73191714651333,Jalisco,Jalisco,Policía,0
52.78388409393347,Jalisco,Sinaloa,Policía,0
50.112432935235006,Sinaloa,Sinaloa,Chef,0
48.7634520303716,Jalisco,Sinaloa,Policía,1
53.78901720850782,Jalisco,Sinaloa,Policía,0
50.04730699311415,Jalisco,Sinaloa,Policía,0
57.27818335217443,Jalisco,Sinaloa,Médico,1
54.646870075873544,Jalisco,Jalisco,Policía,1
57.02024608688225,Sinaloa,Sinaloa,Médico,0
52.21087766473592,Jalisco,Sinaloa,Policía,1
52.701210886134135,Sinaloa,Sinaloa,Médico,0
50.8320838688996,Sinaloa,Sinaloa,Policía,1
40.31028619671668,Jalisco,Sinaloa,Médico,1
34.654768693829844,Jalisco,Jalisco,Médico,1
56.323662451957844,Jalisco,Sinaloa,Médico,1
54.69041670971571,Jalisco,Sinaloa,Policía,0
52.704781089313116,Jalisco,Sinaloa,Policía,0
54.945982771768456,Sinaloa,Sinaloa,Chef,0
51.507567337942774,Jalisco,Jalisco,Policía,1
57.52748936894402,Sinaloa,Sinaloa,Médico,0
49.16595004971831,Sinaloa,Sinaloa,Policía,0
41.00419829159822,Jalisco,Jalisco,Médico,1
54.68624544891258,Jalisco,Sinaloa,Policía,0
59.63399074994277,Sinaloa,Jalisco,Policía,0
49.02989459010192,Sinaloa,Jalisco,Policía,0
53.230479875531636,Sinaloa,Jalisco,Médico,0
37.09353448705127,Jalisco,Sinaloa,Médico,1
55.74055440467956,Jalisco,Sinaloa,Médico,1
56.107346327174064,Sinaloa,Sinaloa,Médico,0
59.57179212687798,Sinaloa,Jalisco,Policía,0
31.313251158985267,Sinaloa,Sinaloa,Profesor,1
52.58750076681762,Jalisco,Jalisco,Policía,1
54.88142883120171,Jalisco,Jalisco,Policía,0
52.411319948944985,Sinaloa,Jalisco,Médico,0
52.0123111962776,Jalisco,Jalisco,Médico,1
49.63809767187954,Sinaloa,Sinaloa,Chef,0
60.63794700161011,Sinaloa,Sinaloa,Médico,0
53.4353644728285,Jalisco,Sinaloa,Médico,1
54.03956456107679,Jalisco,Jalisco,Policía,0
55.64035831725187,Sinaloa,Sinaloa,Médico,0
52.23655874466444,Sinaloa,Sinaloa,Médico,1
51.961869627011346,Jalisco,Jalisco,Chef,0
52.457947395617666,Jalisco,Sinaloa,Policía,1
54.04899785939502,Jalisco,Jalisco,Policía,0
50.65621642358026,Jalisco,Sinaloa,Policía,1
43.55347681853316,Jalisco,Jalisco,Policía,1
50.57320033299384,Jalisco,Sinaloa,Médico,1
34.93869436408114,Jalisco,Jalisco,Médico,1
48.04961677802811,Jalisco,Sinaloa,Policía,1
55.853452498876884,Sinaloa,Jalisco,Médico,1
51.68733978508202,Jalisco,Sinaloa,Médico,1
50.78851555091306,Sinaloa,Sinaloa,Médico,0
37.91871134466895,Jalisco,Jalisco,Médico,1
54.40613335002881,Sinaloa,Jalisco,Profesor,0
54.41653652324755,Sinaloa,Jalisco,Médico,0
40.83871305925976,Jalisco,Jalisco,Médico,1
52.741493101103,Jalisco,Sinaloa,Médico,0
42.732227794467036,Jalisco,Jalisco,Policía,1
50.40088242320769,Sinaloa,Sinaloa,Policía,0
57.81336749858954,Sinaloa,Sinaloa,Policía,0
58.05298771201754,Sinaloa,Sinaloa,Policía,0
42.84618552133449,Jalisco,Sinaloa,Médico,1
57.03806022612928,Sinaloa,Sinaloa,Médico,0
56.54021034157334,Sinaloa,Jalisco,Médico,1
39.15921100000716,Jalisco,Sinaloa,Médico,1
52.04766430972847,Jalisco,Sinaloa,Médico,1
38.59854567594853,Jalisco,Jalisco,Médico,1
36.5445564653037,Jalisco,Sinaloa,Médico,1
41.44858060010607,Jalisco,Jalisco,Policía,1
50.79501478113416,Jalisco,Sinaloa,Policía,0
54.120919573772206,Sinaloa,Sinaloa,Policía,0
53.518624134178104,Jalisco,Jalisco,Médico,1
51.937299709668466,Jalisco,Jalisco,Policía,0
54.36360108883905,Jalisco,Sinaloa,Médico,1
53.4154651168211,Jalisco,Jalisco,Policía,0
54.29877753112759,Sinaloa,Sinaloa,Policía,0
55.26051611219852,Jalisco,Jalisco,Médico,1
42.41294610356813,Jalisco,Sinaloa,Policía,1
57.4408205261289,Jalisco,Sinaloa,Policía,0
54.03321288349388,Jalisco,Sinaloa,Policía,0
56.55235715014113,Jalisco,Jalisco,Policía,0
51.33555421959851,Jalisco,Jalisco,Chef,0
53.56582245805001,Jalisco,Sinaloa,Policía,0
55.9699707966458,Sinaloa,Sinaloa,Médico,0
51.51567582587533,Jalisco,Sinaloa,Policía,1
39.94298727587572,Jalisco,Jalisco,Médico,1
51.16128986580148,Sinaloa,Sinaloa,Médico,0
37.47026939603433,Jalisco,Jalisco,Policía,1
58.079194806315975,Sinaloa,Sinaloa,Policía,0
49.823795197761115,Jalisco,Jalisco,Policía,0
51.49936608405448,Jalisco,Jalisco,Policía,0
50.771877639794056,Jalisco,Jalisco,Chef,0
50.2246583084582,Jalisco,Jalisco,Policía,0
50.16554061071795,Sinaloa,Sinaloa,Policía,1
30.073742072598776,Sinaloa,Jalisco,Profesor,1
52.39129612078346,Jalisco,Sinaloa,Médico,1
51.287552384884094,Jalisco,Sinaloa,Médico,0
48.677839253508125,Jalisco,Sinaloa,Policía,1
38.415975264696925,Jalisco,Jalisco,Médico,1
40.230199487118554,Jalisco,Jalisco,Médico,1
51.803955954710496,Jalisco,Jalisco,Policía,0
54.616629927833124,Jalisco,Sinaloa,Médico,1
51.16938117415987,Sinaloa,Jalisco,Médico,0
38.31905547307733,Jalisco,Jalisco,Médico,1
52.64468319490117,Sinaloa,Sinaloa,Médico,0
52.566900894978424,Sinaloa,Jalisco,Policía,1
51.74600107480505,Sinaloa,Sinaloa,Médico,0
50.068354299372956,Jalisco,Sinaloa,Médico,1
55.25515010692268,Jalisco,Jalisco,Chef,0
53.30990121096749,Sinaloa,Jalisco,Policía,0
57.36020003892811,Sinaloa,Sinaloa,Policía,0
54.82915761338026,Sinaloa,Sinaloa,Policía,0
51.42648499441922,Jalisco,Jalisco,Chef,0
43.87750047753246,Jalisco,Sinaloa,Policía,1
52.69314655886114,Jalisco,Sinaloa,Policía,0
52.629607404511866,Jalisco,Jalisco,Policía,0
51.94466524487125,Jalisco,Sinaloa,Médico,1
53.6534068523046,Jalisco,Sinaloa,Médico,1
50.83343103921537,Jalisco,Sinaloa,Médico,1
59.22197590586263,Sinaloa,Jalisco,Policía,0
55.6877860116236,Jalisco,Sinaloa,Médico,0
58.09496591246315,Sinaloa,Sinaloa,Policía,0
56.21231682436879,Jalisco,Sinaloa,Policía,0
53.34389080660769,Sinaloa,Sinaloa,Profesor,0
52.977878412387184,Sinaloa,Jalisco,Chef,0
32.09167482424148,Jalisco,Jalisco,Médico,1
53.25718027647154,Sinaloa,Jalisco,Médico,0
56.84288112123933,Sinaloa,Sinaloa,Médico,1
54.027024169032316,Sinaloa,Jalisco,Médico,0
52.16089261977702,Jalisco,Sinaloa,Médico,1
41.958003675976585,Jalisco,Sinaloa,Médico,1
43.48699936938136,Jalisco,Sinaloa,Médico,1
52.161564685444766,Sinaloa,Sinaloa,Médico,0
52.49400480328814,Jalisco,Sinaloa,Médico,1
56.26865977107902,Jalisco,Sinaloa,Médico,1
57.89072376252956,Sinaloa,Jalisco,Médico,0
56.17613543810347,Sinaloa,Sinaloa,Chef,0
55.06276565831879,Jalisco,Jalisco,Médico,1
53.45272214039463,Sinaloa,Sinaloa,Chef,0
39.34496487791833,Jalisco,Jalisco,Médico,1
51.65546701123078,Jalisco,Jalisco,Policía,0
36.93167733933531,Jalisco,Jalisco,Médico,1
50.020355129861265,Jalisco,Sinaloa,Médico,0
41.77981042837037,Jalisco,Jalisco,Médico,1
48.84912933427722,Jalisco,Jalisco,Médico,1
53.44577199514855,Sinaloa,Jalisco,Policía,0
42.49189184461254,Jalisco,Jalisco,Policía,1
51.35613369283144,Jalisco,Sinaloa,Médico,1
52.6404537441145,Jalisco,Jalisco,Médico,1
47.34026024254659,Jalisco,Jalisco,Policía,1
56.29820886317953,Sinaloa,Sinaloa,Policía,0
60.379660394393056,Sinaloa,Sinaloa,Médico,0
46.84423454121704,Jalisco,Sinaloa,Médico,0
52.791980720100646,Jalisco,Jalisco,Médico,1
54.465188330827914,Jalisco,Sinaloa,Médico,1
49.140390959119074,Jalisco,Sinaloa,Profesor,0
56.85186952379554,Sinaloa,Sinaloa,Policía,0
55.1614394327151,Sinaloa,Jalisco,Policía,0
59.20624994042306,Sinaloa,Sinaloa,Policía,0
38.55344590161809,Jalisco,Sinaloa,Médico,1
47.87503397600058,Jalisco,Sinaloa,Policía,1
52.882805858886485,Sinaloa,Sinaloa,Médico,0
41.33266218308203,Jalisco,Sinaloa,Policía,1
58.82472727554926,Sinaloa,Sinaloa,Médico,0
48.84570233705609,Jalisco,Jalisco,Policía,0
36.58007965272648,Jalisco,Jalisco,Médico,1
50.66132471039948,Jalisco,Sinaloa,Profesor,0
55.09839356589974,Sinaloa,Jalisco,Médico,0
51.22455841113009,Jalisco,Jalisco,Médico,1
50.824878557951095,Jalisco,Jalisco,Médico,1
53.2077474751819,Sinaloa,Jalisco,Médico,0
52.53181186321426,Jalisco,Jalisco,Médico,0
49.72065999536294,Jalisco,Jalisco,Médico,0
43.125103874244004,Jalisco,Sinaloa,Policía,1
56.59698244803645,Sinaloa,Sinaloa,Policía,0
46.43317874149902,Jalisco,Jalisco,Policía,1
56.85772323616152,Sinaloa,Sinaloa,Policía,0
49.040910487874655,Jalisco,Sinaloa,Policía,0
30.250754491849325,Sinaloa,Jalisco,Profesor,1
42.68472886385764,Jalisco,Jalisco,Médico,1
34.22889373397835,Jalisco,Jalisco,Médico,1
51.49335523174744,Jalisco,Jalisco,Médico,1
55.02213173694744,Sinaloa,Jalisco,Médico,1
54.32185879569188,Jalisco,Sinaloa,Policía,0
54.80608577632545,Sinaloa,Sinaloa,Policía,0
51.23021880862367,Jalisco,Jalisco,Médico,1
55.51765186284666,Jalisco,Sinaloa,Profesor,1
54.946030146940025,Sinaloa,Jalisco,Médico,0
49.78310594199608,Jalisco,Jalisco,Médico,1
52.92795567963296,Sinaloa,Sinaloa,Policía,0
54.249661631687616,Jalisco,Sinaloa,Médico,1
57.150681129538214,Jalisco,Sinaloa,Policía,0
47.67983516994775,Jalisco,Sinaloa,Policía,1
55.65206455542311,Sinaloa,Sinaloa,Médico,1
47.613085927776126,Jalisco,Sinaloa,Policía,1
39.484349549140596,Jalisco,Sinaloa,Médico,1
33.03785850153961,Jalisco,Sinaloa,Médico,1
55.27968707905246,Jalisco,Jalisco,Médico,1
33.12940017198645,Jalisco,Sinaloa,Médico,1
41.75105849940341,Jalisco,Sinaloa,Policía,1
52.52702751568841,Sinaloa,Jalisco,Chef,0
52.67108110983155,Jalisco,Jalisco,Policía,1
56.1379869299524,Sinaloa,Sinaloa,Médico,0
33.56969784938554,Jalisco,Sinaloa,Médico,1
41.52168599193003,Jalisco,Jalisco,Médico,1
52.0203135675585,Jalisco,Jalisco,Policía,0
54.629849516109886,Sinaloa,Jalisco,Médico,0
56.15464638243254,Jalisco,Sinaloa,Médico,1
54.092953861611406,Sinaloa,Sinaloa,Médico,0
52.31262163643604,Jalisco,Jalisco,Policía,0
51.85653156847118,Jalisco,Sinaloa,Policía,0
53.954865639467684,Jalisco,Jalisco,Médico,1
46.94501268127705,Jalisco,Sinaloa,Policía,1
42.5753902144479,Jalisco,Jalisco,Médico,1
51.257127818238644,Sinaloa,Jalisco,Médico,0
59.267374446052166,Sinaloa,Jalisco,Médico,0
47.6748687615499,Jalisco,Sinaloa,Policía,0
56.226928591174676,Sinaloa,Jalisco,Policía,0
51.06902390692778,Jalisco,Sinaloa,Médico,1
54.191133020529826,Sinaloa,Sinaloa,Médico,1
34.20877552812256,Jalisco,Sinaloa,Médico,1
52.70986609946824,Sinaloa,Sinaloa,Médico,0
56.46379953242119,Jalisco,Sinaloa,Chef,1
55.498277388670616,Sinaloa,Jalisco,Médico,0
59.84267403699986,Sinaloa,Sinaloa,Médico,0
55.80426155887369,Jalisco,Jalisco,Policía,0
50.932719607930544,Jalisco,Sinaloa,Policía,1
43.640394573131545,Jalisco,Sinaloa,Médico,0
51.784900748561896,Sinaloa,Sinaloa,Médico,0
58.65732090994746,Jalisco,Sinaloa,Policía,0
50.60548613437847,Jalisco,Jalisco,Médico,0
57.548468295831455,Sinaloa,Jalisco,Médico,0
53.591369948335334,Jalisco,Sinaloa,Médico,1
58.1924573901532,Sinaloa,Sinaloa,Médico,0
56.43873950865842,Jalisco,Jalisco,Médico,0
59.295841444484736,Sinaloa,Jalisco,Médico,0
39.884052797936455,Jalisco,Jalisco,Médico,1
53.416378254030555,Jalisco,Jalisco,Chef,0
54.37454462638396,Sinaloa,Jalisco,Médico,1
53.09748127237618,Jalisco,Sinaloa,Médico,1
35.90846717834607,Jalisco,Sinaloa,Médico,1
57.39768042245996,Sinaloa,Sinaloa,Médico,0
34.32275548429009,Jalisco,Sinaloa,Médico,1
49.461042710285646,Sinaloa,Jalisco,Médico,0
47.62969735250829,Jalisco,Sinaloa,Policía,1
54.14134660709897,Sinaloa,Sinaloa,Chef,0
52.47922499744265,Jalisco,CDMX,Médico,1
58.486706006155416,Sinaloa,Sinaloa,Policía,0
48.59689429647886,Jalisco,Sinaloa,Médico,0
31.748972867302275,Sinaloa,Jalisco,Profesor,1
54.809109272751115,Sinaloa,Sinaloa,Policía,0
52.0194580828487,Sinaloa,Jalisco,Médico,0
53.18012519216487,Sinaloa,Sinaloa,Médico,1
52.03166956580545,Jalisco,Sinaloa,Policía,0
50.74067229896924,Jalisco,Sinaloa,Policía,0
54.41188467761091,Jalisco,Sinaloa,Médico,1
56.608633047065624,Jalisco,Jalisco,Médico,1
58.011645976751964,Jalisco,Sinaloa,Médico,1
37.01232658145674,Jalisco,Sinaloa,Médico,1
51.04224895973106,Jalisco,Sinaloa,Médico,1
35.46309541726552,Jalisco,Sinaloa,Médico,1
57.205883433624855,Jalisco,Jalisco,Policía,0
51.48608940405675,Sinaloa,Sinaloa,Policía,1
48.26501608208423,Sinaloa,Jalisco,Médico,0
54.152392413108636,Jalisco,Jalisco,Médico,1
59.308926415366535,Jalisco,Sinaloa,Policía,0
47.42666120307904,Jalisco,Jalisco,Médico,1
36.05411805062451,Jalisco,Jalisco,Profesor,1
49.64067795253358,Jalisco,Jalisco,Médico,1
53.32837216902304,Jalisco,Jalisco,Médico,1
41.39208599749429,Jalisco,Sinaloa,Médico,1
54.92789990080163,Jalisco,Sinaloa,Médico,1
28.143602320718802,Sinaloa,Jalisco,Profesor,1
41.60662376840519,Jalisco,Jalisco,Médico,1
55.896581147754375,Jalisco,Sinaloa,Médico,1
39.016452333660276,Jalisco,Jalisco,Médico,1
41.1407674234118,Jalisco,Sinaloa,Médico,1
54.914102231756736,Jalisco,Sinaloa,Médico,1
58.08909004158697,Sinaloa,Sinaloa,Médico,0
57.203802007974055,Jalisco,Jalisco,Policía,0
28.655712134340703,Sinaloa,Jalisco,Profesor,1
53.30122916337074,Jalisco,Jalisco,Médico,1
49.88714177219259,Jalisco,Sinaloa,Policía,1
48.60278344670152,Jalisco,Sinaloa,Médico,0
53.17843137495979,Jalisco,Sinaloa,Médico,1
55.69934588734095,Sinaloa,Jalisco,Médico,0
54.53465321055208,Jalisco,Sinaloa,Médico,1
46.65338063563839,Jalisco,Sinaloa,Policía,1
38.27156796649638,Jalisco,Sinaloa,Médico,1
52.42168324512331,Jalisco,Sinaloa,Médico,1
52.4595867214317,Jalisco,Jalisco,Policía,1
51.13655538392902,Jalisco,Sinaloa,Médico,1
49.85908431295319,Jalisco,Jalisco,Médico,1
47.66516954824474,Jalisco,Sinaloa,Policía,1
37.123279931569044,Jalisco,Sinaloa,Médico,1
56.691094432077506,Sinaloa,Sinaloa,Médico,1
56.01261157804928,Jalisco,Sinaloa,Policía,0
48.398651071214445,Jalisco,Sinaloa,Policía,1
54.49525743233979,Sinaloa,Jalisco,Médico,0
53.131962360652246,Sinaloa,Sinaloa,Médico,0
53.70360739853005,Sinaloa,Jalisco,Médico,0
51.4281848767416,Sinaloa,Jalisco,Médico,0
40.7942694811058,Jalisco,Jalisco,Médico,1
52.09762602916748,Sinaloa,Sinaloa,Médico,0
53.011721253200804,Jalisco,Sinaloa,Chef,0
55.99554271909162,Jalisco,Sinaloa,Médico,1
55.762589403094125,Sinaloa,Sinaloa,Médico,1
54.066508568170306,Jalisco,Jalisco,Policía,0
52.439171827624364,Sinaloa,Jalisco,Médico,0
51.99958141182004,Jalisco,Jalisco,Médico,0
55.42910097271491,Jalisco,Sinaloa,Policía,0
56.924184985971415,Sinaloa,Sinaloa,Policía,0
46.15709410788117,Jalisco,Sinaloa,Médico,1
53.043096782741195,Sinaloa,CDMX,Médico,1
49.540161211563664,Jalisco,Sinaloa,Médico,0
42.52663119045026,Jalisco,Jalisco,Policía,1
50.6258320324488,Sinaloa,Jalisco,Chef,0
41.69294666204857,Jalisco,Sinaloa,Médico,1
54.516259304087974,Jalisco,Sinaloa,Médico,1
53.27850308975138,Sinaloa,Sinaloa,Médico,0
34.00606213852089,Sinaloa,Sinaloa,Profesor,1
34.24142162058803,Jalisco,Sinaloa,Médico,0
53.47891556087102,Sinaloa,Jalisco,Chef,0
53.86358794139133,Sinaloa,Sinaloa,Médico,0
52.40603799061558,Sinaloa,Jalisco,Policía,1
53.592505951494864,Jalisco,Sinaloa,Policía,0
50.182909820579084,Sinaloa,Jalisco,Médico,0
50.11585780208237,Jalisco,Jalisco,Médico,1
54.059727602703624,Sinaloa,Sinaloa,Médico,0
57.141322080094795,Jalisco,Jalisco,Médico,1
50.216696756268625,Jalisco,Sinaloa,Médico,0
53.530244442279084,Sinaloa,Sinaloa,Policía,1
56.14280415594668,Jalisco,Sinaloa,Policía,0
55.984136359047696,Jalisco,Sinaloa,Policía,0
35.02235300626538,Jalisco,Sinaloa,Médico,1
53.526871507092274,Sinaloa,Sinaloa,Policía,0
34.90629663450251,Jalisco,Sinaloa,Médico,1
48.80907279394253,Jalisco,Sinaloa,Policía,1
52.61937456132813,Jalisco,Jalisco,Médico,1
50.54054642162896,Sinaloa,Sinaloa,Médico,0
36.21152699055774,Jalisco,Jalisco,Médico,1
51.83750958305035,Jalisco,Jalisco,Policía,0
44.21849331778706,Jalisco,Jalisco,Médico,1
54.84528877496867,Sinaloa,Sinaloa,Médico,0
55.61451736400661,Sinaloa,Sinaloa,Policía,0
50.89246853718139,Sinaloa,Jalisco,Médico,0
55.47615107943578,Jalisco,Jalisco,Médico,1
43.30497532383808,Jalisco,Jalisco,Policía,1
53.20780583484922,Jalisco,Sinaloa,Policía,0
51.38212461318061,Sinaloa,Jalisco,Policía,0
48.56550877530093,Sinaloa,Sinaloa,Médico,0
56.166905033472396,Jalisco,Jalisco,Chef,0
50.19744827097942,Sinaloa,Sinaloa,Médico,0
53.29204621567311,Sinaloa,Jalisco,Médico,0
53.61937441012412,Sinaloa,Jalisco,Médico,0
52.54487246185222,Sinaloa,Sinaloa,Médico,0
53.35714488511932,Sinaloa,Sinaloa,Médico,0
53.55309563026332,Sinaloa,Jalisco,Médico,0
52.91959902680629,Jalisco,Sinaloa,Médico,1
55.10481908374298,Jalisco,Sinaloa,Profesor,1
53.6399787691495,Jalisco,Sinaloa,Chef,0
50.919801051657394,Jalisco,Jalisco,Policía,0
50.934045991778206,Sinaloa,Jalisco,Médico,0
51.23279427633611,Jalisco,Jalisco,Policía,0
52.19899869836567,Jalisco,Sinaloa,Profesor,0
51.43817035339761,Jalisco,Jalisco,Policía,1
54.76856988474688,Jalisco,Jalisco,Médico,1
53.067564789547234,Sinaloa,Sinaloa,Médico,0
56.20420975286783,Jalisco,Sinaloa,Policía,0
54.699852238507454,Jalisco,Jalisco,Policía,0
50.937547661354614,Jalisco,Sinaloa,Chef,0
52.06535206327973,Jalisco,Jalisco,Médico,1
51.45502759856557,Sinaloa,Sinaloa,Médico,0
46.19609434771539,Jalisco,Jalisco,Profesor,0
57.932338925013376,Jalisco,Jalisco,Policía,0
43.804034567428886,Jalisco,Jalisco,Médico,1
54.627011495205146,Jalisco,Jalisco,Policía,0
56.18713104218462,Sinaloa,Jalisco,Médico,0
42.62124236186634,Jalisco,Sinaloa,Médico,1
55.34729666923265,Sinaloa,Jalisco,Médico,1
58.90936811895826,Sinaloa,Jalisco,Médico,0
49.92350641432654,Jalisco,Jalisco,Médico,1
50.42311752516604,Sinaloa,Sinaloa,Médico,0
46.89837021558881,Jalisco,Sinaloa,Policía,1
53.86198985273269,Jalisco,Sinaloa,Policía,0
51.11081533568284,Jalisco,Sinaloa,Médico,1
46.044420102507914,Jalisco,Sinaloa,Médico,1
56.005799747762765,Jalisco,Jalisco,Médico,1
50.92031185705423,Sinaloa,Sinaloa,Médico,1
53.32279377736331,Jalisco,Sinaloa,Médico,1
52.19101882011618,Jalisco,Sinaloa,Chef,0
50.5010786081411,Jalisco,Sinaloa,Médico,0
55.86290457724496,Sinaloa,Sinaloa,Médico,0
48.842145139757264,Jalisco,Jalisco,Policía,1
48.53662033978215,Jalisco,Sinaloa,Policía,0
50.499293993799924,Jalisco,Jalisco,Médico,1
55.5536826741968,Sinaloa,Sinaloa,Médico,1
59.17362409826648,Sinaloa,Sinaloa,Médico,0
50.60470662502924,Jalisco,Jalisco,Médico,1
53.145733226363596,Sinaloa,Jalisco,Policía,0
40.10174957461061,Jalisco,Sinaloa,Policía,1
49.87887387768011,Jalisco,Sinaloa,Profesor,0
53.96239326727196,Jalisco,Jalisco,Médico,1
52.17422129301229,Jalisco,Sinaloa,Médico,1
37.70378143029039,Jalisco,Jalisco,Médico,1
50.51602870776339,Jalisco,Jalisco,Chef,1
41.40212144048944,Jalisco,Jalisco,Médico,1
51.71562895463402,Jalisco,Jalisco,Policía,1
54.309368101123965,Jalisco,Sinaloa,Médico,1
49.57910443716719,Jalisco,Jalisco,Policía,1
44.31537372223221,Jalisco,Sinaloa,Médico,1
55.6791647943596,Jalisco,Sinaloa,Médico,1
56.60982051093078,Sinaloa,Sinaloa,Médico,0
54.192057318418385,Jalisco,Sinaloa,Médico,1
53.804645691233894,Sinaloa,Jalisco,Médico,0
53.27957519772902,Jalisco,Sinaloa,Médico,1
48.212126080194835,Jalisco,Sinaloa,Policía,1
54.307952296987295,Jalisco,Jalisco,Médico,1
50.5304362348991,Jalisco,Jalisco,Policía,1
54.772658262542265,Sinaloa,Sinaloa,Médico,0
41.10159128974052,Jalisco,Sinaloa,Médico,1
51.487661118259574,Jalisco,Jalisco,Policía,0
32.352303622335484,Jalisco,Jalisco,Médico,1
51.82796118957496,Sinaloa,Sinaloa,Policía,1
40.50918766834908,Jalisco,Jalisco,Médico,1
46.92678690272598,Jalisco,Sinaloa,Policía,1
52.34391279837497,Jalisco,Sinaloa,Médico,1
26.467249510068932,Sinaloa,Sinaloa,Profesor,1
51.530587066910805,Jalisco,Jalisco,Policía,0
49.393262668433174,Jalisco,Sinaloa,Médico,0
47.98018336687309,Jalisco,Sinaloa,Policía,1
38.797767157202955,Jalisco,Sinaloa,Médico,1
51.60504277201924,Sinaloa,Sinaloa,Médico,0
55.15336618507748,Jalisco,Sinaloa,Médico,1
50.79341302827434,Jalisco,Jalisco,Médico,1
44.10139358920294,Jalisco,Jalisco,Médico,1
32.880234360940605,Jalisco,Sinaloa,Médico,1
56.629816995139784,Jalisco,Sinaloa,Médico,1
55.357686486745344,Jalisco,Sinaloa,Médico,1
51.32897706562233,Sinaloa,Sinaloa,Chef,0
34.84593777991796,Jalisco,Jalisco,Médico,1
54.87529424444013,Jalisco,Jalisco,Médico,1
50.47875578429584,Jalisco,Sinaloa,Policía,0
50.73443332589628,Jalisco,Jalisco,Policía,0
54.23143830952012,Sinaloa,Jalisco,Chef,0
50.55574692499209,Jalisco,Sinaloa,Policía,0
32.25542330996402,Sinaloa,Sinaloa,Médico,1
56.691827986933305,Sinaloa,Jalisco,Chef,0
56.52163836988387,Sinaloa,Jalisco,Chef,0
56.63783170253266,Jalisco,Sinaloa,Policía,0
34.035273609129355,Jalisco,Jalisco,Médico,1
52.42311476569783,Jalisco,Sinaloa,Chef,0
43.60241399841246,Jalisco,Sinaloa,Policía,1
50.11757728261417,Sinaloa,Jalisco,Chef,0
55.10255751092985,Sinaloa,Sinaloa,Policía,0
51.52662115997727,Jalisco,Sinaloa,Policía,0
53.74668989717467,Jalisco,Jalisco,Médico,1
53.10947717978036,Jalisco,Sinaloa,Médico,1
34.3930540897817,Jalisco,Sinaloa,Médico,1
41.24690158401441,Jalisco,Sinaloa,Policía,1
23.698549056551535,Sinaloa,Sinaloa,Profesor,1
55.12608146046968,Jalisco,Sinaloa,Policía,0
25.693580755712716,Sinaloa,Jalisco,Médico,1
40.70106232487215,Jalisco,Sinaloa,Médico,1
34.216704559820606,Jalisco,Sinaloa,Médico,1
53.464493556056716,Jalisco,Sinaloa,Policía,0
53.93575639561602,Jalisco,Sinaloa,Policía,0
54.86570048440535,Sinaloa,Sinaloa,Médico,0
53.5182769075031,Jalisco,Sinaloa,Policía,1
52.645380320590895,Jalisco,Sinaloa,Médico,1
56.66003949380492,Sinaloa,Sinaloa,Médico,1
51.912773296197116,Jalisco,Sinaloa,Médico,1
27.678362036559918,Sinaloa,Sinaloa,Profesor,1
56.101087209005584,Sinaloa,Sinaloa,Policía,0
52.980314125394344,Sinaloa,Sinaloa,Médico,0
52.32522384821664,Sinaloa,Jalisco,Médico,0
57.54770957963197,Jalisco,Sinaloa,Policía,0
50.00009294861622,Jalisco,Sinaloa,Médico,1
52.87347878914235,Sinaloa,Jalisco,Policía,0
56.194377490643596,Jalisco,Jalisco,Médico,1
57.780550997214874,Sinaloa,Sinaloa,Médico,1
48.70771656538703,Jalisco,Jalisco,Médico,0
31.676754684206273,Jalisco,Sinaloa,Médico,1
52.35004181588188,Jalisco,Sinaloa,Médico,0
36.771970352079435,Jalisco,Sinaloa,Médico,0
51.6529981193982,Jalisco,Sinaloa,Policía,0
50.31111932549407,Sinaloa,Jalisco,Médico,0
55.38008688811301,Sinaloa,Sinaloa,Policía,0
52.202611421123265,Jalisco,Jalisco,Médico,1
42.81816411313365,Jalisco,Jalisco,Policía,1
56.69814411015929,Sinaloa,Sinaloa,Médico,1
52.012811471503774,Sinaloa,Sinaloa,Médico,0
54.66055293311047,Sinaloa,Jalisco,Chef,0
46.352953097671005,Jalisco,Sinaloa,Policía,1
51.70068503968674,Jalisco,Jalisco,Médico,1
53.560403893155744,Sinaloa,Sinaloa,Médico,0
52.26262338703539,Jalisco,Sinaloa,Policía,0
51.73640081493755,Jalisco,Jalisco,Policía,1
55.368035124822754,Sinaloa,Sinaloa,Médico,0
50.77480457923624,Jalisco,Jalisco,Policía,1
50.536640654458445,Jalisco,Sinaloa,Policía,1
56.0667395272048,Sinaloa,Jalisco,Médico,1
37.79352724253232,Jalisco,Sinaloa,Médico,1
53.32933894093566,Jalisco,Sinaloa,Médico,1
55.95508493273227,Jalisco,Jalisco,Policía,0
52.1006385401976,Jalisco,Sinaloa,Policía,0
52.81588325049097,Jalisco,Sinaloa,Policía,0
45.17150194661072,Jalisco,Jalisco,Policía,1
54.02287154491343,Sinaloa,Sinaloa,Policía,0
51.029786829540456,Jalisco,Sinaloa,Policía,0
53.74810905918626,Jalisco,Jalisco,Médico,1
56.26403785312441,Sinaloa,Jalisco,Policía,0
56.127051548423815,Sinaloa,Sinaloa,Policía,0
47.905860102461546,Jalisco,Jalisco,Médico,0
54.34888782526183,Jalisco,Sinaloa,Policía,0
53.39099468306653,Jalisco,Jalisco,Médico,1
49.134492408220126,Jalisco,Sinaloa,Policía,1
51.39482499441352,Jalisco,Sinaloa,Policía,1
39.018090587188716,Jalisco,Jalisco,Médico,1
50.66458624620124,Jalisco,Sinaloa,Policía,1
49.448781433356785,Sinaloa,Sinaloa,Médico,0
56.12257991088364,Sinaloa,Sinaloa,Policía,0
52.54340518623387,Jalisco,Sinaloa,Médico,1
53.43816290866753,Jalisco,Sinaloa,Médico,1
54.619751609399565,Sinaloa,Sinaloa,Médico,0
50.399918121565754,Jalisco,Sinaloa,Policía,1
48.972209411498156,Jalisco,Sinaloa,Policía,0
54.88343391344805,Jalisco,Sinaloa,Policía,0
54.53454483455512,Sinaloa,Jalisco,Policía,0
53.92519164282856,Jalisco,Jalisco,Médico,1
57.95908489009595,Jalisco,Jalisco,Policía,0
54.40038311057036,Sinaloa,Sinaloa,Médico,0
49.65198394367681,Sinaloa,Jalisco,Médico,0
51.2334932775613,Jalisco,Jalisco,Policía,0
53.56222489092659,Jalisco,Sinaloa,Policía,0
53.68378616037132,Jalisco,Jalisco,Médico,1
55.53337234115028,Jalisco,Jalisco,Médico,1
39.46381646585489,Jalisco,Jalisco,Médico,1
40.20660033391916,Jalisco,Sinaloa,Médico,1
52.87163812622727,Jalisco,Sinaloa,Médico,1
32.86243440784884,Jalisco,Sinaloa,Profesor,1
50.0737386246434,Jalisco,Sinaloa,Policía,1
52.42521224014598,Sinaloa,Sinaloa,Chef,0
53.68257544774579,Sinaloa,Sinaloa,Médico,1
47.95082968729139,Jalisco,Sinaloa,Policía,1
51.6671550941662,Jalisco,Sinaloa,Médico,0
50.54905897258726,Jalisco,Sinaloa,Policía,0
52.58210481310099,Sinaloa,Sinaloa,Médico,0
59.15116458230814,Sinaloa,Jalisco,Médico,0
50.862058571831014,Jalisco,Sinaloa,Policía,0
54.2839332630264,Jalisco,Sinaloa,Policía,0
39.888008045468105,Jalisco,Jalisco,Médico,1
45.54292452667448,Jalisco,Sinaloa,Policía,1
51.58546070712235,Sinaloa,Jalisco,Profesor,0
50.31852821483444,Sinaloa,Sinaloa,Médico,0
53.08005538125757,Jalisco,Sinaloa,Policía,0
52.62662347937088,Jalisco,Sinaloa,Médico,1
38.82158882962463,Jalisco,Jalisco,Médico,1
51.60177338500845,Sinaloa,Sinaloa,Médico,0
52.494542942578086,Jalisco,Sinaloa,Médico,1
53.858721741816325,Jalisco,Jalisco,Médico,1
53.131144170823696,Jalisco,Sinaloa,Policía,0
50.4433031375265,Jalisco,Sinaloa,Médico,1
51.07731231703021,Jalisco,Jalisco,Médico,0
56.923226522054144,Sinaloa,Sinaloa,Médico,0
51.11002107554459,Jalisco,Sinaloa,Médico,1
51.85562172694,Jalisco,Sinaloa,Médico,1
51.78345632682964,Jalisco,Jalisco,Policía,1
54.53066193329193,Sinaloa,Jalisco,Médico,1
55.06299011942056,Jalisco,Jalisco,Policía,0
39.05868416923755,Jalisco,Jalisco,Médico,1
49.766415833827736,Jalisco,Sinaloa,Médico,1
52.85693738444844,Jalisco,Sinaloa,Médico,1
47.051641650041404,Jalisco,Jalisco,Policía,1
39.35755189496254,Jalisco,Sinaloa,Médico,1
54.54786568645008,Jalisco,Sinaloa,Médico,1
34.82306795321051,Jalisco,Jalisco,Médico,1
38.493244462841915,Jalisco,Sinaloa,Médico,1
57.00122290516843,Jalisco,Jalisco,Chef,0
48.438554938992745,Jalisco,Jalisco,Policía,1
43.633798304706616,Jalisco,Sinaloa,Policía,1
53.51123117960603,Sinaloa,Jalisco,Policía,0
49.365388051160906,Jalisco,Sinaloa,Médico,1
55.62308821458561,Sinaloa,Jalisco,Médico,0
54.81362126210999,Jalisco,Jalisco,Policía,0
53.019442404696356,Jalisco,Sinaloa,Policía,0
49.26633546677858,Jalisco,Jalisco,Policía,0
53.30792980562862,Sinaloa,Jalisco,Médico,0
53.55952523336985,Jalisco,Sinaloa,Médico,1
50.02667453288544,Jalisco,Sinaloa,Policía,1
43.59117202486005,Jalisco,Jalisco,Médico,1
36.96999741688821,Jalisco,Jalisco,Médico,1
54.33439354109457,Jalisco,Sinaloa,Médico,1
49.1037625897536,Jalisco,Sinaloa,Profesor,0
53.14807459448119,Jalisco,Sinaloa,Policía,0
55.68686723494288,Jalisco,Sinaloa,Médico,1
55.81436929520532,Jalisco,Jalisco,Médico,1
35.21639660690347,Jalisco,Jalisco,Médico,1
41.777617963734954,Jalisco,Jalisco,Médico,1
51.92058301153185,Jalisco,Jalisco,Policía,0
54.29347272063677,Jalisco,Sinaloa,Médico,0
42.651626635898985,Jalisco,Sinaloa,Policía,1
56.8686908913899,Jalisco,Sinaloa,Policía,0
54.02540705953873,Jalisco,Sinaloa,Médico,1
51.69806433749524,Jalisco,Sinaloa,Chef,0
38.76140067783192,Jalisco,Sinaloa,Médico,1
40.46713619691246,Jalisco,Jalisco,Médico,1
49.996211799289306,Jalisco,Sinaloa,Chef,0
53.90907194168742,Sinaloa,Jalisco,Médico,0
55.41885195216594,Jalisco,Sinaloa,Médico,1
52.942537309434314,Sinaloa,Sinaloa,Policía,0
48.506077517601966,Jalisco,Sinaloa,Profesor,0
53.120850914258206,Sinaloa,Sinaloa,Médico,0
47.66094993435823,Jalisco,Jalisco,Policía,1
52.705098927008535,Sinaloa,Jalisco,Policía,1
43.62580883196294,Jalisco,Sinaloa,Médico,1
51.940519460520925,Jalisco,Jalisco,Policía,0
57.04608589476155,Sinaloa,Jalisco,Médico,0
38.0336400082341,Jalisco,Sinaloa,Médico,1
38.49584639594474,Jalisco,Sinaloa,Médico,1
55.26090932950477,Jalisco,Jalisco,Médico,1
58.632769001062826,Sinaloa,Sinaloa,Chef,0
52.674358798728264,Jalisco,Sinaloa,Profesor,0
54.86831181919265,Jalisco,Jalisco,Policía,0
54.40683594275743,Jalisco,Sinaloa,Chef,0
51.182868381492845,Jalisco,Jalisco,Policía,0
52.4840563752387,Jalisco,Sinaloa,Médico,1
51.05056654755245,Jalisco,Sinaloa,Policía,0
41.26809133856631,Jalisco,Sinaloa,Médico,1
49.50601771127505,Jalisco,Jalisco,Policía,0
51.75353840110333,Sinaloa,Sinaloa,Médico,0
45.420796072038186,Jalisco,Sinaloa,Policía,1
42.95303637426608,Jalisco,Sinaloa,Policía,1
50.914391281521475,Jalisco,Sinaloa,Policía,0
50.44456410137028,Jalisco,Sinaloa,Policía,1
50.468454290280036,Jalisco,Jalisco,Policía,0
52.76694685542947,Jalisco,Sinaloa,Médico,1
48.929666430994004,Sinaloa,Jalisco,Policía,0
52.87399891405956,Jalisco,Sinaloa,Policía,0
53.26454586333673,Jalisco,Jalisco,Policía,0
54.237529010814065,Sinaloa,Sinaloa,Médico,1
47.633344257823396,Jalisco,Sinaloa,Policía,1
49.50647197055157,Jalisco,Sinaloa,Chef,0
56.28952641086086,Sinaloa,Sinaloa,Médico,0
54.299381778028376,Jalisco,Jalisco,Policía,0
54.272066904086564,Jalisco,Sinaloa,Policía,1
56.47857252855198,Sinaloa,Jalisco,Médico,0
47.95272378270238,Jalisco,Sinaloa,Médico,0
51.94789548935435,Sinaloa,Jalisco,Policía,0
54.41795577896307,Sinaloa,Sinaloa,Médico,1
50.00652745767156,Jalisco,Sinaloa,Médico,1
52.02758773300519,Sinaloa,Sinaloa,Médico,0
52.007373803598696,Sinaloa,Jalisco,Médico,0
50.5941838556224,Jalisco,Jalisco,Policía,0
45.261228718837614,Jalisco,Jalisco,Policía,1
54.765049764610296,Jalisco,Sinaloa,Policía,0
44.413164699915285,Jalisco,Sinaloa,Policía,1
54.11432328280004,Jalisco,Sinaloa,Policía,0
53.701971504756074,Jalisco,Jalisco,Médico,1
55.07007945130679,Sinaloa,Sinaloa,Policía,0
51.733231956362914,Jalisco,Jalisco,Policía,0
50.973491720543116,Jalisco,Jalisco,Médico,0
56.30874697861144,Sinaloa,Sinaloa,Médico,0
52.22283758639807,Jalisco,Jalisco,Médico,1
36.27908106010952,Jalisco,Jalisco,Médico,1
53.70935952103684,Sinaloa,Sinaloa,Profesor,0
55.30287357650357,Jalisco,Jalisco,Chef,0
56.06219598442802,Sinaloa,Sinaloa,Médico,1
54.754971257566055,Sinaloa,Sinaloa,Médico,0
54.13738179732504,Jalisco,Jalisco,Médico,1
43.49162838673803,Jalisco,Jalisco,Médico,1
52.1004069662467,Jalisco,Sinaloa,Policía,0
52.80888941059724,Sinaloa,Sinaloa,Médico,1
53.40874912880076,Jalisco,Sinaloa,Médico,1
49.19880911535543,Jalisco,Sinaloa,Profesor,0
54.75632198277434,Sinaloa,Jalisco,Médico,0
54.044032615774704,Sinaloa,Sinaloa,Chef,0
54.44909343694968,Jalisco,Jalisco,Policía,0
51.2659011158815,Sinaloa,Jalisco,Médico,0
54.171497172212725,Sinaloa,Sinaloa,Chef,0
52.232968644027885,Sinaloa,Sinaloa,Médico,0
53.5522024087404,Sinaloa,Jalisco,Médico,0
46.16320219685494,Jalisco,Sinaloa,Médico,1
55.84221866869239,Jalisco,Sinaloa,Policía,0
58.27947787483392,Sinaloa,Sinaloa,Policía,0
50.75556810715794,Sinaloa,Sinaloa,Médico,0
55.62040480655929,Sinaloa,Sinaloa,Policía,0
51.99066412951024,Jalisco,Sinaloa,Policía,0
39.712529172008274,Jalisco,Sinaloa,Médico,1
52.75142452701765,Jalisco,Jalisco,Médico,1
53.73607207489628,Sinaloa,Sinaloa,Médico,1
51.29836183806461,Jalisco,Sinaloa,Médico,1
31.700823245519793,Sinaloa,Jalisco,Profesor,1
53.716297516627414,Jalisco,Sinaloa,Chef,1
54.43641633900873,Sinaloa,Jalisco,Policía,0
52.237366603867855,Jalisco,Jalisco,Policía,0
57.62480658961257,Sinaloa,Sinaloa,Médico,0
38.76247569633344,Jalisco,Sinaloa,Médico,1
47.03861417473946,Jalisco,Sinaloa,Médico,0
55.75298438082782,Jalisco,Jalisco,Médico,1
51.835560395798566,Jalisco,Sinaloa,Médico,1
38.760927227896296,Jalisco,Jalisco,Médico,1
54.02272004955525,Jalisco,Jalisco,Policía,0
48.4704928766852,Jalisco,Sinaloa,Policía,1
53.2887971649776,Jalisco,Jalisco,Policía,0
39.78746101632745,Jalisco,Sinaloa,Médico,1
56.90979421946746,Sinaloa,Sinaloa,Policía,0
49.66450346065962,Jalisco,Jalisco,Policía,1
53.30706514695532,Jalisco,CDMX,Policía,1
52.197233927506694,Sinaloa,Jalisco,Policía,1
52.100027252917485,Jalisco,Jalisco,Médico,1
49.23240249386481,Sinaloa,Sinaloa,Médico,0
52.28082813087272,Jalisco,Sinaloa,Policía,0
53.25910769599654,Jalisco,Sinaloa,Policía,0
53.378203625919916,Sinaloa,Sinaloa,Médico,0
56.78659532811549,Sinaloa,Jalisco,Médico,0
42.843283510747625,Jalisco,Sinaloa,Médico,1
52.166450428577825,Sinaloa,Sinaloa,Médico,0
52.49840623341326,Jalisco,Jalisco,Policía,0
49.84420801026404,Jalisco,Sinaloa,Médico,0
38.05872817095232,Jalisco,Jalisco,Médico,1
59.694450646719105,Sinaloa,Sinaloa,Médico,0
55.667553797332374,Jalisco,Jalisco,Médico,1
48.28148951958451,Jalisco,Jalisco,Policía,1
54.94906133843206,Jalisco,Sinaloa,Médico,1
38.29716020777899,Jalisco,Jalisco,Médico,1
51.78685373998133,Sinaloa,Sinaloa,Médico,0
55.69367159751933,Jalisco,Sinaloa,Médico,1
53.64141859756084,Jalisco,Sinaloa,Médico,0
50.06269173426378,Jalisco,Jalisco,Policía,0
52.48409861535179,Jalisco,Sinaloa,Médico,1
51.18671284384059,Sinaloa,Sinaloa,Médico,1
55.89774598607609,Jalisco,Sinaloa,Médico,1
49.652128811067875,Sinaloa,Jalisco,Médico,0
55.37021819594731,Sinaloa,Sinaloa,Médico,0
37.438639310014935,Jalisco,Jalisco,Médico,1
33.95342944303911,Sinaloa,Jalisco,Médico,1
57.857250465254225,Jalisco,Jalisco,Médico,1
44.18308102288213,Jalisco,Jalisco,Médico,1
26.603310056907894,Sinaloa,Sinaloa,Profesor,1
56.48058906046445,Sinaloa,Sinaloa,Médico,1
50.116593748041474,Sinaloa,Sinaloa,Chef,0
40.8873085613959,Jalisco,Sinaloa,Médico,1
32.84908716258997,Jalisco,Sinaloa,Médico,1
36.25123659451721,Jalisco,Jalisco,Médico,1
53.46632869446431,Jalisco,Sinaloa,Médico,1
51.548809079943915,Sinaloa,Sinaloa,Policía,0
50.92757613100915,Jalisco,Sinaloa,Policía,1
52.570091476236755,Jalisco,Sinaloa,Policía,0
40.905922103478254,Jalisco,Jalisco,Médico,1
55.18254102443881,Sinaloa,Sinaloa,Policía,1
54.12686191834731,Jalisco,Sinaloa,Médico,1
54.95912960545258,Jalisco,Jalisco,Policía,0
45.88442275936793,Jalisco,Sinaloa,Médico,1
44.72638864228263,Jalisco,Jalisco,Policía,1
56.11262640333214,Sinaloa,Jalisco,Médico,1
48.578357566612524,Jalisco,Sinaloa,Médico,1
38.72335420915354,Jalisco,Jalisco,Médico,1
53.28708068559244,Jalisco,Sinaloa,Médico,1
57.195852174399704,Sinaloa,Jalisco,Policía,0
52.723950728763285,Sinaloa,Sinaloa,Médico,0
55.060639871064254,Sinaloa,Sinaloa,Policía,0
51.10709072411864,Jalisco,Sinaloa,Médico,1
49.028390516165544,Jalisco,Sinaloa,Policía,0
53.6847801537281,Jalisco,Sinaloa,Policía,0
53.477740280361715,Sinaloa,Jalisco,Policía,0
51.924980690963494,Jalisco,Jalisco,Chef,0
55.96694263930783,Sinaloa,Jalisco,Médico,0
48.71791499185751,Jalisco,Jalisco,Policía,1
53.12191905373269,Jalisco,Jalisco,Policía,0
54.18016710617734,Jalisco,Jalisco,Policía,0
39.77742473552095,Jalisco,Sinaloa,Médico,1
46.64756441235456,Jalisco,Jalisco,Médico,0
40.6379999143071,Jalisco,Sinaloa,Médico,1
53.767855865965046,Sinaloa,Jalisco,Chef,0
30.88252063487144,Sinaloa,Sinaloa,Profesor,1
51.30324181808094,Sinaloa,Jalisco,Médico,0
57.00277152539588,Jalisco,Jalisco,Policía,0
31.922791364552353,Jalisco,Sinaloa,Profesor,1
52.7939698501515,Jalisco,Jalisco,Policía,0
48.74347629731525,Sinaloa,Sinaloa,Chef,0
45.88781685944666,Jalisco,Sinaloa,Médico,1
53.232540671108886,Jalisco,Sinaloa,Policía,0
52.4416769529715,Sinaloa,Sinaloa,Policía,1
52.26839044154065,Jalisco,Jalisco,Médico,1
50.357229633127545,Sinaloa,Sinaloa,Médico,0
40.429884006567775,Jalisco,Jalisco,Policía,1
51.8779623639387,Sinaloa,Jalisco,Médico,0
54.583547457464434,Sinaloa,Sinaloa,Chef,0
54.81281842475605,Sinaloa,Jalisco,Chef,0
48.88878888631895,Jalisco,Jalisco,Médico,0
50.33962822948261,Sinaloa,Sinaloa,Médico,0
28.356248121202746,Sinaloa,Jalisco,Médico,1
35.369851421749765,Jalisco,Jalisco,Médico,1
50.851042526263846,Jalisco,Sinaloa,Policía,0
52.933596326351186,Sinaloa,Sinaloa,Policía,0
54.530864855094684,Jalisco,Sinaloa,Médico,0
54.79805827541547,Sinaloa,Sinaloa,Médico,0
34.63858172814838,Jalisco,Sinaloa,Médico,1
52.3242416282335,Jalisco,Jalisco,Médico,1
48.2401742204984,Jalisco,Sinaloa,Policía,0
42.346557418820886,Jalisco,Sinaloa,Médico,1
50.09083904572199,Jalisco,Jalisco,Médico,0
57.88632982279438,Sinaloa,Sinaloa,Médico,1
43.220875076482486,Jalisco,Jalisco,Médico,1
60.82318004968904,Sinaloa,Jalisco,Chef,0
41.894024279243126,Jalisco,Sinaloa,Médico,1
56.98863410023207,Jalisco,Jalisco,Médico,0
51.67842564427767,Jalisco,Sinaloa,Policía,0
52.392361074654424,Jalisco,Jalisco,Policía,0
50.738401667749805,Jalisco,Sinaloa,Médico,1
53.544406482542506,Jalisco,Sinaloa,Policía,0
47.705357001554475,Jalisco,Jalisco,Profesor,0
36.67262529193292,Jalisco,Sinaloa,Médico,1
52.232098880328095,Sinaloa,Jalisco,Policía,0
36.39443325415867,Jalisco,Sinaloa,Médico,1
49.51219335061425,Jalisco,Sinaloa,Policía,1
51.39817411693076,Sinaloa,Jalisco,Médico,1
51.55526486830591,Jalisco,Sinaloa,Policía,0
55.68151174097372,Sinaloa,Sinaloa,Médico,0
52.68840636854413,Jalisco,Sinaloa,Médico,1
53.31521022968292,Jalisco,Sinaloa,Policía,0
50.98318919238731,Jalisco,Sinaloa,Médico,1
51.96661442026608,Jalisco,Jalisco,Médico,1
51.1637781430251,Jalisco,Sinaloa,Médico,1
34.93716600512845,Jalisco,Sinaloa,Médico,1
54.5082227887498,Sinaloa,Jalisco,Médico,0
41.88357686982276,Jalisco,Jalisco,Médico,1
47.3487008589559,Jalisco,Jalisco,Policía,1
56.22696418039407,Sinaloa,Jalisco,Médico,0
53.921895807224985,Sinaloa,Jalisco,Policía,0
54.70204320804001,Jalisco,Sinaloa,Médico,0
32.41488394916506,Jalisco,Sinaloa,Médico,1
38.155563681985015,Jalisco,Sinaloa,Médico,1
53.525137767869026,Sinaloa,Sinaloa,Chef,0
40.19678353279048,Jalisco,Jalisco,Policía,1
54.91135338975764,Jalisco,Sinaloa,Médico,1
54.9533708797588,Jalisco,Sinaloa,Médico,1
49.0696922916174,Jalisco,Sinaloa,Policía,0
54.144034852683575,Sinaloa,Sinaloa,Policía,0
40.91979991354292,Jalisco,Sinaloa,Médico,1
30.44032844870617,Sinaloa,Sinaloa,Profesor,1
41.155466020502544,Jalisco,Jalisco,Policía,1
54.09658487908243,Jalisco,Sinaloa,Médico,1
53.92301203053803,Sinaloa,Sinaloa,Médico,0
55.370855993004206,Jalisco,Jalisco,Médico,1
41.45597696166735,Jalisco,Sinaloa,Policía,1
55.72062978062586,Sinaloa,Sinaloa,Médico,0
37.60386247806575,Jalisco,Sinaloa,Médico,1
50.487459602259094,Sinaloa,Sinaloa,Médico,0
50.32592227861686,Jalisco,Jalisco,Policía,0
52.830622416988305,Sinaloa,Sinaloa,Chef,0
52.18205485546297,Jalisco,Sinaloa,Médico,1
56.90370475762691,Sinaloa,Sinaloa,Médico,0
36.49430155863034,Jalisco,Jalisco,Médico,1
40.23307483394419,Jalisco,Jalisco,Médico,1
50.935054496326224,Sinaloa,Jalisco,Médico,0
56.142668764496946,Jalisco,Jalisco,Chef,1
35.24537680985709,Jalisco,Sinaloa,Médico,1
43.187582474490895,Jalisco,Sinaloa,Médico,0
55.20525614842821,Jalisco,Sinaloa,Médico,1
51.664160659215696,Jalisco,Sinaloa,Policía,1
30.701397516443503,Sinaloa,Sinaloa,Profesor,1
54.12635957345764,Jalisco,Jalisco,Médico,1
47.46851312164697,Jalisco,Jalisco,Médico,0
54.627087407350025,Jalisco,Sinaloa,Policía,0
45.37823718326132,Jalisco,Sinaloa,Médico,0
48.11877589990503,Jalisco,Jalisco,Chef,0
58.95307355506411,Sinaloa,Sinaloa,Policía,0
52.76113296438578,Jalisco,Sinaloa,Médico,1
54.567776037400996,Sinaloa,Sinaloa,Profesor,0
51.70623404634241,Sinaloa,Sinaloa,Chef,0
54.378741410254946,Jalisco,Jalisco,Policía,0
32.89492221564646,Jalisco,Sinaloa,Profesor,1
52.25275379595604,Jalisco,Jalisco,Médico,1
35.75597898943269,Jalisco,Sinaloa,Médico,1
55.51918279717635,Sinaloa,Sinaloa,Médico,1
35.705791246253725,Jalisco,Jalisco,Médico,1
47.505489840551945,Jalisco,Jalisco,Policía,1
55.59867602555806,Sinaloa,Jalisco,Médico,1
54.47502930670354,Sinaloa,Sinaloa,Médico,0
46.06334877553252,Jalisco,Sinaloa,Policía,0
56.639930217025935,Jalisco,Sinaloa,Médico,1
53.808423883847226,Sinaloa,Jalisco,Médico,0
55.1414730267587,Sinaloa,Jalisco,Chef,0
51.959655874940744,Sinaloa,Sinaloa,Médico,0
52.49169745589134,Sinaloa,Jalisco,Médico,0
51.917081919867755,Jalisco,Sinaloa,Policía,0
39.175208116327894,Jalisco,Jalisco,Médico,1
56.56148858152465,Jalisco,Jalisco,Médico,1
53.66590665461477,Jalisco,Jalisco,Policía,1
55.430450856287614,Sinaloa,Sinaloa,Policía,0
52.596690374420035,Sinaloa,Jalisco,Chef,0
51.32993925557438,Jalisco,Sinaloa,Médico,1
56.07043385303482,Jalisco,Sinaloa,Médico,1
53.781463746884235,Jalisco,Sinaloa,Médico,1
52.220744648501245,Jalisco,Sinaloa,Médico,1
54.91059662893304,Jalisco,Jalisco,Policía,0
51.2677543346233,Jalisco,Jalisco,Policía,0
54.723895350312965,Jalisco,Jalisco,Chef,0
56.21547009636986,Jalisco,Sinaloa,Médico,1
55.06954697788892,Sinaloa,Jalisco,Médico,0
52.83500425404041,Jalisco,Jalisco,Médico,1
51.62803191886898,Sinaloa,Sinaloa,Policía,1
41.13505108016744,Jalisco,Sinaloa,Policía,1
45.011609434258546,Jalisco,Jalisco,Policía,1
54.80045885789018,Sinaloa,Sinaloa,Policía,0
56.930239067815855,Jalisco,Jalisco,Policía,0
56.077399016335505,Sinaloa,Jalisco,Médico,0
52.58994484414906,Jalisco,Jalisco,Médico,1
53.41760059695604,Sinaloa,Jalisco,Médico,0
38.39294096440255,Jalisco,Sinaloa,Médico,1
53.33094905054202,Sinaloa,Jalisco,Policía,0
55.22180379211553,Jalisco,Sinaloa,Policía,0
53.76772423276004,Sinaloa,Jalisco,Chef,0
55.318863144472814,Sinaloa,Sinaloa,Médico,1
48.86118066513781,Sinaloa,Jalisco,Policía,0
55.695887533883656,Sinaloa,Sinaloa,Policía,1
52.996805684731754,Sinaloa,Sinaloa,Policía,0
60.463220561109914,Sinaloa,Sinaloa,Médico,0
44.86011183636988,Jalisco,Sinaloa,Policía,1
48.748118255761256,Jalisco,Sinaloa,Policía,0
40.69080757327815,Jalisco,Sinaloa,Médico,1
47.17726277824417,Jalisco,Jalisco,Policía,0
52.301008497850944,Jalisco,Jalisco,Médico,1
52.71372445475545,Jalisco,Jalisco,Médico,1
48.62815716031167,Jalisco,Jalisco,Policía,1
48.871319044413255,Jalisco,Sinaloa,Policía,0
51.754904982765474,Sinaloa,Sinaloa,Médico,0
50.6778463302512,Sinaloa,Sinaloa,Médico,0
56.933498486237625,Sinaloa,Jalisco,Policía,0
28.134414847349113,Sinaloa,Sinaloa,Médico,1
53.82693039734348,Sinaloa,Sinaloa,Médico,0
53.409256682641704,Sinaloa,Sinaloa,Chef,0
45.783288670885966,Jalisco,Sinaloa,Médico,0
51.04965835274115,Jalisco,Jalisco,Médico,1
55.4451104035034,Sinaloa,Jalisco,Médico,0
51.93030698166841,Jalisco,Sinaloa,Policía,1
50.85283240936848,Jalisco,Sinaloa,Médico,1
55.605532453001786,Jalisco,Jalisco,Policía,0
53.720273831004306,Sinaloa,Sinaloa,Médico,1
37.77985613405282,Jalisco,Jalisco,Médico,1
50.6330076395404,Jalisco,Sinaloa,Policía,0
50.753820335097444,Jalisco,Sinaloa,Médico,1
52.70817012073873,Jalisco,Sinaloa,Chef,0
34.509814456765625,Jalisco,Sinaloa,Médico,1
54.72437746733004,Sinaloa,Jalisco,Chef,0
30.99528107450061,Sinaloa,Sinaloa,Médico,1
51.80485785189918,Sinaloa,Sinaloa,Médico,0
52.723758899266656,Sinaloa,Jalisco,Médico,0
54.28489789744309,Jalisco,Jalisco,Profesor,1
54.372282926182834,Sinaloa,Jalisco,Chef,0
53.63421121614612,Jalisco,Sinaloa,Policía,0
49.023641353076684,Sinaloa,Sinaloa,Médico,0
50.75946388330905,Sinaloa,Jalisco,Médico,0
50.46166792791843,Jalisco,Sinaloa,Policía,0
50.25055754774641,Jalisco,Jalisco,Médico,1
51.82321160282533,Jalisco,Sinaloa,Médico,1
41.850230373817034,Jalisco,Jalisco,Policía,1
52.090903082207205,Sinaloa,Jalisco,Médico,1
50.38908035356605,Jalisco,Sinaloa,Médico,1
55.83503685654134,Sinaloa,Sinaloa,Policía,0
53.39836722631545,Jalisco,Sinaloa,Policía,0
49.43210087001984,Jalisco,Sinaloa,Policía,1
55.268331502230076,Sinaloa,Jalisco,Médico,0
57.80441313308827,Sinaloa,Sinaloa,Médico,0
55.52751958252841,Sinaloa,Jalisco,Profesor,0
46.91346552235501,Jalisco,Jalisco,Policía,1
53.97267532035588,Jalisco,Jalisco,Policía,0
52.250908755296905,Sinaloa,Jalisco,Médico,0
54.9056584910894,Jalisco,Sinaloa,Médico,1
53.57926076695246,Sinaloa,Jalisco,Médico,0
53.48121714560571,Jalisco,Sinaloa,Médico,1
32.41097873193985,Jalisco,Sinaloa,Médico,1
48.46088348191964,Jalisco,Sinaloa,Médico,0
49.4180479304351,Jalisco,Sinaloa,Médico,0
52.81187249617664,Sinaloa,Sinaloa,Policía,0
55.96710910511253,Sinaloa,Jalisco,Médico,1
48.55645182438555,Jalisco,Sinaloa,Policía,1
51.408151831737044,Jalisco,Jalisco,Médico,0
52.954118205097046,Sinaloa,Jalisco,Policía,0
52.71283272538685,Sinaloa,Jalisco,Policía,0
50.493389712716734,Jalisco,Jalisco,Policía,0
52.62794085246357,Jalisco,Jalisco,Policía,0
34.48988847915806,Sinaloa,Sinaloa,Profesor,1
52.75313570162961,Jalisco,Sinaloa,Médico,1
58.38001573180174,Sinaloa,Jalisco,Chef,0
51.95843830659779,Jalisco,Sinaloa,Médico,1
38.56031957001113,Jalisco,Sinaloa,Médico,1
55.58848304755761,Sinaloa,Sinaloa,Policía,0
53.50965927689677,Jalisco,Sinaloa,Médico,1
54.98270441621088,Sinaloa,Sinaloa,Chef,0
49.628527173099485,Jalisco,Sinaloa,Médico,1
51.953588419587575,Sinaloa,Sinaloa,Profesor,0
38.96012862939928,Jalisco,Jalisco,Médico,1
34.972167996445776,Jalisco,Sinaloa,Médico,1
38.19000909105962,Jalisco,Sinaloa,Médico,1
53.827115514488604,Sinaloa,Sinaloa,Médico,0
53.07644146738087,Jalisco,Sinaloa,Policía,0
55.41953306721669,Jalisco,Sinaloa,Médico,1
37.82453860080362,Jalisco,Sinaloa,Médico,1
53.68361229415796,Jalisco,Sinaloa,Policía,0
50.780929869210794,Jalisco,Sinaloa,Policía,1
50.76262290888787,Jalisco,Sinaloa,Médico,1
53.89683358392031,Sinaloa,Jalisco,Médico,1
55.13500134892071,Jalisco,Sinaloa,Policía,0
46.46459325702262,Jalisco,Sinaloa,Policía,1
49.95992427420749,Sinaloa,Sinaloa,Policía,0
51.43995566766755,Jalisco,Sinaloa,Médico,1
56.533929155212626,Jalisco,Jalisco,Médico,1
45.836079540676515,Jalisco,Sinaloa,Policía,1
36.80693323753143,Jalisco,Sinaloa,Médico,1
55.13999676108016,Sinaloa,Jalisco,Policía,0
51.74705449897997,Jalisco,Sinaloa,Policía,0
48.96863418254817,Jalisco,Jalisco,Policía,1
51.75262920417566,Jalisco,CDMX,Chef,1
51.94410187948263,Jalisco,Sinaloa,Policía,0
52.831441964119165,Jalisco,Sinaloa,Policía,0
52.64800070154004,Jalisco,Jalisco,Policía,0
41.603214029469726,Jalisco,Sinaloa,Médico,1
43.655866592092636,Jalisco,Sinaloa,Médico,1
50.899231614254894,Jalisco,Jalisco,Médico,1
51.37432782381085,Jalisco,Sinaloa,Médico,1
54.44631203457112,Sinaloa,Jalisco,Policía,1
57.25774215320878,Sinaloa,Sinaloa,Médico,0
40.46874042461596,Jalisco,Jalisco,Médico,1
45.463985233471234,Jalisco,Sinaloa,Médico,0
52.056295325751556,Jalisco,Sinaloa,Médico,1
60.08819145980175,CDMX,Sinaloa,Policía,0
48.4279658490732,Jalisco,Sinaloa,Policía,1
52.17887844673953,Jalisco,Jalisco,Médico,1
33.81606850509552,Sinaloa,Sinaloa,Médico,1
30.42131513981212,Sinaloa,Jalisco,Profesor,1
48.20464443937354,Jalisco,Jalisco,Médico,0
47.8612211159606,Jalisco,Jalisco,Chef,0
53.07221786484075,Jalisco,Sinaloa,Policía,0
58.342845807986606,Sinaloa,Jalisco,Médico,0
52.725361321635134,Jalisco,Sinaloa,Médico,1
53.567395636619864,Jalisco,Jalisco,Médico,1
38.39878880954318,Jalisco,Jalisco,Médico,1
48.60646660523675,Jalisco,Sinaloa,Profesor,0
53.49494784418252,Jalisco,Sinaloa,Médico,1
56.559066751050445,Sinaloa,Sinaloa,Médico,0
54.07576763159533,Jalisco,Sinaloa,Médico,1
50.5899101467013,Sinaloa,Sinaloa,Médico,0
40.64345483428564,Jalisco,Sinaloa,Médico,1
55.50228967919448,Sinaloa,Sinaloa,Policía,0
51.5651789038197,Jalisco,Sinaloa,Médico,1
33.275891701149725,Jalisco,Sinaloa,Médico,1
51.155841235736695,Jalisco,Sinaloa,Chef,0
53.65960093467971,Sinaloa,CDMX,Policía,0
54.788211305965135,Sinaloa,Jalisco,Chef,0
42.119848963724664,Jalisco,Sinaloa,Policía,1
52.87829919244279,Sinaloa,Sinaloa,Médico,0
49.975890985406004,Jalisco,Jalisco,Policía,1
55.22443583653024,Jalisco,Jalisco,Policía,1
51.84450284234641,Jalisco,Sinaloa,Policía,0
47.44525395959748,Jalisco,Sinaloa,Policía,1
40.21956806473429,Jalisco,Sinaloa,Policía,1
53.67868837194389,Jalisco,Jalisco,Policía,0
54.90761285124766,Jalisco,Sinaloa,Policía,0
51.46921476801853,Jalisco,Sinaloa,Policía,0
51.67772431529825,Sinaloa,Sinaloa,Médico,0
56.120508263006315,Jalisco,Jalisco,Chef,0
52.778951972959675,Sinaloa,Jalisco,Médico,1
55.126341831078825,Jalisco,Sinaloa,Policía,0
55.81172299176426,Sinaloa,Jalisco,Médico,1
59.27344616064897,Sinaloa,Sinaloa,Médico,0
42.779474961658224,Jalisco,Jalisco,Policía,1
45.70922508477172,Jalisco,Sinaloa,Policía,1
54.45619903670992,Sinaloa,Jalisco,Policía,0
53.36692713481791,Jalisco,Jalisco,Policía,0
49.97462920036164,Jalisco,CDMX,Médico,0
53.492625551491756,Jalisco,Sinaloa,Médico,1
58.4513976199894,Sinaloa,Sinaloa,Policía,0
52.82251625992949,Sinaloa,Jalisco,Policía,0
52.90178245188022,Sinaloa,Jalisco,Chef,0
45.21665402612764,Jalisco,Sinaloa,Médico,1
52.443599750894975,Sinaloa,Sinaloa,Policía,0
52.31899607393735,Sinaloa,Sinaloa,Médico,0
54.26646770291174,Sinaloa,Jalisco,Médico,0
36.207016520431935,Jalisco,Jalisco,Médico,1
53.34345745287766,Jalisco,Jalisco,Médico,0
40.2524508604577,Jalisco,Jalisco,Médico,1
54.85102505955197,Jalisco,Jalisco,Policía,0
51.59472417365242,Sinaloa,Sinaloa,Policía,0
51.26156739384834,Jalisco,Sinaloa,Policía,0
58.043666899229144,Sinaloa,Sinaloa,Policía,0
57.07186325304139,Sinaloa,Jalisco,Chef,0
54.70890924591431,Jalisco,Sinaloa,Médico,1
55.95539489382757,Sinaloa,Sinaloa,Policía,0
52.022087470459624,Sinaloa,Jalisco,Médico,0
53.22569970279799,Sinaloa,Jalisco,Médico,0
55.3194631551291,Jalisco,Sinaloa,Médico,1
45.935126406085196,Jalisco,Jalisco,Policía,1
57.16479145061428,Sinaloa,Sinaloa,Médico,0
52.93513092559307,Sinaloa,Jalisco,Médico,0
46.22807225172072,Jalisco,Sinaloa,Médico,0
55.73614183174658,Jalisco,Sinaloa,Médico,1
50.1066919455185,Sinaloa,Jalisco,Médico,0
49.53409991037496,Jalisco,Jalisco,Policía,0
39.50356796155368,Jalisco,Jalisco,Policía,1
49.942314862442885,Jalisco,Jalisco,Policía,0
54.10634726257866,Jalisco,Jalisco,Policía,0
53.80299263400452,Sinaloa,Sinaloa,Médico,0
51.93965007489231,Jalisco,Sinaloa,Médico,1
52.61283682787033,Jalisco,Jalisco,Policía,1
50.5200713282985,Jalisco,Jalisco,Médico,1
47.23003207483645,Jalisco,Sinaloa,Policía,1
57.250147524114674,Jalisco,Sinaloa,Policía,0
38.9826150143317,Jalisco,Sinaloa,Médico,1
41.64660051511692,Jalisco,Sinaloa,Médico,1
50.22741331385395,Jalisco,Sinaloa,Policía,1
42.064181159846655,Jalisco,Sinaloa,Médico,1
53.37278487702624,Jalisco,Jalisco,Médico,1
50.22713940845143,Jalisco,Jalisco,Médico,1
49.52878436974579,Jalisco,Sinaloa,Policía,1
48.098780213409384,Jalisco,Sinaloa,Médico,0
53.41457320400244,Jalisco,Sinaloa,Policía,0
49.616533726693156,Jalisco,Sinaloa,Policía,1
47.70868098807969,Jalisco,Jalisco,Chef,0
51.80223752494654,Jalisco,Jalisco,Policía,1
52.00724062924029,Jalisco,Sinaloa,Médico,1
54.99454797797821,Jalisco,Sinaloa,Policía,0
53.56992395682487,Sinaloa,Jalisco,Médico,0
52.331773602334174,CDMX,Sinaloa,Médico,0
54.63657923280628,Jalisco,Jalisco,Policía,0
53.62251613373992,Sinaloa,Sinaloa,Médico,0
34.054086930648225,Jalisco,CDMX,Médico,1
51.886180656135444,Sinaloa,Sinaloa,Médico,0
54.03023003292358,Jalisco,Sinaloa,Policía,0
53.205212006718895,Jalisco,Sinaloa,Policía,0
49.971590994583934,Jalisco,Jalisco,Médico,0
52.568929595119215,Sinaloa,Jalisco,Médico,0
38.413380044926505,Jalisco,Sinaloa,Médico,1
39.18745485608211,Jalisco,Jalisco,Médico,1
56.23084390995289,Jalisco,Jalisco,Policía,0
43.84055696097062,Jalisco,Sinaloa,Policía,1
29.673255574436872,Sinaloa,Jalisco,Médico,1
50.930706400965605,Sinaloa,Jalisco,Médico,0
58.34357910457473,Sinaloa,Sinaloa,Policía,0
51.835056938047074,Sinaloa,Jalisco,Médico,0
51.34592131710649,Sinaloa,Sinaloa,Médico,0
54.54001813281806,Jalisco,Jalisco,Médico,1
51.15383882272574,Jalisco,Sinaloa,Médico,0
56.74854726567758,Sinaloa,Sinaloa,Chef,0
53.48071502759398,Jalisco,Sinaloa,Médico,1
58.07459433841295,Sinaloa,Jalisco,Médico,0
55.067970883021204,Jalisco,Jalisco,Policía,0
54.9100465837383,Sinaloa,Sinaloa,Chef,0
52.573676475698676,Jalisco,Jalisco,Médico,1
41.131769878475545,Jalisco,Sinaloa,Policía,1
54.49090799786331,Jalisco,Jalisco,Chef,0
54.85548370090312,Sinaloa,Jalisco,Chef,0
53.786671636605405,Sinaloa,Sinaloa,Médico,0
49.63929189075348,Jalisco,Jalisco,Policía,0
52.338293953143925,Jalisco,Jalisco,Médico,1
52.380146358950334,Jalisco,Sinaloa,Policía,0
58.55757288367346,Sinaloa,Jalisco,Médico,1
51.19229410051416,Sinaloa,Sinaloa,Médico,1
48.87877866267828,Jalisco,Sinaloa,Médico,1
53.531890147930554,Jalisco,Sinaloa,Médico,1
54.579745507844464,Jalisco,Jalisco,Chef,0
35.841530048687005,Jalisco,Jalisco,Profesor,1
52.41686872680048,Sinaloa,Sinaloa,Chef,0
56.05106812743666,Jalisco,Sinaloa,Policía,0
57.3367645019459,Sinaloa,Sinaloa,Médico,1
54.24643506619804,Jalisco,Jalisco,Policía,0
55.674518370639554,Sinaloa,Jalisco,Médico,0
45.758680948690866,Jalisco,Sinaloa,Policía,1
52.29867285134597,Sinaloa,Sinaloa,Policía,0
35.1881498135284,Jalisco,Sinaloa,Médico,1
46.56856092562784,Jalisco,Jalisco,Médico,0
48.641836477545546,Jalisco,Sinaloa,Policía,1
51.47226608528742,Jalisco,Jalisco,Chef,0
49.488675137953265,Jalisco,Sinaloa,Policía,1
45.64109691323695,Jalisco,Sinaloa,Médico,1
51.91095035214279,Jalisco,Sinaloa,Chef,0
45.79902896770959,Jalisco,Jalisco,Médico,0
54.23227177490248,Sinaloa,Jalisco,Médico,0
53.69472929971208,Jalisco,Jalisco,Policía,0
47.91198535759067,Jalisco,Sinaloa,Policía,0
56.77782432143306,Sinaloa,Sinaloa,Policía,0
55.38843731317369,Sinaloa,Jalisco,Médico,0
34.83727311944838,Jalisco,Sinaloa,Médico,1
51.51391884616517,Jalisco,Sinaloa,Policía,0
53.67763597684205,Sinaloa,Sinaloa,Médico,0
57.00009381710498,Jalisco,Sinaloa,Chef,1
51.397849010866345,Jalisco,Sinaloa,Chef,0
51.97233237657768,Jalisco,Sinaloa,Policía,1
34.05266927093851,Jalisco,Sinaloa,Médico,1
54.85109018665726,Jalisco,Sinaloa,Policía,0
56.59166111566586,Sinaloa,Jalisco,Policía,0
53.86995966762638,Sinaloa,Sinaloa,Médico,0
55.259520845176475,Sinaloa,Jalisco,Chef,0
41.66078793434366,Jalisco,Sinaloa,Médico,1
51.574316292107184,Sinaloa,Jalisco,Policía,0
48.75001563245673,Jalisco,Jalisco,Policía,1
51.96440665873283,Sinaloa,Jalisco,Policía,0
49.65113554457227,Jalisco,Jalisco,Policía,0
57.22841342164131,Sinaloa,Jalisco,Policía,0
56.247051009747565,Sinaloa,Sinaloa,Médico,0
36.42888909776737,Jalisco,Sinaloa,Médico,1
51.951997020539075,Jalisco,Jalisco,Policía,0
38.80627081734042,Jalisco,Sinaloa,Médico,1
53.833140376204035,Jalisco,Jalisco,Médico,1
39.889938921912254,Jalisco,Jalisco,Médico,1
52.88165070506653,Sinaloa,Jalisco,Policía,0
52.266124655493485,Sinaloa,Sinaloa,Médico,0
34.98731898721416,Jalisco,Sinaloa,Médico,1
50.93926925523735,Jalisco,Jalisco,Policía,0
49.283998157549206,Sinaloa,Sinaloa,Médico,0
36.15944383680922,Jalisco,Sinaloa,Médico,1
52.90724304560115,Sinaloa,Sinaloa,Chef,0
48.038209587060656,Jalisco,Sinaloa,Médico,0
56.514636134062926,Sinaloa,Sinaloa,Médico,1
49.93175491177955,Sinaloa,Sinaloa,Médico,0
55.7930855885505,Sinaloa,Sinaloa,Médico,1
51.113114930472165,Jalisco,Jalisco,Policía,1
52.54149750703265,Jalisco,Jalisco,Policía,0
55.91555306492548,Sinaloa,Sinaloa,Médico,1
55.51973772917274,Sinaloa,Sinaloa,Médico,1
58.352677732806626,Jalisco,Sinaloa,Médico,1
49.07425657247443,Jalisco,Sinaloa,Policía,0
57.12168476523175,Sinaloa,Sinaloa,Médico,0
48.10668232476592,Jalisco,Sinaloa,Médico,0
52.7296675662852,Jalisco,Sinaloa,Médico,1
54.592196213528226,Sinaloa,Sinaloa,Médico,1
55.844385704503004,Jalisco,Sinaloa,Médico,1
58.27018056941864,Sinaloa,Jalisco,Policía,0
54.838957014104736,Sinaloa,Sinaloa,Médico,0
39.21210107436915,Jalisco,Jalisco,Médico,1
53.99918850500192,Jalisco,Sinaloa,Chef,0
34.12241010548833,Jalisco,Sinaloa,Médico,1
51.859978020231345,Jalisco,Sinaloa,Médico,1
57.085782851017115,Sinaloa,Jalisco,Policía,0
59.92835291967101,Sinaloa,Jalisco,Policía,0
56.08544022182004,Jalisco,Sinaloa,Policía,0
58.2861784211889,Sinaloa,Sinaloa,Médico,0
54.89880431387546,Sinaloa,Sinaloa,Policía,0
53.16387949146261,Jalisco,Sinaloa,Médico,0
51.96752355177042,Jalisco,Sinaloa,Médico,1
52.82692941040705,Sinaloa,Sinaloa,Médico,0
40.17766605106829,Jalisco,Sinaloa,Médico,1
51.859707991096364,Jalisco,Jalisco,Policía,0
59.06085105756294,Sinaloa,Sinaloa,Chef,0
57.187775107124594,Sinaloa,Sinaloa,Policía,0
53.78415474798777,Jalisco,Jalisco,Profesor,1
56.0041492312612,Sinaloa,Sinaloa,Ingeniero,0
52.17055671295145,Sinaloa,Sinaloa,Médico,1
52.49396850512738,Jalisco,Jalisco,Policía,0
25.022019586991384,Sinaloa,Sinaloa,Médico,1
55.26856758036342,Sinaloa,Sinaloa,Policía,0
55.83416537943635,Jalisco,Sinaloa,Policía,0
55.48972571278855,Jalisco,Jalisco,Profesor,1
51.791322903038484,Sinaloa,Jalisco,Médico,0
40.14996765708172,Jalisco,Sinaloa,Profesor,1
54.05069935160021,Jalisco,Sinaloa,Policía,0
37.96465840702285,Jalisco,Jalisco,Médico,1
51.88036892224521,Jalisco,Sinaloa,Policía,0
30.488270697778084,Sinaloa,Jalisco,Profesor,1
53.90272632040065,Jalisco,Sinaloa,Policía,0
49.96147252515681,Jalisco,Jalisco,Policía,0
55.396291251495335,Sinaloa,Sinaloa,Médico,1
54.280837514641604,Sinaloa,Jalisco,Chef,0
57.2790913886696,Sinaloa,Jalisco,Médico,1
39.54037877921856,Jalisco,Jalisco,Médico,1
51.72900833791768,Jalisco,Sinaloa,Chef,0
53.27464047164451,Jalisco,Sinaloa,Policía,0
56.45307257120147,Jalisco,Jalisco,Policía,0
58.38029380160899,Jalisco,Jalisco,Médico,1
53.76277237961407,Sinaloa,Jalisco,Policía,0
52.88747565758703,Sinaloa,Jalisco,Médico,0
48.844976295899755,Jalisco,Sinaloa,Médico,0
41.14597629151042,Jalisco,Jalisco,Policía,1
28.42423208969077,Sinaloa,Sinaloa,Profesor,1
51.703246316560325,Jalisco,Sinaloa,Médico,1
51.58175566227884,Jalisco,Jalisco,Policía,0
53.92565993117187,Sinaloa,Sinaloa,Médico,0
45.863528334173076,Jalisco,Sinaloa,Policía,1
50.29655892968787,Jalisco,Sinaloa,Policía,0
37.117809548882136,Jalisco,Sinaloa,Médico,1
54.438970240342755,Jalisco,Sinaloa,Policía,0
50.54541076242956,Jalisco,Sinaloa,Policía,0
53.53558814441688,Jalisco,Jalisco,Médico,1
50.3062457245161,Jalisco,Sinaloa,Policía,0
34.403269685222114,Jalisco,Jalisco,Médico,1
41.5416112968875,Jalisco,Sinaloa,Médico,1
53.00301826982427,Jalisco,Jalisco,Médico,1
57.71667962716015,Sinaloa,Sinaloa,Médico,0
48.67270442144558,Jalisco,Sinaloa,Policía,0
52.982905763656554,Jalisco,CDMX,Médico,1
48.774566112585376,Jalisco,Jalisco,Médico,0
53.5667856795546,Jalisco,Jalisco,Médico,0
33.719348480870366,Sinaloa,Sinaloa,Médico,1
55.243809914875456,Sinaloa,Jalisco,Médico,0
53.200807079824344,Jalisco,Jalisco,Chef,0
36.65950175766291,Jalisco,Jalisco,Médico,1
38.90460534243229,Jalisco,Sinaloa,Médico,1
52.22805410026455,Sinaloa,Jalisco,Médico,0
52.287541791698956,Jalisco,Jalisco,Policía,0
52.926485850897514,Jalisco,Sinaloa,Policía,0
54.5450204892176,Jalisco,Jalisco,Médico,1
49.235680395244174,Jalisco,Jalisco,Policía,1
47.33134860635464,Jalisco,Sinaloa,Policía,1
35.048148091151944,Jalisco,Jalisco,Médico,1
56.72758350098673,Jalisco,Sinaloa,Policía,0
50.13898674365019,Jalisco,Sinaloa,Médico,1
55.881372991226534,Sinaloa,Sinaloa,Médico,0
37.33707698249605,Jalisco,Jalisco,Médico,1
43.33721102639407,Jalisco,Sinaloa,Médico,1
48.92531405435928,Jalisco,Jalisco,Policía,0
39.34178450846223,Jalisco,Jalisco,Médico,1
55.458099590216605,Sinaloa,Sinaloa,Chef,0
56.11705424312392,Sinaloa,Jalisco,Médico,1
50.961845779719525,Jalisco,Sinaloa,Policía,1
41.632633020592195,Jalisco,Jalisco,Médico,1
51.233942626007604,Jalisco,Sinaloa,Policía,1
35.09051032347253,Jalisco,Jalisco,Médico,1
37.72564521658652,Jalisco,Sinaloa,Médico,1
53.68562420193814,Jalisco,Sinaloa,Médico,1
50.154595078460474,Jalisco,Sinaloa,Policía,1
56.4017055422866,Jalisco,Sinaloa,Médico,1
51.30753970614512,Jalisco,Sinaloa,Profesor,0
46.95942553000097,Jalisco,Sinaloa,Policía,1
52.93136840427056,Sinaloa,Sinaloa,Chef,0
43.83216716938172,Jalisco,Jalisco,Médico,1
45.511987053200656,Jalisco,Jalisco,Médico,1
47.96458849548251,Jalisco,Sinaloa,Policía,1
57.22959860384309,Jalisco,Jalisco,Médico,1
50.65452916259887,Jalisco,Sinaloa,Médico,0
37.14930219782913,Jalisco,Sinaloa,Médico,1
39.85479037639242,Jalisco,Jalisco,Médico,1
38.282335527010574,Jalisco,Jalisco,Médico,1
54.06685901512235,Jalisco,Jalisco,Policía,0
49.80781120249797,Sinaloa,Jalisco,Médico,0
51.94769943007008,Jalisco,Sinaloa,Policía,0
51.161944483018715,Jalisco,Jalisco,Chef,0
55.825847865228035,Sinaloa,Sinaloa,Médico,0
52.65572858761725,Sinaloa,Sinaloa,Médico,0
52.42507908710494,Jalisco,Jalisco,Médico,1
42.97538596816203,Jalisco,Sinaloa,Policía,1
39.81482516401583,Jalisco,Jalisco,Médico,1
57.91253696673035,Sinaloa,Jalisco,Chef,0
48.01009336762952,Sinaloa,Sinaloa,Médico,0
48.647018077358894,Jalisco,Sinaloa,Médico,0
60.66026926071765,Sinaloa,Jalisco,Médico,0
54.139053947186284,Sinaloa,Jalisco,Médico,0
54.0296649662226,Jalisco,Jalisco,Policía,0
46.114644614430546,Jalisco,Jalisco,Policía,1
51.88113981757446,Sinaloa,Sinaloa,Médico,0
33.554926223441804,Jalisco,Sinaloa,Médico,1
42.29438648161273,Jalisco,Jalisco,Médico,1
52.711208749757006,Sinaloa,Sinaloa,Médico,1
54.84494903016478,Sinaloa,Jalisco,Médico,1
55.07306256009565,Jalisco,Sinaloa,Policía,0
50.24202219776336,Jalisco,Jalisco,Médico,0
53.70326448739021,Jalisco,Sinaloa,Policía,0
54.60818644724087,Jalisco,Jalisco,Policía,0
57.82192208156712,Jalisco,Sinaloa,Médico,1
49.75488492948986,Jalisco,Jalisco,Médico,0
32.132040811969375,Jalisco,Sinaloa,Médico,1
53.23923973599043,Sinaloa,Sinaloa,Policía,0
42.68514596579617,Jalisco,Sinaloa,Policía,1
57.31993334481639,Jalisco,Sinaloa,Policía,1
54.53716863881918,Jalisco,Sinaloa,Policía,0
53.72487632283468,Jalisco,Sinaloa,Chef,0
49.47359338136145,Jalisco,Sinaloa,Policía,1
49.6674734637247,Jalisco,Sinaloa,Médico,0
56.96955598326812,Sinaloa,Jalisco,Policía,0
55.12247809150657,Sinaloa,Sinaloa,Policía,0
50.621866649628195,Sinaloa,Sinaloa,Médico,0
52.68777710465564,Jalisco,Sinaloa,Policía,0
50.06056626774901,Jalisco,Sinaloa,Policía,1
54.21752565020241,Sinaloa,Jalisco,Médico,0
53.087505898335124,Jalisco,Sinaloa,Policía,1
48.3485505971471,Jalisco,Jalisco,Policía,1
50.213994561178346,Jalisco,Sinaloa,Médico,1
51.460411801999705,Jalisco,Jalisco,Médico,1
48.04961827887047,Jalisco,Sinaloa,Médico,1
51.05615349808063,Jalisco,Sinaloa,Policía,0
47.40988537625414,Jalisco,Sinaloa,Policía,1
48.675595312097485,Jalisco,Jalisco,Médico,1
34.26179421384835,Jalisco,Sinaloa,Médico,1
55.308219909908466,Jalisco,Sinaloa,Chef,0
47.42210335811447,Jalisco,Sinaloa,Médico,0
32.91940343156409,Sinaloa,Jalisco,Médico,1
42.75032616016453,Jalisco,Sinaloa,Médico,1
48.081039154778885,Jalisco,Jalisco,Policía,1
29.991182117936688,Sinaloa,Jalisco,Profesor,1
55.22288759638881,Sinaloa,Jalisco,Policía,0
52.93729004742783,Jalisco,Sinaloa,Policía,0
52.507295886815534,Jalisco,Jalisco,Médico,1
46.098670428306384,Jalisco,Sinaloa,Médico,0
43.28823092178571,Jalisco,Sinaloa,Médico,1
53.52160867072016,Jalisco,Jalisco,Médico,0
55.44754116038638,Sinaloa,Sinaloa,Chef,0
50.18895619155711,Jalisco,Sinaloa,Policía,1
37.91367013910069,Jalisco,Jalisco,Médico,1
53.044800120881,Jalisco,Sinaloa,Médico,1
40.739828939919185,Jalisco,Sinaloa,Policía,1
54.5439225486363,Sinaloa,Jalisco,Médico,1
56.99037142453915,Sinaloa,Sinaloa,Chef,0
54.109956627178846,Sinaloa,Sinaloa,Policía,0
54.28518207020524,Jalisco,Jalisco,Médico,1
54.2308327670238,Sinaloa,Jalisco,Médico,0
50.70798765347036,Jalisco,Sinaloa,Policía,0
54.662828081818795,Sinaloa,Sinaloa,Policía,0
33.556889268936615,Sinaloa,Sinaloa,Médico,1
37.54220451743073,Jalisco,Sinaloa,Policía,1
54.06813789782627,Jalisco,Jalisco,Policía,0
54.501070222248124,Jalisco,Sinaloa,Policía,0
47.89827330670221,Jalisco,Jalisco,Chef,0
55.69033011422581,Jalisco,Sinaloa,Médico,1
53.01328103879207,Sinaloa,Sinaloa,Policía,0
50.88211101831581,Sinaloa,Sinaloa,Médico,0
37.81965162372308,Jalisco,Jalisco,Médico,1
50.80193921690809,Jalisco,Jalisco,Policía,1
46.304935025745614,Jalisco,Jalisco,Policía,1
57.68594782268451,Jalisco,Jalisco,Médico,1
53.37930768600053,Sinaloa,Jalisco,Médico,0
53.421128753422224,Jalisco,Sinaloa,Médico,1
50.77538356865084,Jalisco,Jalisco,Policía,1
33.92194361643985,Jalisco,Sinaloa,Profesor,1
43.0708573954479,Jalisco,Sinaloa,Médico,1
52.69762773561803,Jalisco,Jalisco,Policía,0
54.94205427957024,Sinaloa,Sinaloa,Chef,0
53.16323479971715,Jalisco,Sinaloa,Chef,0
54.1392737577434,Sinaloa,Jalisco,Chef,0
50.034369779873224,Jalisco,Sinaloa,Profesor,0
40.8641148611715,Jalisco,Sinaloa,Médico,1
50.43073253888853,Jalisco,Sinaloa,Médico,1
54.29843458603768,Jalisco,Sinaloa,Médico,1
44.235368812951585,Jalisco,Jalisco,Médico,1
53.779537865162425,Jalisco,Jalisco,Profesor,1
39.6006773235264,Jalisco,Jalisco,Médico,1
56.02674471839252,Jalisco,Sinaloa,Médico,1
36.23383354017528,Jalisco,Sinaloa,Policía,1
35.075809091165326,Jalisco,Jalisco,Médico,1
52.9341934578501,Sinaloa,Sinaloa,Policía,0
49.53977601741374,Sinaloa,Jalisco,Médico,0
53.16858295145912,Jalisco,Jalisco,Médico,1
55.990793244420274,Jalisco,Sinaloa,Policía,0
51.756986500700336,Jalisco,Jalisco,Médico,1
48.46950402226437,Jalisco,Sinaloa,Policía,1
51.29814013541573,Sinaloa,Sinaloa,Policía,1
52.69228039457523,Jalisco,Sinaloa,Médico,1
50.83008046182546,Jalisco,Sinaloa,Policía,0
50.42894909262545,Jalisco,Jalisco,Chef,0
37.55153963456701,Jalisco,Sinaloa,Médico,1
49.225066842492524,Jalisco,Jalisco,Policía,1
53.82008464589267,Jalisco,Sinaloa,Médico,1
53.369865289716515,Sinaloa,Sinaloa,Médico,0
52.5840629383059,Jalisco,Jalisco,Policía,1
51.286894208829025,CDMX,Sinaloa,Médico,1
55.67422333052541,Jalisco,Sinaloa,Policía,0
52.307387504761735,Jalisco,Jalisco,Médico,1
51.094619987989184,Jalisco,Sinaloa,Policía,1
53.623545113982864,Sinaloa,Sinaloa,Médico,0
50.25386400877095,Jalisco,Sinaloa,Policía,0
42.23430406909093,Jalisco,Jalisco,Médico,1
53.74752017495693,Sinaloa,Jalisco,Policía,0
51.66591490642099,Jalisco,Sinaloa,Médico,1
42.30122695529133,Jalisco,Sinaloa,Policía,1
55.19834886635045,Jalisco,Jalisco,Médico,1
55.23700052752596,Sinaloa,Sinaloa,Médico,0
52.21976752377629,Jalisco,Jalisco,Policía,0
35.2909695218124,Jalisco,Jalisco,Médico,1
54.11158913299094,Sinaloa,Sinaloa,Policía,1
52.77652531335741,Jalisco,Jalisco,Médico,1
55.65723831833188,Sinaloa,Jalisco,Médico,0
50.975921344209105,Sinaloa,Jalisco,Policía,1
52.61292336899621,Jalisco,Sinaloa,Policía,0
55.42368130909732,Sinaloa,Sinaloa,Médico,1
33.09383070183739,Jalisco,Sinaloa,Médico,1
45.39756258158883,Jalisco,Jalisco,Profesor,0
50.591131019189916,Sinaloa,Sinaloa,Policía,0
54.62707201622911,Sinaloa,Sinaloa,Médico,1
46.465523939828444,Jalisco,Sinaloa,Médico,0
42.07385799532385,Jalisco,Sinaloa,Médico,1
51.17947646720649,Jalisco,Sinaloa,Policía,0
54.32103378344148,Jalisco,Jalisco,Médico,1
48.70759473770394,Jalisco,Sinaloa,Médico,1
58.5662564804158,Jalisco,Sinaloa,Chef,0
50.55710587726336,Jalisco,Jalisco,Policía,1
34.07435932637665,Jalisco,Sinaloa,Médico,1
50.784822171042286,Jalisco,Jalisco,Policía,0
38.60210156655372,Jalisco,Sinaloa,Médico,1
39.328776505993176,Jalisco,Sinaloa,Médico,1
54.77063881848589,Sinaloa,Jalisco,Médico,1
51.66779029464274,Jalisco,Sinaloa,Policía,0
51.512675982603604,Jalisco,Jalisco,Policía,1
48.20422603335038,Jalisco,Jalisco,Médico,0
30.65217780045042,Jalisco,Sinaloa,Médico,1
27.999866809471982,Sinaloa,Jalisco,Médico,1
53.195733098034815,Sinaloa,Sinaloa,Policía,0
48.63103285422736,Jalisco,Jalisco,Médico,0
51.90842075430958,Jalisco,Jalisco,Policía,0
60.11391679115324,Sinaloa,Jalisco,Policía,0
47.82442131959914,Jalisco,Jalisco,Médico,0
44.60860019156465,Jalisco,Jalisco,Policía,1
52.15188107417186,Sinaloa,Jalisco,Médico,0
36.113250730080935,Jalisco,Jalisco,Médico,1
53.045913396581234,Jalisco,Sinaloa,Médico,1
51.561985342678106,Sinaloa,Sinaloa,Médico,0
49.849174081916395,Jalisco,Sinaloa,Policía,1
52.27584922151277,Jalisco,Sinaloa,Médico,1
53.162830311835094,Jalisco,Jalisco,Policía,0
44.345835167916945,Jalisco,Sinaloa,Policía,1
44.335816959521566,Jalisco,Sinaloa,Policía,1
44.22355526974769,Jalisco,Jalisco,Policía,1
52.72498356260374,Sinaloa,Jalisco,Médico,0
52.27004005702192,Jalisco,Sinaloa,Médico,1
53.87399050066738,Sinaloa,Sinaloa,Médico,0
53.58906394414154,Sinaloa,Jalisco,Policía,0
48.22988713716568,Jalisco,Jalisco,Policía,0
39.6816987543618,Jalisco,Jalisco,Médico,1
55.48552777735229,Jalisco,Sinaloa,Policía,0
50.912306001366254,Sinaloa,Jalisco,Chef,0
48.442308101481885,Jalisco,Jalisco,Policía,1
52.91136302506402,Sinaloa,Sinaloa,Médico,0
49.0408177082826,Jalisco,Jalisco,Policía,0
51.290478810444355,Jalisco,Jalisco,Policía,0
52.165843204069745,Jalisco,CDMX,Médico,1
40.68086833259991,Jalisco,Sinaloa,Médico,1
49.52049185975625,Sinaloa,Sinaloa,Médico,0
54.126210413377244,Jalisco,Jalisco,Policía,0
53.096322424319325,Sinaloa,Jalisco,Médico,0
50.519399795974444,Jalisco,Jalisco,Policía,0
44.95836789274594,Jalisco,Sinaloa,Médico,1
49.5771343424223,Jalisco,Sinaloa,Policía,1
50.04588143240424,Sinaloa,Sinaloa,Médico,0
57.55690191448723,Sinaloa,Sinaloa,Policía,0
56.42675562477524,Jalisco,Sinaloa,Policía,0
54.94135922132026,Sinaloa,Jalisco,Chef,0
54.298785293206734,Jalisco,Sinaloa,Policía,0
53.2200733556156,Sinaloa,Sinaloa,Médico,0
50.75111278877881,Sinaloa,Sinaloa,Médico,0
53.17141073403675,Jalisco,Sinaloa,Médico,0
54.33952136931134,Sinaloa,Jalisco,Chef,0
45.15361026168945,Jalisco,Sinaloa,Policía,1
46.072855451920034,Jalisco,Sinaloa,Médico,0
51.3171047425452,Jalisco,Sinaloa,Policía,0
53.12873005944927,Sinaloa,Jalisco,Policía,0
37.63572491638837,Jalisco,Sinaloa,Médico,1
51.63488952037539,Jalisco,Jalisco,Policía,0
50.0176450699087,Sinaloa,Jalisco,Médico,0
53.72339469065074,Jalisco,Sinaloa,Médico,1
41.18017923689726,Jalisco,Jalisco,Médico,1
38.601138859181745,Jalisco,Jalisco,Médico,1
57.466005548541645,Sinaloa,Sinaloa,Médico,1
55.340830329279044,Sinaloa,Jalisco,Policía,0
40.167997381999186,Jalisco,Sinaloa,Médico,1
32.286696096697995,Sinaloa,Sinaloa,Médico,1
38.569858432680704,Jalisco,Jalisco,Médico,1
53.57481188695425,Jalisco,Sinaloa,Médico,1
49.552708422168905,Jalisco,Jalisco,Policía,1
51.21825301809595,Jalisco,Jalisco,Médico,1
51.250920791322265,Jalisco,Sinaloa,Policía,0
54.406901901585115,Sinaloa,Jalisco,Médico,0
45.19280876042663,Jalisco,Sinaloa,Policía,1
52.06972978139613,Jalisco,Sinaloa,Policía,0
56.985028631164305,Sinaloa,Sinaloa,Policía,0
48.55134133273306,Jalisco,Jalisco,Médico,0
46.49227146885221,Jalisco,Sinaloa,Policía,1
55.09609285932983,Jalisco,Jalisco,Policía,0
54.02183354362319,Jalisco,Sinaloa,Policía,0
54.02642458430263,Jalisco,Sinaloa,Policía,0
32.14904686857786,Jalisco,Sinaloa,Médico,1
53.80790724379492,Sinaloa,Jalisco,Médico,0
54.76164977515051,Jalisco,Sinaloa,Policía,0
34.535487444782106,Jalisco,Jalisco,Médico,1
51.683477950763226,Sinaloa,Sinaloa,Policía,0
50.24182100940947,Jalisco,Jalisco,Policía,0
54.44003570278622,Jalisco,Jalisco,Médico,1
50.858719939247756,Jalisco,Jalisco,Policía,0
52.04622252477511,Sinaloa,Jalisco,Policía,1
36.33647957898255,Jalisco,Jalisco,Profesor,1
41.620994903340794,Jalisco,Sinaloa,Médico,1
47.45108708200213,CDMX,Sinaloa,Médico,0
48.62798270882415,Jalisco,Sinaloa,Médico,0
51.015321774285034,Jalisco,Jalisco,Médico,1
54.48863852524965,Jalisco,Sinaloa,Policía,0
49.35367122058527,Sinaloa,Sinaloa,Médico,0
53.00886816431763,Jalisco,Jalisco,Chef,0
55.504700596992194,Jalisco,Jalisco,Médico,1
55.53231381110762,Sinaloa,Sinaloa,Médico,0
39.088873468858864,Jalisco,Jalisco,Policía,1
56.26362681727446,Jalisco,Sinaloa,Policía,0
54.61151594884631,Sinaloa,Sinaloa,Policía,0
57.850949584288955,Sinaloa,Sinaloa,Médico,0
34.73824101333054,Jalisco,Jalisco,Médico,1
51.04980422291726,Jalisco,Sinaloa,Médico,1
33.876438594719446,Sinaloa,Sinaloa,Médico,1
37.99947360537206,Jalisco,Jalisco,Policía,1
51.075215245723804,Sinaloa,Sinaloa,Policía,0
56.5136416998049,Sinaloa,Jalisco,Médico,0
57.579714445437425,Sinaloa,Jalisco,Policía,0
53.05604601373255,Sinaloa,Jalisco,Médico,0
55.98166913764236,Sinaloa,Jalisco,Médico,1
51.02561150709066,Jalisco,Sinaloa,Médico,0
30.391699673672747,Sinaloa,Jalisco,Profesor,1
54.505151429360986,Sinaloa,Sinaloa,Médico,0
29.19176088061773,Sinaloa,Sinaloa,Médico,1
55.56928372155325,Jalisco,Jalisco,Médico,0
55.07256681844781,Sinaloa,Jalisco,Médico,0
52.09751135427129,Jalisco,Sinaloa,Profesor,0
31.926877154780748,Jalisco,Jalisco,Médico,1
52.881518483220084,Jalisco,Sinaloa,Médico,1
44.98761295306683,Jalisco,Sinaloa,Médico,0
53.05699266853905,Jalisco,Jalisco,Médico,1
54.5561019813662,Sinaloa,Sinaloa,Médico,1
44.378128047167465,Jalisco,Sinaloa,Policía,1
57.028035734743014,Sinaloa,Jalisco,Chef,0
53.441681718607924,Sinaloa,CDMX,Chef,0
53.20747368172287,Sinaloa,Sinaloa,Médico,0
55.83822908416407,Sinaloa,Sinaloa,Médico,0
50.13515513327776,Sinaloa,Jalisco,Médico,0
52.03952879617541,Jalisco,Sinaloa,Policía,0
50.16049403005787,Jalisco,Jalisco,Policía,0
26.99588115802233,Sinaloa,Sinaloa,Profesor,1
55.8787582274716,Jalisco,Sinaloa,Médico,1
54.8916740718014,Sinaloa,Jalisco,Médico,1
56.9402124362281,Sinaloa,Sinaloa,Médico,1
52.80445507459577,Sinaloa,Sinaloa,Profesor,0
42.23270341653731,Jalisco,Sinaloa,Médico,1
51.988596106496566,Jalisco,Sinaloa,Médico,1
52.37082325250687,Sinaloa,Jalisco,Médico,0
58.63669825714666,Jalisco,Jalisco,Policía,0
33.07155128131767,Jalisco,Jalisco,Profesor,1
55.2656797730212,Sinaloa,Sinaloa,Médico,0
61.040978730807645,Sinaloa,Sinaloa,Médico,0
45.82796217396859,Jalisco,Sinaloa,Policía,1
48.08480280597107,Jalisco,Jalisco,Policía,1
54.62806667613094,Sinaloa,Sinaloa,Médico,0
57.70889890306018,Jalisco,Jalisco,Médico,1
54.711343082005406,Jalisco,Jalisco,Médico,1
56.05017726559868,Sinaloa,Jalisco,Médico,0
41.19925376942889,Jalisco,Sinaloa,Policía,1
51.01832729212671,Sinaloa,Jalisco,Médico,1
52.34815544169557,Jalisco,Jalisco,Médico,1
54.31147563003853,Jalisco,Sinaloa,Médico,1
51.95490590805133,Jalisco,Sinaloa,Policía,0
51.61666518613148,Jalisco,Sinaloa,Policía,0
38.30830915357568,Jalisco,Sinaloa,Médico,1
52.794364809633606,Sinaloa,Jalisco,Médico,0
51.65299839357448,Jalisco,Sinaloa,Policía,0
54.43601120914989,Jalisco,Sinaloa,Médico,1
48.67262253316872,Sinaloa,Sinaloa,Médico,0
56.853914031102114,Jalisco,Sinaloa,Médico,0
49.24361617040843,Jalisco,Sinaloa,Policía,0
53.13137090690527,Jalisco,Sinaloa,Médico,1
53.072314621593655,Sinaloa,Jalisco,Policía,1
59.62142239498995,Sinaloa,Jalisco,Médico,0
36.13003012226229,Jalisco,Jalisco,Médico,1
53.64875518738676,Jalisco,Jalisco,Policía,0
42.04711846031685,Jalisco,Sinaloa,Policía,1
52.15247133900579,Jalisco,Jalisco,Policía,0
54.52660688445666,Sinaloa,Sinaloa,Médico,0
34.97136540994674,Jalisco,Jalisco,Médico,1
52.55222656523785,Jalisco,Jalisco,Médico,1
51.11432218145328,Jalisco,Jalisco,Médico,0
31.92350693460785,Sinaloa,Sinaloa,Profesor,1
42.921263264539675,Jalisco,Sinaloa,Médico,1
42.059359361870776,Jalisco,Sinaloa,Médico,1
54.02614364987366,Jalisco,Jalisco,Médico,1
53.55769988930217,Jalisco,Jalisco,Médico,1
41.621916256921715,Jalisco,Sinaloa,Médico,1
41.378224288711,Jalisco,Jalisco,Médico,1
55.76253947836611,Sinaloa,Sinaloa,Policía,0
54.088069988880676,Sinaloa,Jalisco,Médico,0
34.26866186592671,Jalisco,Jalisco,Médico,1
53.21402511043135,Sinaloa,Jalisco,Chef,0
53.50946563499099,Jalisco,Sinaloa,Policía,1
54.42115437198593,Sinaloa,Sinaloa,Policía,0
54.41551633943774,Sinaloa,Sinaloa,Médico,0
28.237552229571538,Sinaloa,Sinaloa,Profesor,1
43.381678855239265,Jalisco,Jalisco,Médico,1
38.06422702356509,Jalisco,Sinaloa,Médico,1
53.873945122362606,Jalisco,Jalisco,Médico,1
54.41885210331462,Jalisco,Jalisco,Médico,1
54.355162098765575,Sinaloa,Jalisco,Chef,0
49.975572573416116,Jalisco,Sinaloa,Médico,1
47.70516951947897,Jalisco,Sinaloa,Policía,1
58.095158137098146,Sinaloa,Sinaloa,Policía,0
54.86974910192801,Jalisco,Jalisco,Médico,1
54.51793779562339,Sinaloa,Sinaloa,Policía,0
51.1229502083804,Jalisco,Sinaloa,Policía,0
49.3482553625399,Jalisco,Jalisco,Policía,0
56.21599814066459,Jalisco,Jalisco,Médico,1
56.93679024229301,Jalisco,Jalisco,Policía,0
48.35005847129149,Jalisco,Sinaloa,Médico,0
53.65183257642226,Jalisco,Sinaloa,Médico,0
55.26278179823367,Sinaloa,Jalisco,Médico,1
55.23457609220452,Sinaloa,Jalisco,Chef,0
59.4227862374574,Sinaloa,Sinaloa,Policía,0
55.976758767963815,Jalisco,Jalisco,Médico,0
52.67169542468404,Jalisco,Jalisco,Policía,1
36.682540270479535,Jalisco,Sinaloa,Médico,1
47.29493375488675,Sinaloa,Sinaloa,Policía,0
50.882186310161195,Sinaloa,Sinaloa,Médico,0
44.37336351437846,Jalisco,Sinaloa,Médico,1
47.07711970271437,Jalisco,Jalisco,Profesor,0
36.619730385500404,Jalisco,Jalisco,Médico,1
53.11840094593314,Sinaloa,Sinaloa,Médico,1
46.8271229838815,Sinaloa,Sinaloa,Chef,0
54.21821278154608,Jalisco,Sinaloa,Médico,1
40.225733007536874,Jalisco,Jalisco,Médico,1
52.77209424464178,Sinaloa,Jalisco,Médico,0
52.621573851268224,Jalisco,Sinaloa,Policía,0
55.94309398263235,Sinaloa,Sinaloa,Médico,0
49.26201904938442,Sinaloa,Jalisco,Médico,0
25.96498065516493,Sinaloa,Sinaloa,Profesor,1
53.98880339251467,Jalisco,Sinaloa,Policía,0
52.50614613749524,Jalisco,Sinaloa,Policía,0
43.56892472791276,Jalisco,Sinaloa,Médico,1
53.88573906686061,Sinaloa,Jalisco,Policía,0
55.11373057940101,Jalisco,Sinaloa,Médico,1
53.32387111314022,Sinaloa,Jalisco,Policía,1
52.72860360898373,Sinaloa,Sinaloa,Médico,0
54.49499501839776,Jalisco,Sinaloa,Policía,0
41.468418022022206,Jalisco,Jalisco,Médico,1
57.28521667994133,Sinaloa,Sinaloa,Médico,1
55.077129450368616,Jalisco,Sinaloa,Profesor,1
41.710606993677374,Jalisco,Jalisco,Médico,1
52.671946859842095,Sinaloa,Sinaloa,Médico,0
55.28723917416258,Jalisco,Jalisco,Policía,0
54.19746748294797,Jalisco,Jalisco,Policía,0
43.28569904036196,Jalisco,Sinaloa,Médico,0
53.07970952930884,Jalisco,Jalisco,Médico,1
54.5055694690714,Jalisco,Sinaloa,Médico,1
50.43626618063163,Jalisco,Sinaloa,Profesor,0
53.64975094513186,Jalisco,Jalisco,Médico,1
53.331012019164795,Jalisco,Jalisco,Médico,1
53.783442666347305,Sinaloa,Sinaloa,Médico,0
48.62839544052747,Sinaloa,Sinaloa,Chef,0
51.363438546140614,Jalisco,Sinaloa,Chef,0
52.65312994386364,Sinaloa,Sinaloa,Chef,0
54.0388392989174,Jalisco,Sinaloa,Médico,1
54.36474194942429,Jalisco,Sinaloa,Policía,0
38.54181916360132,Jalisco,Sinaloa,Médico,1
43.329879769934266,Jalisco,Sinaloa,Médico,1
55.55666922569517,Sinaloa,Sinaloa,Chef,0
50.34470255921668,Jalisco,Jalisco,Policía,1
50.449121549286815,Sinaloa,Jalisco,Médico,0
56.00540644057867,Jalisco,Sinaloa,Médico,1
52.09230140010334,Jalisco,Jalisco,Policía,0
55.083986576276054,Sinaloa,Jalisco,Policía,0
51.45918929241744,Jalisco,Jalisco,Médico,1
52.41242530442787,Sinaloa,Jalisco,Policía,0
38.76189966191581,Jalisco,Sinaloa,Médico,1
51.014699123568604,Sinaloa,Sinaloa,Médico,1
54.56889735897818,Sinaloa,Sinaloa,Profesor,0
53.783953538019844,Jalisco,Jalisco,Chef,0
53.48152456930477,Jalisco,Sinaloa,Médico,1
51.40487594904685,Jalisco,Sinaloa,Profesor,0
51.707929636857386,Jalisco,Sinaloa,Profesor,0
48.108678903005746,Jalisco,Sinaloa,Policía,1
49.96567468055882,Jalisco,Sinaloa,Médico,0
37.7152715099997,Jalisco,Sinaloa,Médico,1
34.08735170634088,Jalisco,Sinaloa,Médico,1
29.300673148393358,Sinaloa,Sinaloa,Médico,1
52.36270432999214,Sinaloa,Sinaloa,Médico,0
41.76542373700755,Jalisco,Jalisco,Médico,1
51.00784106884935,Jalisco,Sinaloa,Policía,1
47.82575042746126,Sinaloa,Jalisco,Médico,0
54.69652726038673,Sinaloa,Sinaloa,Médico,0
39.09659463276561,Jalisco,Sinaloa,Médico,1
37.88814141366508,Jalisco,Jalisco,Médico,1
50.65573280884501,Jalisco,Sinaloa,Policía,0
51.38719086153413,Jalisco,Sinaloa,Policía,0
54.048130198734725,Jalisco,Sinaloa,Médico,1
49.469081625937534,Jalisco,Jalisco,Médico,0
51.865481560342296,Jalisco,Jalisco,Policía,0
56.5410773216388,Sinaloa,Sinaloa,Médico,1
37.387814505050144,Jalisco,Jalisco,Médico,1
32.54322105069038,Sinaloa,Jalisco,Médico,1
55.801605279242,Jalisco,Sinaloa,Médico,1
55.043956663302154,Sinaloa,Jalisco,Médico,0
55.01913901474946,Jalisco,Jalisco,Policía,0
57.292562462530654,Sinaloa,Jalisco,Chef,0
43.587675342141566,Jalisco,Sinaloa,Médico,1
55.193864247649955,Sinaloa,Jalisco,Médico,0
37.37070165679485,Jalisco,Jalisco,Médico,1
51.379575775163154,Jalisco,Sinaloa,Policía,0
51.29919772071039,Jalisco,Sinaloa,Policía,0
55.797657370943895,Jalisco,Sinaloa,Policía,0
55.73449765447166,Jalisco,Jalisco,Policía,0
53.70970984615514,Jalisco,Jalisco,Médico,1
34.545568239685394,Jalisco,Jalisco,Médico,1
51.00078239170844,Jalisco,Sinaloa,Policía,0
52.07999244361313,Jalisco,Jalisco,Médico,1
53.67711435097893,Jalisco,Jalisco,Médico,0
41.08590843603615,Jalisco,Sinaloa,Médico,1
56.75243974417979,Sinaloa,Sinaloa,Médico,1
52.46791574116302,Jalisco,Sinaloa,Policía,0
57.34997273622729,Sinaloa,Jalisco,Chef,0
30.38191054818662,Sinaloa,Jalisco,Médico,1
56.26651894688886,Sinaloa,Sinaloa,Policía,0
54.99606616113604,Jalisco,Sinaloa,Policía,1
52.16866678487633,Jalisco,Sinaloa,Policía,0
48.96841681285597,Jalisco,Sinaloa,Médico,0
52.79459112180502,Jalisco,Sinaloa,Médico,1
51.988884778023746,Sinaloa,Sinaloa,Médico,0
54.68184349437876,Jalisco,Sinaloa,Chef,0
51.02942938047319,Jalisco,Sinaloa,Profesor,0
46.44321166546794,Jalisco,Jalisco,Médico,0
54.31359425479811,Sinaloa,Sinaloa,Médico,1
54.297344589253214,Sinaloa,Sinaloa,Médico,0
42.44912666649152,Jalisco,Jalisco,Médico,1
53.13138867622133,Jalisco,Sinaloa,Policía,0
50.419705600300674,Jalisco,Sinaloa,Policía,1
50.61909464290835,Sinaloa,Jalisco,Chef,0
53.458935639572324,Jalisco,Sinaloa,Médico,1
45.66882079229225,Jalisco,Jalisco,Policía,1
53.73622401196769,Sinaloa,Sinaloa,Policía,0
52.636015739209085,Sinaloa,Sinaloa,Médico,0
51.82081222835801,Sinaloa,Sinaloa,Médico,0
52.29960434891788,Sinaloa,Jalisco,Policía,0
54.53415125427391,Jalisco,Sinaloa,Médico,1
47.460625563800264,Jalisco,Jalisco,Policía,1
48.377013401369155,Jalisco,Jalisco,Médico,0
54.73909924671854,Jalisco,Jalisco,Policía,0
55.522494132172156,Jalisco,Sinaloa,Médico,1
59.81185394310683,Sinaloa,Jalisco,Policía,0
52.956978358560725,Sinaloa,Sinaloa,Médico,0
49.25438803556872,Jalisco,Sinaloa,Policía,0
52.4998244603031,Jalisco,Sinaloa,Policía,0
35.800684103815115,Jalisco,Sinaloa,Médico,1
55.42807585811091,Sinaloa,Sinaloa,Chef,0
52.16187948974951,Sinaloa,Jalisco,Médico,1
52.602824566224484,Jalisco,Sinaloa,Médico,1
52.48454917799491,Sinaloa,Sinaloa,Médico,0
51.85582069475037,Sinaloa,Sinaloa,Médico,0
58.2506310616095,Sinaloa,Sinaloa,Policía,0
51.59857513233577,Sinaloa,Sinaloa,Chef,0
59.759972725000054,Sinaloa,Jalisco,Chef,0
57.32118556325316,Jalisco,Sinaloa,Policía,0
51.969975135592975,Sinaloa,Jalisco,Policía,0
50.61307283727665,Jalisco,Sinaloa,Policía,0
52.34886176584618,Jalisco,Sinaloa,Policía,0
54.26855825854232,Jalisco,Jalisco,Médico,1
53.977844572007655,Sinaloa,Sinaloa,Médico,1
52.77397921196276,Jalisco,Sinaloa,Médico,1
52.04152407508607,Jalisco,Sinaloa,Chef,0
51.30290595342583,Jalisco,Jalisco,Policía,0
55.14336629243127,Jalisco,Jalisco,Médico,1
53.43283224808907,Jalisco,Jalisco,Policía,0
50.487264244380704,Sinaloa,Sinaloa,Policía,1
53.017115135588796,Sinaloa,Sinaloa,Médico,0
52.13861792333932,Jalisco,Sinaloa,Médico,1
48.96949206065202,Jalisco,Sinaloa,Chef,0
50.93711181781737,Jalisco,Sinaloa,Policía,0
54.091838628906146,Sinaloa,Jalisco,Médico,0
52.71635850542721,Jalisco,Jalisco,Policía,1
56.443830673611274,Sinaloa,Sinaloa,Policía,0
50.75185039966214,Jalisco,Jalisco,Policía,0
50.22011031535862,Jalisco,Sinaloa,Policía,0
53.970528634130694,Sinaloa,Sinaloa,Policía,0
57.41146900072875,Sinaloa,Jalisco,Médico,1
49.50045560024991,Jalisco,Sinaloa,Médico,0
52.185570361304094,Jalisco,Sinaloa,Policía,0
33.62727890599457,Jalisco,Jalisco,Médico,1
53.459236947553784,Jalisco,Jalisco,Médico,1
51.98447397338538,Sinaloa,Sinaloa,Médico,0
55.540884072727536,Sinaloa,Sinaloa,Chef,0
53.71869271104087,Sinaloa,Sinaloa,Policía,0
51.91276662607423,Sinaloa,Jalisco,Policía,0
54.205858081847246,Jalisco,Sinaloa,Policía,0
58.879091701106766,Sinaloa,Jalisco,Policía,0
51.31073715553365,Jalisco,Sinaloa,Médico,1
38.12040332196624,Jalisco,Sinaloa,Médico,1
53.349845984853786,Jalisco,Sinaloa,Policía,0
46.36921845269395,Jalisco,Sinaloa,Médico,1
54.0724238517661,Sinaloa,Sinaloa,Médico,0
51.45380306106236,Jalisco,Sinaloa,Chef,0
56.46498589352172,Jalisco,Jalisco,Policía,0
51.170104966133394,Jalisco,Jalisco,Médico,1
47.95202118686896,Jalisco,Jalisco,Profesor,0
52.73993029373554,Jalisco,Jalisco,Médico,1
52.474074755719855,Jalisco,Sinaloa,Médico,1
52.237178894523126,Sinaloa,Sinaloa,Policía,0
32.66070327977732,Jalisco,Jalisco,Médico,1
35.59123162213508,Jalisco,Jalisco,Médico,1
55.40241065365546,Sinaloa,Sinaloa,Policía,0
55.34771918104267,Sinaloa,Sinaloa,Médico,1
58.68097815799312,Sinaloa,Jalisco,Policía,0
53.78132652260181,Jalisco,Sinaloa,Médico,1
36.77392411877423,Jalisco,Jalisco,Médico,1
50.98193698154341,Jalisco,Sinaloa,Médico,1
53.14552787160466,Sinaloa,Sinaloa,Policía,1
54.21486945896334,Jalisco,Sinaloa,Policía,0
54.97968379784224,Sinaloa,Sinaloa,Médico,1
49.66829631765977,Jalisco,Jalisco,Policía,0
49.92493645994557,Sinaloa,Jalisco,Médico,0
45.820216735638176,Jalisco,Sinaloa,Policía,1
56.29840678911086,Sinaloa,Jalisco,Médico,1
49.67077292298934,Jalisco,Sinaloa,Policía,1
56.80554677652532,Sinaloa,Sinaloa,Policía,0
45.99704620400769,Jalisco,Sinaloa,Médico,1
52.94008724686612,Sinaloa,Sinaloa,Policía,1
55.92156988806811,Jalisco,Sinaloa,Médico,1
60.4686683131713,Jalisco,Sinaloa,Médico,1
59.839897047592224,Sinaloa,Sinaloa,Policía,0
49.8959129614348,Jalisco,Jalisco,Médico,0
37.94741092975812,Jalisco,Sinaloa,Médico,1
51.150174881717746,Jalisco,Jalisco,Policía,0
41.60768090884483,Jalisco,Sinaloa,Policía,1
49.89489539325313,Jalisco,Jalisco,Policía,0
50.01142489235146,Jalisco,Sinaloa,Policía,0
53.80642366877156,Sinaloa,Jalisco,Chef,0
51.226659214726126,Jalisco,Jalisco,Policía,0
54.73937820637954,Jalisco,Sinaloa,Policía,0
55.56962080151768,Sinaloa,Sinaloa,Médico,0
52.32516044302661,Jalisco,Sinaloa,Médico,0
55.2356073853084,Sinaloa,Sinaloa,Policía,0
47.76870871435352,Jalisco,Sinaloa,Médico,1
50.7987268140339,Jalisco,Sinaloa,Policía,0
55.740702238365586,Sinaloa,Sinaloa,Médico,1
55.79453849132766,Jalisco,Sinaloa,Policía,0
52.86186121767891,Sinaloa,Jalisco,Policía,1
52.43967071873398,Sinaloa,Jalisco,Policía,0
61.130835339291416,Sinaloa,Sinaloa,Profesor,1
55.18561816279504,Sinaloa,Jalisco,Médico,0
55.420479384871584,Jalisco,Sinaloa,Médico,1
56.57089577029669,Sinaloa,Jalisco,Profesor,0
48.63616296082599,Sinaloa,Sinaloa,Médico,0
45.31742879058162,Jalisco,Jalisco,Policía,1
56.37078948368524,Sinaloa,Sinaloa,Médico,0
54.06956048062148,Jalisco,Sinaloa,Policía,0
52.84246033477657,Sinaloa,Jalisco,Médico,1
50.71786119833709,Jalisco,Jalisco,Médico,1
54.34166441029096,Jalisco,Jalisco,Médico,0
52.940829903370734,Sinaloa,Sinaloa,Policía,0
53.24561506789607,Sinaloa,Sinaloa,Médico,0
53.61838185570101,Jalisco,Sinaloa,Médico,1
51.533661432514435,Jalisco,Sinaloa,Médico,1
50.34284500512869,Sinaloa,Sinaloa,Chef,0
50.17770120550847,Sinaloa,Sinaloa,Médico,0
54.729166053814126,Sinaloa,Jalisco,Médico,1
53.61635171578377,Jalisco,Sinaloa,Médico,1
46.54530080332706,Jalisco,Sinaloa,Policía,1
44.75432576467662,Jalisco,Sinaloa,Médico,1
52.86340730810789,Jalisco,Sinaloa,Médico,1
53.15566631729971,Jalisco,Jalisco,Policía,1
50.01948553619092,Jalisco,Sinaloa,Policía,0
37.253932418358346,Jalisco,Sinaloa,Médico,1
41.535207762112904,Jalisco,Sinaloa,Médico,1
36.55339527993297,Jalisco,Sinaloa,Médico,1
48.93861594818945,Sinaloa,Jalisco,Policía,0
26.05643483266292,Sinaloa,Jalisco,Profesor,1
34.301921767064805,Jalisco,Jalisco,Médico,1
55.50697772339972,Jalisco,Sinaloa,Policía,0
48.04461628923047,Jalisco,Jalisco,Médico,0
35.193783315765494,Jalisco,Jalisco,Médico,1
53.64691121860536,Jalisco,Sinaloa,Médico,1
51.53119073054158,Sinaloa,Jalisco,Chef,0
48.24391886242017,Jalisco,Sinaloa,Profesor,0
54.11935851495795,Jalisco,Sinaloa,Policía,0
55.4779936303118,Sinaloa,Sinaloa,Médico,0
48.288900711138496,Sinaloa,Sinaloa,Médico,0
50.97010335400456,Sinaloa,Sinaloa,Policía,0
50.89994787821571,Jalisco,Sinaloa,Policía,0
54.64731800686245,Sinaloa,Sinaloa,Médico,0
48.936318613639756,Sinaloa,Sinaloa,Médico,0
51.417813079526645,Jalisco,Sinaloa,Médico,1
43.953416930188396,Jalisco,Jalisco,Médico,1
38.73787289059969,Jalisco,Sinaloa,Médico,1
56.075358284705665,Jalisco,Sinaloa,Médico,1
51.84057126385075,Sinaloa,Sinaloa,Médico,0
57.13553738260888,Sinaloa,Jalisco,Médico,1
54.09703191689478,Sinaloa,Sinaloa,Médico,0
50.66272312294599,Jalisco,Sinaloa,Policía,0
53.829973654521545,Jalisco,Sinaloa,Médico,1
50.99549103481068,Jalisco,Sinaloa,Policía,0
49.81935173600823,Jalisco,Jalisco,Policía,0
55.32767274162207,Jalisco,Jalisco,Policía,0
41.285657566162286,Jalisco,Jalisco,Policía,1
39.80192300505077,Jalisco,Sinaloa,Médico,1
53.87489167976299,Jalisco,Jalisco,Policía,0
43.102732680315846,Jalisco,Sinaloa,Médico,1
52.76974320172166,Jalisco,Sinaloa,Médico,1
54.839056684838454,Jalisco,Sinaloa,Policía,0
54.92085765658909,Jalisco,Jalisco,Policía,0
59.7513175414811,Jalisco,Sinaloa,Policía,0
51.07997113265317,Jalisco,Sinaloa,Médico,1
53.333030663926124,Jalisco,Sinaloa,Médico,0
41.181216372768276,Jalisco,Jalisco,Médico,1
54.82689312143916,Jalisco,Sinaloa,Médico,1
49.4865844871711,Jalisco,Jalisco,Policía,1
52.70928152636748,Sinaloa,Jalisco,Médico,0
49.27411564064336,Jalisco,Sinaloa,Médico,0
42.85868113065085,Jalisco,Jalisco,Médico,1
60.18804405919173,Sinaloa,Sinaloa,Chef,0
47.637986719125166,Jalisco,Sinaloa,Médico,0
53.65220416419661,Jalisco,Sinaloa,Policía,0
55.71824915613605,Sinaloa,Sinaloa,Policía,0
47.408114782763455,Jalisco,Sinaloa,Médico,0
53.024678277693546,Jalisco,Sinaloa,Policía,0
53.36240921455578,Jalisco,Sinaloa,Médico,1
36.460636711767954,Jalisco,Jalisco,Médico,1
55.27331847124337,Jalisco,Jalisco,Policía,0
53.91131353607168,Sinaloa,Jalisco,Chef,0
54.4643108950976,Jalisco,Sinaloa,Médico,1
44.363188239934544,Jalisco,Jalisco,Policía,0
31.618996627734283,Sinaloa,Sinaloa,Profesor,1
40.58474833912135,Jalisco,Sinaloa,Médico,1
53.32538675859705,Jalisco,Sinaloa,Médico,1
52.811082003965886,Sinaloa,Jalisco,Médico,0
