cuartos,distancia_al_centro_km,m2_terreno,monto_recibo_de_luz,precio
3.0,28.851679060682955,147.5344468333845,1953.0828993328926,3424915.245479906
4.0,25.993369113591804,150.81467023293658,1537.9579225752695,3896472.959150749
3.0,34.64555850268733,162.30820282570028,1080.837612637456,3735364.8027744098
4.0,12.678020138900566,104.71919796337772,1147.1428290020456,2714817.346989873
4.0,23.645491333868897,153.699174007551,1325.4080331540345,3771647.5489979363
4.0,20.74150239249543,123.95350152574403,1039.101801511518,2901995.642740417
3.0,34.98321554187034,156.97237200025043,1142.1726204127128,3520179.4657842815
3.0,33.67568998987446,168.57590073372347,1892.5598920142806,3927599.1437149337
3.0,24.23068238796398,148.45967618697807,1463.5128049993364,3182881.976159816
4.0,26.971600651529027,172.98125202289327,971.8476623124482,3959327.0796771147
4.0,21.369430788440305,107.68545714025021,1636.3167534122538,2709724.1296047596
4.0,26.17881033645188,176.34436244934273,1768.8395253377112,3876145.9173706016
4.0,30.055935308530767,96.90472288102893,1268.4586618022247,3237423.107883097
3.0,26.560032766110577,112.19410890958397,1447.4894178936722,2764048.9469536743
4.0,22.94393488227367,145.22683542836955,1487.2302756850859,3334140.278760458
4.0,30.633377822305828,136.8605917203658,1319.774496142178,3507034.929196218
3.0,30.965706916039373,116.17682415116747,1233.3435661775707,3014311.123163678
3.0,30.80279500166373,166.74424265417238,1154.305890036364,3614007.24224974
4.0,19.110093901160095,170.2498288602493,1252.6053123142422,3741114.2746303948
4.0,12.785901744129921,123.06043301596154,1671.9718654565133,2875081.110032089
4.0,15.241638116776775,165.05740884109758,1698.1904115791276,3685397.446808112
3.0,27.36888704386817,133.2958844456308,1723.0227069121795,2903220.388741946
4.0,16.372583603963125,120.32668178122367,1328.839622171981,2814829.5967760007
4.0,46.01199674758702,132.765502381371,1393.2532987642676,4422748.361055642
3.0,25.818170912744435,127.04121853191758,1663.4221110309104,2999589.2436663285
4.0,24.082037080234393,104.4560696482196,1358.2160619564195,2855443.8611194403
4.0,24.9496541028659,156.13755430784346,1281.3268618682819,3621188.2158559053
4.0,23.424309976855707,160.2899918806412,2039.7594968188446,3597608.3853204176
4.0,26.02163142873962,139.954023153254,1763.2353410405485,3379707.5641052304
3.0,34.80772662627031,124.91510334790068,1292.6943290113895,3367481.481898487
4.0,33.43090226171962,147.88625782204878,1055.287092019848,3971768.7413092023
3.0,16.742961022424808,115.93500099378791,1819.0888445494904,2234247.921942446
3.0,41.07331817000401,129.0472540994799,1013.0903035861427,3696881.396660048
4.0,16.932125157975925,152.13103372265715,1464.1362224335214,3188164.7969926284
4.0,29.220774831949893,141.70692459018113,1039.508676806602,3524922.978563201
4.0,14.894051677118894,105.02116670387178,1299.296726169032,2792856.6895211022
2.0,20.907490735118106,135.67179710369717,821.749619662973,2456511.3934496827
3.0,17.494858228998467,171.13031581917727,1626.782725055555,3372870.1154603483
4.0,34.75315931076045,127.83928831277902,939.4832309816584,3925754.70278016
3.0,33.843250774577044,114.62297444201934,1375.5839393143037,3048974.579654316
3.0,19.935179018532367,105.25152110795207,1894.4883727926572,2515304.6225596173
4.0,31.177243993861183,172.96645931810679,1302.7741680740553,4097447.1432728358
3.0,8.436899693202907,154.7326494072949,1170.9379053989978,2807143.5766684357
3.0,37.06283885783347,99.8109461798005,1145.711971592781,3174412.8469097447
3.0,42.707305933953236,116.09011005106174,1135.9368103843547,3478362.737697486
4.0,23.415730772362082,120.7524548189133,2023.5349599282288,3296268.528710639
4.0,28.005185817495203,122.17358027330098,1504.5862852419825,3215114.255234211
4.0,43.61337634278436,121.80465245134923,2039.941330019743,3943075.0927431188
3.0,23.518592778089232,94.07323715848054,1490.2034275300716,2451421.657908704
3.0,36.684501287711385,132.24419290870657,1642.6213532618472,3179529.853489208
3.0,28.684279438228135,111.18685313735017,2500.0,2981089.5580871017
4.0,26.610461920148058,160.64258839370723,1553.3310144436591,3897880.182977723
4.0,20.774996867005893,139.7268172441885,1742.5223400141294,3234643.081716669
3.0,15.424353931771469,130.40036930486505,1578.4690869906422,2627710.2036709143
2.0,28.065423585511635,148.77325485934023,1519.1887996197586,2833680.8096997775
4.0,30.271557939364246,167.71808489087778,1542.7180896339792,4163398.6370026222
3.0,21.321351431427818,100.6542215735729,1634.3156966803776,2176968.9379440504
3.0,35.917216742719326,147.73255906046887,1232.1176460168538,3733273.906653865
5.0,20.386926044904637,135.73644700572385,1529.9119429594916,3735408.041266229
3.0,26.904151558776718,117.01436998301588,1621.2386164270201,2775434.14884489
2.0,24.42737263548298,149.16024432328942,1636.7607679944056,2883806.088206305
3.0,30.41181793920544,124.51955260893078,1296.9997804190543,2900836.684066305
3.0,36.92764713630748,135.43675271652955,1263.7112029249197,3644117.906390614
3.0,28.99334352924937,152.3785105404182,1542.294216480731,3533858.177821459
4.0,11.428575096737019,117.06889453373049,1507.2986307097544,2417597.142953662
4.0,18.797076442114008,114.53893237204773,1057.979107019602,3016088.6350079384
3.0,8.791859256787301,124.75458174848617,1463.271994104783,2333570.8888762062
3.0,20.18306284351748,119.99818840199876,954.6855123250417,2749200.412467554
3.0,20.764259885521835,118.52701674116639,1563.1508015858487,2720766.4206317286
5.0,31.98807179794855,107.04175471271034,722.3100143321292,3629433.198669411
3.0,38.70215165416253,146.95559569983536,2045.9434579541235,3875739.11326661
3.0,36.83816234048417,151.52889078105682,1280.3480118443924,3880233.117562346
4.0,24.946893262521286,139.3781385491646,1113.3080631959117,3385825.555790493
4.0,33.860040366960156,149.88894255850738,1588.485607580641,4209821.951086359
5.0,25.24608023484802,110.21379946216278,1355.7817661144268,3374886.567912277
3.0,21.89828350038382,111.13982856438963,1575.51397859547,2464257.1364930337
3.0,23.804317180046286,158.05839794075266,1392.1490013212629,3086968.852236162
4.0,21.569783171500667,128.70199682037062,1832.6574394644276,3301223.9680227484
2.0,31.287601777766447,121.03515256470769,1377.976532224569,2656963.021339492
4.0,19.33087093336398,131.1209529839751,807.9960264920819,2950136.0536865387
3.0,24.165000921815125,118.24512569203901,1328.0166747974026,2803218.416774683
3.0,3.6042486321664007,155.02909949112103,1635.3472140918814,2545126.133083448
3.0,25.16468389308117,95.91828235606266,1448.58768290953,2557285.569389512
4.0,23.270047931567262,102.95654544070453,1241.3640958783453,2919094.8012715736
3.0,36.129566909475756,103.70157001496477,1693.685236981068,3055376.866723202
3.0,22.183721100997367,159.55221149419077,1392.454436681902,3128721.820023757
3.0,12.990708097010618,115.13393569183614,1937.788557285227,2003308.1835176353
4.0,24.066059045183508,118.96224035528687,1214.975411863146,3189608.263156331
3.0,37.873643533559054,157.84903410099423,1045.1147364522649,3991743.6380563197
4.0,19.288552627041877,132.4000459719734,1250.1738871480172,3045360.6957490835
4.0,15.205080378341624,150.90683137062913,1377.7280650368837,3186763.307102278
3.0,23.827706252181525,162.3081929397691,986.6514994226964,3471120.9706545896
4.0,3.183413339372907,104.47934148897325,1908.9617111385198,2204788.969287571
3.0,23.761215333567726,107.0597543352109,1500.0444577558865,2584000.5360825867
3.0,16.201859989726955,122.78487083848981,770.2592490958675,2363915.9009017814
4.0,23.658214820944842,137.3741964276187,2011.782374924935,3277778.394217342
3.0,20.44274664009888,171.1278356279455,1463.7731610427654,3504333.7167624887
4.0,20.841482883611487,140.40496267102316,1662.7694118065513,3508422.9414874003
3.0,21.335734475745934,117.51957538168296,1613.2475647597366,2561760.460668941
4.0,21.700461457209055,144.06096118749463,1391.4940144683758,3626087.240177944
4.0,14.888793856992638,154.07381525699464,1154.067968675788,3160810.2473145076
3.0,29.68882346271799,100.59595827704248,1674.0744322957487,2764875.901751858
3.0,23.737567491360814,143.5108621658093,1359.1036834515041,3127880.4838561513
4.0,30.031962994667808,166.8601160019829,1811.2662519210403,4030893.7664906443
2.0,29.21909857827264,122.83526359653906,1628.9490468921001,2662621.7830930576
3.0,16.795276543541345,121.35429650654649,1544.7940492037367,2550439.664277225
5.0,19.07886330037936,174.93386834114676,937.0665164619619,4115720.3139269217
4.0,25.61043524748756,120.50877623746105,928.2770985563947,3109978.929351046
3.0,21.122645981762446,103.75196594241962,998.7811835714258,2280175.82831975
3.0,34.55695278209719,142.89395484239975,1307.436684501696,3405330.2528714747
3.0,26.99138073228791,100.55632584368647,1666.4757479458626,2667356.58786799
3.0,37.245388466329615,131.00367925685345,1289.0716698039414,3377156.267276042
3.0,32.500178206857136,109.36735545378369,1216.9272771443698,2812585.2992107514
3.0,19.668415043578502,153.35421964513307,1572.8253293795392,2980414.676722818
3.0,30.778495103626643,155.09487616038433,967.3380812576543,3391647.418564625
2.0,29.97498422979989,132.70360334341308,1289.1753282257666,2666718.9470458953
3.0,17.463660426622507,194.10469737578828,1645.8335341578554,3484720.4442825075
4.0,16.86882444959821,100.67204578557613,1292.8408970168437,2557518.3051850377
3.0,25.182069364887838,152.6058401805023,1451.9657893685107,3273667.693578626
4.0,19.676121919034212,116.37260561492869,1886.1358250771896,2770080.6225747094
3.0,27.83855331238015,110.14184254620076,966.0679544987444,2830951.3386590546
3.0,32.99092061958734,105.74204659540969,1170.5917901285743,3001322.632867944
3.0,20.661704294847027,136.00564885413962,1380.63595695038,2844183.343663114
4.0,10.993839113806349,133.17014342717323,1358.2011696629831,2789074.855254406
2.0,19.69006408447359,140.76009508721728,2060.216502992085,2547087.9547026567
3.0,22.279064085044038,129.45511364718203,1637.265489214932,2619904.4854845465
3.0,18.22436596508983,128.49607813973884,1787.3709072581614,2627264.692477891
3.0,34.83479713690987,123.17852035115712,1706.4124291951232,3317349.354579253
4.0,24.042971270283328,128.56871832976242,1647.6989359719807,3395764.2593137235
3.0,27.774891653451892,159.9002502523573,1383.005617415882,3616752.6106618564
3.0,27.456874765815613,156.7266652566134,1431.8647178011533,3602049.8678728724
3.0,29.18036247965409,130.9078131899647,1414.7457994153722,3213818.1210288433
4.0,26.265003383187015,125.74059394457036,1888.9413862973952,3527234.676372954
3.0,36.073050698618424,127.69924340862366,1377.1174435257042,3221522.177068736
4.0,22.373662991392013,129.59494146789132,1327.5364154476592,3097794.2646713317
3.0,24.769012017701314,139.70127780409328,765.1838582550025,3118576.96869227
3.0,26.406315063606236,112.27459264604082,1235.7582847379995,2806118.2361081257
3.0,22.094488481086245,150.55824246792287,1596.078270504702,3280434.3821817753
3.0,30.175607227755233,116.49108286482749,1612.7707022768266,2961650.205042826
4.0,29.39060746027183,96.72424247878374,1609.706445581326,2862766.9176777923
5.0,21.424602497516542,124.75928586407846,1201.701487834585,3580765.209331558
3.0,25.83808398767517,161.72599462643845,1414.982940829062,3401066.4281768543
3.0,30.562337179789917,127.4694282953148,1176.6164545887161,3189705.1605690434
3.0,41.9323303812111,182.31773822141895,1187.4845335758164,4386912.924912742
4.0,22.636673842526967,120.5565373147939,922.5202089372556,3022096.2499583876
3.0,24.520798196319394,149.54319899542685,1437.2527557564229,3306736.667544477
5.0,23.835175920388632,120.30699559524774,1378.4055301986991,3537951.6300558713
3.0,24.112397247571813,135.78618731781683,1634.6448981981428,2792713.944153925
5.0,20.783891188186583,104.66440802762017,1433.3157102687903,3200381.7042069472
4.0,24.97506032725003,98.29256653007303,1628.3290082389065,2911104.0731825745
4.0,15.976805782553944,139.0826920955132,1508.4796894311473,2906871.9157502474
4.0,23.965837207241808,148.88775641731252,598.887533994015,3480916.539012195
3.0,16.183084414638316,143.0708031180434,1124.153161072451,2486260.417237206
4.0,26.472037853998547,137.55695063713586,996.2888942853883,3454577.6669782274
4.0,19.055392268605477,115.33632400239154,1692.5304737433967,3028523.6251079924
4.0,22.706491778337416,138.8271997750494,1280.8750207683684,3262719.9637588523
4.0,27.39910725407119,136.521444177724,1517.5542208618729,3798934.7224987806
3.0,18.974658347266676,118.37726259100671,1404.4158248322542,2380283.669606477
3.0,23.796587447457377,118.36336044923077,960.1285357802235,2839543.28912523
4.0,28.62227156519112,107.91510766751932,1752.2050691894738,3046220.3647718905
3.0,23.416193757042187,118.29345992947268,1652.8354124126604,2748716.2267252076
3.0,27.874907690983953,126.58722334228813,1696.394614940558,3069102.7446017396
3.0,19.240304556302096,92.07058566154396,1056.2864737659688,2321804.2223168844
4.0,32.70131667318607,156.15526695881877,1084.8358835480085,3835747.9321131953
3.0,14.211206162324855,147.44049527505524,881.9572637518891,2703923.6928714192
4.0,16.664681906397053,161.94858626244144,1200.6471491784716,3295684.8415489634
4.0,25.304967828504807,110.37872051112132,673.3588394770399,2864710.409465504
3.0,27.275586822305538,150.240781245775,1540.291166672272,3492772.1449062666
3.0,20.190124315636478,153.69579108424924,826.4089013060975,3022977.2064044597
4.0,17.440718975404277,141.93472710536918,1575.0202800322786,3219366.691213144
3.0,28.165127439999463,148.57000747309752,1068.587969494526,3480892.8376320084
3.0,25.98542414533518,112.56170267140286,1076.5402246837225,2916829.4444078314
3.0,12.022723985459187,137.48088754509308,1779.0146664818228,2385210.1130114347
5.0,17.551601435895588,141.10414061255477,1850.9318331384416,3681836.054735445
4.0,36.62510384515877,146.26337352712255,1262.8884159606384,4056707.598270433
4.0,26.927114998682228,138.2817307227531,1823.592510426118,3398501.6773204957
4.0,26.217825519885388,149.44641654569426,1061.7296324519755,3752046.5966362744
2.0,12.710015413426843,144.53816693268325,2004.1959272881572,2344566.596801068
2.0,24.437998147196765,137.94577457970507,1101.9364383664083,2679676.4424259295
3.0,23.934899090160865,126.16898245567347,1733.6304837181117,2926952.6259592054
3.0,37.333742369798976,108.83877233321351,1829.1076138430772,3115582.8901896914
4.0,17.767657974827284,156.97874060583788,1239.8054480268904,3415321.175591405
4.0,17.331244709256108,127.80141138214846,1122.637640998641,2864624.431393458
2.0,26.057645738852194,129.93771333593543,1392.718443542024,2689783.5854926137
2.0,35.431571213855555,129.84922295517788,1358.8784677039253,2923834.5005678735
5.0,11.717420747133907,162.78966856341538,1364.5488725095806,3553552.8629954644
4.0,23.710971666119736,111.83807301974748,1650.707951839335,3018406.2181638163
4.0,23.35258092449779,113.2626219972392,1064.0296827706284,2996707.473538773
4.0,29.463814523522775,145.14021773817143,1264.0316503807132,3539632.47450955
4.0,30.13104707700493,156.39857066298316,1315.627272394199,4192143.039245989
4.0,36.571855230927596,139.94846473332737,1339.03799255193,3814856.3362843934
3.0,28.47003843916893,117.05107476972208,1498.566930096801,2721397.1951739723
3.0,35.11653788865578,123.623135976835,1247.9816672477054,3224566.121840965
4.0,20.644730783841805,148.98553465087923,1404.0748118432928,3393192.467858206
5.0,18.243281976465795,133.7871092734332,1552.729456517833,3449830.1882216604
4.0,27.880085789895077,122.37185456799406,1370.079762684263,3315519.1964452756
3.0,26.527772153786497,116.20233867575706,1151.7212223729662,2791214.6889663804
4.0,23.42205860098799,159.14511558920913,1091.4756097068703,3492867.2817456406
3.0,27.335469365787088,144.18776918520453,1487.5620619165372,3404502.94258537
3.0,36.326171659794966,105.75937436336093,1695.1936375659127,3148605.4883780465
3.0,36.82303416551669,123.63791712159899,1493.933583936893,3368338.583466821
4.0,15.123266967195514,139.94971227159107,1595.6962201134197,3077387.078781174
4.0,34.3369950345068,94.7260608828187,1188.5770130628084,3119840.905988476
2.0,22.9718646599882,126.7180664033994,1391.158107260942,2362161.9025310916
4.0,28.241483285673954,141.42427096192293,1305.2988093932768,3673143.5708129047
3.0,31.326105497209742,124.24143989878075,1298.2396768986146,3253717.5757254004
4.0,33.476187045228,145.6224089095354,1497.9494166524182,4161364.3573983232
4.0,31.838829390203756,143.00663899925684,1312.501519727058,3725197.4536647373
3.0,24.254940831834674,144.8373293110876,737.000344208547,3290380.7436390226
3.0,15.962386876669685,140.4363091191577,1462.765900984839,2870732.81081718
4.0,30.933893984232792,94.1305130162591,1513.8881921221791,3112654.2089227834
4.0,30.24323830620056,93.15119441227091,1834.6866745630414,3147287.963532509
4.0,31.746104918328165,141.07985068075354,1662.4828805976817,3664830.157768173
3.0,18.06164805722267,150.46358407150575,1442.3470466186773,2751627.877740859
4.0,9.39466071996894,108.37190473654647,1346.5610236967475,2216679.2968528257
3.0,28.042353083918602,110.7044841604909,1045.4135273646857,2977231.8555712523
4.0,29.531267634716773,166.64657088352573,1013.8732781170455,4314981.80088984
4.0,21.639193346766668,127.82358022020678,1327.9138393788094,3364350.1165299974
3.0,24.155096745880293,121.32106181436917,1272.6194789116635,2660221.8393080784
3.0,27.46398807013816,137.06188948345,1164.8921969923158,3195566.4133804417
4.0,11.292340670041856,157.34903454427834,1323.7237175927312,2975359.6628651544
3.0,19.867755890694742,153.31516943086547,1170.262550812447,2866115.353207927
4.0,32.950791978980746,141.15592271971292,1676.3981634229901,3891438.4661647505
4.0,25.93575553431948,132.0747418756772,1385.2523254720973,3401733.381958731
4.0,34.886893770285106,108.08898212489713,1157.4530774952432,3530718.315859878
4.0,21.726683249533565,172.0152129677216,1451.6184156986924,3632745.6511474894
4.0,13.590001947763385,110.19844605707283,1678.1279858753471,2543642.0831075087
3.0,13.511541607459177,145.00353644424405,1411.5405493237054,2777343.683071207
4.0,18.631469332796264,134.2918235058549,1812.826953835822,3256882.881308039
3.0,27.550714497266817,109.63327182131542,1009.8432759009529,2652368.0853200583
3.0,21.33663155355066,127.31356194692593,1885.0806334612753,2489828.3274691636
3.0,19.641476861419296,142.44347635118967,1271.8521241554245,2807427.1886431985
3.0,18.898967339822775,186.11162272875418,1882.2639570520278,3683268.742457585
3.0,27.78975168335246,152.5907159463937,1970.445135905716,3238747.017415319
3.0,41.46539381279397,126.74068150824694,1232.7720754494344,3529836.5686438056
3.0,28.997730222324257,138.26017080520683,1461.5958836422808,3263868.185916191
4.0,33.24582236501747,111.41832098696088,2263.3327744006715,3459328.6351606674
5.0,21.871428343302686,163.5570439345959,1219.4745231512456,4120092.2381721055
4.0,27.497671042840643,132.47412862051493,1423.3367357636494,3665669.472581941
3.0,30.593718367219747,154.62044238898227,1397.544889600822,3595674.174828163
3.0,29.28957646220064,103.53393720610532,1568.1071208957205,2768847.1951452773
3.0,31.03767969292781,167.53748496883003,1694.6772964634674,3733308.131686823
4.0,31.611631186659636,148.54607367705643,1031.6498480530645,3775417.734633807
2.0,6.903255622797487,111.58855979953222,1547.5741187654849,1557937.7396894633
3.0,23.11066495767381,133.90519383688522,1167.7396251313328,3110925.190100386
3.0,23.22062482691659,124.76127041769386,1712.4238471235615,2554095.6319759907
4.0,24.195378005766877,132.8112385246262,938.7733289028502,3253577.7668235437
3.0,33.8148975908319,131.08131933197456,1520.8033444486762,3039197.752483762
4.0,26.26820369180467,110.59366057165113,1206.3488338469526,2990480.8335109567
4.0,19.76350836494,122.75484937467118,1649.49019455746,3011001.4567059204
4.0,32.76947476057406,163.65356930016304,1562.8985920430305,4115921.162849299
4.0,37.574780208016435,107.87787093359941,1374.1161272931654,3639844.3204059526
4.0,23.72916726684903,116.42443130525179,1102.4427612547634,3224984.909182943
3.0,36.26401273506234,136.60354098454061,1255.9145286961236,3296824.2229133025
3.0,18.383223251937842,133.59163631252324,1436.595153166143,2877349.828689391
3.0,25.828878742486662,127.64814770850168,1006.9297769306481,2884697.039755246
4.0,26.125682196690516,159.18445735505588,1291.7160952554627,3746727.2960821833
4.0,22.317479611605606,125.60988073915298,1896.004806268234,3137231.0686262795
3.0,23.117322892857523,76.8586333206621,979.8400990000952,2087395.978431364
4.0,30.629045700373293,118.25451143457423,1554.2064305560582,3288603.4400811745
4.0,11.833435789296862,153.11353497532616,1575.9476192970415,2953443.310762155
3.0,32.49879509206132,113.67122549667604,1354.614219780464,3041433.5592966946
2.0,14.843987190995826,163.4358538250485,1562.4121806743676,2669000.041974115
4.0,27.855521905097305,137.66762149338723,1749.2135508775568,3678397.99181956
4.0,33.34615749836691,108.25871239338295,2056.7253258728997,3322143.6930246674
5.0,28.382575093737128,97.82281846680065,1295.526720385375,3321811.018770734
5.0,25.8360721696212,117.37245753202649,1792.1759062470187,3573996.558657616
3.0,20.38204532258305,130.770746490416,1623.8241816847794,2807884.827069834
4.0,27.61842382167433,152.0300543636231,925.5771964540863,3621431.6971668946
3.0,32.90351458377862,156.86782092300513,1029.0234936333295,3438009.397400406
4.0,9.446859350033565,131.27052171134898,1490.2019061654717,2638099.2470242362
3.0,34.21556072953765,119.95904055033618,1388.1674883592814,3306032.888772152
4.0,26.67817328277791,130.64010079096022,1753.0054296716387,3300092.194857884
3.0,22.09992568006316,126.08630632970015,1065.376310633621,2835443.551760246
3.0,26.04071669003014,145.03887739405923,781.8558655220162,3316232.528932636
4.0,25.454334601311874,130.98968626380963,869.0813101984618,3594043.698665111
5.0,18.292241714707895,157.61708084801973,1832.6383532805528,3753181.191063855
4.0,31.66464956618831,135.4733365464287,1349.1296355507334,3817320.58355497
4.0,21.755288595578758,116.66072320431036,1467.824744171167,2890736.510172811
3.0,10.282837695353995,126.15265148453503,1414.2861100041005,2083413.5726774829
3.0,31.08549690176634,134.54137195856663,1191.2940717891013,3434779.645065362
4.0,18.16912829593264,123.6948502104542,1331.9264332854666,2768727.680444655
4.0,19.711462444489385,153.7423921434151,1065.2524463373493,3280909.6490560407
4.0,33.59240598110909,164.24081141629424,1621.75327842167,4007437.2015497433
3.0,32.42777680928048,120.55420664868,1748.0860889706576,3152079.5964857396
4.0,22.225671203186305,161.07181168402192,1502.9820832055836,3744953.0802461575
3.0,20.63420405923746,133.0125825193603,1725.4278453050117,2981475.311717867
3.0,27.03304721783548,120.79226990808435,1441.5155150676023,3003805.7499157377
4.0,22.65195101284153,135.69417964299527,1588.085537583306,3225553.6970192315
4.0,32.02332488469018,143.71229317268632,640.4583940011282,3941845.5651875683
4.0,21.629512935759397,135.86944701258494,880.9452790473957,3175711.684183334
3.0,20.171473930985467,139.9014525945546,1620.3716495271915,2994030.741951938
3.0,17.54435674446282,112.7009039100197,1766.0035052504834,2397262.051066896
3.0,28.259537451703512,108.81821360621082,1514.8863612449807,2953609.5952678802
3.0,19.209714990081544,81.89621214035851,2107.249327570284,2160585.5638149427
3.0,6.367564494077354,140.10631827210972,1349.6283128531068,2211087.369355087
4.0,15.399053479517981,152.46207067999325,1157.102917978193,3381995.682045836
3.0,44.562801259027246,118.82718253195156,1576.6173855495679,3499075.3178489665
3.0,25.531071176981868,117.14728501255367,1182.6537801759112,2960397.2451194585
3.0,29.69946143512356,110.11995157779188,1762.1490324420224,2890046.923654576
3.0,17.833051234981635,118.46371000816188,1365.094109719116,2642958.5210643373
2.0,27.883024616848893,147.18138407612366,1222.4443165269274,3012011.112003793
3.0,28.169659238135463,157.48491261066053,1341.9543558879525,3515938.3756686524
5.0,28.65534104088027,130.0644858281118,1516.629332513652,3932771.381709473
3.0,34.74865417556825,121.93884778061928,1345.1785540552678,3255947.45805305
3.0,17.15732511482361,148.56216270081813,1853.3679675574092,3068607.1891203257
3.0,21.17381268530727,142.0171634454739,1344.846312685797,2837264.1093001785
4.0,27.634409432305187,122.99226209976182,1481.5607078096054,3221583.7093755025
4.0,16.92184858946335,133.7429064830947,1586.2338379565872,3295432.805342156
3.0,19.45627782158539,157.5240585454651,1583.3467938182532,2981325.850416589
2.0,10.611500095079943,131.26558885196957,1214.2855040482107,1757043.0108384883
3.0,31.69451868887831,104.62432836631348,1440.1309569068906,3011432.5476896157
3.0,22.00862807557085,130.1046244599649,1360.1854446802297,2653576.9648739956
2.0,19.929944622650815,130.96713168194907,824.1314965197361,2455074.4746051626
4.0,15.612617659373285,132.88754490448076,1088.997376523524,3143791.323367534
3.0,23.090238555188197,131.20743628439521,719.081844391106,2955076.427402783
3.0,15.096378654400226,112.5482286240825,1743.704077301109,2286636.1314147552
3.0,19.00666752204949,153.01921491423448,859.4961204204003,2913326.486559158
4.0,19.00725785203588,154.13029625619322,835.0729041774557,3312748.222509576
4.0,33.355119749674486,172.2576050937003,1622.853259807733,4287852.113332173
3.0,30.57581368047579,114.21828048523874,1237.9460606162986,3073617.283277058
4.0,12.77583905091462,118.05059080445906,1733.625263073392,2587251.6365714986
3.0,18.328113503174706,122.11209679037577,944.3957835085906,2406926.8672191845
3.0,32.76578823252372,116.73637526749124,1673.5502637445634,3132193.053310745
3.0,21.886796384414602,104.37508727988555,1355.4381173075528,2401766.523686241
5.0,17.443927202626117,151.00064005692735,1454.6662854656752,3646078.166406733
3.0,33.9131191463566,106.50578009396668,1475.1315093470457,2871388.0415654983
3.0,20.177300246204087,161.65935148606275,1191.6864944407298,3146562.4764169026
3.0,25.41132908881107,132.36109122336478,1473.9840605487652,2951554.4688398032
5.0,24.8187396945768,117.24847026532888,851.8762895270038,3474454.9263556907
4.0,20.668370846757206,155.27671551544785,1193.8347436150573,3593947.0862697847
3.0,19.869244505099065,93.82142262207785,941.9108778202826,2334133.2797384835
2.0,19.589655559171543,130.8486029948312,1446.4277128775611,2199903.910661701
4.0,37.26425954948223,158.85141625666554,2128.4999756383313,4170705.3778021806
5.0,25.06493578193586,144.64524443495708,1306.9077487258326,4058083.6391857164
4.0,24.783818899431697,174.96659676300192,1232.2605234741109,4013938.308382189
2.0,26.576159564429517,127.06473707009535,1594.9336243677901,2602753.822252892
3.0,13.445527752504287,126.28114731529388,1422.071887571397,2564817.9432275556
2.0,25.115474264728036,133.2110296132916,1511.733064381015,2588460.5067427834
5.0,17.575596006651036,140.77697924604877,1810.6830399854578,3515826.3632288156
3.0,15.997356761589579,148.25862150238876,1036.010997874694,2921962.234046949
4.0,29.56524857818908,130.33565279680562,1251.7121767655258,3358325.7830669405
4.0,28.58997599206809,180.46769479751296,1436.296156369242,4038056.3107331935
3.0,22.352119951605907,121.96104591061552,1183.8956989598307,2505079.5642320113
3.0,24.380837992036202,120.31916782044598,1558.0761733368386,2948617.9903545976
4.0,33.824830055922035,112.48052771691854,1759.5985414898898,3469438.0387558923
4.0,29.172632510317545,95.09987603963424,1676.0586568154176,3110627.5314811445
3.0,28.935836787060808,115.78471361692799,1198.10847527269,3003035.442163483
4.0,14.384366214122318,131.26938983517442,1482.5761006775747,2946924.7436733805
3.0,24.758220208224003,123.71768189876978,1918.472735908349,2737065.983662651
4.0,18.767555089695048,97.32096738792264,1422.072886823676,2476300.5810888037
3.0,33.772853581825416,92.0596694107282,1371.0748866947208,2867281.8468112545
4.0,28.620961708609,88.80821412183732,1462.5122706143438,2877625.2319620247
3.0,22.615753891333817,123.92995419703072,1298.4224451844145,2903566.783645344
3.0,30.635929575320855,127.74837900759832,1537.7031035415557,3039567.132107414
4.0,20.541084839016207,116.66012382075584,1480.4077379620724,2954986.394744681
3.0,29.402118074959258,96.10454114196918,659.1483335709913,2824429.2626442276
4.0,28.57805198388742,124.4962664212437,657.2341177237929,3209890.6437210916
3.0,24.072783676304915,133.1326556232919,984.4005587436566,3135921.7196400566
4.0,30.515532038262986,105.08587806528544,1468.241000360636,3097458.8760604756
3.0,19.08884578831042,135.8393209383096,1670.248674492411,2750218.68138906
4.0,25.711488889757614,161.97000904296883,1386.2092210832666,3881082.78564409
3.0,26.096237549481838,89.11456630103312,1987.8547735647041,2138658.921741156
4.0,17.14882412455338,151.25644004612803,1609.2331500730952,3505555.8388724383
3.0,21.316863218570433,115.07583586159575,1823.3437385251025,2350239.901972466
4.0,26.460628518032443,118.84651866439984,1113.545035704222,3065680.317257235
4.0,34.23965038409769,145.35051453600113,1571.8245759507377,4049597.8488675803
4.0,25.57212234429088,166.1345831000155,1389.2355509589268,3869738.832743055
4.0,19.57783907012949,163.13005630349113,1368.1856872388746,3862036.8260701722
4.0,21.88017788041495,77.21909473431911,1096.3696929293687,2341101.5077061197
5.0,20.168441957816743,153.27928266284061,1679.627825851708,3759330.589906959
3.0,28.585236212820824,95.82927737447329,1146.0694285448196,2547136.686348089
3.0,34.232756800614766,133.77726814496657,1713.3268846525095,3523948.4332579547
4.0,25.5325015804134,77.61222804897513,1923.0771504143459,2425945.6339150323
5.0,31.661586421103568,145.18739261591315,1200.8078083216014,4131456.886061387
3.0,23.70001475199564,133.56696743008493,1258.234005208016,2930896.6702157278
4.0,20.52119737948061,137.56124338431158,950.8468232048315,3422034.841506599
3.0,15.526563551873641,118.58237210661214,1283.808499709919,2418604.422989858
4.0,24.443288980647903,126.14771303888313,1262.3875214162163,3136510.5083226487
3.0,10.076766645781772,119.02414771040368,1463.8627555434282,2119659.529670277
2.0,29.88628025546541,128.1741570796,1331.5167135011181,2678693.8841216294
3.0,31.14589697852544,176.25354809022684,1950.9677175621007,3986052.3770459048
3.0,26.412810110179006,139.078702349301,1801.4473906031362,3126986.303865866
4.0,22.47069651537874,139.81596416123648,1349.3305835171561,3235957.7861112026
3.0,20.807797393620262,147.99615272830943,1413.0771566997703,3052496.069423496
4.0,27.455170966911304,104.50398138121022,1597.3214807415873,3155802.4832908683
4.0,17.17644104576074,127.65622166123744,932.0091236893194,3146470.9818127695
4.0,29.079701534897534,111.94667490969672,993.5759791613908,3497194.443954759
3.0,24.168032856554646,107.305014610483,1727.5337995707523,2551815.879917427
3.0,23.9595446378274,107.5302051950421,1177.353417886983,2537815.1091790767
4.0,23.948181284537117,123.68004608990795,967.1857273923276,3004433.2463333136
3.0,30.097188528588696,114.98003853018785,1613.6383688096275,2992604.8846268603
3.0,18.933762776897062,96.22883545647353,1375.856742221677,2086685.4940883976
4.0,25.092672762607798,108.78758047456898,1522.661058617915,2977436.8888371503
4.0,26.36900475204945,133.91810603998016,1571.9807094426947,3306604.9910436985
3.0,19.565528719028887,141.78896699918909,2042.3782702194367,2877042.4970492083
3.0,24.078881388736143,157.82952348392,1713.492055356571,3412397.993618062
3.0,30.838173178543975,132.73808315502453,1655.9326437537566,3121969.0576690477
4.0,32.057876499758464,119.3363569542081,1016.4639999822172,3297666.9680634653
4.0,34.994981522801794,164.69817761992238,1386.277796031602,4203970.573926395
3.0,10.614386879165872,156.92870875309688,1503.7536589723395,2679411.157596019
4.0,40.327964977247355,156.00242489624605,1444.827599999198,4207187.659061192
4.0,21.908523216021585,137.71478162050653,1165.231838405155,3233163.8221346396
5.0,20.764742280312472,116.80494698355176,1330.7458088488772,3322015.4044306856
4.0,32.70953621480385,121.98053608476047,793.6679264339635,3378921.8670314527
4.0,23.413188109911715,128.2259101209437,1184.0687546711151,3210744.999132968
5.0,27.537507555247046,139.34836619065584,1431.9313935826028,3900353.2071294244
3.0,24.88177468868826,132.93286928852513,525.703533323471,2994617.4106745375
3.0,18.90712814935185,103.98546131509679,1612.0721989920878,2484997.3520531002
4.0,27.779550569603135,142.70719826074443,1377.9889400391316,3632228.4261544584
4.0,24.388951618149267,111.05802385244752,1092.6267301983862,2995522.3418260533
4.0,31.27925129451874,115.38626066305531,1810.5456977309016,3384914.5505834087
3.0,31.368941291583894,144.87422627243953,1772.699116701549,3519007.3015701203
4.0,27.376674930160924,143.35151055760696,1801.5543004726453,3799427.0248703077
4.0,19.92669484539677,140.39576996002899,1574.6817129130716,3225433.0657097474
3.0,22.816193896743915,127.19665566438218,1382.4194409320955,2733654.054759384
4.0,32.85528409536609,140.54021580631368,1418.3778636870898,3706738.1676418497
4.0,18.294015048578693,104.29842838382126,1142.9845047629883,2533452.8887251094
3.0,26.744670140745136,164.00739880163442,1407.2535823927874,3450625.574078229
4.0,34.328693626706354,135.04825894066465,1198.9340456570808,3626788.3547264547
3.0,31.279232992970183,112.62008885969777,1550.215531653711,2975572.4786313074
3.0,20.7040008594259,105.37057043425006,1747.7060276138636,2358875.0672416417
4.0,30.978783595524995,162.34081980875462,1689.980339879891,4040698.2192433807
4.0,30.96787864116679,127.31470538872463,1443.0190974434188,3359692.317989489
4.0,28.981060662827346,188.9480588755594,1527.1737777528715,4381037.38360565
4.0,18.79235713942285,106.20512211681876,1332.212912768268,2735832.1098055034
4.0,20.386589315985557,116.76031816353367,1568.372014416262,2820410.7995476862
4.0,19.267555085705762,157.12724888594755,1610.6614338830357,3439286.7387745976
3.0,36.61296492169456,110.59295464061785,1297.1684111425232,2934700.9514590045
3.0,28.791223148820073,79.13921752464847,1335.214259377697,2466497.710961517
3.0,32.91848916655658,151.50804314006345,1582.7824136925692,3495678.1574123143
3.0,44.11499600496038,129.5837256553438,1398.3446366921835,3824897.4338574745
3.0,23.219081575470845,163.4869241881253,1321.1688149981392,3504519.352326889
4.0,19.454677346306923,117.16026300875023,972.5517836421346,3008319.0304130055
2.0,20.40983166611401,103.11891231452543,1575.2415752748884,2070174.4243212696
3.0,19.008045930951152,131.84686070904658,2288.614415364659,2713054.9735678276
3.0,6.5403403775965465,129.9913267665526,1351.2544729122299,2271090.1180750127
4.0,25.45525144244802,125.20365763342866,1285.4451125262085,3482467.068101036
4.0,27.808757503562052,118.18284243126931,1570.2086186928552,3103524.4645761424
4.0,24.531016914964656,121.32523709544895,1368.5857793090242,3012695.141102476
3.0,18.26390302936756,117.43384405637663,1293.190203935884,2238196.9857407585
3.0,9.22241713548176,105.35811463994196,1362.1702667646944,2057841.7721960081
3.0,42.43345878644965,112.27915838313189,1757.5533141755805,3559937.1697178637
4.0,15.355011303358436,137.69076712032788,1281.1688564611377,3060226.04695303
3.0,30.946628780222614,100.9030291058981,1192.078422260997,2691399.867204429
4.0,37.090178372202566,132.1370352775188,1294.6808766453867,3932811.383356987
4.0,25.33304694144204,133.58224416955943,1382.2669938769332,3594875.913830044
4.0,19.501801993270217,116.42279146593157,1565.7150510740978,3025386.32240199
2.0,16.24183164102579,109.04777773400544,1557.198802843026,1905806.5695993062
3.0,29.98306417914626,97.85695598358738,1754.9784471142164,2744865.4543995466
3.0,17.732657141645305,115.54690055536327,1513.2300248855047,2552737.983427633
5.0,31.351014140352945,115.66545547277477,1571.8189716323184,3886698.83033602
3.0,16.076239742160016,114.43845619591539,1830.492264517943,2371033.0166348116
3.0,37.44614090096937,126.23781556202151,1596.1116603332632,3411244.052801535
3.0,33.45190190773462,106.18567326196043,1396.7959131276803,3033256.5976180686
3.0,25.468373941590876,129.08467174827933,1126.8054414362466,3136892.4250124577
3.0,26.141120398671188,113.27797477151384,1485.3273174632905,2841949.1468963935
4.0,28.11683990832521,140.00923277168687,1751.404707318498,3742127.5315638385
3.0,42.78390450102349,147.8687999892685,1441.6494411355357,4019718.3491184246
4.0,31.40413850025855,147.79781212415483,1277.7797668271214,4025508.038501027
4.0,24.78167797920971,92.90407241406918,1857.5060851410276,2973449.569205248
4.0,22.022566080717585,167.81898940757026,1853.9295327479254,3605338.030894059
3.0,24.804597254270558,137.3891143556146,1489.6253692268124,3108598.6906843428
3.0,19.74221051801117,93.39940011176172,1605.251569115168,2389399.108911109
4.0,25.411067554047133,158.78542175375728,1372.1088298202149,3836723.368044591
3.0,20.805835180097585,137.0025952284475,1767.8772983061642,2867475.4180638883
3.0,20.266606113899904,121.75797845303855,1400.817384179713,2742705.7810460357
3.0,22.48203930987171,127.68548849611483,1406.897081161685,2632465.6558649195
4.0,31.02612309278302,111.71867811052016,1665.0457914616968,3141497.652112687
3.0,32.68077927843932,120.95983726034369,1327.395036747572,3201865.822800459
3.0,13.66853878489381,133.1045058888997,658.6942544923619,2629974.1312848665
3.0,22.33166174770056,139.7649720107059,2106.999754733917,3076697.0693621878
4.0,31.393553418523155,141.08532561565266,1015.4787315296933,3589090.790910213
3.0,17.443915084288708,148.50304011301841,1327.0430371288032,2656609.3064105343
3.0,29.126168449834335,111.7204822727803,1191.2539155963896,2945263.6612281166
4.0,33.78957689709987,135.20507698607085,1390.6481011465696,3923361.522629398
3.0,28.654813006210414,123.25513756435963,1593.6604722647894,2951145.951973861
3.0,34.98111510780483,149.2939428107693,1691.773090589241,3386513.101529748
3.0,35.89027686428331,115.51895259913617,846.1672007738238,3369196.9754368034
3.0,30.281974894136738,76.26929153445882,1372.3720981095855,2458784.2847489296
4.0,31.29929867597596,103.17258502293538,1580.6495655139945,3437072.4584976165
2.0,31.402136461599458,125.04891439775805,1370.647111508733,2763053.9421855994
4.0,30.124900532269862,148.5554792382358,1229.668073475948,3858231.888565854
4.0,25.257372115930664,145.0953996559222,1259.9274043691876,3692674.769458026
3.0,23.406098213092918,113.08046463100897,1321.3415570957998,2639019.332796054
3.0,30.618650163587443,94.76813773776291,1109.2994033655095,2710670.1538720913
3.0,29.86771439780224,122.12916198435795,1428.0574658874993,3210566.6645959
3.0,35.00687807948729,100.41502124606794,1855.6412365133958,2972672.5871710917
5.0,20.426986724049513,114.05908717361072,1176.2944314397976,3242997.427360894
3.0,29.428356382974567,137.32249361303857,1781.4352134033636,3177313.515988246
3.0,41.02751476087598,170.6736259306141,1230.9574598464103,4051338.773759192
3.0,26.609358795944914,158.182177709089,1284.0644242646388,3385780.779851048
4.0,12.195209072888941,142.84685644243157,1248.869565057662,2872330.8286980493
3.0,21.149080783124646,87.4352053074847,819.081527443216,2052063.8730565547
4.0,37.13366942912537,122.32010954901818,804.266175629233,3899174.759671828
3.0,21.936026966506557,121.66293373695734,989.1068481931645,2804882.8085950036
3.0,23.05929278504731,111.17175619597056,2332.7194168491487,2500931.2996111084
4.0,37.72795403070899,107.32104102044431,1422.3384696056257,3632529.004536949
3.0,21.794908540287956,146.77432080035055,1768.2939822833976,3170725.4049450844
3.0,39.36120968060378,108.75438285040968,1238.2530634363493,2947135.1105024093
4.0,24.591860238100793,169.20731479499,1401.4549399315322,3940469.2486514705
4.0,19.967445235003765,114.64881697214436,696.3473637397196,3106125.8196703778
4.0,34.282511812284824,136.3060384350608,1379.1353295609224,4045745.730002794
3.0,31.36027364984462,86.49206370512115,898.115784967794,2540034.3996712007
4.0,23.603683066887506,135.04114894798406,1341.8574364461647,3419900.4757160894
4.0,30.156763014442983,122.83646325695125,1240.5376268975929,3569228.9273769213
4.0,15.500587091300812,128.08384637107042,1594.1908083910869,2814428.546352283
4.0,18.905492498939438,115.33330745284195,1868.3191783758944,2953266.107833758
4.0,34.194851505825774,111.25710655271595,1237.8308114862016,3346386.0510154176
3.0,27.61044639182582,155.46107172552217,1312.0984542139383,3395619.2141130297
4.0,22.8820682836781,114.43936673532858,755.9719949427985,3154227.8392287996
4.0,15.162542867704051,152.9905204475349,1302.708643566753,3219549.467112046
4.0,30.924019292523663,147.70818079604356,1222.067998282492,3748007.1199677014
3.0,27.42999875333244,119.87485419203237,1050.7959561092125,3030267.050538262
3.0,30.009619785086787,90.03071579851343,1199.9036899622647,2649046.6635329453
4.0,22.920054183363266,158.7845596655651,1647.2857319466393,3740553.001563808
4.0,21.421953852810656,135.8009078842938,1358.5071117105208,3102713.4705703016
4.0,24.697462328484676,107.97240822853327,1273.546551572986,3052721.867026351
3.0,17.93536500074581,120.02767228740854,1076.8414688077537,2418770.0587594253
4.0,28.151041120976878,145.0259846349673,2235.783992800841,3743918.6502962643
4.0,39.17057833399388,124.45144237752696,1650.8288848403072,3849605.8300648564
3.0,35.86566219050029,126.55538563310257,1414.2985334414445,3378773.393700073
4.0,16.269687842675832,92.64348012397504,1722.099754468458,2399357.113883843
4.0,24.81608936530136,129.09512186965378,1739.4051168342357,3298893.0681819497
3.0,20.440747458804946,127.64388614206759,1821.1582096290613,2738565.2951754862
4.0,26.775530509652306,128.37675972449773,1750.9020508488036,3377401.6655944455
3.0,29.341951560724947,140.5345954124726,929.535042844594,3268717.4959448683
3.0,23.01656852477239,116.85404495557518,1527.412855992306,2724143.797924866
4.0,13.427626807732931,103.41028362978744,1824.9609184239832,2549723.9324586736
3.0,18.546356471164444,125.29809897092478,1204.8441717077317,2740641.6476776823
4.0,26.101607286843446,164.9062657605563,1255.1567027433753,3990436.91033481
3.0,20.730021735549148,123.59475392068993,1262.9136076508944,2846164.3972701267
3.0,19.695287876698693,122.13902281995847,1495.1983526552012,2764474.8192828745
4.0,34.450016666281975,112.95347732223789,1711.2107142836535,3391625.5710469047
4.0,25.83084497239635,95.84104945475548,1231.2067771608524,3152127.486264818
4.0,33.934943798838994,166.95402105377582,1105.3243765848906,4138780.943180944
4.0,27.497264840655795,141.32720483100812,1381.526422052037,3694003.8131362945
4.0,27.94021432758517,95.10185347762186,1464.7277603125435,3058460.2520013037
3.0,22.70233660904674,146.35291819312062,1622.1728423976797,2879672.3061952726
3.0,28.16309805580512,117.62445698566427,1642.3615794407588,2853185.2883292735
4.0,26.493458632873995,117.55807101276272,1304.227180948585,3140096.2532771425
4.0,23.98139455195779,113.2824171830702,1403.3397914149168,3098742.5526010054
4.0,28.014556608698364,124.27463229118456,1234.4370710413693,3469439.086972265
4.0,15.185449783440216,112.63680654025127,1473.2161282181817,2857359.923905863
3.0,19.66611128073183,109.72815920960014,1094.5787773002412,2466081.741232141
2.0,26.88407056297524,145.16637724390938,1135.7937033903909,2843851.280619586
4.0,34.60817440300825,142.10794722538202,879.8186103583033,4084886.6651213113
4.0,24.686973659602845,111.27145178380505,1645.4035941886311,3023268.591008519
4.0,23.775783198656722,145.09045022742237,1809.018313168564,3499106.772878845
4.0,35.604371376296115,120.16110401120515,810.8122426464192,3843643.2404277194
4.0,25.68376688657138,106.86885671291802,1105.8963729309153,2869653.457607851
5.0,22.415065337993163,132.79616903009537,1501.2568001152015,3679492.0415406204
4.0,24.48160312788189,121.2628809351749,1421.6628720946578,2996926.1785689453
5.0,31.256085437063323,127.38588851155556,1568.570882441503,3928547.630625555
5.0,33.80385458048157,149.19130615231012,967.0119812646363,4389522.884895707
3.0,25.706375076222656,174.78091796705232,1861.2383274618821,3588942.421398871
3.0,12.808547725309861,95.77645792533934,1092.9354720356243,1816469.6435839632
4.0,25.659417424676306,115.86701413448881,1762.9763345036008,3148356.7253447
5.0,19.2165513724101,135.4281290908262,1253.6593667942375,3700057.4147481467
4.0,24.000215339068713,156.74355417323602,1485.9236553204562,3822915.428888899
3.0,22.28806747166239,150.48596539873108,1064.6432073737524,3210949.571050182
4.0,32.913089081855716,142.6000415410291,1178.8455043154233,3888536.5498927385
4.0,18.40102947007254,90.05863092378917,1300.5401766583432,2525934.753194578
5.0,31.7942218174949,84.66580914347449,1759.9973585982766,3280989.539259819
4.0,20.146359660964784,144.6420977560185,1278.1807595493503,3583902.3341842834
4.0,19.13189795122809,178.38010827685582,1714.475920671116,3728878.0648874925
4.0,18.10447999774742,158.20837749731513,1266.3169053192116,3289819.020933364
4.0,15.944808881698382,131.96162329437087,1503.723620602839,2842953.4060595157
4.0,24.62095370023815,119.11308204495734,1115.2315434374818,3130737.065716001
2.0,22.49632150790924,197.79502680170296,785.6145338583877,3491883.821896994
3.0,20.031320846667523,142.22407664112444,1477.928138427324,2987720.9808046855
3.0,29.098154819287288,114.57903028236123,1211.8920283665896,2734616.6744290944
3.0,31.872906169019366,118.37684076141454,1488.5403083603208,3032597.002413601
3.0,33.505041681559334,130.4470810138406,1573.6326794020483,3304771.0409119413
4.0,15.415530927449062,104.10735810832628,1799.810257997601,2379021.5808913345
5.0,7.290491934831845,76.01668856577908,1526.2916380253255,2156614.669489571
4.0,34.085321907462095,119.7933885999463,1099.2762425674034,3423687.413210354
5.0,24.98262010266915,140.29942252968715,1566.6546175049566,3914032.9278892386
4.0,23.799866963592372,101.9674719179509,1368.026733472339,2955975.6865471676
4.0,35.736945260515284,143.28790691460574,1229.815097177647,3983254.346652449
4.0,22.588583619847658,110.5061152969711,1034.6034822086326,2801204.255670782
3.0,27.75458421433908,130.72535079915752,1724.9128397171426,3201974.744792045
3.0,17.7502904457606,129.55817784114475,1909.5158127793761,2629019.933400153
4.0,28.09071553275316,100.71761672309133,1524.8321330968845,3085266.6637454024
3.0,32.69022867847542,116.53337280247715,1315.1795605028726,3245924.4543112377
4.0,32.59498939276341,130.74299134402276,1236.533929787602,3515086.4530429873
4.0,24.9962017147972,165.06454972185287,1783.3454935500713,3899897.839081672
4.0,29.345924888157445,150.63751039682066,1205.5720850152493,3917662.3813529024
3.0,28.585209411812443,130.78752682424397,950.7373429767008,3233560.731101753
4.0,25.962782325916066,145.88264147475516,1327.6298809808793,3612720.005574161
3.0,36.05992474525425,117.26935161047203,1389.2502115186912,3304768.824057092
4.0,24.53989654708243,158.46480722157895,1869.0313223821302,3787972.9652674557
3.0,20.471732977140125,139.9363855592817,2056.2650216053953,2971606.334003047
3.0,27.824339458408122,90.97833209282413,1076.055769124628,2487993.2809649874
4.0,31.552127316898467,142.14558136660133,1419.3277945056016,3759140.8095390294
3.0,29.719151929607726,71.98461287186973,1255.8695408194508,2435549.1363370097
4.0,38.800341690795584,114.24546674867136,1470.8018687510569,3630161.370066909
3.0,29.71026287846589,146.32964849261162,1334.0649121175766,3527251.4031086382
3.0,30.137883931582472,122.24501884277537,1643.9428236240879,3076646.9714208315
5.0,23.268303981276233,115.87394010430893,1635.0953885705637,3366258.3483632896
3.0,29.733731424118915,128.95324239778822,1547.2465758392862,3230654.222999576
2.0,28.233770595433164,127.58466305804244,1264.4196773565218,2677188.694313148
4.0,30.365037247578897,157.7686051025359,1607.6100398410065,3834073.5791841117
3.0,31.004425683865968,141.73619133940355,1221.4189322576722,3205528.569136968
3.0,21.15305907600506,91.3977711793204,554.1790025608447,2191547.459483464
4.0,43.67179457620475,147.99568545271202,1611.0635708319478,4420046.492053319
4.0,17.86179550365241,139.32765247179123,1036.6213578197003,3277672.1588812773
3.0,28.802061424764577,136.08619095641234,1711.5723567673688,3115472.539750862
3.0,10.065730083856689,113.16381650881638,1433.6157882608359,2230782.7287796754
5.0,23.450064901718097,131.56689715847426,1449.2901922073863,3913241.702900631
2.0,18.1556585501574,121.87210063115974,1116.3967241614314,2219035.3910628017
3.0,20.08282995285326,114.5451319160198,1909.3968337014965,2685749.805219096
3.0,22.753713846724146,99.4440775325186,1591.8148268257553,2180597.577527967
3.0,31.14381043336023,110.15373532515974,1313.1023617332803,2861599.557876616
3.0,22.37434090350005,106.39900463511252,1653.0273390982165,2602447.699095616
3.0,31.049664597989526,121.59065044076209,1727.517869716265,3117501.532060762
5.0,35.50882320447639,188.0508116644167,1307.3633806323298,5000000.0
3.0,26.39985058156298,81.81319193900549,1805.8847513909343,2077481.9754231428
3.0,35.211611611029106,169.2833678630962,1239.9638907427543,4063547.4148693318
3.0,18.36223824124989,125.25135371192195,935.7841048087355,2763191.2097561006
3.0,28.131133621926168,116.20618584682387,1034.4361165818382,2897634.8805468427
3.0,30.07672734691213,123.04442645515547,1819.6622136532344,3062419.60470134
2.0,24.232403822006237,135.17843075557929,1463.790645170828,2640525.8952547214
5.0,23.867629328285084,153.11389232872088,1407.608962283178,3939126.7209733264
4.0,30.500911139035804,121.50067243265502,1651.5859226104515,3336811.204943878
3.0,16.176272421285372,134.375832006922,1122.3195259377649,2625427.593798418
5.0,18.31563400127621,89.09012683724274,1742.2817343665567,2872340.387143364
3.0,26.814877478631335,121.99879176740136,1683.3251398674631,3026822.235986514
5.0,23.1235412386948,160.8577321464893,1392.4970003152916,3997096.709934998
4.0,18.75706850804576,117.80701635936614,1130.912299994428,2942516.759049764
3.0,29.367265148217214,143.08064561716657,881.9252122608891,3337895.518366761
3.0,26.640929701127508,109.29463837541294,1528.7558584723793,2519410.203898263
4.0,31.96637099805837,103.2373579809301,1424.1411727096995,3333615.873105807
3.0,15.147504827137453,128.73747857754606,1415.4886012993497,2440627.633097832
3.0,27.293689083415725,144.8443977777573,1754.0567501248029,3392647.853108777
4.0,13.00130376870225,142.69289040038555,1168.61750623738,2910812.3520056168
4.0,27.01025969997588,132.88605708571924,1496.285292430752,3642681.5708133094
3.0,26.555962615935748,154.38585587979372,1754.839213068369,3329832.6516976827
3.0,17.830081743286517,86.6285389386122,1506.6405587193028,2211337.8547234125
4.0,27.014449541227435,149.40399034375207,1582.2354639624152,3523554.158363592
4.0,34.553213894861685,132.02046615378663,1332.2413221658915,3948438.6280763433
3.0,26.38851034599783,141.701074875753,1304.2184773480394,3061483.4890705636
2.0,17.58736950095563,128.69615732877938,1694.5370113367158,2202614.8472870444
3.0,20.734961137969545,166.5386369154751,1093.1082666566754,3299181.4353744937
3.0,20.667278151706665,110.17077570992912,1560.843280558131,2534529.534195695
3.0,21.959419972588826,146.84980911856425,1205.3306767050587,2870528.315701025
4.0,15.586778819128611,144.84850323454725,1728.7510165779179,3192451.360958476
4.0,26.93212176700558,123.30939460932623,1144.0048228534579,3505452.0210508676
3.0,20.535723873756105,112.56065392167616,1456.7809868012334,2413680.2009128206
4.0,34.2106934147142,116.55620054807943,803.4158676593144,3549471.21439175
3.0,13.473506339143135,150.4502397365059,1260.1439513663947,2909259.004192859
5.0,32.27961234111136,104.11580736295988,1678.8473136782827,3545555.804407393
3.0,12.885450482165883,84.37749549842366,1380.0043983629891,1602293.9933302386
4.0,23.35996607752621,172.27341450612312,740.3374789369907,4065905.4738187473
4.0,20.812801581408614,154.17446011576112,1791.5402839692592,3500195.656587003
4.0,20.512687401432427,145.73485046426686,1675.7398810587854,3631496.786573321
4.0,33.67785542571364,146.4827980238099,900.8851332387324,3773585.0719562597
4.0,7.588256179631831,125.08608828485706,1122.9477478790263,2397686.8257781104
4.0,32.99526922087192,146.14710012504116,1494.7099372581515,3799869.553246094
4.0,20.38731898741345,110.19702306052965,1344.6031638503766,3008095.981342376
4.0,30.14373929498494,133.57476426878875,1861.2491999537622,3526737.658347188
3.0,28.847399553495062,140.9327137739207,1737.2319684985928,3382727.395100581
3.0,28.835504392059338,136.43913789865297,1790.9194722392863,3295422.901900776
2.0,24.974663776538385,126.99821288346814,1548.1038419927525,2605969.764170615
4.0,21.480047176550773,111.24758257009168,1579.5782212479794,3188958.6996581703
4.0,13.784126665925113,103.82250402195055,1286.4864368437684,2433998.316222407
3.0,25.46464796389941,153.92066014807662,1907.4514893730645,3083090.497996892
4.0,21.479691037789884,143.61435796078447,963.0492818032889,3202771.7654354377
4.0,16.246577284992316,142.69852598750074,1318.9231925694176,3143400.170557114
4.0,27.985973314234432,75.42551029179032,1797.0813292694118,2915248.347973665
4.0,26.37440459131766,113.47038512629521,1846.783991498414,3137513.467459885
3.0,26.17970221807697,71.53090810457115,1722.646282750272,2197830.9685568744
3.0,19.611485248079166,119.97277300343742,1342.0489378027096,2403415.0935433013
4.0,17.31477412652464,123.27126962374356,2081.667311764314,2771881.5134928846
4.0,38.47786736957623,144.19967687193719,2008.3058063753008,4190428.0591128552
3.0,45.52821614560274,101.05431708050259,1528.3590372802032,3357222.3967548213
4.0,31.01027506910866,137.18405756978902,1416.4315760601196,3515185.5586834005
4.0,38.716715083574606,128.9592096619262,952.0281274462819,4033190.0357449646
4.0,31.585451997556724,138.3565480905692,1481.164033165211,3819012.9960344085
3.0,24.908270687726958,141.34726489232125,1556.2230573404593,3136365.785971235
3.0,29.26315842697079,106.93473146730352,1233.822943836805,2773945.816060316
4.0,30.87341909949959,121.69091109982499,1900.3117930346266,3273819.009913677
4.0,22.02395547650793,111.92708112659795,1823.1771787024525,2987022.3527211747
3.0,21.742747548798523,163.6024496695499,1498.6393276982224,3357178.241689899
3.0,28.208764850962133,119.10811923794225,1145.487461346835,3107796.146908001
4.0,32.66327317493675,123.0962939959387,1927.309451110416,3381138.2576107187
4.0,29.536657801735178,178.32885398619203,2153.0043093520508,4174923.0623892224
3.0,29.839423975924568,104.23838660401327,1388.229095325188,2803652.892351156
3.0,18.960310722073782,147.6255843470401,1322.8374918354875,2803401.8879183982
5.0,21.256426936268095,135.418745410241,1385.9978637696308,3621803.3431472485
4.0,0.5890232369111049,129.78470202882335,1283.3829171476593,2458225.0885680798
3.0,27.603905872664924,148.75281302445623,1065.9169152413235,3446541.1771794544
4.0,28.30729803241318,155.40864104884707,903.3462923936099,3768081.0354342316
4.0,30.562010281678187,114.68379497679568,1876.2321464549825,3197827.004704564
4.0,28.899431470425007,115.70138225592785,1037.5405046365495,3309852.4817597554
3.0,21.76252059328461,132.50800888876455,1718.548543685314,2968583.3223162685
4.0,33.71083443554043,144.80395334536155,1264.5861525649532,3855090.1889185566
4.0,9.333737762097075,143.46076770268985,1855.6013930948939,2919426.047378184
5.0,27.977788019129488,101.60370629231063,921.4215964740894,3410286.9113971223
4.0,16.572515527972765,113.34198670362986,2066.9478582867023,2808345.1662044358
4.0,22.440347973244858,149.80263043129014,955.5083665550924,3539456.0128932516
4.0,27.86285539490866,134.6728296137332,1572.9602465853256,3359559.0835534534
3.0,17.330042867269622,144.476297714432,1609.762765158389,2776468.2579340893
3.0,13.892603777855733,153.01000593855784,1590.0020644078563,2976414.3510629246
3.0,20.667588098946982,139.69224930086853,1095.1841582263378,2774017.7019428825
3.0,15.629329835018739,132.56235363753967,1620.2398421501398,2520878.3630408132
3.0,18.42992515234806,124.40921662370933,1538.7816969169933,2626871.7354168193
4.0,25.433287205715246,137.37844802069299,1672.991179659588,3294539.1180896754
4.0,20.011294820384038,138.48323558952683,1095.9318000863223,3452925.7253430444
4.0,30.240507829018,158.2828467900003,1416.6223119158906,3921547.3768756883
3.0,30.416809994576614,144.28407259146255,1695.8825137152767,3454224.097534073
3.0,24.878670303089,116.11736447293589,1367.0771157706852,2631546.4939762866
3.0,27.31091786077488,147.08696855912274,1530.0414526083318,3236585.417992168
5.0,22.800295235027804,132.82600053471856,1695.461789087206,3572643.804525799
3.0,26.962556021640033,107.49064231004823,1413.3045628804714,2837820.98645388
4.0,42.86085363376853,144.28465437898805,1347.2929482469879,4174973.8033036813
3.0,18.537140884007744,143.81011403026838,1326.495872057189,2841731.6508538937
4.0,19.03414443159537,155.08036114701966,1371.5459599707694,3393887.8605856877
4.0,34.59159836200913,137.69498341347037,1556.3143582114433,3911511.493496393
4.0,25.962788257064123,154.66112763402944,1249.5257750767857,3563487.910447735
4.0,29.404146399281554,113.6289121478718,1506.4054200212809,3158709.7376103164
3.0,29.5957991605695,148.73625134838431,1602.8692078911124,3272671.0661137407
4.0,45.89174013386925,142.75921956647986,1100.2537516260763,4490283.339483384
4.0,20.52368722037147,113.88141435225982,1162.9839182659694,3012965.5020000944
3.0,26.14634561708814,113.83059355636239,1671.2265461257,2845372.3452914488
3.0,18.98556951034993,139.19304562363374,1150.340645294917,2914079.2887370903
3.0,30.802884044210327,153.33609493159426,1668.8441353660787,3707851.420344246
4.0,13.707382792517102,169.04453728816122,2000.9482299651781,3406194.874362859
4.0,27.60063504282936,107.71815889602479,1018.9400401143486,3149251.5415026885
3.0,16.933423721236228,153.70735238277496,1671.6741883469974,3094538.160895178
3.0,40.40156751720269,114.02866571499277,962.935711632607,3150240.217452087
4.0,23.961069618482483,106.97205756275216,1660.3590872116033,2902855.02871933
5.0,33.304127702419514,158.05587502305013,2030.0187335758792,4560231.102013983
3.0,10.89030921207287,125.9310861894294,1866.3261779699153,2061482.6904429102
4.0,37.772088799213435,131.05097756819822,1568.2198538055056,3679222.4901730646
3.0,11.140524961877217,158.42152419310358,1052.4221423701933,2628576.6426050533
3.0,27.53864093069379,140.68329956626258,925.7439002857502,3252401.4512324785
4.0,10.665842152374246,128.45331209852938,1361.9459998140305,2777595.6436536983
3.0,24.446929803871814,107.82734028295457,1190.0276572268506,2686056.4704691353
3.0,23.575795281909034,146.95934987701116,1571.7580178351932,3307457.8623283794
4.0,19.544147849930624,143.07214773317042,1584.557770299896,3183321.624844974
4.0,20.079976254242276,140.48358709071564,1155.5272455648442,3089946.6591006583
4.0,15.286556012159151,130.00719733833026,1519.4964081478752,2831656.5925703906
3.0,18.987642256824564,129.53891486366922,789.1656712199883,2832641.420603478
4.0,23.098870670811202,130.9147637720726,1499.1929796678971,3299819.7506294604
3.0,25.481887768738673,128.23214859591934,1156.7759660495753,3049394.8033829425
2.0,17.89426744909752,184.33042802806662,1134.5250180786209,3030918.0033311695
3.0,30.80873244785944,114.2344112481519,1009.3991425587402,3096047.1205852767
3.0,27.001753722254264,112.0101747326959,1153.037533593446,2784122.337572064
4.0,24.637974363362876,125.53018467094444,925.1417917135653,3082041.546731606
3.0,19.63775341801904,145.64856730097193,1459.28393737892,2984683.840509467
4.0,25.74477516075682,131.4221680278487,1375.0566949425406,3253865.566628575
3.0,21.509884120340406,117.32221474601877,2303.095359342746,2804263.8540588715
3.0,23.558669135077725,123.21500801436665,1360.1144418269753,2922312.567676817
4.0,25.965321115847626,127.77739196728403,1630.4191858793224,3467514.9256322435
3.0,29.62291664700567,131.4293586331197,1206.2477645677868,3025701.54152494
4.0,16.65908768116577,108.2506912664525,1240.09394270901,2590373.441379711
4.0,16.012908639095116,69.59066005506153,1432.6035250147042,2251187.1021965425
4.0,24.034591430564042,150.26452092447667,1078.7052228246525,3641980.0982594653
3.0,28.07875543731188,112.1425082827044,1628.37155348089,2873840.4503809256
4.0,31.197705820683154,140.27571022671273,1308.2284290818732,3674174.969682727
3.0,23.904959737697876,127.63020546969788,1363.9441003583133,2864642.192068072
4.0,16.521725026251296,103.92935743598528,973.0768495264224,2846716.8860478937
4.0,22.60101371247833,166.35411460385643,1446.0461567338575,3958496.3759836126
3.0,24.68872444182429,143.74308768361442,1846.0912073986408,2905917.7577055935
4.0,15.098804269531296,141.73051104944054,1596.5695875714089,2988082.4342941195
3.0,18.955172211935157,157.15851282753493,1525.13620951601,3079355.439052159
3.0,15.723583730560353,130.60785794694272,1740.5334785050914,2723134.9389076233
3.0,18.279012309468975,139.091118055503,1811.6892670678378,2726702.9721953883
4.0,25.315839589556393,107.98215917857362,1362.3856484492005,3270125.5281639853
4.0,26.33665346798478,130.0244495296646,1577.5962739593056,3268120.6853991486
4.0,15.777017487820576,117.70582968932818,1510.0545350552438,3016496.928096461
4.0,23.625263055181666,167.0196776077986,1363.9916195900998,3730554.4430613844
4.0,24.66483167072027,102.19529580338614,920.1962138710999,2846007.4062251216
5.0,24.733050972447682,122.03385867229882,1125.7829573501003,3528087.8319640597
4.0,20.7764209713838,147.9812808844403,1893.673756340136,3495565.5683001895
3.0,17.41690546525192,106.6489376559378,1458.4733195958243,2368449.8955638045
3.0,26.881689905404123,129.5340109954119,1022.6199040795451,3054352.756813027
4.0,35.696212657240665,183.30719513388095,1391.6892067355004,4385238.646115779
4.0,23.40952146675391,153.70369590867486,1337.4142930051023,3587537.376608895
4.0,20.380922941304693,86.35550722857845,884.5102722079376,2433992.523607908
3.0,11.811180573415186,135.19040778673423,1454.4119419269923,2560981.9621103005
4.0,25.854038580951205,92.62977161464559,1045.0374239491348,2706635.4677380146
2.0,16.742376818799457,115.11054654339193,2083.868541818946,2085807.3604654626
4.0,30.6222625666498,102.97159590636569,1528.6702732628246,3005373.8260809295
4.0,17.272221031727607,131.14363379235863,1267.3984161109536,2945350.7069726773
4.0,34.947632971719855,130.14758458014262,1632.5441220919558,3593904.9332531537
3.0,32.21525956449656,111.20406999315308,1420.3133634774038,2863899.892852924
3.0,19.15800764331372,142.849053608296,1371.302694916691,2873696.7894491553
5.0,31.895898163658213,111.69997648863126,1821.5119478780223,3761768.377315253
3.0,26.848102250027342,140.12419378977734,1331.4826302643148,3148128.6375349183
4.0,20.753900843574627,148.58616639896692,1834.4107428868008,3316460.5614232235
3.0,20.060478506364475,141.58994808957416,1793.4053597363704,3057660.6932095983
3.0,16.8506560194503,117.2412145165942,882.9891819060598,2465744.761556296
4.0,17.062669419966664,133.64750200206356,899.4464546718293,2875132.0356913605
3.0,11.75613841965471,163.49570440896122,1567.4723917671581,2677996.8018659446
4.0,34.066416706358524,126.4722471869077,1502.8065511598336,3631733.0801785006
5.0,13.660504766515157,130.68270376144773,1127.084760301365,3305461.8377801497
4.0,34.165901788331894,130.70603635753184,1603.9949318482545,3729192.1775119724
4.0,17.751942192400886,139.21467248176174,1882.6843469069447,2974473.479487703
3.0,6.12468357274382,125.45180743662496,1668.5914844965348,2092127.3303932315
4.0,34.956415040094,153.26006557203954,1528.115801773373,4104945.3254191144
3.0,19.894284250267358,114.09970738917657,1367.8251300929946,2323879.8853955977
4.0,31.86677573820175,132.33633006640684,1629.6513075491907,3782317.1188751617
3.0,15.006541537231351,124.47571928442989,1385.5992278485808,2531916.135733439
3.0,20.127311869340495,121.17521373629532,1527.66976320979,2762586.7800043714
4.0,31.018341242414312,132.36859418845765,1252.4461954782853,3556856.1710059745
3.0,38.48812339013124,150.1673734519559,970.1616752418454,3911088.688560939
2.0,33.53465909372491,137.95149544104424,1179.619043391391,2938550.0739895096
3.0,24.17131777390342,111.14179186575329,1117.3611018047159,2631565.5970828133
4.0,21.795630980277256,145.225242251589,1633.807207215643,3238438.479932446
4.0,14.665300311390443,164.35464780113654,1405.1325845635135,3212589.8145822803
3.0,22.974657600088392,138.71121126402377,1023.7665618442736,2928426.5845596786
3.0,27.45972962889489,117.54752851496839,1492.8837182136895,2938184.235847303
3.0,32.80551382400243,155.35947294019155,1818.358827394141,3485707.55634678
5.0,19.099943978930135,132.24712985835032,1835.8547655212578,3500721.7343596774
4.0,31.23833140108379,158.1235676806125,1103.9268688294906,3895140.0775490035
4.0,14.76315568013761,122.01123378672645,1738.669280269394,2771978.186256852
3.0,24.057771708937292,117.77571756830594,1504.5816984044534,2512433.7121220045
3.0,33.42591046084718,145.40329336988714,1212.1897509226799,3540676.5780138145
4.0,13.101327444786827,74.67289241407634,1715.038916187896,2075046.8184150518
3.0,21.65674048681376,131.5823468375653,1144.867770276051,2930355.923573688
5.0,41.71078595036296,152.59416933176615,1755.0940176429974,4649315.71985477
4.0,9.931843014460913,117.7192513063888,1498.7420626147089,2642388.0303760106
3.0,18.934924577486665,110.4251586499575,1052.0392910891735,2510682.296545864
4.0,34.658377531675406,133.0338882580329,1593.892685244317,3716706.299631312
4.0,27.502835236974317,122.1634584937677,1634.0490624637116,3456184.381154178
3.0,30.867965856863304,160.98204545287376,998.9325195163468,3621119.436655074
3.0,32.83543236833501,132.1724105573221,1183.1467079697934,3448440.1667103567
2.0,25.731778312289574,146.64602704998106,1394.9259045594013,2910870.3303354643
3.0,21.269395702805348,133.3829511909098,1424.7004295376112,3015163.5059113614
3.0,28.35932057832238,100.85515528136241,1370.170077685431,2708480.995467944
4.0,23.060794432078378,119.93672753736351,2157.3543936811275,3081327.1631598948
4.0,25.969585265764376,123.74412192005212,1470.4923329946964,3460757.0105196084
4.0,25.930986752500893,118.55388021880273,1078.0909741666737,3222573.7953476007
4.0,19.096258966703665,123.57740676285302,1263.8606872339014,2849758.5505008474
3.0,35.442552630624135,74.08863816385046,1331.5237375433042,2578378.163409343
3.0,29.279276446408517,166.38288106665044,1286.5219578800709,3423676.1028948785
4.0,28.339482298102826,112.86784869452157,1744.0742155524563,3040311.3933534278
4.0,37.95238680342519,91.87901901773037,769.1451406817641,3563914.3804517626
3.0,28.635829597319447,90.8466055136199,1651.3359056213972,2496075.906046165
3.0,17.333885941941894,118.78250313937744,1348.0595961709523,2604294.1094053574
4.0,22.337181874028968,117.24640732255622,1733.1200250461911,3141681.0429358194
4.0,27.177805359094748,120.28067992415588,1807.180611075244,3178842.092586938
3.0,27.202978041766524,130.73012162259135,1005.1832665092561,3157448.9238891453
3.0,24.908057270609564,142.83693903501828,908.6527763050851,2938433.345541998
4.0,32.254432055164955,89.83762458594614,1831.736996643053,3006748.738673197
4.0,28.245726516182124,123.2575152988768,1336.8504970839354,3378231.9881518087
4.0,33.30294602900774,126.45320359107968,1300.207852134651,3544985.351687145
3.0,26.07634637394744,121.78192882110861,1581.907963450778,2669358.363490099
2.0,17.44914319277885,130.24359271004346,1681.3675169534793,2237717.496018571
4.0,17.061398530348846,133.9954361829602,1950.214217373909,2915840.416599866
4.0,23.05947194580242,124.48894928249464,551.0518007531896,3240719.6202354426
4.0,23.75001704935872,138.28437877519957,1626.1609183521084,3423676.82584346
4.0,13.033080963872157,107.76234839714444,1913.6759928089248,2582691.549386764
5.0,0.1,138.821717773932,831.3842756150884,2854347.458753333
5.0,25.01117932802323,167.2862598034379,1556.820707696326,4178450.0266128816
3.0,20.330629317743867,121.00948994630771,1191.3582410542879,2465583.2803927492
4.0,25.929119615093665,137.50869896244973,1687.6192998823537,3407150.5059288964
5.0,22.89940792716622,143.36877291095902,1403.8607505199268,3750579.6653785356
4.0,29.692049612332575,110.15339136522789,1228.7452875433567,3096050.71221679
3.0,21.800034326589856,124.03739352422954,1488.1825295587762,2760815.8607618455
3.0,22.783614221315574,111.43244296997398,1669.7227393316846,2688789.5634656334
4.0,25.239188056584993,144.03499139492916,1750.5118082544122,3645391.924617645
4.0,35.50684330444061,94.02166745168577,1591.0154437611832,3403598.8769932594
4.0,28.021063751594898,148.63387081600865,1057.2371279139481,3680489.3301376333
3.0,20.4019044640948,157.70740771811103,747.403576442113,3245578.083419792
4.0,25.98410893256932,109.10652250679195,1164.112312466452,2946417.9991192482
3.0,29.098691491515254,108.28697968734075,1089.3344786062862,2687721.625584089
4.0,15.026222303915985,147.61141571474542,917.9672414754115,2997400.3771797004
3.0,32.03956824879927,171.46445633896744,1823.7236002881805,3971355.5305077666
3.0,30.504872054112067,137.76129606610704,1252.3375826140234,3364124.053086853
5.0,29.43439739954507,141.5379294488556,1493.3843656349977,4213814.649061399
3.0,28.451463596198373,151.54405719252082,1211.7329121156156,3554043.609602811
4.0,33.12029078657591,119.71840244998138,1562.8454511126456,3617266.916288109
3.0,29.599394168592383,82.16053709967619,1547.213317578261,2579803.7089116387
3.0,29.695598481924698,93.0240571706862,1070.8853857058461,2704860.320939551
3.0,34.48635775369386,151.24885862604495,1475.4808419437325,3686429.525749524
2.0,15.224001502941347,138.71589827775784,1450.0159738661025,2369133.4639370563
3.0,7.201359087303866,112.68352170681352,1517.991605740079,2082792.2583977897
4.0,25.08554122722394,124.73593549362434,1599.517955450386,3169014.36859339
3.0,31.166340534878668,166.900238265878,953.6844273785339,3763896.713096944
4.0,27.865641694824628,134.10775642217502,1620.7990100314796,3669402.4193755887
3.0,28.848145251423084,120.05464075943573,1452.2952530946957,2992570.8952196008
3.0,27.230234670687437,154.39886788684666,1298.1423340380584,3226252.9515563054
3.0,22.934957164842608,106.39652063649805,1249.8729983823284,2541265.666872011
3.0,24.29622089048915,118.27671363267248,1239.2765790696974,2907508.7825216823
2.0,27.956175764614866,132.65240188458168,1833.6031626511408,2800944.9812228573
4.0,23.852648695869973,147.46991006306567,1361.4590195827984,3537693.5391110587
3.0,23.311112072545054,112.73896997484707,1020.9766052636392,2792437.9710116033
3.0,22.119792558461217,101.14610006990968,1619.9061441103538,2197486.9843206163
3.0,31.89885110354241,158.76100748203112,1237.3320224017682,3758260.0614230502
4.0,15.224316027414575,102.83860088198774,1432.0973695748935,2653922.2247714293
4.0,33.97159643188514,87.94751084731496,1509.134462939701,2966931.908039693
3.0,31.50157775748605,112.6351392952871,1719.1733735792827,3024795.4584693983
3.0,22.002138116395695,119.70730436811732,1312.8060684403429,2664527.3118638834
4.0,25.985708150378883,142.4184271670265,1554.5863063287609,3776599.568694793
5.0,26.182878736881868,132.34530180857027,1003.7792167619973,3739642.887515079
4.0,28.879752046317304,135.51514268931874,659.7233266136485,3520464.5281059784
4.0,32.785759453925984,119.50199742524435,1206.9026100422739,3393404.4469277225
4.0,24.504627143369348,105.21075732317314,1453.4539870728904,3008828.27519341
3.0,21.624047162872536,103.57563917136231,1368.7065742929688,2468609.788350695
4.0,31.31492822681539,137.79215971372105,1212.4577928271085,3865986.086539284
5.0,13.681659564426953,166.926223873336,1509.2875178878387,3761034.5178086273
3.0,30.692620464712707,111.74754500440014,1634.3922288606336,2960392.755452402
4.0,17.19639097358271,115.79342250545332,1113.4478445727523,2908282.1448106356
4.0,28.493945907911616,162.5106243688061,1236.550327837546,3981631.57827287
4.0,23.217738957598637,144.10466089161633,1262.5571463738038,3610397.418985803
4.0,17.47571077703095,110.93074963080434,1260.5824909813286,2799536.303865277
4.0,33.64894300338641,166.7734682139557,1745.1177909593068,4129582.1511302646
4.0,16.358882379090556,116.36557702404805,1546.7748452448864,2817019.357905191
3.0,24.7256916138444,166.61170672813267,1978.4580406182788,3589728.502472294
3.0,21.50488165472942,152.72211007331373,800.7699569827375,3285436.776807383
4.0,48.635047546657006,138.6953547734575,1702.7241646021052,4281448.077830061
4.0,23.637274750221682,109.34314163283454,668.7646494477905,2957352.8889588816
4.0,23.065454569182233,98.86327969423664,1516.0633774277812,2775085.566773946
4.0,26.851537975987906,119.8465542032427,1203.7302539940415,3139332.661737268
2.0,32.51148221665871,141.23809161477573,2057.261923821656,3071451.5379093266
3.0,32.415297581424106,135.23895198330575,1370.3326578440222,3470054.7035203497
2.0,25.905762864549093,164.98662853611586,1935.6353007529276,3012063.151305519
3.0,23.47982457118937,126.17853118413836,1210.666711933601,2784037.1699297084
4.0,28.51147086506856,156.3800902308633,1317.943086628299,3697253.1002941052
4.0,38.60659151467942,118.33551035764992,1328.73474797415,3548136.9497877522
3.0,24.392299765353943,84.3016098237566,1235.1227081258312,2001861.6298503475
3.0,22.007843802054566,120.65559181864154,1087.1290524851997,2715122.463040011
3.0,20.733047899074414,148.12341983761308,1331.676947963609,3116449.180338483
4.0,21.37219067957462,133.56384466254946,1527.6178638506767,3062194.3407615824
5.0,14.746653013300502,125.27440917231633,1707.7364144967623,3201093.1378018856
4.0,21.046186856723796,165.41975357151415,820.9656375006748,3563772.5203992603
4.0,28.84381012828494,105.82191720100215,1099.1814707299613,3318843.922842514
3.0,20.355714612820297,167.67863249362176,1271.2429071831175,3467787.787713358
3.0,33.66183586376217,99.85663108194068,922.2575454252001,2992319.97999896
3.0,26.086865504211783,128.8914301188174,1829.8581535393068,2890009.4003448724
4.0,24.965140386770393,121.86148945222826,1566.3719010484199,3253009.43197368
4.0,23.456598744813334,93.65445746310064,1666.302039014515,2878903.092025632
4.0,18.798713554685026,142.91321808371686,1002.6101389367191,3098799.377029524
3.0,31.75401475616895,120.29476472655027,1637.8908904528494,3132077.7047378477
3.0,28.39080277520074,139.28523708305028,1863.8547909551098,3238346.928486064
4.0,27.45821004752421,151.7286733385211,1282.2804602065394,3660037.9437524816
4.0,18.004036868960373,118.45775599096658,1463.6851996167038,2913233.4979562946
4.0,20.978727174521456,100.9336711599172,1439.2655253488297,2854311.219164379
3.0,21.36780465277778,85.59909251684482,1347.7841359403776,2049938.4022099704
3.0,18.58167653149485,158.19736900974374,1369.576209383207,3223853.4402999897
4.0,23.785015896520605,121.68930470564062,1308.420463919021,3419499.441799315
4.0,23.912373089853048,104.1914847967908,1294.7771729680203,2721672.4104650635
4.0,17.504081367258447,101.36828823783122,1320.713284689682,2441650.435674058
4.0,18.514848031777927,161.57788769972612,1402.9153349749454,3665253.489269637
4.0,17.74543085207535,99.79814216335365,1398.7733714291555,2436798.1388489064
4.0,21.96242653246763,125.45815374438837,1711.9907537610818,3011425.886895465
4.0,26.145204064363355,122.10967744417317,1114.4754128350012,3369111.5862387135
5.0,18.15612325032806,134.39031698319047,1247.035196335145,3452072.3494163333
3.0,15.9562159566831,160.2020623548855,1519.7438714720254,3067311.081220934
3.0,19.426840513165462,129.34224419675775,1579.4414951236754,2711507.8347332496
4.0,27.513737658691394,118.50686386853704,1815.3559296063775,3141326.450347078
4.0,23.200676674821793,136.17414704349568,1936.0812554039267,3627106.776505549
4.0,30.34950756549827,122.16899866877634,1482.430176885669,3461777.7389704436
3.0,19.1715189201691,125.37270570695466,1528.716874522086,2714884.067868567
3.0,28.478112461501205,132.3940828811889,1405.746009873827,3177518.4775971714
3.0,32.33271144891758,109.25057462153981,1067.1084640489362,2667112.079720005
4.0,29.34156010202691,133.82558719118438,1501.755337315916,3592218.3361924095
5.0,25.598525285905886,167.09084447171404,1241.9849361493086,4206696.77718944
4.0,13.25965791487555,102.8902821400824,1249.7819632022258,2695407.124256964
4.0,18.774418997878865,142.22060277326315,1378.318321314673,3089573.5096057383
3.0,25.27667049244892,132.1296449787523,1475.992521877028,2887990.9317146344
3.0,27.604868134010918,128.6603910238635,1620.8815431910082,3220673.8104054336
3.0,29.030307952231734,107.78430231833813,1589.9732174511141,2667430.167146216
3.0,19.731045842939594,112.91517999582189,1933.0529717650693,2496371.3632558845
4.0,22.30288293720473,126.2004319475189,1736.5570293191024,3283564.8330930164
3.0,31.838607114394787,120.81031438269866,1509.9354079154905,3258345.2762385593
3.0,27.98971155557799,113.52691636825767,1295.7823756391372,2834411.8357581785
3.0,37.61473276353002,141.87688691409355,1391.332745531843,3457534.851029566
4.0,28.411473756863344,116.46041401075412,993.3467315091506,3322221.6867972994
3.0,23.705364350705697,98.51344271156503,1491.9873178138637,2549359.6248685457
4.0,30.43806578858291,132.98656803158974,781.8184553932579,3607054.2681813715
4.0,21.56143915603752,129.39543276913622,1650.5609455935526,3001595.9040236888
3.0,18.424994189933447,172.75006154267936,1581.4565782123977,3393601.425792945
4.0,13.660005717552739,133.95163911771408,1919.747485736265,3051466.538970721
3.0,16.816762687913123,133.58624481938367,1132.2788701985871,2465918.6300606485
3.0,28.836241310131463,134.24685296636812,1175.154801611016,3171309.741970351
2.0,21.456065486225015,73.194080187679,2015.8722921764459,1597305.5208739196
4.0,31.98936641070595,114.0649993163405,1217.3016960674333,3266191.930356224
4.0,15.004707003328916,104.44644040661137,942.843671328497,2443178.9584067967
3.0,23.07781478031423,142.58299692987543,1286.8408753397255,3148836.2666954105
4.0,29.23501389722137,148.0392837393204,909.3007996752162,3631901.7604960697
4.0,25.440799933195862,136.22210327126948,1652.212951221173,3498447.7082305285
3.0,24.995418542811016,100.08957997617814,1581.7441776199148,2625172.5851675365
4.0,33.92488299440616,154.5470971087497,1590.7046698420538,4306172.624948704
3.0,31.202700256302954,140.79987185021582,1121.4515186991384,3385086.9824187653
3.0,17.973635927792134,119.14675923933984,845.1625585903284,2286285.123804914
4.0,24.428630334552416,108.78949362155132,1513.3438854985386,3228232.2507246803
4.0,25.103160140944716,130.36457656953857,1565.1531098474136,3223898.786828453
4.0,25.15469342627201,109.08496931886188,1407.7446691462474,2952690.2984621734
4.0,25.263444379182264,127.37493528757686,1225.1673704136942,3153840.0419245325
2.0,15.234704417044474,148.84046626939124,1149.8857176363658,2425821.083263901
4.0,28.817933130532,155.4535061373818,1032.9084434639685,3997386.437228357
3.0,22.448994251431436,138.92308501422934,1480.8282443379533,2987206.230323804
3.0,27.03285350920105,161.25728829717707,1151.0083539727077,3294063.4039786286
4.0,24.102954184943812,164.4327237867203,1292.4031270453345,3600610.5831165505
4.0,25.21373685602668,149.97317130962,1238.9247053955312,3897686.8799357833
4.0,17.074318318316486,110.62352535429983,1651.843427882103,2659846.5387403304
2.0,34.386953140864705,119.61294458457095,1291.49275905574,2636646.2747163745
3.0,19.29043450333058,119.80692691662412,1004.2471460640686,2723765.825273944
3.0,28.469712256809483,119.43618218149325,1033.0445579096547,2901748.8737218343
3.0,24.90225658369413,139.47056238929574,1140.6018657821605,3079772.2469840497
4.0,28.453964805775662,154.3391653914366,1282.0409905119086,3657003.939348985
4.0,19.363248185104005,93.05950173079714,1438.5702067191144,2740578.325618457
3.0,21.642877995212725,139.7712371386484,1789.958344624815,3123580.786048061
4.0,32.51158022866059,168.34569961640955,1695.4326442849708,4463507.67598994
3.0,25.302817707346737,116.96905366113185,992.2362171941102,2727616.314948526
4.0,37.1320093357817,118.26452230711305,1125.369909923997,3640686.3946370822
4.0,27.649152837463546,125.96533921146155,758.811872076804,3392346.177265763
3.0,24.461474379303336,106.63354985727113,1898.9847432548306,2313842.1961018513
4.0,31.750508214812328,113.27590006905163,1799.6943025310454,3427742.8940489716
3.0,30.27059069624447,136.29078884036534,1613.1824941568193,3433582.5180242755
4.0,23.0627952494822,129.62886766178087,1203.526954638251,3309980.9293671735
4.0,34.141254385426855,147.08811998906953,1784.192582955785,4114696.06774002
3.0,33.103909502810836,122.56111578668202,947.327587591186,3244530.6613947363
4.0,23.781639557912715,132.20890303371527,1629.2935276584894,3452764.5280751963
3.0,24.145360572672566,105.18590403417754,1465.2216385698007,2473156.1794320717
3.0,16.678954185740928,152.10853112665978,1589.1183403307118,2764085.1389501663
3.0,26.092545408722863,129.34380186052255,1301.9936262777142,3055401.813341943
5.0,22.17511343573889,145.43506298825736,1646.0119189491822,3914612.737005939
4.0,38.230428095623246,115.46035043390052,1291.6036381060192,3769134.762092932
4.0,19.12246049353305,123.84705264941374,1142.7775663854436,2845300.836040493
3.0,22.810788781482934,161.20945253170163,1301.5642502580358,3336553.608534766
4.0,28.14487454417116,137.4251769685444,1488.8683560461054,3392648.7379130325
3.0,23.924760079800883,111.35647521980766,790.3475192065926,2789678.652260735
3.0,27.631464233169524,104.03812095984799,1235.2934296261992,2597223.1211401285
3.0,22.004573269539872,133.79749804536763,1819.920739408847,2716878.545967061
4.0,30.506567135741708,133.18960946433313,1723.9633550279555,3572303.546930268
4.0,20.696393223001753,116.39696451088975,1573.0251832558042,3193247.3299577544
4.0,5.326397429322117,112.0007075833596,1735.254581987557,2219857.7463354217
3.0,21.253131827874093,95.18145409521227,1197.5608277769772,2383076.38373907
3.0,33.46650208130075,122.35379247158396,1378.6314931633208,3196419.248657179
4.0,16.54157947763103,97.39697084299601,1298.6190892721663,2635390.3342153495
4.0,12.25631797880879,119.5769180751846,1555.1769355698714,2510850.4295268804
3.0,31.192859197246086,106.0954756155764,1398.740251346393,2772569.9812937644
4.0,26.362886213523282,113.09278211244782,1891.8190854709362,3036161.678009087
2.0,23.654006866122046,99.87987861152007,1670.111157259403,2092992.0938415579
4.0,25.20746590082395,151.56387733056425,1440.683293940856,3547493.2698350693
4.0,26.493261966404038,141.81120858682118,740.8851028566919,3459715.9532660525
3.0,30.404268005786882,149.54999702398942,1725.0633509259915,3571298.930956578
4.0,23.505989166664218,105.80561758165831,1752.361885358831,2946567.8627689993
3.0,28.29666371249483,144.35827242199474,1291.9632561254018,3032200.3056112467
3.0,16.0283754625399,145.3192642152522,1597.7201315089105,2724131.2649097657
3.0,24.19789047192311,137.40347770190462,873.3418515556529,3055431.7818869445
3.0,23.164044342011174,113.83021353470168,1316.4782468325375,2648164.7978083296
4.0,31.93953488538499,132.68843238170757,1629.21981643477,3503883.2238254785
4.0,22.539840635893583,134.42409857134055,1979.0189201034284,3244921.232918443
4.0,28.152839785215,128.5157829860172,1032.6106030914434,3323632.0323563362
3.0,27.896358397580023,113.54364286002387,1101.487317958277,2834773.3595280144
4.0,22.66543641348193,113.51808495644757,1388.7898625077876,3115378.1229677205
5.0,37.56099683037075,107.5748521464788,1011.4484154194917,3838153.800953568
3.0,2.0805595121331635,149.59047776212347,1347.3190274107537,2376329.757811865
3.0,11.343474354883488,111.01099343329072,1151.1832956432445,2193465.213222366
3.0,28.05784174784672,146.89761085180817,1537.9370839862415,3448046.715591459
3.0,19.804980234325615,114.57594517739429,929.7619258663042,2491776.3822073955
4.0,26.84996011561031,136.8053917046616,1174.6963619316207,3346615.1188203436
3.0,26.881433171539562,135.8557969609181,1383.4034166085548,3292014.590444709
4.0,33.87296392911926,149.00879866176666,1496.163272302388,4189378.549648211
4.0,28.86967948409702,98.13626711519908,1669.6310879560667,3158895.0173910507
4.0,31.093004232264317,113.20080131931917,1346.734638589437,3425290.587405325
4.0,20.0685704439188,135.84867160505564,1438.4591382597564,3292734.185340015
2.0,22.337336531605356,138.88350218913473,1884.951561903375,2521674.014142212
4.0,34.75367418686862,137.47575520903945,1800.6998843020974,3862873.2062830287
4.0,35.86145121208293,155.5966566874768,1912.294405455404,4325186.252328183
4.0,12.74679549218434,123.28694082271134,1243.4901704918477,2607657.7049110336
4.0,22.877629630669706,128.2523359455678,1806.6443939359835,3160181.7015938982
3.0,37.09824365069661,150.74726761138007,1629.2499043344567,3748164.495979578
3.0,19.320122095404912,138.4135781210934,1917.7445365317594,2714872.2621656717
4.0,17.82239220958544,119.4743563170885,1496.2799783395187,2741218.690945252
3.0,19.291818116841835,151.69564299180007,1784.4315439104823,3153844.8299395526
3.0,18.69163203836894,99.51495757239113,1446.0366392730002,2102448.354409958
4.0,33.89566018403828,136.17095107219052,1775.2894838207062,3789075.40318403
4.0,17.089116620238524,134.75038370582934,1017.4897935002612,2997746.4447831823
4.0,19.772295784144834,131.55048491715112,1515.9096601996873,3303312.986929154
3.0,24.810105256687063,145.372907960029,1124.6855412434954,3279932.644101638
4.0,16.63719122903283,132.0942087968303,1896.1206822459878,2965909.4820950283
4.0,26.860581287703102,122.75194222390192,1413.9863817473708,3306637.13418039
5.0,32.695642854194894,96.4534853037519,1385.9124306068688,3561591.3372856057
4.0,32.78456264553829,146.58006265845012,1369.8705499171454,3730120.873972123
4.0,37.755394521282945,141.64345950163926,1734.4085004845751,4104080.895128013
3.0,11.92300965963838,119.41265037041259,968.2507872952689,2304502.5200870507
3.0,38.03719584471781,147.41410859290812,1773.5474062351193,3636926.4471182604
3.0,30.867237929949507,125.78700609641373,1531.353274079276,3225559.9654769967
3.0,32.76957371572521,140.8929622310307,1347.2045887429867,3468826.3660308016
3.0,10.941442330573977,150.41507565142254,1290.1844402256445,2428094.7186112767
2.0,20.282977187316277,161.78604859466355,1806.611228031839,2572324.6376116667
4.0,32.48747950752583,125.17033328087636,1415.3743601336816,3615163.8534535044
4.0,27.924325461141258,178.45156096462154,1012.1466995184136,4044929.7076225174
4.0,27.957790276678214,176.24589027144444,1925.5424941264496,3994192.1192785455
4.0,25.315776910101043,115.5264722801895,1614.94251678408,3322319.153300147
3.0,27.87363943306155,135.24958519608424,1486.400771383113,3303465.075789093
3.0,15.671405973670925,94.44857048858736,1234.7947019944643,2002064.9075972196
3.0,28.38390401486628,119.9718176118073,1336.0117224191993,2929443.714424258
5.0,33.39568089121156,145.40892986467412,1590.7626383507497,4257368.717932535
3.0,31.23666615903732,148.90689406583297,1047.0987826661558,3561006.8706369083
3.0,23.46721954973944,116.57782381646865,1311.4680885901678,2840884.078587761
4.0,20.95787780098036,158.09474761874435,1170.426014473409,3756705.511747998
3.0,24.94398490469777,123.45430670976995,1013.1304539011837,2721520.777498496
5.0,13.318607016689096,118.21391992053005,1711.1625631439651,3144784.3998510297
4.0,29.014379467250098,135.22168234953216,1325.9826545818707,3571883.3310061553
4.0,24.755080385418736,144.63600267281424,1151.3934946812847,3366757.377599903
4.0,25.177652506092556,129.0936996820175,1585.4319470376606,3316106.198443585
4.0,19.277862077560457,129.94399574198422,1829.3061487055218,3207423.677999391
4.0,11.590306180862134,144.39510595603483,1465.4952618299365,3022025.3948612497
4.0,12.984861770318636,155.59692121502712,1460.6071082426197,3226625.6557203406
4.0,16.77211930148587,129.93040678087925,1372.1870036005619,2907088.097117368
3.0,22.130035132938158,92.94884262019903,1630.4710016387876,2209823.409074712
3.0,16.657802128932495,106.37910597639848,1625.0166396946988,2432196.6633075504
4.0,24.793092085592885,117.01491867971828,1295.2668298292601,3197188.6493125805
2.0,18.281674045045904,122.8765269389682,1667.240517461487,2172814.154839912
4.0,27.661453892291327,142.64152081459164,1833.5736756580516,3462729.2278276207
3.0,34.88070611080823,143.30847801733674,1458.106499323159,3716283.831762011
3.0,21.49504489795344,138.09032001917535,943.7682796458165,3053639.277181685
4.0,13.09475188301399,153.85166779432927,1540.0888012021562,3240850.2515483364
3.0,20.046070834237035,125.90644719477226,1494.1185794132916,2629695.943001746
3.0,14.579738763339792,111.68699883408306,1661.2929327989896,2262368.8741240194
2.0,15.897870775952711,120.76671894144732,1483.747495427719,2072360.866316483
4.0,23.63786535688769,134.55816235383907,1259.7218982653253,3456866.6220815126
4.0,9.68464128874841,127.96522123055428,1691.8783934499063,2612151.7288923208
4.0,28.69705087272797,136.9026035455,1171.1901223486784,3716585.5722086583
4.0,28.33824316120008,144.97071756291766,1619.1286208467109,3720903.540520635
4.0,31.898362091286884,151.2947964122588,1620.2345274888519,3955867.9925439507
5.0,7.550871876419053,95.3122920240973,1132.5804773447012,2655661.819496032
5.0,28.453156551909533,146.89006103175598,1386.3719458638618,4131478.2045251117
4.0,23.28345595110989,94.75429205410101,1354.5793496173608,2856608.45624263
4.0,33.24269012994558,119.67390669952445,1398.802531010326,3545989.1243650964
3.0,25.963457348835984,182.44542350409517,917.8039692137577,3913527.279465054
4.0,27.99432808059808,132.39824245267891,1769.6813490342097,3417237.0834256057
4.0,20.133961205478503,148.62334801780065,1588.8640361845603,3331199.438715098
4.0,30.565627239453946,110.28350461446396,1188.105430047736,3151091.409500051
3.0,25.950082109879446,134.66972779351192,1390.9396660986945,3234778.8766690437
4.0,25.57110240039225,150.38977600714486,1428.6175081301717,3727552.728702228
3.0,24.729847702042118,148.11699531748812,1828.5993384225155,3214280.0549949897
5.0,34.604696703147624,134.8951295734501,576.9383283596437,4165775.21332538
4.0,23.27658597395712,130.28069210054042,1898.69311711726,3227227.0354788485
3.0,12.27253379619017,104.06376237801189,1636.0426772490455,1900345.5562615837
4.0,22.56054709890817,130.4554930449073,1124.7075302569906,3139078.5827748193
4.0,27.72700951262249,150.38936267977536,1523.4281243770497,3746683.62330728
3.0,23.70076599393917,128.88840729661132,1669.9854338660527,2798882.3596570846
3.0,10.075067668706676,171.2236576009238,1748.59470063558,2735455.48635328
4.0,34.46944964900942,134.61292276523,1630.4637162639458,3833521.5900726807
4.0,32.02999029064637,160.9097853692043,1543.117380813879,4047461.0987003157
4.0,14.690638219232449,178.90232810463633,1626.459931276691,3434307.719120397
3.0,21.553685694396403,173.34418260242987,1620.4906261295075,3297671.651262818
3.0,25.195764897062965,123.30312595074969,1158.3220053295013,2731772.4431873607
4.0,29.05282105102846,131.3904627168164,1136.5172106711686,3359038.7955110236
5.0,39.8411364719705,150.24312921664242,783.3549704852496,4646062.880204655
4.0,26.913125306149244,147.91460582860284,1447.58278370937,3547851.7453162638
4.0,18.787460319652507,124.84110147745095,1657.2442922337614,2967722.193334657
4.0,23.62958349654611,143.31939268232117,1001.4326232581268,3643508.8944836245
3.0,32.048966323711326,151.03304082840955,1091.2293772222129,3635677.5754717547
2.0,37.910270144719924,154.34233556862523,1636.5981721598516,3473006.209018372
4.0,37.346940904475716,154.63493971679094,1868.4857233339042,4074320.3937460524
2.0,31.57904357455724,122.68824487284658,1642.8069154365887,2658408.9849517075
5.0,20.785139058807108,104.34325100306015,1442.0977002100365,3108015.42017341
4.0,20.60625017476857,150.63711840038195,1197.7864821980831,3658319.6615715534
3.0,31.599303415443938,141.87202757614315,2009.858178795489,3425512.445542286
2.0,21.375433593342137,140.8432467555205,827.5812250862024,2555464.771243682
3.0,32.86466912167237,108.20641862059023,1324.9190988976766,2852601.6175427223
3.0,29.33635918667803,117.45979879565758,1207.787875312985,3083911.1599728647
3.0,33.156570170558716,122.38951670311397,1350.6399910201683,3094132.784714251
3.0,16.6603748821933,96.46683004637231,848.771539563091,1903474.4800498472
4.0,33.93098030114342,153.94971672348578,1482.3040972485114,3904023.564933996
2.0,24.789023941150933,110.18695305376913,1578.4009168154619,2339494.859252698
3.0,23.759769159424444,130.18258869772708,749.6321091926642,2896624.032389443
4.0,21.04010940611629,133.78781518251907,1608.3911839598713,3208703.554813048
4.0,40.682480393307046,125.04751916647419,1795.9796343065257,4008506.9888983667
4.0,17.30142196989075,158.5334511299407,1495.6093168775835,3475971.3102208227
4.0,8.527980806249156,129.30915720008664,1752.0378637353565,2739736.943342723
3.0,30.361025748966874,118.79779403577137,1259.6411490264354,3167190.988788574
3.0,19.828986723391697,135.55734667422723,1367.7166418543704,2948243.6219269573
4.0,29.895202708942996,114.71726413729901,944.9896322982858,3162492.576638024
4.0,16.515349080230894,136.09170001999735,1171.2183437758922,2951520.1389386584
4.0,29.262775588962697,152.19934397649197,1613.0811899698756,3784021.2602406954
4.0,24.158994955808623,142.54018360426429,1637.0338017291904,3388916.2377590924
4.0,24.531975912185416,134.62194589524142,1727.0004080671981,3543613.981043199
4.0,19.788356189079682,97.67983294019663,1647.6320565989492,2654796.258317833
3.0,32.2809350922473,85.97266737159737,1597.0782537294515,2562868.1654315703
4.0,9.794399908089616,121.40306718844698,1636.762972425776,2485793.635206827
3.0,29.36426518925513,145.54392827359538,1817.890737688731,3191752.3164663604
5.0,33.19856199028383,108.24538695279716,1273.9306411990406,3735472.2293692837
3.0,38.26641606076563,121.21369307162178,1843.2064361083064,3472588.0614462732
3.0,20.32888073008491,123.177598540612,1940.035142061004,2429021.1451603053
3.0,40.13412619155898,181.62259968750416,1312.3079943492926,4393876.086269179
3.0,22.8807284494198,122.03993347302858,1233.4172904582508,2725644.568486261
3.0,21.47801335746121,110.73160860297976,1509.6003395352236,2507642.9282561317
3.0,20.90346327539887,138.36786150421366,1519.5211471594798,2976633.8647110458
3.0,33.709220005514396,110.9071329201847,1453.3668423441106,3210123.307492981
4.0,30.058618398981842,100.83304549317809,1603.1961230249099,3338202.860682292
3.0,26.651900110777717,156.54935236520188,1354.1589900391175,3430716.6168680573
4.0,21.636092713566473,111.92722353478979,1366.2982094773404,2918493.143306506
4.0,17.447251527877956,141.96463694559463,1679.3665541691216,3200672.110768383
3.0,17.73979676923773,106.03881008465616,1244.569657669275,2267312.5259440476
4.0,37.22090692693304,141.4823130459861,1079.6379796058127,4018814.5553123327
3.0,18.370833947733065,111.4667274551949,1129.339717931103,2193892.6318356795
3.0,26.563812237950327,175.97297430682727,918.8539877748442,3843201.6193444496
4.0,33.50936476519099,144.54172648219608,1585.128776992875,3881900.3683503033
5.0,30.39003626790542,122.808768671449,1203.9598570703058,3928194.8880017656
3.0,29.48705597337109,84.05101754454218,1333.425329562275,2540563.8593312823
4.0,25.709591137082377,121.52148300629703,1659.6292928673515,3090230.8653444815
3.0,35.08899066814735,174.17139608011854,1315.0234803893231,4026494.5008407286
4.0,21.534179715232646,93.9523600534769,1573.6342946743664,2886827.304045949
3.0,31.609812620996514,139.01437122583118,1366.0162319583708,3101777.8409853606
4.0,24.624650522379707,107.5308071635749,1177.802054163863,3046917.300408017
4.0,33.80522125473668,114.85729459630195,1225.7022555919282,3672266.475275352
5.0,25.648658361999317,128.53689155108123,1457.033505187504,3733514.926090829
3.0,28.248050818775056,123.46387219794082,1458.735764454007,3106355.711520307
4.0,31.615358409481242,97.78230522474863,1092.3686541365205,3067869.030565675
4.0,19.92086055229369,134.3572095201367,1606.405894218313,3240533.5769789107
4.0,17.44554587697599,134.10845365905897,1689.2631242060331,3018587.176451266
3.0,23.023633956673496,127.34787989591793,1602.5487760331505,2743070.083163621
3.0,21.224377775490606,102.52733199020581,1675.2710404325978,2579749.617386165
4.0,19.26358911214462,128.10602782380403,1454.6947019068314,2962741.929293557
4.0,23.396156379581015,166.31847157673133,1538.2348733457984,3906323.1340710265
4.0,25.083633867692424,140.1320479633967,1524.6122751971525,3681909.9262765027
4.0,30.56865031023569,121.72152785262568,2273.751511733534,3375826.4534821045
4.0,21.892838638723777,133.57532262658745,1200.7420519102423,3276535.0280692047
4.0,17.479122815969184,169.19357040067385,1439.2494397027197,3484887.4199037063
4.0,32.646317985688675,109.08855569781474,986.8974984189537,3394052.5974346106
3.0,19.014602591669426,146.11586325234163,1589.55914740417,2977559.138182421
4.0,9.701319708033038,96.89117303824476,1289.8619701628602,2087263.7297393805
4.0,23.617744418862735,139.59624725065697,1037.7767504481678,3261781.9896447035
3.0,16.287201901486327,124.02801056359719,1640.0870713520285,2651826.5023103124
5.0,20.93968092893319,103.58128459908339,1426.3869597502894,3117609.0402649418
5.0,17.265818868259164,118.45700786007276,1611.6913837058798,3433454.4854037543
5.0,27.3182820788121,123.566400686778,1627.771192410093,3644061.5448550186
4.0,35.50449400022314,133.59672813010195,1237.5216311842905,3638506.91585196
3.0,14.343485793670128,121.35184061840651,1282.9999602422092,2284396.500932691
4.0,25.88784978619433,144.3006279715906,1043.5530027754578,3526795.957190698
3.0,27.33896367169233,127.18863381749053,1696.9368800387379,2982856.848934382
4.0,21.021290844391856,111.57335849251612,1624.1052023351133,2867427.161340585
3.0,35.9606836554588,132.20054614571603,841.4444448267708,3553238.3015876277
4.0,26.487034493960657,168.17892636717818,1339.0408980372206,3761721.654597133
3.0,25.727323066965834,131.265210026964,1555.2983008828373,3113268.4667234877
4.0,21.666088668385445,162.85289256415803,1424.3542736476254,3789349.01409577
3.0,20.137570057641415,117.46533310797811,1387.8998710780243,2736323.8864838434
4.0,13.14395842187348,150.79793439041214,1333.5738522709476,3102954.735412395
3.0,15.685899740783766,134.58252802590476,1257.2360551311929,2562859.211232396
3.0,22.157873059060417,118.53395762925828,1482.7670171698048,2414094.49961676
4.0,20.743091909328626,120.05095820762426,1571.5479780624648,2988602.484696636
4.0,25.029781663173505,120.93358951986691,1259.0879212558325,3359327.6758740298
4.0,13.622583323309863,140.50890654740124,1637.3213829261576,3130720.774341396
4.0,25.275864573324185,121.60067302706892,1437.7676806421257,3112009.7972411737
3.0,36.843216392220896,151.65536048199237,1406.7058508254495,3723972.409884152
4.0,20.818852738128324,125.63816319587504,1029.0085810192882,3302841.676033136
4.0,26.119580803697446,129.73030435597596,1440.9439493202592,3627625.597760527
3.0,31.00571935563126,113.53620553950654,1460.3669461342506,2940631.5087840743
4.0,32.00048358091183,111.08329724602987,2058.25249477079,3239641.822732035
4.0,26.66824105958531,159.28749561287742,1479.8480757406123,4041300.131454831
4.0,26.555416383110472,150.19527313481854,917.9376381303273,3537547.2865416836
3.0,27.531484300023852,152.94745704099142,1509.2219558422908,3268844.8654590426
4.0,17.65170048805404,118.89689611372282,1651.4450346119704,2958638.613569821
4.0,30.291864120683424,111.96167152576182,950.2132930764916,3361886.789503177
3.0,30.846646603766576,148.27044758604228,1812.964049432021,3297845.253160345
4.0,27.628243993205995,125.167082980533,1192.0109186281384,3587137.0754329753
3.0,18.640052211040995,156.09688705510433,1177.454574678111,2854124.851720149
3.0,19.802852539698492,108.60519431295792,1528.850504567898,2185253.7977169305
4.0,23.624045663193293,130.76105738736757,1602.451481218888,3467352.4724816233
4.0,30.45251334752141,112.58549650265323,1567.0443814237206,3116739.8456688616
3.0,26.717094260459273,128.5938836408888,989.4606109257473,3168052.947284771
4.0,19.395157001703705,155.75185244383977,1359.7495640533434,3402287.983804461
3.0,33.26506290012238,118.30256872394793,1020.6648175485313,3198535.2563691316
5.0,24.13618789117946,108.33108772418242,868.3559552710951,3344590.485313183
4.0,23.840063936590802,141.60018333123543,907.0730907951502,3312407.6384405997
5.0,24.224026692960383,156.87807033273765,1120.1294571270378,4067560.0460292427
3.0,23.96355749349582,119.63457165401178,1244.0829697412398,2599104.596938768
3.0,18.767332676363083,112.79175053026583,1827.3235973172984,2595595.3732487224
4.0,24.409365592548678,100.25675525537724,1427.3186407041412,3102870.577863454
4.0,30.11559301808732,107.05135434009665,1210.1513505569237,3169162.3330479967
4.0,24.961714531617268,133.26204236602533,927.5871076114237,3304168.655901417
4.0,21.728270351868847,131.71418607492853,915.87328633123,3265707.245755176
4.0,20.819046532254248,136.91685702855938,1951.1851319562265,3340572.8918469027
3.0,26.62696841590819,133.59626588238385,1122.3164652603155,3105145.004100242
3.0,19.39967120044108,159.81581597287908,843.9561104330593,3009362.075101682
4.0,22.926773915608766,143.2213444415516,1565.4507062635594,3435285.3102215882
5.0,30.789617289352307,102.84392753851054,1299.1874600683482,3464863.942309263
4.0,29.542182734748632,140.1900576258259,1354.8705699067052,3598814.8759242166
4.0,22.033498135168216,111.83769424104752,1802.8260431723033,3056690.518911659
3.0,36.2006698838273,138.62335083156825,1067.978723918064,3502351.419762766
4.0,29.49054086293055,133.6803459116286,1750.5799309694619,3459465.5477532735
3.0,31.149981864815437,137.46514150801372,1491.3929172997593,3336954.9790755976
4.0,24.515716676013646,117.72305273967875,1381.562136201214,3073704.2712300112
3.0,27.980067484536004,152.1476582749718,1585.808375178232,3434081.4761115937
4.0,35.255090493056656,152.76483273445203,732.3271000951106,3904726.8555356027
4.0,34.16827350605049,141.8911693709525,1600.9054871806795,3710743.110425357
3.0,19.586731955523632,165.55658749319144,1275.8529224561878,3291482.6670832243
4.0,16.555543805453755,130.60124576574864,1285.9529178445068,2980998.849723818
4.0,26.08826369883926,86.9005520199328,1559.142628667565,2673346.168416451
4.0,24.03942363796585,127.8199682981306,893.0976275574366,3287422.4253098415
3.0,30.594534765807477,112.90701860274088,1902.695175099022,2981836.9650793234
6.0,10.034362704747174,122.83120329734845,1414.365948562683,3467254.478700539
4.0,28.213372345003428,139.16483349395136,1350.278195256775,3476590.005623194
4.0,25.421199099757775,111.5699933552579,1703.9806878950883,2943903.404838674
4.0,25.19832077539214,155.83657014784305,1059.5274985493024,3520573.918023062
3.0,32.53211867835883,106.46906930040035,1109.7568935699887,2682601.3002323583
3.0,26.326226988464494,150.75145138166351,1701.6344205658456,3253808.883811984
5.0,23.971569091865454,133.3112500427624,1633.0698267418425,3812135.89824541
4.0,18.311774995624454,178.84960076842034,1053.3373158396776,3766934.4279956846
4.0,28.494213509573427,90.42673194871801,1508.4280530783817,3120505.3839885117
3.0,20.863544097371676,132.7107051440707,1118.6638920761338,2861577.236338234
4.0,18.901910995367004,133.7334452353806,1319.020104877706,3350932.358298308
5.0,26.40493686214178,168.43536788804454,1364.4902151223525,4443729.788445727
3.0,20.955552582528544,141.36490209212593,1681.8745373158297,2732452.369884272
3.0,28.97920398246495,135.82815284644238,1151.7704425422523,2965895.8468356454
4.0,29.416724864827877,123.69396802203748,1702.0155793759534,3681361.826640369
3.0,24.884327661723884,152.72178361375524,1523.987124517977,3412307.187965373
4.0,31.147000967179924,144.6049497214481,1261.3885743523385,3811613.8395410543
3.0,29.711427596867672,99.49551333815063,1823.332940455144,2550764.1583515718
3.0,19.165065015224894,159.62893749810115,928.7830183761945,2996635.1844622754
5.0,26.309476593819543,120.5347801345412,1351.6559916240358,3711778.473574107
4.0,41.212208084032405,144.01491595822233,990.1570384452026,4192942.313333828
3.0,42.02190889700742,108.46828508150935,1494.4987052223773,3496463.0289504016
4.0,26.336365646537157,126.02498669151952,1434.8454714927996,3329661.807834328
4.0,15.56968841107967,148.00367082625104,1647.1416226087626,3027137.451750363
4.0,13.2806084384938,104.12790155176921,1147.5624743756557,2387787.4655259475
4.0,17.223606253956,138.7046147298476,1560.3175884381674,2975242.977965934
4.0,33.476222155335904,99.5910050824852,1422.7267686706768,3282288.812937562
4.0,17.25743710081158,108.37457135818104,1411.6397100732152,2799039.1118594455
3.0,29.592834710360027,174.14347787502206,1276.396386981257,3861939.7167873555
3.0,17.61662688934722,120.35126584388689,981.7972056258549,2665605.100519717
3.0,20.767332751675475,139.1452174440278,1372.1777413759567,3083947.7998563973
5.0,24.455907331876805,140.67241757495586,1473.3072831318445,3834542.1318682753
4.0,27.37929577699328,136.58029675802186,1669.159904767331,3403292.2428423027
4.0,30.59053119832366,142.2505329015228,1170.1327707178584,3672973.707013867
5.0,20.980291418370115,118.40107248187388,1694.3337231630462,3439716.608144433
3.0,18.632198062787765,109.79415880833787,993.7986159357039,2547387.2744746823
6.0,25.869214156391106,130.57413945804296,1373.027566226005,4380200.535349897
3.0,20.444804243976996,127.03213243498867,1807.6039263422247,2832537.391460445
3.0,38.16969230149173,148.34807238939078,724.2645072725758,3591816.614971205
4.0,27.362537540241785,106.59877230754834,1352.7470534550832,2950666.1595209744
5.0,34.30990762517076,114.42760110069698,1203.8910120465334,3857557.4335681535
3.0,26.451591107196844,121.51748163824067,1459.7697356721735,2974802.4177352358
4.0,16.336973003165376,158.750735414188,1095.2461591123247,3244216.3979523233
3.0,15.529259070993565,151.36807514300514,1578.344659371857,2829951.158632788
3.0,23.84349641145029,161.1263433886774,1194.1604539980053,3393952.90749927
3.0,20.057174667771093,154.93971656907237,1794.3357964265726,3260793.1815365353
4.0,27.75670725402886,99.74097046406924,1725.0524191121663,3089182.897645128
3.0,30.995481465440555,159.80810571911047,1488.7496970024183,3739864.44319541
3.0,20.433893320884017,118.03124307646547,1364.8687312846241,2390689.022229138
3.0,17.690770637122395,124.61186676438518,1446.9570882676044,2540586.5762248565
4.0,19.480321723652896,75.14818408630435,1481.7497521954695,2282344.7412112113
4.0,15.590401178731954,119.97119827824059,1891.3689529180083,2835436.1250827517
3.0,24.644657565442255,150.80732426087977,1259.962952275152,3359563.5200132714
5.0,20.38482240702034,148.13193337571403,1405.4976755796151,4037610.558786866
4.0,31.507151832508782,113.8639362774194,1353.886993398167,3526366.231267908
3.0,20.561099479660857,126.20492868412302,846.6874261664858,2576296.8439379064
4.0,23.83606483620766,148.02586444962978,1662.860737350905,3653254.649573166
2.0,22.810951513807982,141.7069740306685,1546.2102042270444,2548372.8106782353
3.0,3.8681846168377803,106.85690272615716,1727.1151020875723,1796781.47864374
4.0,21.476047073368427,147.19533684899358,1577.1343023797633,3488662.3270645128
3.0,23.325466981426803,198.26698322762596,1623.046695041552,3973224.4193340326
4.0,24.528967357374,149.34355351712014,1719.8914259596027,3493106.6128603765
3.0,35.21657835866606,124.73366990302017,1801.0998229912288,3303134.5396894827
3.0,12.258134720310013,136.58734399976055,1523.1098214345022,2298768.835769342
3.0,13.800008569346053,126.23882709239743,1715.7139654968073,2550993.6281407005
3.0,29.152574227697247,105.15948888246314,2004.5132331958255,2814633.9679809073
4.0,15.869173717689385,102.6094960513949,1629.5898681027013,2784383.1694370173
3.0,25.27462039314119,139.89805295414436,1429.8237570010313,2871346.5503451345
4.0,38.47709240751607,131.5625821508736,2217.974198138142,3874746.72844888
3.0,37.63380241134906,117.59821477913871,1561.1730713242619,3448694.6616552034
4.0,33.95849906883543,118.53338208132925,1460.6514916026877,3629445.5190904974
3.0,30.307549809898887,97.89099706485035,1575.8226545864372,2818225.971656033
4.0,19.16122233778856,133.18764719885763,1796.3122664087934,3359149.3168055546
4.0,25.70079559123159,108.57603972012791,1275.7806813778632,2915734.9263402307
4.0,31.303009307236675,124.66411231854572,1266.5697187736137,3511453.804445521
4.0,23.91003725146488,113.35298116337592,1782.2295514675673,2932200.9772081324
3.0,17.86875374336881,121.38929917974892,1745.345761269564,2460878.0141116967
3.0,20.24499451362749,127.02820695089062,851.8985025840001,2601070.4484540974
4.0,28.079436908950324,138.29122311722517,1391.6838199708552,3389924.9897961044
5.0,11.679204454297249,129.25427402669663,1040.3669198699954,3086523.501849051
4.0,31.801437146572628,174.26798798243118,1619.0003658676237,4271195.762228565
3.0,27.038442828499132,172.1982797836776,2014.0639448219915,3553981.0052073793
4.0,22.11855717872689,119.90653722545875,1028.9586233139034,3179273.319903298
3.0,22.700804039273017,160.84130133821535,1261.4190430021074,3318579.165105212
3.0,20.289842551508848,113.09387512289084,848.2080701248784,2520354.5339537216
4.0,27.04504778818092,116.71668033141552,1571.9501196634726,3158315.81833867
4.0,29.190355159122692,118.36910172322158,1260.8430723910171,3233973.6181598464
3.0,12.17963896942641,132.3314463879078,840.232820298949,2530477.1521215625
4.0,19.69747806550567,115.79071512378701,1206.024956581998,2974609.423435853
4.0,12.67808145208886,144.93969654082883,1412.5959794721794,3117767.250440291
3.0,38.994694455142906,111.43818027094603,1442.2346695059503,3424232.9476510873
3.0,15.52140404503932,114.02871908380004,1174.1935567682578,2376534.1052421075
5.0,19.26417861801818,108.11448467543629,1309.6224753109227,3537586.591374896
3.0,27.51532060951455,158.0849941754202,875.7972096886407,3520002.581787639
3.0,25.694339592601366,128.95215992697206,426.9135569326462,3078133.7065911777
4.0,35.350448899298364,83.64580795981885,1816.758535907359,2922563.5752055207
3.0,17.06105261391148,109.9219561008722,847.5303459533076,2256615.762445627
3.0,7.477095951837594,99.91486959006947,1449.9827733353757,1937049.1018256892
4.0,16.488616583754407,117.66130093922578,1312.8438052754252,2842816.6731351335
4.0,11.885823314955127,151.1069313300237,1269.6387637282469,2909096.6322614653
3.0,25.82434855389745,126.46273257371188,1998.3880834889906,3084870.7038706467
4.0,30.836878307549203,164.6937729172642,1875.9505707667097,4091946.7011507903
3.0,29.472584941300966,103.12329208134963,1100.8117581092924,2858058.3894796288
4.0,18.379729252728495,150.01966556371252,1035.3771746408115,3289022.78476531
3.0,12.076323161883899,124.53020765730396,1290.670791844333,2276046.4680089266
5.0,29.523321114441668,122.17440044304288,1077.2854061355683,3836061.836659813
3.0,14.87113790554083,121.07220028528008,1684.5889328054286,2461797.25508436
3.0,18.220125438492563,106.05213646797603,1444.2318711058824,2286013.384551269
3.0,31.4719634931134,133.01058971657454,1318.4678824746907,3004400.868925997
4.0,26.069843762766368,113.6927366766256,1390.7159977054202,2998664.0967099573
3.0,31.215695206859728,148.04542006842917,976.6532549084671,3574462.190689096
4.0,24.627819373472267,134.3981525607289,1379.5392280333474,3224849.071633536
4.0,21.22651639660903,125.41231280259137,1220.0181720395092,3252839.0115533317
4.0,23.081086096477883,108.89665506652346,1742.099892121358,2905383.6295253388
3.0,24.51369368901159,178.04843940602441,963.19244392269,3678514.302339297
4.0,28.544087277032546,121.30717959250553,659.7349033242959,3344311.440872146
5.0,19.67285653014707,134.40923061840044,1549.4745401106854,3709166.9668798386
3.0,21.7240613805229,143.84915967832652,1686.9843749612062,2789725.909280966
3.0,33.123899818678794,141.8088959679368,1357.8025423055954,3195366.595920997
4.0,27.061251566783987,142.87460706893177,1204.7552598657999,3745686.190069514
4.0,19.20774130915666,139.21977289229028,1331.602082092693,3477567.393496745
4.0,20.455215556844614,148.70728811945034,1883.304606758792,3321688.7031945945
4.0,19.581346007302106,122.16532897503305,1453.1545852872164,3013687.5496250074
3.0,19.3384236989369,141.79101514738062,1180.5992337295856,3070991.269992722
4.0,32.84552489084986,142.81897475308213,1548.389002729639,3876394.633778953
3.0,14.753911633501415,118.32092949460844,1067.3723102047854,2397633.828958297
4.0,32.05129034706801,152.62812348309677,2116.666901523787,4137811.5413721143
4.0,13.517046347276159,144.27020457379257,1907.2557314895641,2875873.7163547557
3.0,29.583079708620133,129.64534692096862,1346.0068830302043,3009125.2617453136
5.0,11.963469696731794,124.37799293399837,1712.393292748176,3157792.887449003
3.0,28.605003579066427,102.81206828276146,918.2488544540815,2662038.6011480307
5.0,24.555651903326257,133.83784119269825,1488.5652665286932,3784118.8081435123
3.0,22.652233323472604,131.51377941846425,1291.2342690999715,2649760.811889842
4.0,16.795138483329186,114.40096336108303,1211.1271205313978,2688054.202478985
3.0,30.273630448013105,116.78396654038764,1051.7257132601185,3061254.9194578794
4.0,25.693849059905155,106.95366867128291,1495.746765947354,2902044.6617862084
3.0,33.735310482320706,118.69604427879992,1611.1085568881892,2910047.1276260447
4.0,27.974349774713616,160.08594374861136,1186.6886136737012,3862723.1008080165
2.0,26.1108884751305,133.0484591082364,961.3159231479857,2495854.104221341
3.0,30.27225966545095,144.67400633573945,1354.453595546649,3351104.868494094
3.0,20.638417715857557,117.12806642314403,1225.115589458901,2499924.716938832
4.0,27.175373842882244,116.79121665001493,801.4256841015793,3134869.46172748
4.0,16.024068749152985,106.22613377766456,1175.6655592678223,2728713.0034916396
3.0,24.27795125659869,130.40526807305596,1816.6077020049488,2945668.510117448
4.0,22.69630273897684,128.19278517156954,1126.0466724595785,3279041.4745915746
5.0,13.642404456256175,163.381588460408,1635.777227749876,3908332.635580778
3.0,29.137569005900044,131.3704819148963,1078.8633762737431,3156519.3707265565
4.0,30.58321191967632,146.57185767167906,1531.621686372468,3711173.5726947472
3.0,18.71808859206439,123.09327073650908,1063.525141625636,2758122.148043932
4.0,22.128808818047812,159.4709673663346,1703.0679091673144,3507617.147140694
3.0,27.338618549199186,89.82593865626126,1512.1125057739066,2440219.342160017
3.0,29.749703540579517,154.88771162477343,959.2377672227385,3631895.9511755393
3.0,11.166572996522541,141.2451952104754,1684.7342523560078,2343095.178398531
3.0,25.348595876197855,117.42271428903041,1752.603238194807,2959791.4500561943
4.0,34.554521930031854,144.19757439994288,1334.7165515487907,3863700.2072097575
4.0,14.078775817884974,133.06787511606487,721.989184529998,2990575.9714290444
3.0,26.806058257064343,144.70804697997227,763.2409045306566,3277180.0752710197
4.0,39.572028982956574,184.59360704051386,799.9824881028967,4541336.4326753095
4.0,12.625526654166432,133.60106283749548,1197.874748328927,2840977.5842393916
4.0,23.526241909763257,117.08987837051137,1435.6769219754228,3102495.291450216
5.0,10.902188679740766,142.43371300853053,1382.6599006794702,3300694.71546321
4.0,29.875504331746626,152.7715067011381,696.5543671219027,3825049.926335526
5.0,21.8727021668443,100.40140343190265,1969.4008399495779,3075342.9058783874
4.0,11.335746154230113,121.60221608391612,2157.112088126528,2582995.4822599497
3.0,25.015220277129494,150.66938949126364,1515.349056112451,3261121.9622836476
3.0,27.22270210145144,111.76356201337566,1226.7369736524406,2760767.8214169475
4.0,36.321894863245404,130.01987568940717,2068.7792658585076,3670090.9600801542
2.0,26.78944663017527,133.15603006971202,1281.282870533139,2632191.4324056143
3.0,20.50458459605909,133.51678478327557,1603.0334232466753,2780501.246828111
4.0,11.684525136904314,143.5544369496883,1556.8070970431882,3039437.7381737335
4.0,27.064327307976846,135.27710994957317,816.1532719652325,3494389.2257500137
2.0,25.44663029865475,104.09070727065537,1345.3795597121862,2112763.9740002584
4.0,20.072111699934712,111.48404129944996,1592.1462184961822,2758274.178468087
4.0,27.51015895217538,137.8574262755588,1805.3522743172925,3648121.841243738
3.0,30.751211740634307,135.95370399389748,1487.272171721432,3274308.190340303
5.0,27.275932784743905,147.15514014014946,1563.9577972014868,4082082.0571653503
5.0,13.754070922073456,142.08918149156824,1571.6332567719867,3352265.031806399
5.0,15.817186187759582,134.0586926292437,1088.9146629262887,3385843.728586662
3.0,33.380470809978604,125.06729550194311,1216.9758415208448,3296342.463865026
4.0,22.803232452349686,137.34457746711627,1249.4335602927576,3249519.8383906907
4.0,25.90221952983745,126.11164868158863,1206.2510169472685,3137173.0899114558
3.0,21.991788274155702,132.53231779974237,1078.5561968914833,2686340.0121388473
3.0,31.955992793910358,132.15224212338404,1360.2392968625593,3136755.549571779
4.0,30.577601384118545,154.47456253599512,1520.1299934954964,3811129.079322458
4.0,25.816367252163708,147.52490298652157,1336.8106924875142,3531017.6062652864
3.0,14.812753921359098,136.07424074836968,2017.3415203474935,2691471.7212419645
3.0,22.084257965383355,135.68711213875315,1194.5744386926795,2923161.6558118174
3.0,17.502502148904963,121.67943839198105,953.1831121989919,2700052.8849662333
4.0,27.893000173160456,95.30266098366215,2214.0451645264775,2969073.164656936
4.0,25.111729250496378,146.1372475645701,1649.3032138650744,3690663.5746434885
4.0,18.835826076817607,113.33936619091929,1600.751149481368,2921965.892818369
3.0,20.109875220282703,127.55260185148698,1777.2231282603464,2599212.4198883506
4.0,13.912300414897508,131.82658362380704,806.7077599990102,2992911.5602608193
3.0,26.688817038875506,114.96431799281714,1625.0172006703663,2929249.135922571
3.0,36.503098437043704,99.9666751268532,1299.5445956236115,3131721.7435288066
3.0,19.352062418970267,154.88651966707914,1493.6108598267908,3119913.8910962553
3.0,21.26007439095913,136.75106200929488,1780.480019486645,2816429.944678305
4.0,31.473478539026885,114.74827775568106,1044.3620078525084,3432332.504539845
4.0,14.081995656542214,112.44246981936774,1796.4602124378157,2733481.238570747
4.0,24.459299673858485,131.8307955645878,1559.0368787889743,3255572.69148259
3.0,35.58871156750654,86.68361193765153,1911.7418773394324,2837024.653754197
3.0,15.368930356009393,90.98310729686838,1729.8346745657836,1888873.4127610961
3.0,21.281811649842407,174.92381043328322,1605.4390761491773,3598792.5681690676
4.0,22.552231507276414,164.87921392318094,1521.1316094300776,3873789.733621749
3.0,24.694338898665162,141.1760666844121,1713.6327223739809,3273845.0120608774
4.0,13.483924819111172,118.78530953106538,1259.6511853857621,2616422.3455249746
4.0,15.741696245461313,137.59431984031852,1390.5770608276769,3134591.268113924
4.0,9.98356104435662,136.8056040724221,1542.7897497468894,3018650.619128039
4.0,22.28646870256165,114.10183021101741,929.8241782208883,3125283.0472812457
5.0,17.479056560064755,149.81160624291152,1539.626942551437,3897262.6726360507
3.0,26.604906679292732,114.97215148970763,946.2614575079757,2755957.0577767375
4.0,17.76425659483275,103.10519088033935,974.7649494497932,2476762.6198307886
3.0,42.544688543597644,102.14996999230152,1193.0789731479583,3094309.191228479
3.0,35.66402303341225,156.8383861787696,879.1211694079216,3513613.493505056
4.0,11.745443307562782,163.87779863135364,1387.2003643822088,3241246.203793355
3.0,21.672594983032074,113.9197816879308,1247.0622904668812,2541691.511205233
4.0,38.243815687018554,138.6668747000832,1042.3916145186531,3928674.286832197
4.0,26.437864444056945,116.03899527495713,1178.2649561892797,3211575.987189085
4.0,34.77552085575361,112.20989415299195,1179.296422586886,3355175.444278861
4.0,22.09324086797304,117.47741392380598,1663.8621448606013,2882047.883200569
3.0,21.060645145538174,106.59503405605147,536.9433357132132,2236339.6988153104
3.0,20.647502939141845,97.2839759938879,858.3869268928923,2117635.5331971226
3.0,19.6223486667846,141.7603541015556,918.7005405188011,2945165.4305298533
4.0,21.279760370231813,155.8131324721211,1871.8268442468855,3478712.503621234
4.0,22.792196274678197,87.36314782464058,1236.967179973367,2597350.551291072
4.0,19.494257543788795,138.57641619668289,1674.458129541162,3082022.1765220044
4.0,35.8892279918854,111.77795721301652,1442.848261171731,3491771.0216401774
4.0,10.521626663192691,142.59391996680714,1381.7514626622535,2952359.6210136903
4.0,26.448823423270223,180.34612662829244,1243.8619566626799,4038693.5866367472
3.0,23.92925883750415,119.37916086433347,1631.5539451819386,2779559.374873308
5.0,25.279920623515025,112.81946359064987,1318.4250578538695,3484126.7166004316
3.0,36.597977376570455,108.98108938769153,1030.9138762052119,3049890.7232141187
3.0,17.765149453346982,126.09751022254069,634.7023601998344,2551875.240034451
3.0,33.97319322151219,124.03660311433137,804.186762634688,3123287.583651903
3.0,17.027593266326743,140.92620621970474,1525.081699299618,2746118.9729991434
3.0,18.629897779250392,109.95432147973342,1246.2000900732967,2430995.712277177
4.0,25.26155276458832,120.80591614475114,1447.9682014937616,3167009.277273145
3.0,32.31546294575024,136.12943352549763,1132.5221953864022,3067546.6586458404
3.0,23.09571729844356,142.09127674078678,1561.9111276482495,2796674.8314731605
5.0,20.32134307384478,118.57274033620332,1290.3268276347699,3364660.88137504
3.0,28.733258914728214,94.51856321795078,1046.0111723849373,2511709.2232785756
4.0,19.696249922079495,126.1863878896622,1444.2815879006646,3073546.4613050628
4.0,36.37741924647217,125.12061204008347,1702.628805681949,3670024.2833667807
5.0,17.645957153236257,157.44905800328627,940.2436883689401,3826807.243916645
3.0,33.84827243984804,136.24814878075892,698.8623383964449,3490550.242382791
4.0,32.81093890728237,140.52509485643844,1325.1955731805772,3797715.465541595
2.0,16.316960032197937,144.45889383043578,1423.8229624967662,2400360.2849626746
3.0,37.13611450969508,98.1725615782807,1340.2461191677692,3021073.079306295
4.0,16.90455631725558,132.7394488483132,1598.690973586252,2956754.898207833
4.0,16.703440309113937,107.48195966660431,1524.4594532762596,2547392.582518444
4.0,33.80977480355147,169.10640516356358,1294.0896474384276,4361541.993095021
4.0,21.19024523172689,120.88676933436952,1428.9596828312244,3169069.940011091
4.0,14.496530534573015,165.3030410862178,1347.165370194695,3512792.0351292375
4.0,32.91404696464765,120.43162427506384,1343.4924574663391,3394512.5200363114
4.0,31.679678910153857,135.0606319067902,936.9992960765824,3822611.769589749
5.0,32.74212920100212,155.5240262083052,1532.6179160299873,4757979.27017449
3.0,18.85410379074656,111.39354138953286,1005.1502675658497,2220442.625497119
4.0,28.212437360587195,150.4428730366247,1477.0134439369454,3810069.534469633
4.0,29.601294986501546,118.58600263544682,1742.3860297118783,3437294.2314336104
3.0,20.307345193600757,129.45192774372413,1513.6244890277746,2661045.9996004337
4.0,17.821016022742967,143.11018346194527,1223.970416993043,3188757.7404675926
4.0,27.555919560455795,166.41410700091672,1926.7061206016324,3828190.5020209616
4.0,37.25749629599154,102.19813467351449,1601.6305459372927,3256142.2803203776
3.0,22.813933834555453,141.38309134112217,1262.8902851275757,2857718.959621559
4.0,28.54100508911192,135.46783268970097,1264.7693059289356,3543056.7299887156
3.0,16.34890383313387,165.31341085452692,1954.524928893426,3264487.4130316153
4.0,15.574880866092334,145.76866832111722,1093.7652124312162,3064439.825578112
3.0,22.28382637198886,132.50057882761487,844.0691679348851,2738067.740190753
4.0,29.66703285045253,148.88530967003783,1112.6113578089603,3822659.4712984962
4.0,24.903671264789526,110.14075884392884,1639.5049048269514,3281242.8745183866
3.0,11.519338476028379,109.72533279664424,1686.5206068270966,2100992.715665966
4.0,29.97942188070673,110.64907788122113,1340.8005733031348,3267487.8777175625
2.0,15.58047533349548,160.46636948531503,1416.3384392791565,2685728.4006746034
3.0,21.364917230519705,157.55333015373932,1405.6414218025234,3014870.2794269063
4.0,29.116905962707104,149.59219340282112,1609.626798995537,3719903.7502681394
5.0,24.286221372115858,150.8314530622815,1086.7111157750332,4032325.9976726626
3.0,18.13074732035956,129.8877578992322,1235.472430799561,2649539.436301477
4.0,26.927737576438403,127.33356186482081,1356.8644546040962,3338914.546652004
4.0,30.505396265086457,125.17849292838744,1337.413922925647,3507400.8756397357
3.0,36.38064457422723,129.7388492739248,1217.0942696448299,3261288.967625436
4.0,22.118998873391867,126.85910833137496,861.0465764538317,3273046.9474038687
2.0,27.478219382348406,103.36269622782852,1067.1469872026357,2191049.777587287
4.0,36.310777666907164,117.14541979910618,1272.3340105069728,3421964.4065886755
4.0,20.33576751545628,169.992142193259,1332.5412002795617,3533083.937767021
2.0,32.991453495832516,127.02952896130022,1065.6744510766134,2920740.547264182
3.0,16.78050903747576,100.53645783785187,1015.5769971190917,2357380.0467653833
4.0,23.763903035361775,124.46901767372071,1113.5743120780494,3300185.8351178663
5.0,11.174079995262646,121.85182265884455,1061.0706561255918,3085135.6895154263
3.0,20.740867995969502,146.2821089011195,1029.1482712193124,3076276.48772931
4.0,36.130538474164155,150.98233778641557,1001.3801206281142,4155206.3656502725
4.0,20.47590679309113,138.33096558416304,1714.001772614643,3501991.277788791
3.0,22.642362633601543,152.1011128573527,1250.5893533877368,3293864.8959360127
3.0,25.38937973555323,138.30940617992067,1586.723168302135,3114605.544793299
4.0,27.342398714980984,69.17914441464228,1037.917582196263,2500154.172647267
3.0,34.93020299769331,141.6859034588266,1438.1968160207964,3581182.826190013
3.0,21.238646567076657,169.2514404992815,1219.1604231396773,3340235.386011123
3.0,29.415209314261293,102.4319988498929,1461.9753533590358,2702401.6820685323
3.0,37.71150035066001,106.41431260377698,1224.8055245503574,3102352.675974742
3.0,26.995885990661638,142.4395396686736,1181.3636431720233,3230208.434410436
3.0,33.03819379567714,165.96831643640056,998.540999967271,3726421.256621363
4.0,4.691158991967426,120.49657279070925,1863.380616070363,2262743.8859331375
4.0,29.964641012370752,161.04858333776144,1535.2840347465763,4080872.666470102
3.0,24.083942217701573,142.6954530489192,1465.8890270373963,3017774.451183265
3.0,22.67179614704323,153.20398512361598,1712.6195868195102,2975806.1511374335
3.0,24.316767071860582,101.3543557906059,913.6637373399109,2551400.4691606555
3.0,24.723463730369954,115.26295022267257,1722.1310836250232,2835898.553921236
3.0,35.404680118477785,161.97821056393076,2071.6222682907746,3964278.2233829307
4.0,26.597984861106326,111.48566145621109,1868.5322312768778,3190988.7509787036
5.0,27.16385346329951,94.09892394081588,967.4401148500024,3277420.494703881
4.0,18.504363128098365,116.22935589815438,1684.2041316807172,2821493.4662871454
3.0,22.812598400579713,135.8833407959624,868.2548846159086,3126048.810111225
5.0,31.449245462305402,139.7551262934917,1709.8799644947628,4300573.538607269
4.0,21.571603267180535,138.600945119416,1207.7321773898452,3416115.6204319755
4.0,30.105800094030158,132.64310352900299,1453.0529951185836,3813525.5574366995
4.0,29.62120716305125,132.74587802354506,1054.5699336363223,3725276.768835801
4.0,14.945192981720865,128.56924398908507,1982.794633363488,2950076.267306083
3.0,31.347497106216522,127.2339986254621,1186.3764154242836,3354353.0812505977
4.0,17.28486241919512,100.7561670566137,1388.9699394772817,2575141.3458471876
4.0,27.0252176592437,145.42038860364732,1369.9364976706415,3711670.079208409
4.0,27.210622177101286,125.486438463454,846.6995816536652,3198790.5618036534
4.0,11.962540835823953,135.35438894608396,1476.5100051382876,2750259.8184185447
5.0,24.512653042527205,145.45682935916918,1253.8665898756065,3833316.335381053
3.0,22.03753287369479,117.992230157195,876.2951174495398,2749310.2846819824
4.0,24.937604958951276,109.65790742457659,1684.027757569849,3112229.252044456
3.0,27.494000535735992,84.7409946367754,1373.765164437815,2169033.3182430044
3.0,21.600113564586064,162.83560409624573,2048.9482203290813,3132598.007078783
3.0,17.893862485239065,126.4495771301141,1487.2489887114677,2704766.2162263603
4.0,10.571792091222738,103.36244698762704,914.5903716167053,2252480.431266737
4.0,39.600180561329815,144.62626860185074,1111.4521241625698,3952483.257795963
4.0,20.713280326769336,86.87000957934934,1385.5957395665837,2482532.410456503
3.0,22.623017390184156,183.77341385645974,1630.010509660143,3707753.242315474
3.0,27.875005637701797,143.76287743839742,1478.7320351595197,3306400.0662344964
4.0,9.33010924747647,101.24779179363787,1603.4147632466202,2463266.257222743
4.0,26.804928995266224,124.0437603279522,1350.8176778972108,3573727.885519209
3.0,36.17804880811524,149.56893322004322,1420.2915876941704,3835274.311706557
4.0,28.404129966434443,144.429541393541,1279.3405476834198,3574593.9501669314
4.0,20.40050738506854,128.0818558863047,983.1742601175359,2965136.5253370656
3.0,23.546893333047052,125.91964542877736,1516.237726091607,2938714.5080122333
3.0,25.902716553207096,131.16348132841665,1909.4521375205538,3170611.2150729597
3.0,27.470676697391564,132.37941384200514,1684.6716705350455,2848378.0325771715
4.0,14.901176792323543,149.91244506559008,884.1679994465535,3031776.505568137
3.0,42.48196766144764,126.29353110973814,1670.4459839575231,3629234.6726702587
3.0,31.28737713596837,112.43757697567668,1366.6170739306704,3045741.344308526
3.0,25.452392292520997,148.6540360558272,1339.6899827125485,3257099.455044356
4.0,23.730456674563868,140.37550032409436,1386.7336524912366,3259002.0597164836
4.0,24.099313060623583,109.88822376847271,1161.5642007221722,2850164.3093141783
3.0,16.53617634538072,117.2412762805077,1369.7194898183288,2386260.438515215
4.0,30.014847950733547,135.47487878880895,1718.647525364091,3747442.578820346
4.0,25.772467183696428,139.73523198839908,1177.6815990808175,3685847.1437440556
4.0,13.743687433336213,113.83639386780959,1388.4696317263526,2798369.3393443516
4.0,20.862986001258403,119.88450513500436,1777.2023060491856,3164397.5160335195
3.0,28.145460956418102,140.38368258681916,783.1016075645384,3335136.151491567
4.0,27.78277759425457,129.15958010716548,1744.2537434156313,3344079.743862431
4.0,24.034869177006726,127.80440572025392,1922.8477307971366,3223793.467626628
3.0,14.263777546057815,130.92853474871697,1609.1322159110707,2529783.8085706662
4.0,26.443969737886384,109.15119115049984,1514.4962082141249,3232969.5033880873
3.0,22.501147992509946,127.2154751640424,1172.6953061469376,2931207.361782307
3.0,24.17036776296853,124.93464553415374,900.071248341006,2992713.3897040384
4.0,26.351247252910603,143.3963615822042,783.6713511532288,3414860.3951319642
4.0,39.53709274739966,123.2600166786732,1272.6727180395765,3779409.8960881075
4.0,28.86877929566116,148.0041055728667,1094.659119219463,3921135.8366687223
4.0,27.54119968959836,105.0977431964881,1154.5966593674007,3319935.7728387173
4.0,31.126672794843586,162.32896767467327,1196.7190838565682,3915917.733110885
4.0,24.56285933995958,128.6981389882322,1935.6619282817185,3194017.1418655217
3.0,29.922946152098284,141.9893518414631,1027.609701197288,3307331.6406860696
4.0,22.232342122821574,131.6746006872619,1225.8045727395386,3182488.0421662703
4.0,17.428436264418686,145.26556308551648,1529.8262104537494,3091960.2692457493
3.0,23.293738176403078,117.15045570771707,1124.89152128359,2515627.483835311
4.0,31.18859527871993,134.66602814220602,1036.9207729923132,3698394.5364416176
3.0,23.94662508254825,152.00481306422097,1271.8118661614956,3271554.1428726474
4.0,22.78278101802637,116.61134540644342,931.7419365274003,2982949.4530697437
4.0,31.41774597429224,148.4633539575783,1257.828199873356,3799548.6705185026
2.0,20.95508498885343,164.52518120477674,1516.6880669046357,2909101.57373372
3.0,22.871048609740054,127.25277121989446,1553.2247669632272,2816809.109062216
3.0,32.27925463205536,130.10245866415545,1435.6594543258923,3392722.378519942
4.0,19.501321169548294,137.00883979176342,1761.1035764277458,3227471.717999649
3.0,18.228926487713807,124.8925657317204,2085.9776764596318,2723837.2509799134
4.0,32.745318714958856,110.14261398583348,1605.590379339636,3184690.119405866
4.0,29.956065414147282,149.9483093355882,1273.5963826330399,3896185.578997275
4.0,21.839909535486044,134.45186964383072,1868.2657389227186,3353391.266813525
3.0,22.196912728561248,112.27754678373813,1719.722451172786,2452836.0269179596
3.0,21.14061779695809,152.2748136718041,1824.552860375376,3097178.06844414
3.0,28.486583301649485,164.70279603183477,1366.950957505047,3437743.7704718295
4.0,15.946129974976254,124.95025794842991,1482.5456503964324,2930502.6457439135
4.0,16.764303248522747,159.68531424689377,1208.583408525045,3293436.8650076133
4.0,22.30105031840185,104.61019790549483,1529.907367407604,2733555.446248048
3.0,23.945557260290272,127.49983428138508,1285.9526120063372,2950412.212872535
4.0,28.903104838448566,131.83946167224525,1149.4708038899857,3468938.1717167045
3.0,19.888373494354273,148.42743641342912,1190.2258876265655,2709355.922272738
3.0,23.33116823277094,118.4182830686223,1415.8196595261143,2864002.06770634
3.0,28.45078249961203,129.5902466638094,1377.864075079754,2966741.1613195864
3.0,19.68973231857461,132.55461763904495,1272.3118661028839,2836329.86873495
4.0,31.39417780719246,134.20483182312157,1722.3134062152258,3687943.50715401
4.0,29.704692551649995,133.81221502141028,1260.572672995782,3692324.7977268253
3.0,28.435134573212274,105.8817143884817,1272.1571217496496,2916186.1390301986
3.0,37.48411194208703,113.11167897933149,1844.0419090793102,3157759.0842015506
3.0,30.116645439475086,114.4243543179187,1194.0781186071388,2842600.2587980796
3.0,18.85668357359601,146.8309425351249,1708.8280764453664,3022176.918182669
3.0,21.86917315848287,148.00844546251457,1197.3211129328008,3015761.550230115
3.0,20.878605836818288,141.75737461239873,1667.2689543758481,2896059.762720761
4.0,18.218641622866173,102.05870114656302,1091.8375793090427,2721044.7556174933
4.0,1.8204499736905442,125.9113959012268,1726.370004643951,2327664.035625717
3.0,20.099298095427546,129.6998069355731,1474.624403422907,2489535.495812551
4.0,32.45359029384838,140.0662933277963,1124.3247176582063,3735512.6956837317
3.0,28.232359506467063,157.3516312233944,1214.9447859555896,3548479.511923684
3.0,22.68134246019863,132.35024185111092,1413.695264269153,2888024.674450693
3.0,24.896744971207927,155.46976871484253,1657.410549812364,3495303.0427317144
4.0,20.242134696007618,106.62649424382792,1158.9788801908546,2633509.1619581375
3.0,14.685701485929172,94.36267289150831,1538.7558842164717,2159107.35094143
3.0,27.361487507926018,144.46977683256185,1737.5515907687052,3054424.017419881
3.0,17.941356712984657,144.60563451251858,1018.5726832804428,2804641.4504664377
2.0,28.467884537328096,115.74629643985608,1848.2934430226119,2351460.767199436
5.0,24.087068751848335,98.01298314947051,668.5272390640646,3217325.6142894463
4.0,22.03666573865783,128.98678018373465,1613.9143775981606,3226500.337249659
3.0,26.701449511022822,118.1566277250437,1328.6025942392178,3012074.6564437
3.0,30.12707720216356,91.31448797343842,1471.114593946861,2553733.165783743
3.0,28.458780657767125,100.73193599773886,1205.9627088937739,2819011.374970996
4.0,22.81956575935825,123.45069346596479,1551.96723625115,3390207.95159254
4.0,23.90759625763888,135.7079328585483,1153.27582710667,3522877.8727921485
4.0,16.64263629807425,128.4200374520604,1655.8931042502861,3029753.592284982
3.0,26.479167921468203,161.47477237855912,1368.0323527459088,3198753.4982477524
3.0,15.682799816772711,136.315216283813,1477.5687788634948,2820110.806414865
3.0,25.72499041785531,119.29437785600697,1943.7102753919291,2894426.746389066
4.0,27.6136960939186,108.37533182132202,781.0579290082376,2967421.9013808034
3.0,10.213684911028164,124.0625521858687,1400.6886238141105,2335087.638910928
3.0,31.673835211815593,158.91811799944986,1310.6738290321964,3703030.6383239394
3.0,34.706253192695435,130.4798643571142,1139.0847169521908,3533720.1642172737
5.0,17.076216778882905,142.51315761896896,1570.01853630482,3491861.8673151014
3.0,21.9947819143572,96.2711921197262,1777.1872530055202,2134966.82553294
4.0,29.618503768253596,121.92150056880354,1839.803985159859,3294351.3294150447
4.0,17.42444623633498,129.44436575121614,1359.8168874923706,3101089.0262666116
4.0,37.221822186498095,153.09606373447187,1371.0539237678968,3981935.36281168
3.0,23.048550418798424,135.41654552854192,1866.9188276458183,3048404.2018831237
4.0,24.01292528705197,162.44358097624104,976.3552886072076,3811601.850919737
4.0,24.276429155567442,118.91148688510057,1292.248398172461,2966879.599057899
4.0,27.97276593043247,158.86995111531309,1536.5017632308757,4007151.522152595
3.0,27.81851515772795,124.21778659437753,1116.821073910718,3062246.419093337
3.0,29.532193420329833,105.13674992304641,1816.6685498605354,2868843.8558010207
3.0,21.851517290245024,131.73560780986708,1517.2617664194884,2967829.2165866205
5.0,25.01101837942041,120.24505379828614,1462.119418341363,3692418.4488315354
3.0,29.475443793552053,124.8256466976515,1655.245834870104,3127008.6926845843
3.0,25.737479510238714,105.69295562264372,1989.5010004075916,2339255.4632828496
3.0,24.841501313734092,133.76829338526397,1452.7221337597393,3051731.2478879644
4.0,26.569628376970787,127.42693088681158,1153.4139195708551,3307682.3216000837
4.0,20.750867994508322,113.96957159052815,958.0573452076842,2759535.4537277324
3.0,8.899914117686075,117.54520861803101,1339.9595080894699,1942157.0115472844
4.0,28.999469545137163,143.11721823054506,1230.3924275657248,3615531.7894241144
3.0,20.42727030694213,123.24001236085384,1527.9530971349832,2784217.110876505
3.0,26.648209491128572,125.77212537068897,2076.9184543321808,3079018.98184131
2.0,33.15869400979159,129.64234823450272,1372.2091649556037,2887684.0348830363
3.0,34.32932410842475,142.90400924009123,1265.9153523913837,3668110.0775740147
4.0,12.555020607942005,116.83181850073518,1780.5614575933914,2515092.638655247
4.0,27.811449965125526,145.63105827191274,812.8411022258359,3728999.2327861967
3.0,22.07021070080078,129.32515804895326,1531.512893755974,2813777.754267091
4.0,32.300387610038015,152.09386516674203,1304.7616766428962,4008387.651422797
3.0,21.597192824686832,124.00518539919315,1497.6921174613615,2686858.248822114
4.0,36.23990544575026,133.86945534036334,1399.963486250961,3887185.138922758
4.0,12.009056411746712,126.37386131986175,1248.0163142750134,2759284.66782088
4.0,29.88122455957762,112.93730695136023,1173.3770936744368,3445635.6723107393
4.0,19.951212698400994,131.00142073958352,1643.1870502508684,2987934.9997259257
4.0,22.44879145440325,96.19117128525431,1139.8093651028948,2792028.8471090314
3.0,22.72911597580341,135.37108120567007,1266.1731200489482,2879059.1340091936
3.0,25.958894255505953,147.6272775681204,1257.5039928384892,3349472.855046017
3.0,28.939648268872958,126.70433981720365,1182.666070394551,3227177.784978341
4.0,18.822130904176742,126.34623153595611,1135.7539522050968,2868567.9309553425
4.0,26.902043695039584,117.75121101550113,690.8653003516725,3096865.4879301414
4.0,14.75381612278296,128.5548413686764,1569.4923330731317,2836681.222045106
4.0,25.365250305037176,129.32721253881664,1472.64916025558,3166697.5055036154
4.0,19.414976843833404,122.45395569004992,1653.0392005885758,2851036.9125725967
3.0,26.931518448187546,108.12511999479949,1897.0938484428668,2808336.0204029907
3.0,31.83689960169211,137.52311096624686,1136.9515367711208,3433498.96772707
4.0,17.992192222592195,145.24682878020815,1053.855582050624,3260404.836841711
3.0,29.317165945334654,125.31556722911053,751.7434914901932,2835698.7166549247
4.0,30.534446846934376,104.25203373666562,1705.646467856906,3257203.44107531
4.0,27.57826017815958,158.449349813261,1206.469158201585,3747124.683372979
4.0,19.56436014237486,96.65096873664739,1761.719377427187,2854810.546069531
3.0,26.250904082602656,131.38684887943901,1319.4080948106205,3157158.1154933036
4.0,25.824833893261605,141.88369395923232,1307.765148961113,3560323.5636697654
5.0,26.561396713731472,126.87515359991642,1540.6695067546618,3643768.787347758
4.0,24.724596183941383,158.71738107256124,1650.7415933460627,3847356.5249002664
4.0,18.452338360495954,132.1005765658103,1193.2642874069932,3256091.3504208126
4.0,20.223474495892273,120.8333494863476,1783.0687775233553,3178402.6510910685
4.0,22.945690940268214,133.96563693982523,754.9762746506635,3291191.3327312255
4.0,17.58809558049206,164.7704405984334,1409.6811277277068,3459260.4867098616
3.0,22.48497763690633,151.75196709574135,1206.1355253922925,3039052.336114333
5.0,17.027499010485364,137.32572448428107,1441.7153130606066,3401075.5483164224
4.0,34.724825145966825,108.8203542681951,1415.1454048460128,3591039.116284055
4.0,26.951427543142422,116.60757112085804,1302.5110783612834,3198360.318737991
3.0,28.480524076537836,97.52072186681167,1028.7504024504751,2690237.4425204312
4.0,23.76089834499817,122.22683052369365,1719.183800465707,3016896.7717168825
4.0,25.172104510339082,96.1191468230183,1714.7964222458418,2957994.0800663894
3.0,23.76673278201186,139.71066785952434,1138.0690100647757,3144794.159962612
4.0,20.78876126766631,116.46556489598115,1887.445578287674,3033936.3643820276
3.0,14.182493941531558,137.955569021494,702.970847032495,2638171.997214415
4.0,10.797124355176331,164.95344494583685,1150.5111771078698,3201602.068809778
3.0,31.880291630168696,120.23803828003898,1644.9478285628684,2810345.088890168
3.0,13.457675010730117,151.9613256919178,1264.2377199578343,2662457.7505485015
4.0,16.882032783929066,119.71844426876515,994.5265691446605,2790478.2404793063
4.0,28.20205991445199,131.39164443538868,983.6605769699988,3450018.6349347164
3.0,19.52539030182159,128.21810714575463,1451.983508843969,2846289.171988879
4.0,25.878455698967855,149.79556364071823,546.4954453609374,3456979.7913701064
5.0,12.643867997316597,109.79031922520599,1171.5284893086173,2864486.1007349268
4.0,24.04564396491044,134.02847634189894,1204.3766289483249,3269281.7086598505
3.0,30.989308487943966,90.68082580323454,1614.5264106890704,2659414.5338404737
4.0,22.918273853931062,101.64683781151301,959.5469339628559,2737149.3290003613
4.0,20.735003261017265,135.97092370229828,1552.1880426514513,3097630.042571445
3.0,14.800499717029924,144.44736997602288,1704.8449673777163,2877595.760870887
4.0,30.56026748595196,133.45405589774344,1324.257171722406,3734867.2646138985
3.0,30.010258609422316,114.56174636185924,1684.8035945562635,2884575.5314336754
3.0,35.21143598831869,114.33552331488566,1667.129106759156,3305828.9482202297
4.0,17.858065790680687,153.01456779750617,1797.983370044559,3383251.6294496087
3.0,21.31092711387951,137.58330856718203,1452.9716926768497,2660292.941444448
4.0,18.651517716138443,128.60942582413128,1310.143252642491,2858121.18136042
4.0,22.374219919466334,98.42580254308625,1358.0951060495108,2729435.0172322383
4.0,27.41703614886096,134.46362574423432,1088.9321526952613,3505570.9573299605
3.0,30.501742864945157,138.65405897761684,1559.3117693996078,3148608.2037070226
4.0,16.555840760421937,154.4516801476218,705.6730234109205,3479405.898280401
4.0,21.474810241670415,128.75941020849888,587.4210584979081,2989920.682147354
4.0,20.061579537493525,128.32676269769217,1867.896574981519,3167277.5264307642
4.0,28.604887605016515,120.70567706292255,1930.7939237100545,3222190.8514468023
4.0,32.64612949177342,129.58232412764687,1540.3864518447187,3709746.927027215
4.0,25.971916132397347,121.69608266089082,1649.2219151515135,3087564.8672286225
3.0,37.555641592130364,149.4200478161361,1717.2586683670652,3868360.8068296267
4.0,26.15021271758811,136.13791393272822,1635.5818215091297,3290660.848534965
3.0,33.72054298762051,152.37559887732334,1609.142136820668,3648721.810017648
4.0,15.96314920540075,122.35584767901389,1457.2332897705137,2717435.2554153814
3.0,22.179321557208596,139.91936978266116,1567.5721578256748,2828581.557658269
4.0,41.265718749830825,80.03212981278024,1048.9110945031043,3304384.1176275513
3.0,27.119754247909153,118.49657508480799,1381.317600935465,2864707.784570825
3.0,28.3907765169271,169.8158414336767,1009.0324739320613,3749906.0754051916
3.0,19.781623684293244,151.89116556459044,851.7599654976384,3183399.336681749
4.0,24.839600398673127,117.69580127768721,1371.54533191347,3091393.697121009
4.0,23.196971696303528,136.3464410512578,1605.8682138516406,3458194.2134749917
4.0,13.698049540299936,111.93200306473022,1314.7215227940817,2672136.3791180393
3.0,15.909500949388972,126.29457623713236,1639.479596867731,2332912.4636720084
4.0,28.674173336249137,133.11328648784564,1549.689487966105,3545898.286986309
3.0,33.91360576305395,127.87183292307387,1581.34104098198,3106373.7194174877
3.0,20.56400905488597,147.61324862181706,1569.9812107911548,3174737.807477549
3.0,24.183851602346003,152.49582963238436,1860.9704828252918,3284445.678558543
3.0,35.32816018836855,149.8571388544785,1721.3831499580779,3638158.8988647806
4.0,31.173362092251832,117.0710512760746,1223.5797398137574,3376700.86291869
3.0,31.600595894188626,135.80800223465155,1704.922109726246,3260496.671419961
4.0,21.28288924309835,131.01131954921735,1867.6239151736172,3010384.323573444
3.0,29.264672839379145,138.56660537702888,1519.0819214227042,3429422.93342989
3.0,10.689323525331433,124.99740536305787,1118.0074922484732,2393541.813130602
4.0,22.8432323371853,135.8464869535149,1410.4691786968015,3604933.972294903
4.0,32.49275268948721,106.40510436060366,1392.1722940838797,3217514.6600517356
3.0,23.241718763785748,138.89477791914308,1718.4549120868542,2833657.487023386
4.0,31.427596999641043,119.01097064735748,1047.1311699829228,3305674.503692554
3.0,19.68205101939148,119.0516347748305,1397.6011545408617,2597622.6057744757
4.0,33.02895265585742,155.04980805395604,1247.7761534848862,4053542.582596848
4.0,18.494266669654813,76.00272593392403,1842.192900423365,2280963.8552171
3.0,27.996664254977595,160.32861183582423,1256.7347725906084,3537618.2193676913
3.0,28.42678349032711,98.86400428528009,1140.5862493095306,2729251.216103481
4.0,14.171987802233899,121.53581205734422,1238.2555074418688,2808507.843168741
4.0,41.68919722480242,106.75844350154281,1601.3180032164669,3823381.8446951425
4.0,20.724544961242557,175.2149203502765,1250.4019849326055,3768043.1673481804
3.0,21.603295807260228,136.66977443581447,1492.426681462186,2781712.1353666466
4.0,31.855045165765794,120.6681013205251,1048.7782869146292,3357610.3907734933
3.0,17.354542282593936,79.84633135292792,1166.7073143968623,1720424.0012210254
4.0,20.87906055484937,129.3953952043935,1812.6993908634663,3287431.5720591955
3.0,27.56723042505073,164.85452846035895,1796.759198866998,3407437.8389643608
3.0,25.590503485201975,132.49818358665146,1333.568907654583,3134869.4699216713
3.0,30.08671239620475,123.75986787902445,1806.552781460054,3225586.665691998
4.0,16.35585738190423,92.04503112756083,1166.6883232976747,2264388.710850576
3.0,9.078459780743811,130.6045525264546,1576.5832368670212,2388811.9872694295
2.0,42.33666685719499,93.6984854065567,1617.2083136883973,2545286.552923804
4.0,32.05924322699043,191.4202763279755,1612.7376273000295,4385052.567938982
4.0,28.525053270206854,119.93879352853764,928.1179262851552,3238217.9637218295
3.0,25.95275545756634,165.10560976748855,1443.8786755220203,3203831.5828239755
5.0,31.221290765979358,135.23849388197203,1721.0835211142182,4032614.950509653
5.0,3.0330542980677766,119.106284105555,1357.3341619957707,2634823.322502154
4.0,21.061544766599717,158.3069566835793,1040.8912227803148,3433076.149707717
3.0,23.324827189820148,122.91591766864305,1178.3130052853892,2911417.9583401177
4.0,26.92256309050742,144.13289257088203,1910.9870265047932,3537290.7227597125
3.0,25.49818259217526,121.90740669754766,1628.4306712915065,2926958.2213150803
3.0,17.894151477461822,150.6192593013601,1335.5206430412952,2673852.606051239
3.0,39.07143885912192,145.6700258281051,1699.578762178345,3789837.193169664
3.0,20.809634380943578,106.14237048974418,1157.6615772191212,2585735.0177091793
4.0,19.37765961300315,123.55382873524817,1259.469010035713,3039180.598847308
3.0,25.371832279282252,112.72480401209822,1418.319261961736,2895223.397707333
3.0,31.596805514368086,109.77124551876115,1205.116509038438,2769559.5731415357
4.0,23.49524915979272,123.82519200666742,1664.388146007031,3223634.5495839464
4.0,41.77478366031284,165.20625260089872,811.0177373685972,4422561.199488877
4.0,25.249024411797485,133.67430248321176,1767.0048434937364,3658779.4646773203
4.0,27.2482538521737,138.43128885517268,1351.5721393991075,3617441.9681873964
3.0,27.754154795610393,117.58338213285542,1443.5679311493236,2867377.2930053254
3.0,26.411686025609523,112.95541246730085,1941.5846671543898,2939064.3023363436
3.0,34.33660296471947,136.68442089160368,1846.4984472216247,3495123.1649340517
3.0,24.199467622688104,123.44423987122153,797.9529353808286,2914625.5687297713
5.0,7.628750980843637,173.42816612661954,1507.4131519891394,3602923.7201760304
4.0,19.71954331004415,130.11974852099394,1383.0032567964927,2979792.8591668364
2.0,5.117948118679049,117.54609738670116,1508.1560314774144,1649423.096192244
3.0,21.042524443159824,100.63890314889125,1623.9279760281852,2534482.338876483
3.0,33.90608547707939,105.74190829647412,1997.5657619149931,3024866.399256816
4.0,13.973657503398083,128.2432324269707,1698.1742133274445,2793498.148163704
3.0,17.564818862766803,134.0057968560094,1459.853804413796,2658487.4144231025
4.0,26.2448072373723,126.81146003674193,1215.931004954841,3481365.6976247793
3.0,35.55748603080915,138.5877130907699,1152.6476663972362,3601474.3807746726
3.0,33.860200533065964,120.69250401272069,1158.616158953318,3023336.081187973
4.0,33.40438821253799,134.52057610558177,679.8302641025656,3612032.832755557
5.0,29.432970950152143,144.3540194203523,1303.7705858935228,4160179.72878362
3.0,26.57025106203598,117.27863555768037,1056.3000823994741,2937858.7344996845
3.0,30.39401920062379,145.02739019485458,1579.9601357625534,3267598.707666799
2.0,25.120840921964298,127.76196609931179,1193.2440723212273,2487778.243809897
4.0,35.59506415819391,111.62299056617829,1618.2845447268187,3347471.815887832
4.0,23.134124136449895,119.52479435756898,1217.861061859336,3159605.755124763
4.0,37.05803900772377,132.63138486861402,1655.641033055786,4103637.4398103314
3.0,26.049612765124593,157.56320420533328,1111.9928442343548,3509755.4206262347
3.0,19.611827136384786,153.870750586781,1792.1874267134704,2911995.9326627054
3.0,11.786585931977623,100.28383888913751,1562.0590367912127,1971138.3340289476
3.0,17.409105417463135,97.42351604827749,996.5085045819445,2211210.0719934334
4.0,14.99585217354468,130.56453308255328,1675.6187017768518,2905264.8966005296
3.0,23.06067971611236,101.05349123062642,1484.2868685886124,2409717.020667054
4.0,27.801522339205896,102.36342520922773,1768.599534498659,2981240.7398709077
4.0,26.064575523695762,141.54210922888836,1435.7683394738062,3670973.297874011
3.0,25.057007690574785,138.66776579829173,1519.3186982740367,3047130.3283543354
3.0,32.56506429334031,112.60086290308794,1114.581150527899,2824383.070809547
3.0,21.436477689242324,136.36508974006125,1387.887525107262,2742145.1698157536
3.0,20.171422108427162,147.70014703409936,1471.7099886385397,3177895.1445065355
2.0,28.572336622792747,140.80518585550539,1341.03409803485,2858251.030615889
3.0,13.830081768948256,153.57273937118867,1463.0034766895437,2598811.2155343797
3.0,20.23212827949776,128.8055624259965,1587.401187909739,2811051.7443673536
5.0,24.460360848453657,164.50666521410608,1541.7549815196899,4174736.27951311
3.0,27.650471792517607,153.34005214281,1887.7086467378026,3560785.1998781855
3.0,12.647495988555669,118.4937113909088,1717.1070662078332,2431319.401067689
3.0,14.048380455605669,152.66971225333532,1358.2857960967217,2565003.0162653113
3.0,26.156322418043032,131.44840340876183,1230.7154004649246,2985409.4010266457
5.0,22.84588504803012,119.12785004827,1111.2631744700925,3427820.2875179388
3.0,35.930925365460695,107.70971647178341,1306.2646896921708,3093514.5948304646
3.0,21.49266732745623,142.46553151515684,1229.509078955001,3088092.677928644
3.0,9.051111698675529,138.3022905157186,1000.0369232492126,2360901.9892910896
3.0,24.51783951815606,120.23214627110548,1744.9823279583973,2762860.250888491
2.0,28.959490800957408,133.41098993174808,1275.657429596117,2705716.3002227414
4.0,25.434258232241774,126.60316045530602,1122.6502472666255,3125711.4305607965
4.0,26.876632812014915,138.5083983913932,1564.2319970846936,3434799.3077038806
3.0,17.620623562142548,159.50077869808695,1456.0018604741135,3096019.934199578
3.0,21.49468398661711,103.52782066293949,1437.8132703583517,2235342.8065215508
3.0,20.01946949368275,96.72523123948797,1456.7013239388996,2339309.994680235
4.0,31.056866327741474,129.5312783027898,1743.038278867084,3470436.023506899
5.0,27.16493489458209,117.3108263553621,1303.909372239192,3615887.785093473
4.0,33.17050124076262,131.48293461059774,1579.2924800390892,3820358.083564348
3.0,21.689887170563292,139.16705744653837,1350.7590466986535,3128017.7614102704
5.0,18.766502693484032,110.36914228879371,1610.7882513766597,3165588.484034508
4.0,24.551411921140527,135.05118661764357,1118.9564550556534,3416530.463572348
4.0,26.650853188332636,123.1298514900223,1551.767539497886,3444563.0560739096
4.0,9.471311831146464,148.40756794144937,1476.5296945586929,2978827.2522751642
4.0,15.106596447149702,157.0630809834571,1320.5962303577755,3217570.9609860727
3.0,23.197903723890903,120.20037088793207,1912.0427349487557,2688130.1883427314
4.0,26.718173358507485,117.78715682986304,1861.4767725821923,3269643.256931605
3.0,25.416035422273083,123.23967045448498,1188.7668854467936,2939631.4904488157
4.0,25.233018751512127,111.7862324307107,1176.5520790759251,3265382.577393748
4.0,24.334389335746895,110.17755599201925,1399.5511799115664,2835094.129104024
5.0,18.950509717895724,110.63895654537092,1069.0095158542536,3126714.488236315
3.0,19.80244917950122,163.38109098548463,945.1086970793386,2977297.435613225
3.0,16.215896556087262,137.69162497393353,891.5413623985211,2643703.7889884766
4.0,10.891103895182887,153.06557439019247,935.1436329331768,3005124.201524817
3.0,26.96530800192847,132.22154163878412,1433.2934935201747,2857795.7060854714
5.0,34.313192000814304,113.27781115931776,1426.8232853530596,3972865.031334423
4.0,30.75419518594333,159.8461234143462,1732.2936050742492,3972822.8248569733
4.0,27.014465025283727,100.41138043098164,1777.072753143441,2880537.919523558
3.0,24.922277756128132,122.97458565245472,1212.3289327765094,2815924.8788156295
3.0,21.310303936580194,102.10326194528935,1336.8662550588813,2211585.2524199397
4.0,25.833283063397687,159.92893229902114,1216.1183219100299,3992130.67837127
3.0,17.602332756875334,161.11090526312955,1367.6289805795534,3277304.937095045
2.0,29.215875805313104,141.96778833906023,1295.2778848597661,2873342.17194761
4.0,19.249637206136892,97.8361443065885,1456.0012971666565,2481036.635115711
3.0,12.80884802517283,136.81778133483718,1480.2679082219413,2633951.409027989
3.0,31.102105300053243,125.21168096594756,1762.2935290188568,3052724.979507203
2.0,21.737698832876614,130.85670040756227,1069.4264855774609,2486345.61232701
4.0,24.54714018299457,132.69892953902973,1404.5588304758,3301808.3571972065
4.0,20.199065704878905,106.10054469242591,925.9041777156543,2745171.8280070634
3.0,28.91655430490156,142.21536790956984,1737.4254870595157,3203570.5737695075
3.0,41.04097220782598,116.90930270030489,1580.7901334922326,3273485.5893205786
4.0,21.4249249822814,138.365806891671,1243.6793135170988,3401045.5147500243
4.0,11.745832995922996,138.7370994468755,1529.2462734423834,3002863.3652061624
2.0,22.917597031510457,131.42548419673167,1294.3361760799955,2309016.983768798
4.0,9.469392057399762,120.15072695622601,1409.7530887783362,2554408.310604493
4.0,29.227049252542216,129.17681195454418,763.9372870763472,3435488.617235429
4.0,33.65733340654608,114.10951474808564,1073.6028338073404,3399044.0892789215
3.0,23.81720229858102,101.67422784211114,1555.2577771864003,2503998.846745016
3.0,35.88189273842159,132.4510030414168,1444.6484152828796,3501920.1392976204
3.0,20.597465393388525,136.0774072995971,1689.6379981629307,2892947.3680005874
3.0,11.848174125864393,118.65999744424994,1028.5521363551798,2377476.5788280596
3.0,27.163580909615202,184.51095597422812,1518.8093657386933,3676148.5689067366
5.0,34.89048651906827,172.76266095611967,1218.441375330221,4726233.270763736
4.0,32.996416968958385,115.57898188993272,1679.8621849140538,3586153.2934788745
3.0,30.6959092319341,183.7838491327342,1386.0123344158287,4012071.9966632496
4.0,25.7936743636004,105.46784162798643,1844.355978041327,2933922.9650278874
4.0,13.80553837555207,136.49173444764583,1891.7549198374775,2848062.5291981073
4.0,30.676090709801887,152.8897819050997,1373.7256353426571,3809843.330579627
4.0,11.991830638941655,145.70181030810153,1386.6241647896563,2970424.750592226
3.0,19.435327728849785,123.84808001652512,1974.533274289652,2603295.9625244318
4.0,26.975231869223943,159.06574919219497,1198.1384707875063,3646936.7755856253
4.0,23.166503864281665,125.07999423164536,1704.719276351275,3022266.9551977077
4.0,12.476596165301968,135.93515463104592,1481.6425856235885,2839267.821222189
4.0,18.10486471537499,81.8183294716936,1031.4914314341288,2415694.8114647768
3.0,28.283243079930326,156.2613245951834,1460.1144710711876,3500882.545656549
2.0,29.00849857091201,140.15911027547202,1540.842214695664,2939675.6278474443
4.0,32.50860729035625,144.78572912352251,2164.663277086153,3734382.1287958343
3.0,28.074648508881804,143.83608847953266,1055.5171127081785,3177405.8086086637
4.0,29.047405788908712,117.29503302777263,973.1636563098167,3290290.8909124704
4.0,18.653246490987257,121.36334224820712,1636.7279971957257,2975229.1178864725
3.0,18.19992743790472,92.48739837570457,1290.1915312823703,2293238.20066284
2.0,22.42722809583891,147.70814210921935,1166.0003104453551,2647922.272248384
4.0,25.49296015964961,95.37567979811938,1612.3248649302402,2820131.6295309765
3.0,34.58422228702567,121.02317695736824,843.6361272552615,2931077.819460435
3.0,11.819359425214754,127.3396848603935,1576.8822907103258,2168554.464150997
4.0,24.92186817801559,135.49045028221593,1849.4470392938626,3220171.7453235406
4.0,19.555200574616105,118.89628920460677,1170.323855760022,2900120.74222406
4.0,30.773908083518826,134.46537664335926,2057.4905727731852,3498738.9765754337
3.0,17.454923732646726,150.1523247108803,1737.5929468895897,3092440.013853614
4.0,26.762444561654576,96.62314713624757,1637.4727475668753,2751162.936321714
4.0,16.781459724688776,149.93602996373744,1776.7698506196768,3409890.334143399
4.0,29.753757208967,138.83669243987043,1656.370560129664,3521072.3102867375
3.0,23.9507415351079,113.00569248119818,1313.8458337367747,2608773.388102852
4.0,29.93484901606334,112.48572721272222,1253.4606692967668,3499123.1754776984
2.0,15.194060526049839,140.94278989922546,969.3553825017469,2258123.2214674507
3.0,22.070800370492478,120.57471676980454,1456.6339932578999,2744990.507877983
4.0,13.404067959716134,160.7031559428143,1501.3861880734135,3234264.6580448193
4.0,28.173745500797892,128.56168023168894,1337.845355861298,3377580.660107825
3.0,16.82842226745609,111.00266193414129,1547.0020092477896,2182192.87853703
4.0,29.567710605971094,140.4849987130956,967.0843000811092,3939885.0103256567
5.0,27.626921785831634,129.49817649460917,1211.9545396607982,3749694.694602499
3.0,12.174716676842186,120.85306777368072,1187.016033417465,2371610.583423007
4.0,30.231078667022913,93.85117121776192,866.5324399959532,3110215.3193430942
4.0,27.97927924332041,166.2527306090709,1175.721588772952,4045715.22440955
4.0,38.8290367924492,168.94075688218607,1526.8382344086056,4492170.1814101385
3.0,17.992463474551126,133.55255099628127,1113.2960123990974,2662160.5240576644
4.0,35.30492519527055,125.41225236015741,1677.8945331643274,3687291.0041269716
4.0,40.70161638418648,145.3740784768986,1448.1820057398606,4287537.710896984
4.0,16.6790404262738,159.55774019254358,1609.6668163023135,3559710.9282532716
3.0,34.61809869053568,134.772864609463,1157.6155263122164,3459606.844584492
3.0,17.203620356009875,170.65092226389714,1661.0899131532663,3238939.773453582
4.0,26.541224480157595,119.36334922946234,1261.0964514706006,3350537.6301418706
4.0,33.42932911261228,84.76294577276244,1530.3944350729043,2895265.971774862
4.0,18.535616320264527,119.26632626857199,1370.9799356005215,2854861.8153145863
4.0,31.10604837322221,145.27120965524637,1871.9595776368285,3886584.1152773383
4.0,32.016851127682386,110.79271531549887,1078.087324156385,3268559.763489297
4.0,22.13095189348866,94.44191606063094,1297.4622749803007,2517966.540716609
4.0,21.393783678492028,106.75247923316786,1847.2002853565748,2777607.861900366
3.0,15.59414908035269,86.60285539121315,1057.716408723596,2014531.582817431
3.0,15.016105801928116,138.3453142785762,1159.7986122242232,2490051.644395384
4.0,35.16057215691313,137.27000094885963,1831.1411212072478,3928634.608211919
4.0,20.887202419334894,173.54686379682553,1473.4937902280997,3691730.1994886845
4.0,19.34739755355309,134.03186363198932,1165.5702855136774,3434725.986745971
3.0,17.77784819046239,83.50172272764854,1495.6137793134253,2113482.4973804806
4.0,7.837263720613726,143.70971351361402,1332.2814034463527,2866508.426609253
3.0,25.290685603302133,119.49003016312426,784.4750295550208,2555201.723647205
4.0,23.041109410816972,135.35358697718388,1942.4064978698125,3482978.732786922
3.0,20.22297383938499,132.9650120342028,1104.8493075988208,2823528.7628515987
3.0,25.2026230694063,133.7042688727846,1671.4980721581296,3173516.9911260647
3.0,7.797648892947057,90.43744298756774,1713.5041264175502,1487987.0530045356
5.0,20.771521107281423,146.08787748758408,849.740107153379,3709972.075066933
3.0,9.038633473645383,152.5953122658656,1555.8367794438325,2627875.419379876
2.0,23.92826498230757,102.71863689132067,1315.0752590775464,2134801.4920546594
3.0,15.600267628492034,149.1970957780216,1747.2496441234555,2976022.539460442
4.0,38.23278836389466,74.86886145947778,1394.322625757954,2933647.9163549445
3.0,23.655051331040806,159.64405411066687,1241.5579673140571,3361157.2299773544
4.0,29.762984104724406,160.27326497187076,2003.3954392532833,3999066.586765883
3.0,14.568005101771544,101.00937922522613,1358.254390927699,1905098.8977831984
4.0,22.82158285812324,128.69939053193067,962.7470429176659,3430654.886597244
3.0,25.839974494746233,119.28015691642474,1215.2958794042365,2975541.723076337
4.0,26.68315987460825,170.4895999120675,1149.1927716341136,3916915.8111413075
4.0,20.460952636226608,116.98541846417426,1428.290703263997,3167069.572097937
4.0,26.105789947146864,165.822830786292,756.4230785117546,4171686.7667936115
4.0,17.199603109894102,112.69668194951085,1084.9147115894234,2982725.84487206
3.0,39.00151649917305,106.76851615053644,1598.1857345285046,3163845.2350358698
3.0,37.07406173952661,95.8254356677852,1393.8566810156071,2851715.604465063
3.0,31.039716651151487,141.3476874696095,1730.4113480634273,3518961.631896647
4.0,34.63544945132443,119.11914277166844,921.395045718573,3817917.5894336114
4.0,31.65759947726898,154.29439598442883,1556.76502337878,4155643.306788594
3.0,16.802439496455214,86.23085314020767,1799.2646854659088,1968495.0544001407
3.0,12.163827443187822,136.62658524300286,906.6147290866918,2677478.0012863157
3.0,17.274907254245424,164.62787279414238,1406.2120154969098,3291653.307800807
2.0,23.342805248690524,135.72686144253765,589.5332185386151,2435965.1530598085
3.0,31.78725229996152,149.3038239698638,1265.556394746396,3421711.027605545
4.0,22.428042320775447,121.1758515959625,1507.418328310608,3028035.7677380657
4.0,32.702886385411986,126.93504900883345,1694.5560003817898,3709590.874144158
3.0,31.84999700023971,129.90214633589284,1834.289692771844,3217272.3918561433
3.0,10.413462631721908,141.49500335340358,1072.7618255057046,2542636.520066944
4.0,23.515878381321606,115.51910682960477,1342.4922008419808,2943104.305353891
3.0,16.90085301111364,153.0598299284694,1855.2197611298986,3083551.465755106
3.0,20.492819364555707,131.4982087567126,1776.7282592292604,2880514.4640906565
4.0,47.179524470073936,117.00771572364141,1750.8526429587723,4066712.1588885738
3.0,19.262276855759566,103.85828893542845,1507.0052048848818,2435536.913082352
3.0,27.491815322069755,168.677898243806,1780.6306311991825,3651739.7708258517
3.0,34.81258254798091,95.25438731151829,1692.469510889653,2784956.002343652
3.0,23.571662529353215,158.79576592269208,1592.5515551597694,3290150.6364347287
3.0,23.264211626463897,122.29627075177021,933.7635030869911,2880915.683549121
4.0,15.804398081237283,128.16718530618016,1279.2091541157952,2889376.012981096
4.0,24.175958214439827,120.10045187389157,680.3603944526975,3358841.2946875957
4.0,23.553015831319755,166.2375293675114,1023.2443330653009,3803598.702981128
4.0,24.422591892494488,148.82550964710504,1369.239576954796,3470246.7774101114
4.0,35.404778006836466,117.14211091136372,1139.323544042968,3503628.390608794
4.0,21.35880740567601,107.12634302983373,1488.8175875505965,2917991.939354253
4.0,37.26130749810494,141.83191081212095,951.794046368533,4267017.212096287
4.0,24.335418312053825,109.03904078978825,1903.2265380045942,2810332.12276267
4.0,31.006848834100193,146.76473387916457,1009.9011472153511,3805241.180154849
3.0,29.088555473430453,131.03093489927198,1974.0092038416062,3303180.988145655
3.0,23.13333964695238,138.92356100647447,1951.2358756481808,2969240.8193609365
3.0,18.10154090951237,126.32491554546394,1941.3708445571285,2601427.6561333956
3.0,31.566487920084455,125.11475240695827,1420.1025314948245,3209565.1048427266
4.0,15.834211244487857,139.07352134663856,1502.762388634701,3084093.7130099605
3.0,17.368415667969735,99.01084142118134,1704.153035911989,2229410.9563772003
3.0,14.895698191637221,116.16798016646554,1459.685899840725,2296881.4810480266
3.0,25.85476189692064,132.85822150806743,1396.7057083703035,2889352.435880563
3.0,23.825787033082804,126.7979347580149,1621.860317934543,2620535.524181367
5.0,14.122296717441012,159.15329946712606,1412.1169906216112,3673184.942227543
3.0,24.79012498725772,123.76498693278751,1740.5162135585178,2743831.468224773
4.0,32.74047224355681,157.17599185631806,1924.3368194530012,4024082.791417666
4.0,17.96465224236978,125.78480565422377,978.9291268830539,2843679.698747634
4.0,15.609260659627731,187.0936547760386,1189.7147460536892,3656421.039308146
3.0,26.827641778593208,106.08741524086636,657.3622148281195,2621354.599923777
4.0,40.28136011074686,167.11073881590136,1205.614126666768,4323770.209932979
4.0,26.038597346984687,158.34798959450364,1030.0039174006752,3938253.394272682
4.0,24.088781888303266,161.38329910859267,1697.1236112436652,3745623.6678827577
5.0,22.432411739408966,130.71663466539468,1627.5099717887183,3602642.7789256335
4.0,17.63033978224674,149.0751325867467,913.8416668712116,3296869.6608009073
4.0,27.589162937940397,142.7142698624305,1443.3775399703318,3431636.838244244
4.0,23.806159210413806,135.1297182568694,806.6589100563425,3248324.3312639096
3.0,16.6614380206191,90.80046673406693,1714.4873162841914,1914314.8692576643
4.0,25.792940425490002,114.56203063212952,1611.1215318303532,3041065.8540552324
3.0,15.008280632852088,103.83377096143232,1608.5333042568827,2229423.6028590295
4.0,28.319941909680338,139.02357605110367,1166.2976486956713,3706633.8878424843
4.0,20.7649220458024,110.88673263372252,1675.3997615414908,2789271.5069259563
4.0,32.50611296770397,124.70944854219789,1165.4386147260752,3789833.1042477996
3.0,39.39775545425019,133.3635733008315,866.1256963878852,3422949.227653058
3.0,16.737425946501002,126.28865223053788,2157.450613566535,2357549.1500683534
4.0,33.69267842366816,116.45151863404021,1230.37605226834,3386700.7268322497
4.0,23.553991965809306,106.63368616047072,1683.4169407304196,3107648.2980287257
3.0,19.136964645984975,147.27902256035424,1533.1023952082721,3056715.6147328727
5.0,35.27509552806691,152.80115208624375,1269.5462166418124,4556897.191564131
4.0,26.411259627784844,137.98839855397082,1353.3563718737182,3421921.3420191673
3.0,27.464828073586585,126.58918747569248,1428.7987130240128,2921414.608265508
4.0,22.11648200861979,149.64156986878413,1199.2238076965095,3696580.0907168696
3.0,23.175050062155087,120.2597104202733,1608.6335780397578,2803400.4311376996
4.0,26.63737885437788,132.62776451268985,1849.317445453589,3510363.5089646997
4.0,24.386584104916142,112.72037020437227,1476.8247250285822,2887296.9644420072
4.0,30.941083379922283,146.64543362988894,1755.0848957634637,3676329.0032918523
3.0,33.741733634559665,125.45994113453207,1412.3880624905275,3082503.227926143
3.0,25.081759237106887,126.30653164122255,2189.1045322622567,2783571.823089938
3.0,26.657236705644586,143.92204823465798,1391.5229634101524,3142842.916772033
2.0,37.663053990447615,118.02114875663844,1420.379196681345,2908226.0288787438
4.0,27.115400962917487,104.399576825147,1670.1288749003422,3055707.669771024
3.0,22.25171630853124,125.38134218600513,1080.0773186143292,2927918.811445517
4.0,23.325358300139012,119.5827120847008,1864.73787100314,3121310.275754886
4.0,33.39488286295975,124.19916972903276,1897.7474775449828,3710206.450914844
4.0,26.563958184645752,128.08317615963838,1231.5654690414854,3411989.593216981
3.0,31.68737063618186,153.60290181946328,1133.2252193516617,3470490.394517188
4.0,35.94019328124152,154.5745550478979,1652.8159225912657,3960035.245228472
3.0,23.96189897188374,142.7578424160842,1725.564834253383,3013550.14840986
3.0,37.982495969260505,113.69125211068803,1103.749078836203,3281892.542685825
4.0,24.536938969998932,148.95747423255705,1167.543208533455,3485617.7261851504
3.0,24.288765302542952,148.5000708670192,1716.4815788715705,3361613.6893482483
4.0,28.184815707545393,159.97541302935986,456.2505915328836,3895010.4742235495
3.0,17.990174041791683,151.73263521161036,1419.036032784957,3147245.370841052
3.0,14.238472443979816,143.00710155633868,1243.5925368354162,2854552.194359877
4.0,26.100517296642305,133.67880957179136,1118.1064783915936,3350480.669129209
4.0,23.93650474533994,127.70141600626194,1587.4505617950012,3484183.4341903534
3.0,27.76008229586991,132.53082981733422,1641.125645322343,2886499.602283818
2.0,28.794468606203182,129.93471183751598,965.3722530938188,2681358.4890865823
3.0,28.398014264712913,147.66371472695764,1744.3908752217153,3509409.1392545807
4.0,18.438862605210634,149.9107576513091,1593.3996596090483,3396043.226631908
4.0,17.11644246250909,136.9388461668422,1390.1569454016585,3117739.1510458067
4.0,25.860856828902232,123.14291839504617,1642.449490355702,3381391.7330491706
4.0,25.34961093654861,141.9876121241154,1289.1147925745026,3397991.213559609
4.0,26.12091728055457,129.01750902995803,1970.5715907259325,3499960.632482743
3.0,18.831470024291278,127.87527610183948,1387.5543822609982,2571075.062145645
3.0,27.313779056655,131.54943113621817,1505.615497021349,3021583.4721158883
4.0,16.00961955102383,110.0468481932148,1773.5857943563265,2572403.3020597505
3.0,26.274492058104627,137.33709749316736,1254.1327765328076,3148115.7683673818
3.0,32.205973117298285,152.43318861795998,1662.600393583163,3590571.1502688355
3.0,19.995323472929275,145.21495344793794,1026.7865483061823,3074796.076888799
4.0,32.514708950145895,141.37409026340632,1385.4440646165388,3856432.5869076997
5.0,39.475024462323624,160.18040838657618,1476.487625863187,4650886.144884998
3.0,19.589153943322657,111.5418844909837,647.9892743395407,2643455.7543890933
3.0,28.36892126914574,145.75865706311833,1465.373791455034,3419882.426553486
4.0,17.834512367297755,115.52226847691324,1436.9084621804427,2854077.8136105845
3.0,39.55945121111654,122.91519065895395,1745.0280923314992,3608619.668205574
4.0,29.34526810453738,136.46719800826915,1532.3873128602715,3495722.2623379175
4.0,23.62046344107907,140.39908606467665,1442.2726462540436,3667788.124912089
3.0,20.031592992063654,146.2079177339657,1555.351562946285,2964278.921638335
4.0,18.989427815377304,108.71895452040874,1810.3061259631647,2926090.144957891
4.0,26.51809703812975,112.19487803480212,1205.5957136281386,3057878.5171605158
4.0,25.6356248956948,113.23596096570267,1448.7084173352325,3201257.9410311156
3.0,21.188217974597165,114.65444044607779,1071.136281856546,2697530.0883460706
3.0,22.287140293302354,138.8841382037728,1384.8735476962465,3083093.28606777
4.0,32.39473045019208,135.24116253503746,1514.6329135213978,3681662.1985771637
4.0,20.039188337110055,147.01227470912238,1284.3208960462287,3396963.8318509017
3.0,11.191574192000104,145.20711063699198,991.9415333684912,2521898.980546424
4.0,33.99467543626077,147.17547044089608,1674.477423529866,3766232.4059557864
5.0,19.561287772183018,149.79262758234654,1558.5406100407538,3956677.9376327824
4.0,22.85383887429152,142.27665615854625,1211.7408955770518,3448306.637224822
4.0,21.487161163847663,99.74812456349605,1379.6935199495695,2635499.6833919925
4.0,21.337245926518268,145.06138934576074,1464.9190573413127,3348705.905949466
3.0,29.383522968470224,136.24482349092187,1264.8072442272123,3047871.594310268
4.0,28.69991129415,143.82016722888622,1838.9638578241536,3691100.9171377607
3.0,15.871515304028101,127.48134847775928,1411.3620951732125,2623800.2309344243
5.0,19.925660896153666,135.804712965319,1193.4153384057809,3733835.135810727
2.0,41.73260612150705,118.76851284070752,1849.774195062458,3130166.1862171297
4.0,32.92851692161971,138.4245537852251,776.3075381423404,3871802.5342717455
4.0,26.07720216207067,126.59233734676371,1077.8446728751508,3519213.5755913276
3.0,35.566105360892394,135.03777130996764,1682.6143139648925,3614208.100033725
4.0,27.11028221553103,137.67461266668886,1104.814707973128,3467006.1701724054
3.0,30.81922097877617,141.43560211633974,1383.9117187992204,3469330.202814372
4.0,31.992050266751505,106.47548740809073,1111.9156246847365,3081947.2682660613
3.0,9.563154374072601,135.06877980291947,1435.8932992683312,2564047.11698428
4.0,26.40840052373501,103.25185486913722,1004.6379865709815,2816729.5786698014
3.0,21.04740822338349,148.0467053277679,1242.7168917550607,3205258.8065736834
3.0,27.390874905423093,120.95399822766237,1299.7481578165243,2978264.697138416
3.0,32.30126781457112,149.4478107609271,1521.2164556946025,3274097.130000858
2.0,9.65048910702989,121.68827212474098,1605.4626950935142,1712026.77184232
4.0,35.312001531494545,151.54297850252044,1142.0861317428848,4174208.2348933127
3.0,29.942870820421962,134.88477699351176,1204.1958283195206,3257992.0197581733
5.0,17.991989765521144,128.56904353998848,2190.3699288501602,3312464.5625802665
5.0,25.57196420723761,126.81532166005613,1152.0821262191048,3730100.944882455
4.0,12.681000891734415,151.0304250321671,1382.1702130176513,3066858.4156273166
3.0,25.144153943138353,123.86914415445435,1310.9188421319182,2807873.6591836596
3.0,23.01799731599918,132.50063792277814,792.5464840023261,3065593.81204635
3.0,33.26621643241047,171.66512928492045,1214.2955006782147,3856816.7484508916
3.0,25.401070720598423,103.17532151629968,1348.234873162622,2389797.788234526
4.0,16.780510406531274,66.60469504417858,908.1950570140909,2269037.353041873
3.0,19.295394380033677,162.89885317816126,1107.5835645681514,3221898.2732643513
3.0,28.308317920547598,139.98348557291456,802.9358238652005,3174803.375047464
4.0,24.94893092163269,168.344671386234,1073.149360758248,3861135.4849319495
4.0,28.38056239050194,91.49038800236079,1383.6704485528326,3128235.1945101884
3.0,22.386371722315044,135.41964970380707,1450.715431228562,2936573.3224192224
4.0,24.330450162218465,138.79633235809575,1353.1134508659882,3590976.3423801977
4.0,30.825544998988022,143.42995091787515,1158.4628508694518,3905190.8640341754
3.0,26.60486099768486,124.48717482700754,1261.4851536855883,2733996.0029031234
3.0,16.64135932376401,144.8399356125411,745.8119475710312,2730590.2298208512
4.0,32.26390986051028,109.62784932038585,1354.9219309540488,3385297.804962804
4.0,25.078171717802977,156.49099486595762,1591.770373255296,3742997.197008453
4.0,31.237330039376893,106.08556556495347,1436.8330092037886,3099779.192177383
3.0,25.28795448467157,118.73389482573636,1424.382363755458,2642340.01789267
4.0,27.529224390306535,157.4313826209452,1285.3862478985466,4031835.8405167144
3.0,14.185785099860757,157.45624280478194,1625.9092043549035,2751267.9679685216
3.0,16.95541960648606,125.87856537560886,1624.6871074894507,2317947.340702235
3.0,10.570088197762741,95.2384005158838,1951.5704686923505,1714879.983307934
3.0,20.893321765481264,130.41146310614783,1739.2895799277428,2868694.5437809797
4.0,17.55960553381274,116.04187722030582,1257.7062936554175,2707121.5933600077
3.0,15.286603723387003,121.39378072446074,1391.3538264022538,2149207.969146001
3.0,15.095781242215399,142.3348032666155,1461.4140385330234,2747831.9286462725
4.0,22.038832649891255,149.69870778282677,1872.622545991773,3398967.3823256795
3.0,24.535403337290237,145.2639592412545,1294.873513654052,3234435.8338121567
3.0,35.50630997435809,97.20024027668842,1324.9197419426105,2799245.6528296634
3.0,23.128080682599723,114.32778828327838,1343.7417333477686,2545974.524844866
4.0,22.490842229731115,125.82239240070285,1623.3599326109813,3217744.8017323543
2.0,22.60762945973856,176.51527318341408,1450.6700474429729,3071776.766764313
4.0,30.04557176192617,166.44847743991653,1368.1658029441503,3972491.393543857
5.0,21.143295298111898,169.697894673553,1057.0564455690235,4079271.2912897593
4.0,24.47559092365618,152.04132369050893,1408.8970523140288,3878008.5364314923
4.0,34.334480282723305,121.95134416860947,1739.1696387177087,3573476.733422328
3.0,29.592902438401534,110.31796465682169,1401.8689281352522,2964053.557336623
3.0,26.276416407168792,131.29184598288393,1643.4453425608606,2975734.1401034575
3.0,14.714709534692805,109.2359048567763,999.6427796459301,2015043.5394808408
3.0,24.34400275728468,152.8226420363148,1378.7042046944202,3237936.7784715686
4.0,21.472422796724956,129.7262394115158,1223.965020679423,3331436.1454136716
5.0,19.54316070002924,125.50130201362796,1337.7058382009648,3396385.3362479596
4.0,19.25883308730781,148.32619095790096,1668.1453523889174,3417584.9313389813
3.0,25.136798345486568,88.13178738852504,509.6165271020992,2292805.5458290377
3.0,37.70189621670363,171.84876923584164,962.6443986430327,4222709.505573291
3.0,23.60449694864768,106.7714290292211,1239.1725490645456,2723560.347226181
4.0,28.731209942600135,101.59383594030734,1308.3416106319314,2903078.8605226073
4.0,27.095895860576395,135.38047301700527,1530.2378569666737,3654479.7138092965
3.0,26.782698615943637,118.46181788717072,1414.0880436071704,2844253.6821461054
4.0,30.947726777018868,131.2034903130763,1310.111220024364,3696099.614638578
4.0,31.244240711664688,142.43339902454977,1328.5349976714622,3745156.8758594743
4.0,25.15782605083679,115.75338262389786,1477.1358874496727,3190548.1086209537
5.0,27.253330828940165,113.34113087330542,1075.9265959072604,3653737.5583996125
4.0,25.89595841930359,134.5840235773814,1531.6073837841889,3308123.1880091634
2.0,30.30266716407302,152.71101031884479,1368.0090121251646,3148667.681180062
3.0,21.62169504133335,147.75928891707383,1185.039047666885,3231307.981836079
4.0,14.004259282479168,109.39972249836471,1539.3022168858697,2516824.8445946313
3.0,37.36001526072754,104.25902616159033,2049.453774503506,2863850.4845933337
3.0,22.427284052523103,154.72023769012787,889.7253155542186,3344857.5723029757
3.0,24.145001422761684,147.25766173979923,1099.1656628491983,3148575.6292302245
2.0,25.076424684641864,99.63769692191093,1426.884809040218,1924182.8116862774
3.0,29.14200885046779,122.30684949333667,1383.4056503436034,3116257.5937300953
4.0,29.743657163227788,115.36541659768164,1801.892006864227,3256939.773922454
3.0,22.443541665119763,142.54529033288836,1216.633733064904,3194249.0616032537
4.0,27.032165950884696,130.4910782566627,1261.8704883431367,3510412.5670151864
3.0,29.08854643127359,125.89736556810352,1837.6808236992433,3024836.3050565994
3.0,31.03739141893573,135.65074978218044,1267.331014158883,3229741.097794994
3.0,21.948291265281046,121.71017377078263,1351.1188423109118,2727873.395307295
3.0,25.21177844561358,122.6294600451273,1108.873070802692,2837841.206344515
3.0,20.619264010194772,129.93351450495845,1291.2430510487955,2506836.2725930316
4.0,31.78729644657348,121.34654009890431,812.675574729524,3299292.3673737585
4.0,38.256995213788024,100.40799030290765,1303.5482576823551,3270078.038301762
4.0,27.22259713836206,127.4935849213358,1627.1257970628947,3467179.582508086
3.0,20.834468709267636,125.49901677997467,1131.6458467151194,2890310.213242745
3.0,18.111055000143228,134.3261247587729,948.3337188060643,2747198.2041738983
4.0,23.486593309470095,124.89872021157123,1326.3429217548317,3454397.1266395524
3.0,13.017548018546094,113.94364303278883,1215.2753088117524,2323563.8806633116
4.0,31.02822708088325,127.7412788290166,1409.4215486361622,3493017.822043925
4.0,13.818683539832344,106.5525333841771,2114.9348110435694,2752734.9667462762
3.0,28.237216710495822,147.97317245980335,1393.1565501630328,3232701.748683022
2.0,21.552010277374464,137.94023550708482,890.9809455283403,2575978.759146156
3.0,22.558668920562116,142.31222573630885,960.5253228942073,2958879.0233592447
4.0,27.765370622954084,146.51338277551682,1408.8619341554572,3552780.8326592334
2.0,30.090933903673623,139.66538033530074,1413.318094911369,2940430.147369565
4.0,20.428414881106917,125.40982294502642,972.7375169072179,3325413.4817726477
4.0,27.7070894285228,131.64365281636094,1315.0718253126245,3283980.2270838656
4.0,21.711231574491066,129.95058000166796,1883.5127024205935,3274887.0562101686
3.0,29.95165373038687,127.67724235990823,1568.8891336447166,3125002.790517145
4.0,11.691218668447807,126.40578264576442,1356.7460353663446,2943046.580330571
5.0,33.568427340913416,143.65961991012898,1597.3115415138361,4394945.019600622
4.0,18.005880116422396,137.8816293102978,973.5151826161457,3313106.645621782
4.0,30.40794077619634,112.97245125218194,1457.8982429296423,3275306.001345665
3.0,24.79322117872476,127.53952785996839,1623.0070891019905,3087745.6237732014
4.0,22.59953957522657,104.24971970565653,952.2982700219403,2718585.6847638143
5.0,31.576888551150525,125.35707435800467,1407.76772332297,4063472.8242397318
4.0,23.892182914168526,114.23489455725114,1243.6167926074552,3188222.0692557823
3.0,26.850571031284144,116.76290302571029,1293.9125331920407,2985094.200408238
3.0,22.845974296141605,121.35651319848299,618.6170154149252,2651827.177087268
4.0,26.71826110784871,128.79451327412318,1166.9722849996642,3585518.2868028446
3.0,20.754967616426896,107.99558694683842,1268.311046262165,2557502.680208994
3.0,12.336492122419573,132.11391765183225,1473.623746106196,2553578.2424984975
3.0,10.62224704773645,125.25294196857388,1177.063437529186,2233438.9527130537
4.0,14.052983851418672,155.59781951233884,1969.8761779694496,3074543.998542662
4.0,28.582721336618796,116.73400645286685,1018.5314888159575,3122327.984561715
4.0,30.936108048904526,123.08648438473249,1304.326179148711,3345997.0430050963
4.0,30.72902729213468,162.78667837319767,1868.3922382818512,4093634.61222821
4.0,23.708166892131224,111.53682121858203,1050.9013413164616,3261545.1109154406
3.0,17.668244666097763,110.73240347936922,1532.2933563126044,2362288.3948580045
2.0,31.333905954178995,94.92744349427485,1506.2430854221839,2331237.7044572327
3.0,29.66389865505246,117.5595993144255,1501.950201548305,2866788.788891061
4.0,26.28485932940759,140.17443711137284,1463.7279029378699,3517170.7144819675
4.0,44.02511089515925,97.68163443817559,1267.6351485504397,3833891.33600319
4.0,35.667753887191374,151.22709882347408,915.6135303178437,3899509.3266381687
3.0,26.452257452607203,127.78364736904236,1804.359957148708,3049627.29499529
3.0,30.859383980788355,121.73474711805423,1527.777992142366,2967321.1783187483
4.0,14.832128292057407,135.33921814047585,1784.4236083991073,3214703.4685210017
4.0,34.14440594880399,144.30543172644124,1316.143603238695,3859071.3844523947
2.0,17.23063616455106,97.67875020401945,1063.2481001727433,1728565.987484992
4.0,19.833895655743145,125.02115540630093,1967.791405571044,3113106.2795192604
4.0,22.56183367487638,104.50324148423752,1053.7282400121867,2903286.3169618617
4.0,26.71035198302955,154.66567793819917,1757.1186045022105,3633838.797973306
4.0,21.621150854656936,136.5851220682609,1562.8750470365922,3517644.3998520356
4.0,26.93557039946437,146.06774235471715,841.5270208763972,3497294.725185163
4.0,25.865412378483125,135.76826684978704,1126.7432495698508,3447386.7711549974
4.0,16.11610432788509,137.58263830776156,981.6263098673106,2921059.372445872
4.0,22.380852068541408,116.0186944160186,1311.1026783383074,2911987.612026127
4.0,14.315971754744542,83.62108813295467,925.6598587482218,2317860.8270029724
3.0,28.576810447366782,127.33344832933938,1578.788894787033,2908284.413784234
2.0,32.23896411874873,130.05659741735298,1076.4412200813313,2769826.704415337
3.0,11.23269548520882,142.81197077447052,1330.1411059599936,2633563.713091405
3.0,32.309678362231665,104.00449894004751,945.067091053138,2755603.788375401
4.0,24.587346632983007,116.22346806533972,1701.7041654804268,3160188.169181066
4.0,24.343574918752562,135.9937740427838,1613.871538752037,3415434.2374721556
4.0,28.264150548249376,114.67021711498246,2109.7438688991106,3288135.4255913566
4.0,13.176119591776985,111.26918759045145,1696.245379916435,2677365.8142033517
4.0,25.01998757918879,140.56815877978562,1319.6932086333502,3709906.0974720917
4.0,22.1787076916449,133.48506005972308,1383.2771176603512,3224719.0772721013
2.0,11.286977136395553,137.92950626480382,1318.292705670748,2109822.329278547
2.0,19.792473997122013,102.17986425860585,1711.7499144081028,1996869.6936360588
5.0,24.393758374683745,148.05943793952508,1243.444993083326,4103328.927688424
3.0,26.53954002330339,119.24882695340335,1560.1276418486555,2877437.0417610267
3.0,15.13004831670627,141.98317258146426,1868.9164468307176,2818739.8008514857
4.0,17.476219490603906,87.89527473207296,1544.8530628441172,2426034.855425923
4.0,23.95724383212068,127.79406745743077,1684.0080454131064,3292652.1474210047
2.0,28.622791776817422,140.7868946614008,1820.339687411577,2904468.13793559
4.0,22.721101539224712,146.54652937300082,926.0733148857249,3563845.1979576205
3.0,23.72134699885365,111.84583126768436,1325.6686688231139,2562556.75671184
4.0,30.18932267188884,122.0022813821059,1963.08203891122,3377239.6582453884
3.0,37.176319581743016,110.46505809167701,1898.3503821398474,3328383.830968913
3.0,35.161489459708214,144.70247388588393,1498.0386787238888,3645223.026164494
4.0,25.961091722577393,126.1015860096244,1277.2169326074152,3529472.245061979
4.0,23.965099672514786,133.71453733454388,1572.8196659520797,3420353.2874190314
3.0,30.06748899524844,146.29409473000942,1349.7133591472686,3198411.31308618
4.0,20.937601143834005,131.359385195633,1292.9097936291653,3146084.7147476566
4.0,25.211530535712935,155.42335517794248,1432.082096887181,3544973.613674575
3.0,30.762118152693443,153.9194905220598,1817.9735793675993,3414399.6750948373
3.0,32.7461755837066,107.77435033629519,1580.5398851450402,2900071.218790465
4.0,25.895205989793944,127.92199739672512,1404.7302441606394,3382852.82548113
4.0,23.54097741436876,125.0500024037974,1320.2153039816965,3066814.3231433835
3.0,31.46631519668085,116.43953950471621,1074.0139117323565,3081209.154816891
4.0,28.143382128057354,117.95333344690687,1490.0803205638128,3365518.614451901
3.0,25.928470695231436,126.85136287206872,1490.0410298674428,2851054.4797073593
4.0,33.11425242142385,125.09729531870035,2003.604651184476,3641781.263114886
4.0,39.58678354166947,151.24495289605403,1632.3583817559597,4116138.816517394
4.0,32.97525774784811,139.5590761740243,1965.128615382107,3827761.465990814
4.0,7.856576160342506,125.75688160291755,801.4246571513391,2440286.837484452
4.0,32.38778727317135,140.00590994416748,1889.9614732361474,3648771.6008686717
3.0,32.11717791708338,150.35617157928158,1311.653908573479,3414702.5092326943
5.0,32.49937691585564,153.69884728721735,1060.8301107862817,4271449.786644129
4.0,40.20628142830788,135.54139437471497,1127.0786434655088,4017533.089723331
4.0,32.736794831322015,100.7909921413617,1108.9672857779897,3245762.9894498577
4.0,23.66708731314896,154.31048911593808,922.439208489852,3613807.5273123346
3.0,20.631326494472415,155.41305318938893,836.6954921946556,2968083.2099285414
3.0,22.550910045322293,174.18984979531808,1791.649536355892,3503413.6151301838
2.0,31.364383507186883,153.82044156925326,1770.6925758030216,3244162.2908283407
3.0,27.958703664387055,130.16441482190567,1459.502737454425,2912650.4855539035
3.0,29.027689648243673,123.93244525043744,1457.653012975228,3140478.4605836105
4.0,22.008719224310656,153.56206652336095,1235.1445654146116,3556079.3476106804
4.0,31.344813337868825,111.1386372839005,1708.2685272731649,3510220.5584245557
4.0,35.73345572516816,100.3514068399293,1969.0609693934307,3228543.4728318187
3.0,22.8055356867849,132.37130232339476,1998.470978846657,3041400.2120128106
4.0,30.28136011111985,136.34720083559608,1362.9467670872837,3546950.0439284793
3.0,15.817465036003266,174.24420270619615,1280.0487261343012,3290126.4292327138
4.0,19.860649050871608,108.22946094944672,1044.7306339485865,2808520.6362370104
5.0,33.62695171481418,159.4376101758611,1674.702682461323,4481750.689028659
4.0,25.411883994166693,132.88072745105785,1188.6099438849628,3224020.850180796
4.0,26.52665195086486,154.07469038707586,1479.49512682191,3578965.030829318
3.0,34.41796048924477,97.61620492422475,1141.3652389214444,2792173.4228088446
3.0,33.32843030844624,151.43815771493905,1380.5803618033922,3531808.0535200704
3.0,12.478011251614873,96.60982376217123,1775.7718811536176,1696711.5260072425
5.0,20.597745475819487,138.96215273828977,1089.456576101262,3635841.6515525575
4.0,30.788380362853953,150.2677722211797,1011.5381650504771,3710144.2194678686
3.0,22.875356855430674,141.19858929951417,1778.874435231853,2901269.976330766
4.0,20.682474056175266,134.44809720055224,991.2689101873906,3291701.7340255324
3.0,28.191361942653188,143.13372459612873,1457.7286826193044,3122683.257869715
3.0,23.05985359125178,133.863271800514,865.9823204465501,2941290.1880805595
4.0,26.239025825003427,110.89883798218474,1259.7612144573009,2935521.696862866
4.0,34.37295653190005,98.16766469357447,1387.3494714095596,3277323.5201811027
4.0,27.01805906878403,154.19105157877237,1153.6078958098492,3682021.205811888
4.0,30.303008245926353,145.58440533036799,2164.0177905511036,3810531.3208054816
3.0,18.164607041644793,132.83343645741274,1441.1783972813946,2712505.7595586004
4.0,24.573542021440588,158.09354790217827,1428.5023516279527,3779135.502360752
4.0,10.992697933182315,147.25147810435175,1976.921520638296,3273190.7341638543
4.0,20.646136454003692,152.33821168258535,1701.6408552089802,3680953.2796396306
3.0,11.495888780367691,123.49816366511546,1225.3123033305835,2450752.1460690657
3.0,27.554264707899183,120.74520018149613,1459.709746480136,2926234.589868269
4.0,17.046304842319763,127.22789986108593,1811.73646162862,3106920.638042789
3.0,18.998950348441795,174.58833380893256,2000.8853832532966,3530058.642303082
3.0,14.474465722917449,150.846534897975,1117.3318483101589,2861113.5925665963
4.0,28.214781346947284,118.22468601261895,1062.7210310167134,3411935.4843965946
3.0,18.36582889566309,134.2835788015189,1326.1733127609714,2575553.43776434
4.0,24.175939354217487,151.9444526504624,1463.4124379429034,3641213.1535307188
3.0,17.278805044387877,118.11428121191665,2073.584083712295,2302263.627290289
3.0,38.12887453528591,144.90649486818867,2048.3441978984974,3524038.5656016986
3.0,24.76065444410158,161.7954906808814,1781.690247658639,3530393.52772124
4.0,24.635051671596134,130.65218177674987,771.4166640501337,3348748.8570185946
4.0,33.98755793361886,127.55991479358701,1230.1255899816292,3661604.112124606
3.0,19.419129789842906,119.13524708123809,670.1618879112242,2380815.336662388
3.0,19.889443098898038,119.58807994756535,2107.0264226940917,2633119.2681358266
4.0,25.980109276947804,148.34843695547102,1431.7995480294057,3455484.5380573054
4.0,12.953362888064028,151.3701825264007,1569.6714105858048,3233494.696006745
4.0,25.137820926798387,105.25196058193245,876.3166437561804,2915799.6991952276
4.0,25.96022814986465,142.47543790183607,1521.768047619252,3507983.9510130547
3.0,19.715550267873823,114.33966275117831,1404.387002015431,2471895.478257741
5.0,30.89620643827101,106.10217868638166,1531.7012221567732,3574205.4942218065
3.0,11.3478085986404,144.42422516164805,1346.257588031185,2478077.9181717774
4.0,9.545196287853294,140.48208839314847,715.6417085803511,2729282.5805655047
3.0,13.292069109360467,110.66591019977652,1020.7402476757475,1927211.2395897163
4.0,21.933822624354704,112.7842683811988,1377.5627387023612,2925889.1338984277
4.0,36.87387315807867,86.7692442046689,1193.268226246505,3381081.1538502453
4.0,14.454707845779335,114.91402901433918,1491.0253337007307,2922010.2380078044
3.0,12.82555504158464,82.20239916127521,1924.9435130074735,1729572.067124114
3.0,24.451401665271533,108.93540176287664,969.1216624079877,2488908.059877075
3.0,15.142058551122345,118.68094916040033,1200.7294130548182,2349087.6691916874
3.0,28.25535965390738,148.87465657930014,1205.70187676179,3242662.801503001
3.0,26.154461425601855,146.32153025024093,964.4728381603877,3205504.1381764053
3.0,20.148830817288342,161.90121626749664,1780.726985363079,3322620.2687139143
3.0,40.918407447920146,128.66850853046196,744.0481701143876,3680459.5201375033
4.0,22.871988260618544,128.7691721619774,1649.9095236768949,3174343.9929358414
3.0,22.776154982002268,128.1022034480289,903.3215486436128,2764890.780698008
3.0,24.622655634023346,135.90681679109804,1386.9204854245356,2908231.851051515
3.0,23.689884332685928,140.23378759527805,1020.8843862281752,3163047.9881164925
5.0,20.467388320851406,126.65342437329814,1488.3529458953644,3553550.502036797
3.0,27.779061756313595,108.59165303956583,1383.7480614833041,2883086.517966392
4.0,26.7613738585743,112.28544982817712,1091.1337090470342,3172425.0472018034
4.0,20.88531958541594,136.1029361745305,1239.337598982165,3113553.934891911
4.0,24.582353490467455,130.19674480246658,1089.4573456901558,3454144.7523146984
4.0,18.618568719545774,174.13977260213431,1266.7279173077313,3603469.2907191133
3.0,21.075438093970988,118.2033699214908,1458.1249232514301,2671465.6126965266
4.0,21.44621255821263,148.3238381331545,1762.3600153280745,3568098.933207021
4.0,19.365115458284563,163.05395455303633,1944.6045810395328,3451767.5307478495
5.0,28.62724001494882,166.0208470524477,1542.23390764919,4302988.830670008
3.0,29.495452962684787,129.55540726432247,1118.4114012027335,3171771.6968234135
3.0,20.124998542219977,144.91425357943837,1809.1534157547014,3140730.320273167
4.0,36.349213778249165,157.92341935513988,1044.3455090531188,4363939.703721854
4.0,22.82305238211292,125.1068147624192,1132.0303505015327,3439326.8799887616
3.0,21.627744924484595,116.02493005071564,1585.9461056933885,2318130.7426862796
3.0,32.584641710421565,143.51190405233564,1653.7938873904907,3436243.4255727073
4.0,22.582176417064847,140.54781060947323,1147.396297224248,3365282.703831202
2.0,30.062175620267336,129.0182296291597,1673.1518957569256,2783454.834268675
3.0,25.827875674495843,115.26288188717265,1247.8985208250888,2841568.3406693954
4.0,24.781929467235802,135.1887509545718,1332.6308088087733,3380283.249939689
3.0,18.601608383757227,141.7312944494795,1173.886353376421,2994904.292532584
3.0,23.710595166825424,126.00966400225246,1841.9966861847859,2577416.63848895
3.0,28.105206944726852,131.0819734844912,939.3686059277163,3092019.9748912076
5.0,31.696049849719053,122.72154523454647,1121.2241979490634,4065425.4788949313
3.0,21.193947792516926,131.2943926155104,1521.6722193609135,2781697.3787375353
4.0,25.349016575038963,120.3845795083734,1457.9445832527692,3136504.446683896
3.0,29.448764330061,113.22597133373483,1657.870613416911,2883652.09754364
4.0,41.83320267409296,136.89283933431005,1616.5943072420646,4297960.545707063
4.0,33.860638971946365,140.98992387358174,1275.0464614918815,4011281.760973902
4.0,20.674918501189264,146.79592377491008,996.3390882482878,3676294.5898143793
3.0,37.97460608900124,90.68529021723123,1975.079145939615,3013290.322274779
3.0,22.511908031798313,123.26451846559581,1346.150206155013,2786532.28673043
3.0,18.786802797066283,121.50951100556487,1521.1953461207281,2455338.7600118145
5.0,20.58244249825378,139.65106682098587,1480.9444129405588,3587292.7560675214
3.0,37.220186773317806,134.81208076599842,1136.0953114491633,3552513.6923108334
3.0,11.428067282550924,149.7533684364298,1229.8981388000848,2747805.102144584
4.0,24.28380928374109,126.81549436719266,1352.2985937880073,3112892.9923071577
4.0,26.663648728073035,135.18791532608026,918.8272287587786,3337961.046729755
3.0,16.169391952972173,155.69635957749463,1024.2861572693132,3102572.9560590205
4.0,36.618434147037625,111.27566090843888,1405.9275480798165,3382647.2609002176
3.0,18.72035243070028,123.03338421368208,1479.7344479011276,2463961.8406596035
3.0,31.3461234986696,159.458913130026,1263.2806830431193,3682571.445963997
3.0,12.485918354618816,149.67933266710776,1308.3271904382602,2839973.306639781
3.0,39.07480214853554,149.7816856794382,1553.807415713954,3890863.615254569
4.0,16.882536969587093,117.59583341555836,1612.1474349027342,2772589.3606410217
3.0,31.176344865078786,128.59117941944322,1479.4391365236745,3129281.301305815
4.0,17.9407032439042,106.07073604019106,1118.8359942127977,2878707.3564323173
3.0,22.748816433192943,137.98584905184896,1061.0714753745733,2955237.2412514766
4.0,15.26930936837984,124.03556985016482,1842.1068765585671,3094812.537404289
3.0,29.874349085664615,114.65582324229163,1046.913298113498,2933257.5075907446
4.0,19.282759161195283,144.81094949511728,1127.6893042864863,3367628.0356029947
3.0,22.04189601653547,112.05550513057338,1187.2382305583478,2406833.9341733884
2.0,13.099168612722385,106.52496142560277,2231.1911635776596,1785133.7668808568
4.0,28.104275123251142,142.76492436092695,1889.875934511413,3587500.7110996544
4.0,31.991851081027924,101.06243783980237,1438.570573604781,3232470.556043212
3.0,33.33267941871528,115.92240316082489,1694.8905790453982,3037860.9863866465
4.0,14.790661419092887,113.48967339413416,1098.5173264557357,2677419.099342716
2.0,25.17103594429746,138.5826724623085,1056.7814384409257,2737661.036374619
4.0,24.800455263186826,112.42482153150058,1670.0964069679128,3138814.573530283
3.0,25.43958637080618,108.80846529464085,1548.8713603030142,2671279.3566899183
3.0,27.46973369021121,162.48567500761368,1054.6476849774717,3292697.962824987
3.0,17.73780368831267,133.37072970132715,1415.694245698482,2433446.0079100523
3.0,23.066277062256304,94.33888972330473,1369.749141797987,2359358.082208325
4.0,28.48940661200294,111.76615252732782,1221.0556362888817,3239565.062629707
4.0,22.806654431303237,118.38605099889989,1747.3916110654507,3151922.219191974
2.0,21.9953105399752,137.52695432002866,1092.8610087958004,2586552.194964544
3.0,31.42588368755971,84.3968610259794,1299.0250908037845,2367579.5896697445
2.0,19.915865641692783,115.46548086083463,1983.392718455535,2108679.619352664
4.0,20.576838956400433,108.54499674116641,2221.749742372352,2738946.670339912
4.0,16.517415843084965,136.09025087992242,1605.2003448520895,3052967.312630831
3.0,27.074312611143373,117.80990350467391,1260.3216448378446,2759429.84869396
4.0,25.43432995384498,133.02278678512755,1293.2779544101843,3396454.932369501
4.0,22.83595133208392,144.62078165281713,1442.9967996343214,3530000.682319215
4.0,23.547633324348865,151.8171474993097,1480.4897621615328,3790978.3775034826
3.0,26.875477928588616,91.23377117958465,1272.1287096744663,2516765.611844438
3.0,28.811043973138503,122.85579873504624,1355.606453603324,2774839.5897670835
3.0,17.613439941622847,140.4220468228251,1542.3955140558332,2791052.4932176434
4.0,35.09164404371031,142.67773365841433,1009.5010873008545,3992120.2116746074
3.0,26.329503830768957,122.95011902282809,1021.2357422595173,2899452.223993973
4.0,33.79690400828797,148.2912539170158,2060.110347882918,3953170.2510083523
4.0,31.222022154507457,142.03812373099015,2063.8922802974703,3689648.9048158396
4.0,21.078464164177596,130.08130985767224,1306.4333983992024,3087386.4289497323
5.0,32.3277964504833,94.77654649583565,1586.3385035396996,3607157.0297256373
4.0,22.216755696551687,117.90547332830664,1611.2808188676445,2940845.4946489497
4.0,22.21634773261323,126.97009192808112,1105.065730430084,3026568.582586414
4.0,22.480330137058658,127.7501080425622,1306.6129828270516,3257947.633887897
4.0,20.133866467482974,99.38136029813643,1758.3836511616284,2804737.0476282537
4.0,22.741556785257128,113.73614099179181,1295.0873074216836,2907595.8356173066
4.0,31.301837916477318,108.57755643002488,1439.8351612799243,3269088.364781455
3.0,25.18442240655527,127.63834703959725,1383.4282286629834,2668019.139686588
4.0,31.004561571191505,106.59277547619158,1528.3827799282171,3223924.7860201444
4.0,24.931293039448224,153.51123079487283,1250.9413370421018,3632687.3103731177
3.0,22.20569997766889,88.08692535882567,755.028335914574,2314034.324074899
4.0,25.04598434391901,146.5053319457366,1240.5453248672652,3823287.0485458756
3.0,16.855141100592643,112.86305899828403,1375.7650641903094,2412934.3555628606
3.0,43.63054520992391,137.8248118336817,1640.4719126875057,3695021.4728767676
3.0,17.742707403897253,153.8949128806808,1581.9138923694927,2928452.940307622
3.0,19.61480443462611,113.24779761884261,1623.7140998973784,2584862.692046023
4.0,16.86267957704433,119.71143076160084,904.2390750861509,2682431.1767406063
4.0,31.2811008043127,102.68309455655941,1682.7118740637507,3208371.6787960553
3.0,24.374401740490026,101.86113386482432,1526.0263878904702,2344925.8379739122
3.0,35.28966757004972,102.73306954809497,1733.1239522932538,2778128.4824821036
3.0,23.545156702322682,135.52218256738757,1501.282612009152,2881040.436261492
3.0,33.37334301192643,132.79076972747816,1061.3191508359507,3512641.183947796
3.0,25.47511352964466,200.0,1190.6435155807303,4139449.8828971717
4.0,23.554372472846588,133.17250586333364,1473.1174728614246,3228012.55782275
4.0,20.92786741761112,115.80532971002245,1746.7303293558905,2826049.2290357286
2.0,38.21655157739992,89.02199707064997,1762.6382526598532,2492252.7218690924
3.0,12.060653234591573,174.2407462201693,987.8815102930076,2946173.775601214
3.0,18.130194942093702,121.40446297215101,1073.828671360377,2593872.139720776
3.0,21.618526238398452,93.96201759396249,863.5548141833003,2150920.3307989994
5.0,22.352896033406736,136.66925637158465,1504.482230902437,3674370.873047427
4.0,27.31022034272106,129.14867854730647,2164.687651058872,3444294.949270307
5.0,24.47307752952337,141.3079148885771,1223.880044651537,4162186.5820212173
4.0,20.380118655195385,134.8654274410306,971.2227703921268,3316185.7647938165
3.0,29.255779687803052,126.89269072919471,1323.1072460692303,3024269.8225360876
3.0,27.291936093804754,100.0160565701961,1762.034954405542,2553511.987119532
4.0,34.42869511617144,165.71333264812387,1476.4032841282296,4169822.469649719
4.0,18.073254306270286,130.44945400282637,1674.086072727498,3154827.251562468
4.0,18.66984523500128,136.94185156466142,1440.661545387713,3265711.969499509
3.0,35.53617051907482,135.26061484496398,1080.045296165803,3507878.5467968998
3.0,21.802721780604063,108.89794858177626,1341.5674774580746,2568608.1278961077
2.0,21.977578830767545,137.39559101541673,1928.4257262423496,2599251.59697091
4.0,35.74527724099779,117.75676308111892,1055.8771741566306,3528392.7446983224
4.0,20.25695823789898,94.05015048856606,2025.3602893956113,2427882.2473807246
3.0,15.855867764457976,151.4240913988644,1341.405058967874,3057025.060492794
4.0,13.499964372025088,147.63490566075396,1768.7051037364486,2952826.2034293846
5.0,16.091875197959173,179.13603441898465,1057.4680584325872,4090092.721948581
3.0,33.50522303791997,176.40311420858586,1249.4747914738039,3936123.321511932
4.0,24.95809700728745,135.03694424753638,1655.5324837027317,3345896.518306933
4.0,29.629601232636393,94.9555808592169,2071.7834324287574,3059795.471089044
4.0,32.892781237170745,153.9385851280286,607.8705075198394,3849228.84044239
4.0,24.19010046044367,146.06743382617196,1505.1766606674503,3379313.045956648
3.0,18.035836132943725,168.0877132061127,1378.6852590118547,3082752.1346917767
2.0,26.278776124418304,140.41937095983184,992.5618408979801,2852175.875177596
3.0,22.583498462231837,117.72710851414038,878.8067918355341,2518673.672571548
4.0,29.508101385802092,135.68899575857114,1705.0505921594267,3464669.375019658
3.0,36.123807384353846,106.87854100862401,1385.0069539430683,3134366.8032115805
3.0,18.68413559099302,126.92217349177167,1604.5752673469328,2623169.9302013223
3.0,20.635006953534013,142.4147837790618,1791.1910425567983,2675907.576211997
4.0,27.941799128146943,159.9307131385708,1793.7303489459368,3902886.753255971
4.0,21.496555248873612,159.68747542805679,1739.2366119214178,3538800.6170884543
3.0,24.935055338635337,110.11989766077323,1251.6633788745796,2632609.826017658
3.0,10.973150011312791,106.76392563593886,1541.6136344163087,2061702.1202608852
3.0,21.19847980412298,128.717654652767,1886.8143621996078,2895685.4306475157
4.0,20.076739334047904,99.54163037238031,1690.89107705342,2555241.617688967
4.0,36.709359933454614,146.62030538414518,683.981190356896,4069998.7280973396
4.0,35.639633197577936,120.25537829542807,1386.503703210593,3455724.3908971916
4.0,22.105659321913272,145.28506524761673,1645.0282645319087,3518191.3013998205
3.0,25.79743354761854,154.13842910601883,1820.9179735908726,3114406.494974202
4.0,8.74768411265286,145.77474535600544,1583.103634176338,2889081.7073689587
3.0,33.98140223442199,150.53658436702472,568.026745509902,3749057.455756324
4.0,25.77137404662179,145.17071027044008,1427.022464261782,3861117.568671041
5.0,12.88158610480796,135.14305028683984,1509.066861187607,3218020.3282741928
3.0,21.741141876324697,99.89137460853743,1653.2189380056461,2352929.7756942064
3.0,24.209389677816684,139.04246596214742,1145.2585403327348,3138160.168320257
2.0,22.575401933080013,129.5255575714733,1418.350991726082,2441124.6076719314
3.0,30.808195424629787,110.12709107912465,1492.0961843462587,2631640.4563315026
4.0,17.78422767417997,119.00952116146956,1364.4824936338607,2705163.247691172
3.0,23.564314959357258,114.03586953188298,1607.3813355288382,2639804.232760832
2.0,21.96259156620346,86.91385452878527,1252.431635589498,1764476.338384485
3.0,15.245126287281291,99.61022781706498,1710.493081560871,2081418.1518477718
4.0,29.378155433302318,123.15354533548042,1130.9577877305494,3287846.6696289205
3.0,20.41195072437108,141.97588474988171,1051.5233784102911,2853682.026451178
4.0,19.743559451269213,145.0282095501253,962.0581121874477,3280873.6262249984
4.0,36.422940051662216,138.82646143903781,1281.2752639949967,3897874.984628264
5.0,26.42560886535177,116.86998645477568,1627.7880001557564,3623132.720751005
3.0,26.827064730001343,93.59078371839307,1480.5749086171024,2670078.2888199794
4.0,23.226219735998768,142.6923851259893,1753.0812038073466,3356524.8495443678
3.0,21.734145560451694,154.17066249487343,615.8151003093114,3111125.9303328404
4.0,33.05304908127105,140.81015742170518,1088.0897206536263,3624819.689723066
6.0,27.531129642639428,137.0666668979307,1017.5677014904772,4314087.447150779
4.0,18.98231306953668,111.117769509515,1137.6881313935953,2817727.0644687554
4.0,39.56701044649247,119.31250989496817,1401.5861286456693,3583416.7177943983
3.0,45.2240386115447,192.9972334013192,979.6439249360366,4754582.583956977
4.0,31.88267195748506,137.4795534857175,1435.301072109559,3554885.6067655194
4.0,31.606468005795968,128.34795721127858,1324.7121701816222,3824500.900804782
2.0,33.330144700906025,140.12334504129205,1260.7542556033786,3080412.582960828
5.0,25.019638038405546,166.8483678594552,812.4912792247028,4225999.711516252
3.0,31.569232035410568,152.92779506236673,1166.0710624409223,3506593.8317794
4.0,17.45714557687257,119.70767589134125,1200.7065908266823,2993205.584423176
3.0,30.71221731828162,117.59371550103933,1327.814131694828,2922912.4523003395
4.0,33.23625506745119,113.35463835644515,1082.7958626185584,3368199.1157343592
3.0,36.665457789118875,115.0123155791463,1405.5103155978097,3299822.105255751
3.0,22.72474012230122,136.42089553337536,1184.232500733808,3041646.7046205965
4.0,15.51940376446238,129.35958660539063,1731.15788280071,2861108.3998322776
4.0,20.205446748014378,121.29379249117788,1378.7467188758012,2848448.8304259465
3.0,39.320318091294936,132.39656296177088,1268.273723480557,3667156.330549334
4.0,22.845528800725745,101.06492059191251,1349.449073592697,2948798.550196087
4.0,25.63164533902037,174.06085466353795,1077.429980411061,3837492.849240473
3.0,23.979907861134414,127.93975498735489,1445.4582113288632,2839594.45869778
4.0,28.631905653293845,99.35121198209988,1434.2151653948636,2992719.1283907075
4.0,29.411628461983913,132.58713582127717,1212.9753653638031,3443981.9680545335
4.0,19.417191233608083,149.91723923967848,1146.8877267275147,3432313.12847536
4.0,16.163932017225562,144.23922502901212,1775.9269815631378,3055816.063504598
5.0,30.451181115477066,128.31155226646212,993.4023093602515,3834509.589302879
3.0,34.429677531760284,134.57184187693764,1280.1475262901872,3534219.530833036
4.0,23.487672049833797,173.09184872175842,1101.8323250598137,3736814.775600469
4.0,13.484170760734916,114.70904420625685,1363.8145601633876,2650516.498110717
4.0,22.207937912339233,130.67239860130275,1545.1729785110263,3195533.4286824213
3.0,13.568718125238034,97.68192247012736,1010.5235931201743,1753949.9096383674
4.0,34.536651998861004,106.15110095470902,1083.5730121613274,3252951.3218375905
5.0,41.01543722462166,114.76912445544302,1617.1547652715572,4383199.958804224
4.0,26.567099756818006,127.53756294808004,1359.2907778698898,3631639.3564837896
4.0,23.988070501025327,145.20961159148357,1610.4216423608746,3355937.3223673096
4.0,20.9215541795292,153.95285714296767,1789.0690308565815,3586696.5874834107
4.0,17.24058346097049,106.2827222026327,1283.9026819778921,2612665.5672440925
3.0,23.843594281776653,141.31200994110281,1359.0814573378468,3017048.7011382156
5.0,27.163133824246238,95.28184122577305,1112.9722233583134,3245548.76985779
3.0,17.758545334285827,114.66776426488498,1572.194177675193,2252963.100284919
4.0,20.28516481315313,121.47293351232474,1770.1821252057011,3115015.4794833837
3.0,28.74029111237674,115.44097494642065,907.3640606830446,2997719.887158994
4.0,29.38668147276736,133.76849318397092,1229.2844598707204,3376496.4878553133
4.0,21.529705499143816,101.22283148633181,1246.354724756574,2725739.7833812665
4.0,24.302057110409088,133.23684444122716,1163.6204819498457,3512586.4338741605
3.0,14.6833938705539,99.4406464321429,1218.2434273673707,2184002.467032087
3.0,22.998826938390465,132.90232710378484,1215.451704366073,2714418.280363694
5.0,27.81135050063962,139.97745800393636,1247.7993125001633,3922776.956920865
4.0,32.233540216273845,128.88510786351344,1347.847353857878,3427633.907496366
4.0,34.308475375460475,102.5396890163421,2012.8147090233429,3394914.186070279
4.0,13.320099453137727,138.8939081179597,1472.644142114032,2897734.4471865166
4.0,30.582535396086026,153.1144219626134,1144.045924631521,4121815.7247049185
3.0,29.89774742354583,141.7058418490352,1437.6251208428234,3342957.5175546804
4.0,24.82500657401929,136.57979103493804,1551.8013198345122,3379722.124251661
3.0,23.670319118705574,120.37749961420351,1169.1051589517183,2915686.4241929143
4.0,25.376485075261346,119.4388755671716,1329.0046940047914,3070111.062974349
3.0,13.27703292072558,139.33685255591644,1301.1593104337762,2522390.9859583927
3.0,33.709686216987826,155.50361312018913,1194.456110985638,3714616.5819818056
4.0,18.036446504939317,161.44409709043777,1706.2213307694478,3742035.115670719
4.0,25.827582288899336,130.39037610145257,1864.235053354204,3255276.3002581275
4.0,15.10073703211413,137.70041425823212,975.2027055530586,2877512.447762613
4.0,33.66245407707807,116.2930262939534,1729.989106297676,3361773.8485287894
4.0,8.099320260433513,137.42593613569994,1047.4130372983075,2582734.7531897947
3.0,15.280051402012845,132.0513791188077,1016.2905031531145,2558210.5865083137
4.0,22.41903267106156,129.03756411055392,1497.0289345877986,3119734.0011160853
3.0,23.00670000654213,118.13961087679657,1105.9910057297577,2506973.471773126
3.0,29.874161849983377,151.90634593629278,1066.4827079444788,3457662.338669689
3.0,7.000674362409095,119.66941594218106,1854.2140793436079,2073534.8502037553
3.0,22.528098151702565,124.84586047764934,1618.3960338482755,2911260.6352112982
4.0,28.574843932661555,106.8740633832927,1729.2189395980258,3229449.3715651208
3.0,32.00809986939907,119.3083721155736,1447.178879683247,3167329.2683348632
4.0,18.392729490930382,120.50101700875965,1199.1808205361706,2833274.5486093904
3.0,37.853133617811054,102.0355131642015,1469.4634152767296,3198552.8111994416
4.0,30.75693737874622,141.14618024835028,1301.9678814796716,3654072.641645572
3.0,16.207196727224726,184.06573288683535,1685.860795986928,3472405.8916070885
2.0,31.32274858892577,170.66927291375117,1391.2816611055362,3356530.8117196555
4.0,32.84829004719613,140.77188693413063,1346.19311024563,3691450.422144882
3.0,21.10261511506106,145.65857996526137,1375.4723053701196,3136093.7326115486
3.0,19.82683065457607,103.84270730938083,1147.2972471045723,2388767.70757492
4.0,28.93775546961083,133.23876338295346,1355.4380620858067,3789465.4551634025
4.0,22.74990523177326,119.33301236456381,1083.2787819083578,3078328.42053548
4.0,25.69615545635241,164.0475761564339,1893.2359366397052,3786485.637263129
4.0,25.752938141070377,125.02681427798152,1146.294496111525,3411826.8269602037
3.0,27.02689820704033,102.16480631625058,997.7053507480906,2750002.44097083
4.0,19.459130816984253,162.18963605908746,1290.4208638183673,3550539.936281783
2.0,36.199672451972475,124.07501648102303,1688.0572246304678,2955396.0721165547
4.0,32.33641051446624,93.11927280000828,1392.5380990557321,3003557.7943213955
3.0,27.04603438038739,118.2064076108536,1507.7089603045943,2805554.937498793
2.0,23.806266211602924,132.19358539858132,1990.835637568147,2522609.7899693027
4.0,29.344621038575813,120.4311454606383,1055.9828666587848,3543065.7076517767
3.0,15.818423360560134,78.23823520260599,1492.3418544656531,1861701.1860446874
4.0,12.459545272025494,85.95596205822707,1274.7747853954206,2148403.863582193
4.0,32.223341986136454,144.00809738103402,1364.0278239547406,3726724.127982371
3.0,11.808297277964346,126.005005136817,1432.1975348568155,2409568.014804941
3.0,28.505004897712173,145.31773603272046,1321.517132648023,3404250.2717852285
3.0,13.124299994251032,105.63872977531014,1691.6639539507223,2216876.922874731
6.0,24.010489311995443,118.31398365790533,1770.9797749240827,4025998.6146395705
4.0,19.12799669788871,120.47402972581598,1787.405459598022,2945731.120162572
3.0,28.79755900434046,133.43623835715195,1333.6737243247642,3243194.7053828184
3.0,20.03830527173486,166.95891502042804,1938.5625577960504,3452453.9610377527
3.0,29.011869259547307,110.61691572511174,1475.1389070101227,2710031.998010688
4.0,29.376406907020716,111.70136511093588,1379.4961617082447,3270055.3772924636
3.0,17.586513224277482,108.279917845333,1337.4938215001196,2366629.198420532
3.0,24.567494228836782,166.02800253771426,1680.4216322140412,3619941.705489022
3.0,29.43187451370798,123.31812528433527,1462.1929156742463,3069270.893309818
3.0,29.977331794573875,145.25972303894181,1149.5968468812553,3275635.305187703
4.0,24.345396485657776,116.8086470022726,1836.1008437671576,2995614.988968466
3.0,16.437766026075078,113.81129446846205,2205.9439627850425,2534731.5948270434
3.0,17.28664801380334,125.1915129129913,1441.995833481025,2663698.1607503807
2.0,29.673596482062226,129.69329227703844,1287.9120539749879,2825953.4175594654
4.0,37.56928324263347,88.43052603503702,1318.237059767164,3053594.356269267
3.0,30.274104988728315,100.30546522302782,1636.113534860356,2754169.576008429
3.0,14.738315741622174,141.34116864171693,1255.4302758535605,2838210.3248277633
4.0,29.945502308056636,143.1301057253375,1670.703845539712,3883424.9350938196
3.0,28.816570105836966,139.3164200087656,1432.4358581662293,3367324.215229761
4.0,15.321978959882102,119.09124936686817,1847.7970669456383,2747671.1596163325
3.0,31.89721168805501,128.58981751229157,1365.1215728534828,3061844.004426603
3.0,23.227242907347485,112.62181239221938,1296.712729858255,2588695.553621678
4.0,22.304594162628582,169.23421538928386,1730.336401811051,3858921.567096907
4.0,25.63391386106089,96.0551427079459,1341.1022942819145,2780008.806366576
4.0,13.723246618699534,132.37006749943328,1511.5424390238327,3036627.4569224874
4.0,26.371941898593906,165.39041016511487,1726.2283765811492,3873611.1683852854
4.0,36.87647215614803,108.714500346703,1375.9693944690998,3440737.5165037215
3.0,18.672275803789105,124.3623521867548,1650.7125731651774,2621578.214356796
3.0,14.522929565046626,131.24820605560674,1230.3069014057978,2390196.4192052446
4.0,20.534949675228805,111.59691990745155,1784.5734494405247,2776751.1604625853
3.0,20.95183894507091,94.18375389826544,1704.8926745865795,2402296.176300709
4.0,20.719879661625992,147.71255636174394,1471.0615956016272,3358691.7352610095
3.0,18.87532556937731,157.28645792898686,1298.3850372120708,3241314.70065897
4.0,22.827523893268282,147.8715243025838,1250.5993708886006,3502681.126586108
3.0,31.306177901728546,145.80559314279236,1263.702093718681,3595594.03382091
4.0,33.027178548509745,153.60060408611457,1045.2584858674627,3876714.243021501
4.0,16.455757998768792,135.0804898995733,966.7427322248865,3024396.0901783337
3.0,20.85746722785466,130.57480666712166,1614.9666611397886,2645610.852158633
3.0,24.36893198087793,131.72310328286324,1295.2185326947256,2932758.8017477994
2.0,17.553052081508604,147.56670575654755,1555.5062470856326,2531111.1812395304
4.0,17.291564818417413,113.20205139185838,1101.492505461656,2746108.085140308
3.0,27.500236089569047,99.7582892343667,1290.788777848966,2412513.012980747
3.0,26.460023154006382,138.20458840515442,670.7093144304932,3157369.54006151
4.0,34.223849370499714,147.62849548262946,1801.1403876464622,4179905.3155889683
4.0,23.068743191415297,117.18701920291197,887.1965563551414,2893445.6157606496
4.0,29.552676155275797,124.9409323001276,1352.1694365563262,3396932.427983365
3.0,3.078340702854318,71.89680383912278,1848.2376744200135,1000000.0
3.0,20.614708080321464,111.13348743761598,1800.4946971076156,2204496.0474264454
3.0,23.2447202205888,122.51553201150445,1170.0108689728634,2675028.2496386617
4.0,27.453900848104823,139.40597133321742,1427.443819721312,3373757.703770121
2.0,28.06183409002479,114.2650993203084,1412.7682202180213,2431742.204104077
3.0,33.575382662302616,108.73114231156708,1641.2904127876038,3148762.7538255393
4.0,22.765165441490986,156.7992903469438,916.8305497263577,3508799.615007075
4.0,27.904015586189203,143.6484280995498,915.2207310005423,3465743.644720743
4.0,21.688563064127017,133.8368902671382,1410.195756657951,3084892.091533534
4.0,29.079957213432333,120.07300028087073,1177.3582984489517,3263688.0480269007
3.0,23.10136003027154,126.68972270050398,1504.8799455354044,2688542.465593997
4.0,27.914810293707927,135.88241479146467,1290.6688667557057,3574335.6797436997
4.0,22.540837841785333,132.68826694739641,1595.0350194522146,3120544.1584019717
5.0,17.257485090476848,142.96072332324684,1535.5350760107913,3727273.1111910385
4.0,29.879069867740323,136.9666632738672,1676.0320717817185,3446172.2799041644
4.0,39.32401729648201,143.78057985881455,1425.066118905243,4004522.272186864
3.0,17.101445601485672,134.60326253295236,901.1441974589253,2781474.89432099
3.0,24.767297595515785,160.56079718020635,1957.3906614358152,3560989.7172078844
4.0,19.330223853717833,128.21955731084734,1605.5160524700375,2881841.8818579847
4.0,21.568301452473392,136.3702489769925,1329.1167471968997,3343799.254252728
4.0,21.766889549708598,103.62051538072194,1832.2160075706236,2760770.3473972157
4.0,17.098241534894804,107.74334794475422,1169.4907384119206,2854076.1072239885
3.0,27.931112610227075,83.82938526940654,963.0061985186218,2350599.562049931
3.0,20.447704472449583,158.46238108908233,660.8839527340133,3215673.874797797
3.0,20.43619331227788,118.43888406814258,1304.12513048129,2520497.403167486
4.0,24.47859892885611,150.8222980724999,1646.1241985727509,3590606.1889195875
3.0,18.857383481907803,113.12913761698022,1883.3983508619087,2553886.118650809
2.0,24.796974893557415,160.36804790298137,1699.353758170642,2990799.3471465744
3.0,34.462891170086344,164.20885952375127,1095.7193408164344,3593701.4128367193
4.0,28.45048472534846,179.42757731770865,1548.5622159839957,4277736.695656385
5.0,23.831984058355836,155.8172696371277,1538.323099825508,4251125.443599698
4.0,24.045292933330096,136.19386708758117,1266.0212337031523,3620941.2112412145
3.0,18.131699411054203,117.67285822430378,1446.7910219658215,2594297.047435238
3.0,13.91892149509982,73.95052428855112,1209.9238334368135,1549323.9678853825
3.0,35.660213893100774,141.3762555150235,1181.538667960171,3630614.2955695023
3.0,23.82225440029554,149.95202289891074,1420.866600596962,2983053.824807511
3.0,28.13341364735158,131.60824109057984,637.523835493056,3080920.7122165314
4.0,30.92201106039696,96.37877184176918,1570.7369172146746,3270492.6616156525
3.0,22.04823084715657,110.74287740977638,1092.5033058544016,2389631.3358476255
4.0,32.54867713220584,116.7195350859349,1147.1739950667106,3263001.282355546
3.0,36.45916924633291,152.59832459565882,932.2885675039777,3853746.0536288945
4.0,25.17560005332042,150.38695619256717,1123.7909546647024,3547302.046381183
4.0,21.76330783927118,113.47524409442613,1610.2829813072651,2903102.4577341434
4.0,14.736313359753813,151.66691436797274,1038.329994406076,3205406.942033797
4.0,24.686438356546677,106.58766313082751,1294.9961843567587,3254542.1081914892
3.0,26.802327466644748,150.01123309765296,1202.858158017767,3418919.7199533535
2.0,22.617615283604078,90.82132035345734,1650.3799692369662,1884590.9280651105
3.0,28.15729124977307,82.96433978757065,1745.5495248988957,2531154.9952065824
4.0,31.201632821194057,157.9144259781249,2246.5183594600935,4137509.134438699
4.0,23.40418963788932,168.02020190361998,1321.4923022525381,3889102.5253807288
5.0,17.11507836039216,150.08505569069274,1211.9363139047268,3621436.9550892427
4.0,20.36519771729461,107.31795144316638,1029.2633885808996,2721290.763940946
3.0,33.38834908304355,87.9486822692332,1237.7094211848319,2443095.673666616
3.0,18.287391018142728,119.03530376546067,882.9558806599946,2645645.4569310863
4.0,26.606878354568906,126.65615700567302,1235.105368109221,3414304.263644026
4.0,36.015129339234505,132.05492742897036,1521.3228811201889,3774963.2711899905
4.0,24.710046708487138,130.1717171771357,971.1635741674675,3178268.7492616517
2.0,22.528838568608855,128.33515103402172,1766.295134076,2477124.144213607
3.0,20.934341082890437,143.08623885097464,1626.0680646410526,2941193.8174987165
3.0,16.28354735187898,159.1132863432843,1323.690351604325,2939785.1073611774
4.0,14.510619556354397,144.040687348986,1688.2331005105316,3197839.4669678616
3.0,34.01739811754228,158.90988059162657,1833.9586347209113,3737987.3275810783
3.0,18.74621452844058,108.26632901518497,1376.8141210743725,2545014.749763846
3.0,33.34561231527298,129.47784790608438,1459.7721068457836,3184693.13916178
3.0,15.576715976881541,139.41844629106112,1038.4482475404807,2688348.328690998
3.0,11.559985775062268,141.81378490807748,1358.5412348889406,2640276.3555785604
5.0,28.520373164769143,94.7924589395488,1307.6867313351179,3484318.847122728
3.0,21.718600971976585,129.70934722683273,2126.9620853948004,2883846.791896886
3.0,21.36663146752719,149.25841440497948,1336.7754929220773,2974680.2533164117
3.0,28.758841857641986,127.30541011947642,1040.3555259743234,3137838.235936733
4.0,16.34336835174581,151.078060305037,1734.5430773306157,3397559.1944162888
3.0,23.519418466255573,92.36729958595294,1583.0042746434456,2109574.7112512533
3.0,28.599773277886747,115.37411172799864,996.6248124581074,2887637.805063461
5.0,23.650107468632903,144.07312785542211,994.4153709532244,3791159.275101625
2.0,26.600657245668767,123.23541302983239,1094.7522491387667,2548912.981439497
4.0,40.72303467779991,156.4573019194803,1525.3009071361496,4433766.120148676
4.0,15.614966322407867,129.95320827504102,1694.053647255881,3069010.5709723243
4.0,30.352971654402246,102.26461325543752,1335.23669243778,3107635.132252106
4.0,27.659686371843872,133.0393829143535,1587.5300555157344,3536956.6866557514
4.0,17.905031742650916,120.22099000362348,1666.7178695096572,2861254.6700589326
4.0,28.573469653340705,149.99644537364603,1448.6921954839129,3768599.8065696787
4.0,20.380559912653634,111.07002730841103,1139.0871648101015,2855562.619897543
3.0,21.029645307573126,121.4509877314518,1576.7261350211963,2656849.715848402
3.0,26.459198841584826,109.72847516316358,1944.958173867534,2894003.088458877
3.0,20.78565381495237,160.61668131658803,1859.9697905286737,3248280.775624949
4.0,22.58283817459094,124.6803692758774,1581.629683758641,3164569.190796843
3.0,10.591599602149474,125.69283377891641,1470.4631284001468,2092760.9380992213
5.0,14.398147556587478,128.06211914244477,668.8807296720864,3205793.4869359336
4.0,20.692963437358063,92.76902625206507,1142.4049025638487,2824895.7522836803
3.0,23.132345762800725,111.22564435312447,1315.3113534179793,2670089.215814255
3.0,22.641577490796056,129.15621775941355,969.0345634304339,2796179.698787488
3.0,26.986329281205553,124.1988665008483,1781.6582318844028,2922399.319789793
4.0,13.967020978964408,98.17492178478832,1386.6733701318797,2350800.843928938
3.0,24.75691007690908,113.43411457857245,1086.1010645534768,2859821.870747119
3.0,11.581940157543388,145.26093749643135,1016.6579362170927,2508957.550157436
4.0,29.788946127673512,113.2119372097272,1269.1696338140564,3226590.677760761
3.0,36.82706675636313,155.89106915193787,1570.4564499961778,3763684.2156718173
4.0,27.509422468286683,135.30915931812788,1275.6623907208882,3733131.0526083144
5.0,19.50889297602584,108.20007287543642,1465.5019547250063,3294689.550293047
4.0,13.235221748624882,115.42216407973356,1053.3855556051826,2567246.152362112
4.0,22.984644966278797,123.53429465400777,1234.3541397065915,3094005.9483594913
3.0,27.126096298485702,112.85815043797459,1687.185937962032,2802307.0014236765
3.0,30.691621637903484,120.61192460268035,1366.177073220485,3104990.096386186
4.0,16.846084921158077,98.22491345760298,940.0007612631802,2397493.500368758
3.0,29.798867489438145,133.23709168156782,1462.8011016937146,3339641.392603873
4.0,25.4010301664587,144.2561775424163,1261.171119735303,3577895.3655585847
4.0,34.90703699705664,171.4861708851039,968.6814756566981,4261956.600358413
3.0,22.881275326304817,121.99038584406605,1369.716845906729,2819386.1891943095
4.0,16.55121751327574,139.9309942969052,839.7309258544167,3191633.472532509
2.0,30.06995987658906,162.6078945410104,1288.7908798663277,3231974.0153195155
4.0,20.232639827049255,152.4675424920652,1200.7960192901737,3285547.3843296645
3.0,24.427072464978576,133.23602570831093,1535.3967677708597,3144106.855316809
3.0,17.264326033036195,90.24985179743886,1734.6950219019948,1916669.2053799727
3.0,31.45779704003205,133.24328834004245,827.3515339549392,3067471.1373495487
3.0,24.0756826253209,122.24470335350748,1223.8240386612285,2844546.1992541114
3.0,25.7929002311409,141.00178948641567,1685.4744184611225,3230744.7223869083
4.0,21.850440895631937,140.6716203143676,1444.4211964830577,3166987.0861915043
4.0,24.97098863033719,137.9824261865292,1362.9353353582171,3559887.5477063702
3.0,30.08014540463863,150.15957320725644,1555.303911464813,3434006.6181172975
4.0,31.064177303258703,117.4791273284248,1421.6902759163245,3539156.656642991
4.0,16.81321945319668,125.93611722809258,1222.8551392082031,2902523.921830089
3.0,31.019982684639697,120.69273465091516,1159.1943537212483,3198408.6823409447
3.0,23.942679445789583,160.8629512329647,1630.684019231305,3513351.628864519
3.0,24.924099260569072,133.09165007557849,1703.6530412007392,2863887.562090369
3.0,29.55019766277381,126.46797090314897,1548.3545175083473,3229196.5654271995
3.0,21.092766488896793,142.53633978891924,1020.2034645392013,2849700.991603492
4.0,18.109309093495067,121.899745529434,1443.8335227756038,2845049.7102745655
3.0,27.95545503537584,117.35041415641021,1775.0265714237103,3048871.320679643
3.0,25.585237238776063,132.65321024189942,1564.521226556463,2962044.44639461
4.0,18.864380242974093,128.44836493107996,767.9865264897181,2868949.698462302
4.0,22.80045530085323,122.64493204091838,1248.0528403895678,2989836.1713144835
3.0,30.13906210338548,142.75091906102125,1748.8078169385683,3423271.3461705754
4.0,17.1253110345811,143.68377319667627,1488.758108032009,3188202.792880762
2.0,25.41944820770881,168.71463474109677,1402.4027484711598,3210651.17220472
4.0,20.264567416773115,113.21499053523507,1559.2407180554276,2970940.81884348
3.0,22.024014343575306,137.9506190234885,1350.26041800631,2647954.542172891
4.0,25.2204337078282,106.1708729402377,1584.515297277957,3138265.69408783
4.0,15.923594843172564,117.9382411009402,1786.1305687140148,2781472.0357319275
4.0,23.123728137204505,140.44470838981846,1081.118481453685,3304512.946526591
3.0,22.126597232523903,124.01813378299495,1422.0490466045787,2750484.490139073
4.0,32.79807470952559,83.39426645175921,1739.4947925314934,2789764.7668522457
4.0,26.791648997825117,136.12882136428925,1618.1670758374166,3337220.999708978
4.0,30.412867053653194,98.24928106902695,1216.5177967528598,2938278.8613722012
2.0,29.69742074083371,148.07444713608828,1439.7222645768868,3008779.3009198536
4.0,15.723125180628271,159.9782011890064,1450.7025807711902,3520964.9150950904
4.0,20.901530608524393,140.146838478687,1070.0131701290384,3316769.2881462886
3.0,30.25191328665607,127.58257258951787,1935.8184333267884,3305694.5904562003
4.0,22.282334376727466,105.09814130664935,1290.0137227388914,2955937.2883341904
4.0,23.839924447096667,104.211117041191,1392.8743136040653,2985759.8926944546
4.0,28.776803333676998,105.83419463330506,1801.5606031092666,2948598.6605939777
4.0,21.19129904882006,160.1191665212099,1783.7707927326603,3530436.471744766
3.0,36.7400039887611,159.7022161713791,1466.359150216357,3888197.0021152105
4.0,26.36124747643944,129.61491823331383,1455.9957057982506,3237732.5279961266
3.0,18.794188038742252,115.72579902754862,1621.1827427228757,2469375.9764847225
3.0,22.76658121742097,121.42273180094236,1056.9160558349063,2837089.162332642
3.0,12.577984341728841,105.41414241051244,1455.921175215016,2180813.349432741
4.0,21.98683589657728,114.45727863459669,1040.9770625048843,2940746.3943519285
5.0,29.255658367759683,115.0543480155825,1541.4434370491947,3790153.9826715775
3.0,36.068511210065815,142.77793785607042,1303.1829407168907,3546184.890862163
3.0,16.237235546740063,131.2408596710866,1691.3399168790465,2558745.220874138
4.0,28.777246142498694,91.55764465735962,1058.4315208729695,2877103.6265752353
3.0,25.47464476232137,175.0598318143779,1389.579236255384,3578557.553513431
3.0,30.83439922971247,109.4955428053201,1984.2904802596931,2767618.921803325
4.0,29.302405793500256,106.1324069846959,925.9651215282574,2989221.736508463
3.0,27.057935643292627,115.29009836931118,1226.2380410312715,2954382.65279229
3.0,32.81202871980428,145.54382377242243,1304.3535197700237,3666610.61816581
3.0,21.135015370746785,147.2468964711688,1364.3350919294553,3141776.94588296
4.0,33.85146260669822,124.82272346168857,1511.812583572044,3779663.3917021723
5.0,24.070646683284913,100.33490096712407,1365.0659854859643,3325329.7808495364
3.0,34.00077947550248,128.06482901334834,1212.7378874030953,3425593.388784772
4.0,27.565657009611776,116.45056174397217,1514.9712371042754,3360928.114131703
3.0,23.74324298422859,122.380820249467,1322.3872601799892,2858624.198200975
3.0,36.43163318307305,134.71816675451151,624.9841039939851,3525401.3543709195
3.0,24.447100341140825,111.53529026105294,1725.051644334786,2684295.147488596
3.0,18.43885425322942,112.77699832993433,1443.7381818310043,2160153.647030891
4.0,31.39873825323814,150.63588969301406,1485.3310208076646,3869025.666821906
4.0,23.816392836814074,89.52254260114861,1506.1557885227178,2786817.6650176267
3.0,36.81030463031796,132.6329653857073,1816.833322173425,3632182.255857425
4.0,21.05895413729567,143.9579704702996,1580.9960622942754,3537366.490063083
3.0,26.750389141135738,108.2070377918132,864.9234800015445,2675712.54371447
3.0,19.339964839557542,135.58877732661648,939.111698991338,2622955.967840365
4.0,26.23056572347363,121.94468324102289,1833.8404667230502,3396311.224024435
4.0,23.305139613090223,137.0281650857672,1018.1874026948677,3194695.6537042977
3.0,25.775345847318352,138.83364304041135,1336.8837096261298,3133608.9978935746
3.0,30.490418813890475,129.34860266744218,953.8154155383794,3306752.179905081
3.0,17.757356319133592,132.0464005345579,1335.2886237236876,2415170.4528865973
3.0,17.198667991771043,128.9025297212068,1525.2337523345013,2422992.153576001
3.0,13.705733739975747,125.50255017235591,1510.4254916738519,2211181.3851182675
3.0,2.7647523489324772,115.12351063498838,1200.9691820494438,1702134.6608534397
4.0,28.145289303606358,149.81816051898477,1776.237275562772,3551315.6008784855
3.0,21.872186387008227,133.87173242408872,1878.8464927118823,2899709.723860576
4.0,27.5281246066709,149.54587044211735,999.8043196857108,3966870.4789262097
4.0,27.441530320575552,146.66913398419595,1709.2620881023865,3765645.8301567556
3.0,20.401560438785452,126.55824047874431,1425.3803010513598,2785287.8255148157
3.0,13.16811850457703,126.55866866514248,1781.0707716395086,2555212.0104884827
4.0,21.41456140439131,112.78815058840664,1788.2840773339365,2739815.951301476
2.0,28.327731676603143,129.19967716092074,1656.176035080691,2705825.2847132813
3.0,18.110952606537307,120.54433489364564,1697.235441957121,2559654.4894678686
5.0,29.649124757633423,101.38366671157468,1405.6160419753594,3588744.862433806
2.0,27.789428640857096,133.01034750992304,1526.3009544715935,2781632.9872159082
4.0,19.638070102327134,116.9823776231351,1342.2688594921576,2972384.9363651117
4.0,20.96644108035297,146.9246118937918,1688.9820743058747,3269524.1921257544
3.0,26.311838553609746,149.04328848830713,1555.6688959471244,3439880.3800869505
5.0,20.62746589803276,161.01894309681202,1931.5562157870033,4013402.816497283
4.0,24.392591453713404,164.05037330468102,964.9512545861012,4001589.4601242323
4.0,9.306805981804114,115.36151025764752,865.9443535768722,2393934.5337315435
4.0,27.73502883649042,124.17851378204551,1333.4345499770864,3228340.0804761923
3.0,22.280706751606157,114.93454034939184,1246.2247976054082,2654464.244166985
4.0,37.44780127713277,118.16386430383125,1178.6735021408776,3863607.111346357
4.0,26.25221860236608,148.6298979600706,1392.754425590051,3906207.6936794226
4.0,29.235108298726573,117.94888697713489,1310.1524478154586,3614246.0973242526
3.0,30.938234158698727,131.42057452812867,1441.4348991748764,3358823.8015344525
3.0,25.771047827787655,143.13396450744227,1260.985515979257,3275610.6001248057
4.0,21.649766367193557,92.4065154719217,2142.998979459705,2729739.600342204
4.0,16.933372553664377,135.9297855662112,1140.019311173101,2901770.42350129
3.0,25.403024353979713,138.62466257820645,990.6213280271313,3160454.264220794
3.0,32.64298317950867,136.85410648774703,1545.2565343777046,3348474.019041627
4.0,15.976602518458558,148.19644598131896,1530.0282109290033,3262715.75587592
4.0,17.358373657682826,132.46845168785933,1505.3516586049575,3027107.698017504
4.0,21.69717168747657,144.9028677027185,1535.0274346921517,3586365.1304102945
3.0,25.393329809765806,119.82517547922777,1264.1045155102927,2714147.2649996425
4.0,24.215015994214834,96.02247307900599,1353.4213321323796,2792754.8581016785
3.0,12.548193623142515,129.3225412801666,1754.078642414708,2323795.3087188825
5.0,27.616687138270752,122.59783743956757,1604.3075665061758,3642970.2576792445
4.0,28.121039706134756,150.6947540735543,438.2794647085831,3847292.5457848962
3.0,25.75319282706912,105.52177493294623,1471.1731299151072,2525121.2454178734
4.0,37.497728301772455,118.59323708337102,1273.2388564661378,3738422.814335017
3.0,31.191199013420967,95.91610028322147,1477.164988043981,2558954.0398670156
2.0,16.38349763623628,133.16863384003295,1165.080385183001,1968996.8178463401
4.0,32.91814379790347,179.00701986880455,1462.0924134073075,4590117.896827168
4.0,18.440423383789383,105.40737662190503,1325.194787136692,2624962.1229261705
3.0,28.70948097961514,105.10560389367532,1244.588254414937,2900413.444435029
4.0,25.966508053565867,178.1093372364166,1788.725245274583,4323326.8739931155
3.0,19.282148105658482,128.03833702736807,1588.1709769855704,2402579.415255981
3.0,27.127320253809113,140.73492016071248,781.4694718409309,2996178.4775774144
3.0,20.854434558176074,159.99746635016163,1242.1781728679,3394916.910713349
5.0,33.686045475303985,129.71670311523107,1620.5410915781863,4036959.8498031935
4.0,9.217392836594103,143.78055181074532,1254.3051741671875,2741119.7016941477
3.0,30.965234854424832,110.99896726891254,1427.227257519407,2790556.781951352
4.0,19.606853691103666,149.34652507290372,1273.166242387634,3334886.9637795137
3.0,28.118879821966274,145.5091476840518,1932.2962140159807,3259234.106293866
3.0,24.67811194410988,117.10996166046759,1047.8288244699297,2625917.6827332033
4.0,10.311633736952245,117.1931114746337,960.2738363483821,2501390.713099233
3.0,25.188153867787538,118.9279613844916,1500.9862783176634,2705453.2154993857
4.0,34.8280931930129,105.5289916313441,782.3515095366301,3603347.624709722
4.0,17.813706204593633,156.01120152677862,1581.8722176201,3617842.456663493
4.0,18.714145909888135,112.7063304906558,1108.8190252609743,3021667.093770101
4.0,13.475269791042257,151.07261945532642,1503.101257780695,3418493.8799106157
3.0,14.296698734147197,101.68085145938733,1190.297842123757,2172166.883601541
3.0,19.45291789975649,95.12261213748937,1247.5218736174616,2295194.0577537017
3.0,32.855086093487806,119.40976325237251,1481.5234397280278,3089692.37666707
3.0,19.856905089961757,118.70091670490311,1223.053598589275,2670190.5984516516
4.0,27.335307099618834,98.94180594443662,1482.9601302294716,2957703.909456089
3.0,37.029799979950596,141.84200889503535,1356.2975457818068,3745931.3265372994
4.0,17.665976467040373,139.47482253447845,1244.898211860137,3107117.044378758
2.0,17.657735088990826,109.73957954836469,1085.305531309803,1969207.1082699802
3.0,13.433735647113346,130.35901676780125,1233.0415507187931,2628615.9870519303
3.0,23.856719741904598,134.1909756563105,1687.5717784562,3081020.068931112
3.0,14.66761930997303,127.00066273146804,1765.22672265362,2650566.7569418256
3.0,38.13628934316069,112.65824022665818,1809.4165644016268,3247418.3112643296
4.0,19.275545827429,120.7550130570165,1758.2306800419815,3242837.0917324317
5.0,16.591913978216027,152.7196833658228,1163.1931472198055,3761042.940028421
4.0,20.87549859603958,99.10339833642755,1219.2594018072134,2895551.6467327024
4.0,41.99437949294184,170.2212063894342,1100.1422447679524,4427587.907255646
4.0,30.682869306024937,140.87996092372043,1299.9392106074233,3696794.189961439
3.0,15.926926813506093,143.7365902298668,1511.2296818386837,2590388.0406235117
4.0,29.99350698993653,172.48233001231335,1086.8158223505866,4251428.832407832
4.0,36.5192292957383,130.23016857613777,1880.0362717436378,3926100.408911223
3.0,29.556715602927795,120.28369459423985,1126.0539580645616,2963422.776379677
4.0,16.921104910728342,110.72635087166151,1431.2081367730311,2984173.295139758
4.0,13.648289697536375,158.40776162549884,1389.8263044142495,3196041.8090241747
3.0,28.293224840803184,104.92286677660974,1179.5968524281946,2793528.4293575976
3.0,22.135835383015387,127.26907007489164,2026.3910347335088,2814001.2126839506
4.0,13.662714038552888,144.93560631156538,1034.8335974851943,3004756.7148242146
3.0,29.24965970710737,122.46376685071596,1354.5538453653805,3127464.2839454506
4.0,25.32392478697811,150.74874363944747,1557.2187361050048,3563927.251615796
5.0,19.760063645624,132.86003938519175,1700.0797248204094,3445677.3229871863
3.0,16.74048556422868,136.88736133399607,1226.9570144363818,2630322.2650946802
3.0,13.248300199282916,145.37378309100666,1665.7891130529513,2481192.908963658
4.0,28.177279987266907,136.07150380636017,1212.581627096605,3356905.4324323265
4.0,22.090984671577335,161.80430879910995,1392.257209483656,3858450.8651954154
3.0,24.047517695589576,123.7438760390631,1163.7793986355227,2726317.6168100545
4.0,36.496296326384616,109.42627976874509,1782.4060473019442,3376546.150774679
4.0,33.90451094907099,143.3129644896311,1314.198599857774,3868127.347315389
4.0,28.534716914856848,135.26783321377388,1935.994162525082,3621461.3114394946
4.0,36.03023735392505,135.56401418469318,1628.685775038414,3783286.1771017215
4.0,29.89500378082746,141.1094925785137,882.161907083596,3589072.9899955546
4.0,34.03985908565657,157.3790756702649,1359.767762424476,3939939.717951625
4.0,25.53890719637119,170.52015695470567,1217.3792096512393,3923857.5475061587
4.0,17.93610284353057,107.77382476143563,1210.2245326947473,2566292.0945516527
4.0,18.784921099758307,142.79064999437765,1516.1102934007358,3518541.9693042217
3.0,20.179072949561856,135.4435815341063,1312.8445440804971,2987181.454799152
4.0,19.538701022833614,143.25221693599687,1713.3566842556622,3465683.43025284
4.0,30.03276050670831,126.63631881071953,1273.048710722746,3534953.7764826356
4.0,12.286480302214462,125.8801699829493,1494.9290449142375,2563614.967819552
4.0,18.70998288166086,121.10696206265466,2127.0279364604476,3120518.0542374165
4.0,22.48839697343542,106.28713325314106,1331.8206625389016,2715758.5362864826
4.0,24.938105496110794,127.27385810559005,987.4026593078772,3532937.2123051886
3.0,26.39867641819542,106.43842452715015,1656.6674340814238,2590030.0349775385
4.0,29.90795272495415,143.18072354087104,1540.227011780733,3681363.7210160354
3.0,5.909300572389824,96.3433837535184,1042.0765561458888,1515696.159198794
4.0,21.318270201282882,153.49014069730293,1009.7096857737387,3328315.0795460753
4.0,9.889276654651452,148.3701578883117,1189.8706868382442,2847875.1969800647
4.0,28.088402213006777,146.82279151973734,1402.0671206648074,3977561.587796284
4.0,33.318980072431174,100.23114038878467,1296.803962869255,3083122.558873631
3.0,15.706228321059891,148.41166120374288,1670.3717264803313,2970483.526635622
3.0,34.28411114499625,172.15936539380377,1997.6007327704338,3936032.619097305
4.0,23.511480234320924,111.43207596061254,1159.5353306685652,3011916.565885394
2.0,30.139837509364177,173.21001303915426,1333.9584543278172,3443099.6164129763
2.0,33.18963470231253,137.8541080862862,1509.7291386898753,3022407.3604952293
3.0,29.807911374885098,140.4022047964869,1519.9378771456888,3466360.685598783
4.0,30.28694242569212,168.65289185910027,1637.4400771897174,4118826.1979305386
4.0,30.150971583916885,145.48342181723274,1412.098810426689,3918416.2443506047
4.0,20.94931606876988,131.6026843673262,1473.0466901510194,3302603.5737095275
3.0,9.957646814566784,106.84649042496531,1601.8755756381,2093349.908536209
4.0,27.937538998959802,111.99358942189724,1357.7589087004626,3389253.8926279605
4.0,28.06041617386279,117.8342351956028,1637.6842301763202,3098473.2004829184
3.0,23.271795547959634,136.52320035061467,1461.287528803392,2741058.7109321193
3.0,8.482715573783704,128.5940719168455,1567.1252412791584,2219560.5144227277
3.0,26.75621383783851,150.4505258572393,2125.78060522035,3389689.587055898
3.0,17.67654155773346,132.93988342035573,841.5190845842939,2493781.4433576046
4.0,31.624542915324664,170.69044645750677,1340.7727779609793,4132080.1462333305
4.0,22.44306148124646,165.03438250132115,816.8269541905212,3770682.2058252688
3.0,29.215906270687483,126.23163956560357,1132.0090741440608,2937256.2505867374
2.0,23.12976969192337,144.39320933066472,864.3812969806373,2710383.533647886
3.0,15.628402769090394,121.05574718417503,1253.3508429230574,2516146.0498666484
4.0,35.399450801627665,148.39083261556718,1307.5939247843523,3900879.6456379867
4.0,29.03798479662456,152.2359982182934,1250.6297067373148,3776203.758992435
3.0,23.879734809576078,115.04242391544841,832.4825442419897,2801037.9172683493
4.0,29.890186430484096,148.049767140528,1950.5732792468339,4004057.244640344
4.0,28.7775526714874,149.4949889077114,1471.1137419851614,3681935.489919875
4.0,20.5489761305969,130.10853788894045,1407.2102136783044,3144588.00199612
3.0,30.846594723334572,166.00032952019438,1707.0285018995846,3810584.5080048246
3.0,34.047986257305475,141.21877685224703,1551.7636559529954,3360820.989506268
4.0,32.16027553810799,158.2321595349497,886.3077133600615,4015750.6886471636
4.0,25.362985968508568,174.87641729917576,1697.3551028174325,3999669.3763751066
3.0,27.085524342142566,129.87029941936663,1898.828753284657,2978643.0217122138
4.0,28.91617391775696,113.12476623561444,1084.5238077655072,3308281.400187724
3.0,23.14885044383582,109.1204565435337,1171.673144350255,2724833.678892642
4.0,30.960861946541787,114.34898463428692,1261.2918647296954,3302764.7475117967
3.0,27.97784932761621,118.74602374646193,1787.8833266189483,3043245.318295831
3.0,16.907195559932816,95.09178200704514,1027.2496005288513,2113078.4805997177
4.0,21.560002410103834,165.4650372747205,1147.9653233818863,3681201.7064695763
3.0,19.531126573678478,109.97286275701113,1607.9075826279397,2390241.0163721843
2.0,34.80937908401116,116.10383996270059,1392.0206337003647,2806043.7150217416
4.0,33.02595984628405,124.69764686290785,1117.019341780528,3406132.246997562
3.0,24.7843642956561,148.6989637651747,1273.8587655757967,3107197.2821626985
4.0,28.26331043232065,103.42999546660673,1862.5928684240287,3235421.5281684743
4.0,26.714852450874346,132.9355308834477,1049.425943475885,3420078.0574491983
4.0,12.900550922262603,147.97964801680592,1378.295608040631,3229402.3731974675
3.0,13.880386808171009,139.76466582925525,1290.4453687964326,2596473.819077234
3.0,18.262669840871567,132.12486177568763,1035.8782311162827,2850123.525851621
4.0,17.304807794584704,184.9407281996302,1451.631272953967,3897613.7425608835
3.0,25.15496223868127,122.52545740244081,972.2228616195309,2625212.6775757372
4.0,13.53458740042042,101.97920814700807,1507.2955013587114,2489454.3432599595
4.0,26.38758225203621,136.47435770012964,1479.2210587930012,3318532.7879385552
4.0,22.393031233366777,151.12777302904436,1307.568867713783,3729856.2664067475
3.0,21.31720437282048,105.89002423146721,1448.7563104850142,2572172.5344676767
4.0,23.78744453464289,166.9656328344087,1389.4917916193642,3928609.3868800923
4.0,34.468515571281884,150.47642021978953,1453.5933991690172,4166522.28331424
3.0,30.399334234420618,101.34261644570267,2021.9085347092664,2841064.035984449
4.0,26.910654491235046,134.00400875187773,1433.4424328077976,3499738.9167042435
4.0,17.477516241795744,84.81997527618078,1386.6780698176417,2269103.838509706
4.0,31.089257873421197,136.34640797785477,696.6155910109393,3921528.5177902486
3.0,30.87906752270428,113.20509849014084,1717.7427996913727,2881772.6009189533
4.0,32.23871244509612,142.69927790765155,1795.3673512367598,3835782.9622804844
3.0,19.806790913909037,145.1364464374671,1613.6216046722873,2979784.476778239
4.0,21.494691909150543,138.63099713002066,990.4525174577202,3417766.8422895633
3.0,20.764091713588456,117.21156549231438,1291.507710286527,2690132.006855174
4.0,23.015819796246063,137.81735975606006,1734.1804144156913,3173716.252135708
3.0,34.00991866362604,141.70748673586365,2011.10605484409,3639120.958858077
3.0,29.446825856388326,97.79393391890333,1767.5064685318125,2685756.41404014
4.0,27.432220434106057,139.49336790489292,1335.2469253498684,3732173.44737987
4.0,33.511481461657006,129.574728045005,1521.12943218252,3861532.404970503
4.0,23.003103270639624,109.73579618334517,1428.136635027229,2834604.176961816
3.0,19.60506432732953,131.2309166453569,1498.1647324829464,2912894.786485769
4.0,23.153167292772643,125.01044821909582,1188.2637506804,3130962.5099564535
3.0,32.286243124668665,151.24463663002382,1681.2588647574255,3544367.2073906604
4.0,32.088369374038294,105.37179922590133,1466.503183486504,3419308.1267208965
5.0,36.50087172379743,151.40686166321802,1586.843858630473,4398187.927367512
3.0,19.35600897678809,110.18600454622523,1452.3477036505772,2268335.893336136
3.0,21.56200690603413,122.46227158244494,1486.6195747905103,2697792.905050424
4.0,14.432381295992599,116.49122147839628,1706.9955768811426,2902072.725170104
3.0,19.56623457115379,153.09933358861298,1156.7924207323556,3016399.584916723
4.0,32.57683789446552,147.15362508983708,1488.4881720563449,3725938.8408609177
2.0,33.244714156560995,144.0924775977506,1531.4652748144733,2988532.917781966
3.0,17.83488211193003,135.84258977607382,1430.0278889934373,2787239.8636003053
5.0,38.98141463602921,178.3551685068408,1230.304196587533,4975463.67500321
4.0,15.008594794830708,112.32014677007963,1638.9429802015754,2631056.797768789
2.0,33.936418319268974,158.83338689618694,1494.1954059013735,3145500.689486293
4.0,27.700923288483956,148.69802717364837,990.173861896118,3840700.5158570576
3.0,26.213966781611337,112.6374722178908,1174.6246123068777,2866908.722299172
3.0,21.142205147193817,92.29736365900212,1764.145272964121,2105346.2235171543
4.0,16.08024732857013,147.99705348737257,1014.4604889284116,3301232.925634431
2.0,35.26439993285145,119.53074201095313,1029.6408064968953,2902900.516875458
4.0,31.136158618718863,113.19734938838698,1281.5048575226729,3226102.700568192
4.0,26.669823469597755,136.78413519420323,1869.761763528886,3357450.3747845865
2.0,28.490520770999336,120.94534549242685,2057.3269070811984,2585094.9224160127
4.0,23.997365062517545,126.2753955949466,1324.3836120283356,3259243.8323163833
3.0,35.5770762153327,129.2449396237829,450.79387980473444,3469901.1976345116
3.0,27.514794037137655,143.61428932777224,1170.7499137705508,3213320.825404075
3.0,22.691152519568348,113.99608990419058,1576.3011024985806,2448387.085720606
4.0,15.297472126761493,164.71114893953865,1018.5055210714494,3420514.9274971033
4.0,20.481446385805604,181.74090907825752,1314.9195240154452,4171662.5308839767
3.0,30.966532298237315,126.32947986687782,1231.9425054913445,3037544.2211010605
4.0,31.563518956814466,114.3431304309106,1458.7252678503867,3497431.702105837
4.0,28.924787434263298,154.10056345698112,1723.0598921365445,4012785.723917649
4.0,10.991653961070133,68.91022734252485,1234.8726351838945,1709400.2540351665
3.0,18.915819497937303,144.85100172308412,867.9231848625627,3049005.1701566493
4.0,24.850817133016065,143.7962336708607,1362.0609913844673,3639271.541206545
3.0,19.24649885327962,91.69758265055235,1080.5162883906826,2075126.1166316948
4.0,20.74147011553591,118.77011362048634,1511.64915754897,2819719.5082438113
3.0,24.381577995291433,142.32529518854994,1049.3831098213366,2842882.321634828
4.0,27.16255913795244,147.37541410002206,1502.898791411773,3754468.838360254
4.0,25.418852857737733,125.4079693700457,1133.261228184132,3467633.0182691445
3.0,23.88703470017641,115.76388285190065,901.9704058715499,2879844.260510799
5.0,20.641831234617435,143.07995039450805,1195.741095197885,3636609.6887545045
4.0,36.590069650045585,138.9578600384994,1364.017980674822,3787456.461295986
4.0,32.50776448158055,143.71735030092643,1228.5054569657755,3743619.0576888444
4.0,18.250795353041767,123.21099207642521,282.07941354384104,2806963.4265475613
2.0,30.887188637324787,191.3579610988938,1435.6238737463593,3760595.067694556
4.0,30.197226240524017,147.89664437150276,1809.483120932732,3729035.266638372
4.0,23.29150824816927,101.94597619645042,1285.8882195820117,2676092.2653292073
3.0,26.350777749693876,122.35141306676056,1599.6402837654982,3041424.801331478
3.0,22.13326987333856,136.2083828145217,1184.3515884908709,2950087.137046388
4.0,19.869153356297222,99.9817913320112,1778.5938156009604,2513403.987260368
3.0,23.98154751750106,125.9131695311618,1822.5551933222362,2653051.0372672034
3.0,23.476588493463638,121.71747708709371,1196.864501916071,2772357.5851021623
4.0,21.55135093841138,137.66594103891504,1524.36567669636,3160239.1455487693
5.0,17.30932183962047,168.6915486704402,1667.8540511274114,4032390.051232944
3.0,19.60027048675031,91.03970769136711,1480.0074385825712,2127277.834395455
4.0,23.73774987914169,132.65784559405262,835.234009236194,3210315.115239999
3.0,16.375311232709763,90.5036578176613,1291.3207798839005,1752913.4796459107
4.0,38.72658044093078,132.35180830413543,1172.8889368417858,3832125.9952167
3.0,20.409245123407253,129.7064394655113,1429.5049957030044,2727534.4042851874
3.0,17.13837269837254,152.5239285594364,2111.698146234042,2972412.2843646435
3.0,43.781861254250444,159.1315490947999,1246.7413036598623,4256594.1881453395
3.0,25.876017098483498,137.1744966651526,1738.1675173497442,3156334.8530653655
3.0,18.096085078121675,132.36226809398067,1304.3199989478644,2864830.8810659684
4.0,36.1397100234275,133.1492681828125,1353.1060724938309,3945454.7193029854
3.0,33.921002323966896,120.54671216735557,1624.3658759638347,3111329.635527582
3.0,34.86992417789079,117.11891280819825,1651.5357849656525,3110517.286480582
3.0,24.348315653994565,78.69348542741287,696.0586559629722,2345675.6045211507
3.0,19.83783670311836,139.5561298650178,1240.8898586986709,2806118.4052634183
4.0,28.79853104239699,167.67877164898863,1497.2651601449077,3983659.8431580192
4.0,20.854028054407102,139.7013230818614,1388.3542104458081,3324822.172219283
3.0,38.44433474352998,136.09444153650833,1688.187349685362,3640139.949711394
5.0,24.064036254668302,124.85995348419067,1329.481133535698,3579562.259802989
3.0,21.494006667601848,146.36479407393915,2023.537115356124,2890022.8323641475
2.0,22.234862749059303,123.41522321270047,1810.2820209855186,2347174.5716678156
4.0,15.428064401628301,114.63217426420289,1846.3394376213664,2599592.2788472506
3.0,22.74015167179058,108.95227547001755,1200.966474654637,2722864.791693707
3.0,28.021672348417837,150.06471164566733,1522.5270257714826,3448142.9173264964
5.0,29.959566022970645,164.4382968919282,1360.4825182912923,4408227.419050092
4.0,17.906961344406156,122.29563467395636,1293.1428005711798,2776168.1384030897
3.0,27.590180395630185,173.95734213093255,1743.4217296842203,3789444.7457889575
3.0,30.75829951069209,121.15517328984092,1726.0387416912374,2969574.064075239
5.0,31.672407336933333,165.60409894998537,1142.062509249175,4498419.671311615
5.0,23.675628573015157,124.25115922746444,1740.7544841978233,3775517.162083736
4.0,36.502856001331196,120.71145505797224,1483.877045857953,3652747.562384143
3.0,36.730230036516105,147.8256689345484,2160.4538900412535,3552423.5077231624
2.0,19.072285474062426,130.57976249730018,939.246272486528,2158856.431800278
4.0,26.148537461152838,148.90702016762492,1883.9588679386325,3570026.895924663
3.0,21.946006534312954,142.30403197461567,1291.5263464597224,2792470.886276137
4.0,29.663555355185174,138.97460446591197,1186.447310668879,3643667.961747069
3.0,24.88087998344981,129.26167268624744,1693.206281148845,2953641.688191049
3.0,11.553465491374618,113.30961293850815,1742.1582056030973,1885702.1247518968
4.0,27.991788044881353,145.86870678835703,1023.7492827198417,3891403.2149782637
4.0,22.564265000097485,100.94774096745648,1795.6786967771168,3011776.619205971
3.0,36.639408547804656,133.4008224641123,1410.8550488610333,3326750.8197995718
4.0,24.05481610835433,127.33992847480327,2099.352321779871,3160358.4969839687
3.0,34.67176170576821,152.65371197079236,2009.5720547250942,3753913.670328264
3.0,19.575496123528648,145.48943761070333,1747.5608166536324,2805083.009227694
4.0,17.895913965885207,143.70231250481908,1171.2241400045368,3058067.3959051706
3.0,28.316828545539323,132.3227923175672,1008.4263370211578,3045281.557766362
4.0,17.10164919918931,127.5364152699246,1049.384632888191,2835879.9948512227
2.0,22.85079262282348,159.23397276019432,899.5929549918355,2925608.5880678166
5.0,29.88231121198488,124.163093526307,1708.4574462861494,3839129.3630381827
3.0,30.229431801111506,106.28632993672028,1318.9400902545217,2867119.995922448
4.0,22.32387284442078,121.23469687390157,1951.0993876291716,3249902.7908897754
3.0,25.866222836007097,93.71483189632539,1600.9526959943312,2614134.0740425875
4.0,18.081892312134453,149.16616061610569,1349.169274892548,3394653.624953513
3.0,28.3837265115272,169.94546101065805,844.3283690102169,3739951.741792521
3.0,33.16578359232516,113.67897478275466,1310.89135599846,3167723.2803437635
2.0,27.50503094503596,133.66549633616052,984.1483307631596,2782622.34473256
4.0,25.34102467770049,126.98231071073678,992.5440670818105,3120165.8579629753
3.0,19.95668576356129,90.40850377205594,1572.1084636604876,2172711.513017347
3.0,23.556164555693986,126.60421809863142,1392.8237477928776,2814972.73617501
3.0,23.11446435593745,134.48599411319117,1764.4483935926314,2964870.733306896
3.0,14.602761083765534,131.99557518140176,1222.4688299753423,2560322.2188146017
4.0,26.61905424633187,141.42193809591026,1421.6996926289607,3576630.9214342576
3.0,17.29455418146217,148.28139705340004,1429.6142568949117,2801160.689483186
3.0,21.181422117331426,158.5397256368341,1624.8873966331244,3292919.1217522877
4.0,19.833196926678063,135.13518650679842,1409.1810886689227,3463736.7679901966
3.0,18.71576406207585,109.00028339232573,1366.2332680416455,2548493.9948970294
3.0,18.65507209662312,116.53265040864733,1646.7529615538497,2551645.215119519
4.0,28.90205863789965,105.48180990389042,1406.788021531573,3051369.8291898435
4.0,25.98921084627278,122.7011864964106,1085.8447288554703,3148483.8525251197
3.0,23.32661846991658,132.7543895302124,1590.1141297440788,2921803.5975693455
3.0,30.291569471149213,129.6002287280352,1411.6589421951674,3287203.9505912736
4.0,23.061468315270616,135.97898186397765,1647.2011776579006,3335117.8300900515
5.0,22.037584120745482,133.00708594268235,1566.8287818724662,3711602.1768389354
3.0,23.695812109468477,134.821024631424,1343.8836905794547,2828386.108213378
4.0,20.10231245972468,107.19363257226615,970.4287855916868,3005566.8927120594
4.0,32.86480328104398,121.29350910216725,1232.789552365845,3399694.493551137
3.0,28.03265704412032,137.24049988174983,1376.1677246753027,3213427.735863319
4.0,23.359179443293336,100.73448512025503,1128.7112859159588,2818970.3712666812
4.0,35.360605383633946,131.3808261199107,1303.8105789011586,3691445.349804014
4.0,32.0304695094262,135.58048882264006,1067.5349246210499,3583096.1420854903
4.0,17.24515336854816,175.36090280858178,1941.5124649020356,3718625.9079863927
4.0,20.68521925290571,102.1522883170948,1535.340617297702,2966675.8530910066
3.0,25.157114370574135,134.62571581398055,755.7588639245403,3093408.587633116
5.0,21.70806141613126,154.63539187887585,1570.8634256491782,3843184.511522899
4.0,25.839387631032608,117.9189537402842,1213.085360850344,3102541.393805833
4.0,22.868755450597774,130.82358790601046,1744.774941563371,3319723.6870063497
3.0,20.540253702872707,119.82053393805651,1167.3662922481758,2514918.2402775995
4.0,18.66253620240399,130.15303159581734,1000.7935604064655,2877943.994861479
3.0,23.414231535592045,100.81475020258358,1773.0499828264292,2403388.6251130886
4.0,26.06992522895658,84.235779820098,1544.837788257423,2703720.8152165636
3.0,19.207067277090268,180.91050132849847,1163.737937582859,3529608.6527562602
3.0,28.200136120906908,123.74837190987338,1048.7283237415709,2945683.73765809
4.0,31.344666980828816,138.91253983125233,1097.011602169576,3610895.5911544617
4.0,41.78729663983637,153.95372269961297,1480.11128607627,4511543.054265156
4.0,30.012049902337733,78.3049488262375,1503.275281399009,2971095.124787625
4.0,31.77502237674614,121.18425726145077,1251.7510120006998,3385234.8996553994
3.0,20.375895977487506,129.6884805260263,770.906520204733,2790056.960730136
3.0,19.50044778146697,147.3535245493718,1242.3475085638013,2834441.3718593093
4.0,20.430222333029715,134.96208530707935,1872.4578422638028,3053281.6585680395
5.0,19.628239091691572,151.99681981844418,1331.2153111304049,3726690.3794124387
2.0,30.91194916046822,141.96558712243228,756.2008970799683,3054402.1829091655
4.0,21.140672830473278,160.80247261433271,1542.3567562700268,3726076.9289273545
4.0,17.959601849432662,147.62249355117962,1267.993150693919,3188368.641406284
3.0,19.32661986200621,136.4470177067147,1495.676354016136,2574097.4159838036
3.0,27.469985113259984,127.5739046702993,1586.0009700143803,2912730.3145415885
3.0,25.825615630061915,159.0927390498781,1709.4735708046082,3414650.4935963857
3.0,28.5494806937966,112.74743553126021,1525.14132611102,2869843.931777059
3.0,22.25655346785227,142.53278245825243,1086.0048869151296,3179743.5239202376
5.0,21.726994121494176,143.62221740384115,1651.2601354314613,3797481.7167610987
5.0,32.20517942117456,102.22144834430844,1116.638212749127,3554282.948823291
2.0,22.538426384077926,146.66615664944686,1335.610358329147,2552853.375685107
3.0,14.91372733008198,128.84310510360723,1462.0055346588233,2559034.574952062
3.0,28.823566337245744,118.42362841887793,1654.6930113896703,3094110.4787709448
4.0,35.098704099718724,99.61756587242935,1757.2139681121296,3127895.829352539
3.0,28.546324485418015,112.97109825898372,1179.913768114296,2914113.179638956
4.0,24.218763603619657,189.39065241761793,826.5198506276546,3973724.7042184654
4.0,31.07130583215515,145.60476226395656,1311.0057299169437,3705863.6353182443
4.0,31.82895078371258,133.65137216212702,804.2265688949129,3660822.1379202134
3.0,34.77078967690956,136.35505973819758,1218.0992425693794,3396778.2188980402
3.0,24.234196869998552,112.61589263678017,1315.0470784854479,2721006.7710159235
3.0,21.54316360721283,109.64082442734005,1376.4187970354371,2330645.2037853813
3.0,17.771235327452395,103.98547818764987,1475.4627267305898,2438905.6048839865
4.0,24.800649864127088,102.10925254110653,1766.3873402621725,2782869.027848119
4.0,34.45095968900964,122.02713318311032,795.4819323165283,3632129.255447182
3.0,14.750557459264602,119.20993717657873,981.9359270446686,2186434.9837346226
3.0,31.756606122934986,178.75466213487672,1386.2194788306979,3683135.34836586
3.0,32.11245452468178,147.82366519217808,1472.7136859246061,3490729.051156823
4.0,6.524488999521661,150.1349719483847,909.1969604479406,2717661.1941201175
4.0,19.694377913552067,129.4123902879503,2063.5083943930736,3134872.816470153
4.0,37.488395815351886,149.50445101939977,1769.2920560089358,3941138.96562149
4.0,23.940069339604,138.76830245436685,1145.4239274706033,3489513.72839132
5.0,28.186378833339184,125.80804116490754,1821.366370331521,3933074.2442963813
4.0,19.73968891272596,143.25060470824099,1734.9922657180578,3450817.8021394336
3.0,37.38599778221232,106.06824693161659,1512.7243845096473,3095841.0024392274
4.0,29.2407479706715,90.92189042771093,1405.6791598687498,3183873.1358319097
4.0,11.605433603833049,142.52949664103443,1099.4667916554254,2801045.3700267933
4.0,21.76435484516287,148.8974493804053,2366.4714158302777,3457258.384751407
3.0,27.170512818838503,137.55747364673505,1491.6041231079682,3270284.25775093
3.0,23.887963939923228,118.57173921225521,1405.3754397921937,2855582.000438856
4.0,26.223416183882993,97.50753845501353,1138.5209104009168,2995462.5557186194
3.0,16.600556072763922,133.3839775650909,1572.7893744055884,2450341.9871906666
3.0,23.8925981209981,148.42394252752408,1579.4965199445867,3230425.513674356
4.0,22.20024176462717,85.37285798617236,1401.0898749674052,2553411.9787959214
3.0,27.05140254920961,154.00340275740658,1415.5417164986584,3235854.174520891
4.0,8.065841934255104,125.11537247712887,1792.9891949279097,2553057.1392540447
3.0,8.91861664201783,156.22103360334586,958.9762779050557,2750324.943850427
4.0,23.59223000876042,155.64322058405875,1475.9870162600605,3702296.339678399
5.0,12.448700169431543,70.7383093734779,1428.978706570127,2364637.0466977977
3.0,26.904724100299,119.29247449864022,1085.7460998137663,3001404.6372833014
4.0,19.160972935062283,139.71331843669213,1903.0497416827266,3245005.3616047986
3.0,35.23111133267926,122.95563914510477,1565.8258444942064,3153617.7484827763
3.0,24.833894340768392,120.8909279195486,1460.1824213928328,2645792.6652968153
4.0,18.265046438774,156.40394244392468,1568.079712764671,3614518.484394714
5.0,30.799007398210623,121.47066864665072,1410.9437618243444,3775153.980170973
3.0,25.731673217850265,108.6529840221759,1239.9722768538502,2748396.657396784
3.0,23.538887675559575,121.01324142518811,1268.3682910574728,2588630.681439566
3.0,41.95033620180709,143.2153109447861,1193.867117965898,3867611.689819059
4.0,23.168779520155613,113.2519730123498,1263.0606529110307,2932325.6188659407
3.0,22.653128968685586,129.2476474522951,853.8218731841431,2720420.0518771596
4.0,5.347467158158978,114.51488515852631,1464.880814389362,2149093.7068368886
4.0,25.032683982313284,138.36679236892536,1752.4170853352045,3648725.6095996834
3.0,28.880219782796747,136.49086076707536,1034.7670524863852,2989972.020704111
3.0,18.540556169328,128.83154983672478,1595.8206987692993,2559382.593740806
3.0,34.41005823634284,138.85431388120335,1460.813242612601,3435742.468735209
4.0,31.095784577211955,130.9369353176412,1434.783384844735,3551408.056939624
3.0,28.364646708671412,131.6016670774173,1473.1760732268692,3082748.9693236146
3.0,31.31439964319648,115.25274217428571,1969.4519720630783,2875147.160631327
3.0,45.731548881794204,112.7064355605123,1365.3485548789924,3700353.2481738064
3.0,31.783201333437187,115.60235630204039,1893.4138735726417,2866549.410901959
4.0,31.393069243331876,112.58408685581007,1248.1638960063037,3510275.635684224
5.0,32.112362460258204,75.59464802268343,1301.4184738647077,3171853.009496179
4.0,17.490244233639476,110.19165399626013,1881.6000561420842,2585690.5426247152
4.0,29.209223363160625,135.7921476191546,1679.0089409927275,3725289.3051725207
4.0,27.7618608453976,117.80931422362085,1140.0406407205037,3288510.389961348
3.0,24.678612760868276,130.10604188857576,1791.6688058055613,3047858.0951325633
3.0,25.794792847931053,126.7652069422491,1276.5521987842594,3093503.69599613
4.0,26.968989476563912,146.58295490337468,1942.4506403380803,3475266.39006259
4.0,17.265575836892104,101.55696034785711,1207.1438315317532,2679818.9404300572
4.0,27.512322352551116,134.14302046447943,1421.774589876623,3731210.795784306
4.0,22.430674034265362,141.9593879973473,1550.5025819344216,3527451.530425111
4.0,26.502600077499878,160.5597771294282,1861.8470771121235,4049189.448112986
4.0,15.242934394137487,129.8092870022463,1743.5194917244562,2998380.6062348704
4.0,28.365565486316395,119.02971205574774,2137.096171561374,3322205.4730251515
4.0,25.128361463343087,134.24644270898193,475.4038845606998,3552854.5003042514
4.0,40.97697849291376,129.01030430351582,1400.6564999615387,3929174.190424285
4.0,17.89164605364754,111.4031248939319,1163.2864249443646,2752173.964761032
3.0,16.206605794883664,170.21244069245034,1130.4582982188413,3073775.7633235184
3.0,34.092802407297555,107.17107436410785,1656.043486103584,2783232.5499611166
2.0,19.08122003806343,121.64087679990328,1660.8318646027826,2144311.582338945
4.0,19.7539809527945,157.06158291674032,1068.1710808603866,3573152.076094416
3.0,23.778504615311412,133.97077196245175,1219.4857916530123,2751427.723047374
4.0,27.94981919390603,94.0622239464578,894.3007866934265,2952646.2747110175
4.0,16.395707438197952,133.8421160952746,1035.6467057355921,2849208.7418516483
3.0,20.049357392418788,99.74186322875516,1936.2102631955001,2362152.6451750845
4.0,18.536741119300242,135.3684813143148,1290.4785101278947,3347907.850520579
4.0,24.69977135288945,142.66230799927808,1877.144906126705,3397741.044913996
3.0,17.28466218106183,120.03942747963119,1503.370348394876,2460524.9818089744
4.0,23.8192062135426,167.0186658958229,1117.2760262206239,3756067.568230431
3.0,27.75269999392511,123.65007414986917,1597.561593608297,3081945.781324062
4.0,15.193117993509638,165.04101561728308,1872.8624864701053,3503929.0017558904
4.0,18.543838556740187,143.23366280549698,1853.6941914567717,3246040.755103302
4.0,21.063924204623174,139.92474023070503,1058.7174439257499,3217743.6842618915
3.0,28.384805536299957,133.79740743031564,1546.9456233337598,3115905.0990752974
4.0,21.171856928858958,140.49911545365578,1018.6371012018386,3278175.820574596
4.0,15.520236204203314,157.1114523978886,1460.5502429401163,3214895.8392431326
3.0,16.96095552252126,149.94398700715314,1871.301013872509,3010582.461725235
4.0,22.925858465226213,143.45677489701467,823.5542490320435,3415918.738124607
3.0,22.302694298712822,139.52660238233523,883.54058775598,3087394.1158993794
4.0,19.578792684625384,122.44971262627635,1312.3369166478074,2843585.2094248882
4.0,12.027049826917732,116.16112879617916,1926.4938388606506,2790619.6621313356
3.0,26.804617001928523,136.78447544157393,1258.7266401771815,3260233.3565377994
2.0,20.01438435596753,95.25182213884483,865.2579439248788,1880372.4905030648
4.0,13.396029989559493,140.06507728198056,1101.3194170642455,2921946.462852367
4.0,30.26065299859915,105.36185492574079,1233.9347458370876,3137693.1571391737
4.0,20.632213961137595,119.02690370870656,1208.7070441217868,3131971.9029532713
4.0,23.322441313498356,143.19556759309728,1463.8337629346465,3303901.683648464
3.0,18.609215921691426,108.58656083797786,1131.081717903266,2420415.73591048
2.0,27.46730466787483,125.17250366335763,1208.5305322823413,2466790.587333307
3.0,15.749872651122613,112.41255916879801,1522.4206932954392,2376208.853996293
3.0,25.860090665445338,129.36188014848324,1341.7199294902682,3107195.342957208
4.0,25.718418455771406,166.79316923556294,1372.0669314552986,3752537.20854267
4.0,11.109876445742175,165.99594903773064,1535.3273398358108,3381276.5856738444
4.0,18.696912966776694,116.93206288600379,1731.9108720267445,2758200.4459285447
3.0,22.24109847237212,107.31937126527839,1828.5443142996921,2688437.405811673
3.0,21.04398584421114,113.59993255741136,1569.1891880535704,2523347.129088445
4.0,32.129396270170325,133.53938394163194,1501.8575927822546,3867883.5981768034
4.0,13.117742800928173,142.66251670182066,1554.792369359954,2935707.6521561765
3.0,26.282909087308123,143.01585937662452,1351.316403021864,3280203.436073754
4.0,24.41881725832542,117.47997717231218,1253.2638910663866,3056835.8890532004
3.0,34.247021543745255,125.28219032736281,994.7217097914497,3146933.5136048696
4.0,30.510449376353318,157.02604856051636,1061.9132936081305,4113741.227480259
3.0,29.16891031431405,147.15713978319198,1184.6714978732161,3376065.95125707
4.0,23.049828711310212,133.09023271940023,1330.2054561512934,3290490.0880263797
3.0,24.66173110377916,130.49572348173672,1452.2878823448063,2992044.9534788844
5.0,28.755339573304138,114.56687986849059,411.0387493279258,3685436.38026562
4.0,22.73366178393364,125.11812760095196,1580.1990761120749,2992660.0343097537
4.0,32.5770707731583,138.45845191141495,987.4549371422494,3721059.0972631294
4.0,16.02716459460647,124.81960108576632,1447.0149381527744,2841134.7695328807
3.0,31.040651544586396,126.44879942592542,1591.1546412935274,3028403.621219914
4.0,9.981058441908381,96.62311345327859,1245.6665724444938,2252534.456089074
4.0,17.73544647133353,122.42804871473082,1187.6944710794965,2824585.351408579
4.0,24.822419527245906,162.84697296664928,1438.0514080404078,3787915.337954208
3.0,29.98667160709166,97.16009193526008,1257.7672123155453,2579328.6473004697
5.0,26.13435440841018,120.57659967752087,1134.4592938757858,3670965.970104484
4.0,14.78376884975398,168.17807605435098,1537.5474645084162,3525299.836432407
4.0,20.983645985613183,104.774507995139,1167.5331791432995,2638717.5907412497
3.0,22.74265398781845,102.68826709067899,1369.3717871340227,2444098.8602094282
3.0,12.012626948074118,196.26783439896127,1317.7948653857181,3296233.733358487
4.0,35.024372958984976,147.0073124356412,1712.7579053169725,4097084.4962461786
4.0,23.12819401031599,136.11708331925695,1424.2735726623835,3452503.834412989
4.0,25.788464843039456,136.80116087963745,1523.9499498729883,3375874.2640011096
4.0,11.664543180362623,140.5655844515339,1207.2218748495686,2973129.320465198
3.0,30.721136635773533,137.51871841832443,1272.6339725408975,3375651.783994754
5.0,27.24109782714604,177.96798261433122,1254.9032121161827,4553091.102608517
5.0,19.25903596741676,104.98105613363549,2221.6163547949755,3071813.654474939
3.0,25.128233945139996,143.71231020786524,1684.889076559568,3219408.338458018
4.0,12.068590302778828,84.1782290555992,1870.8447487412511,2223027.198612983
4.0,5.88112093634658,129.88762669248774,893.7710573759948,2646810.213089966
4.0,41.71901549666456,126.26577300853684,1123.053885204665,4092819.389155665
3.0,17.734133475992074,137.2959398950252,1506.8823482948358,2876968.223923356
5.0,23.953709641031885,132.32489763947672,1391.6312003095309,3838307.0341319037
3.0,33.417722195434294,153.1973892507099,1330.84811643721,3714097.780974094
3.0,22.313362767584685,96.85036332336044,1401.0730032556398,2094809.6645530795
5.0,19.376577729939026,147.92395438886427,962.0414346587887,3723777.3818152836
4.0,25.363441376890126,152.4005779710002,1534.795541175997,3723443.0753705665
4.0,21.268714444283784,98.46666274325449,1500.3242160501086,2861787.315831207
2.0,29.99492895325314,185.16933844868484,1748.8780611516643,3642484.448829972
4.0,25.476194570591417,145.21676782097853,1662.035016454937,3473761.6922250157
3.0,22.01790698846649,130.43076228160785,1438.1307428414395,2886268.8813669356
3.0,24.641805399297727,92.4340981710675,1260.973923528554,2416279.135618979
3.0,14.964579331811956,125.20654240576874,1486.975501635858,2266449.876330466
3.0,16.19380590563901,105.66864580137079,1277.9778357292519,2236614.7610034263
3.0,23.508923835255697,129.59704088657207,1537.8522763529893,2798619.918819298
3.0,30.998028161414982,119.74461015947068,1720.6454716204962,3083272.476697922
4.0,33.45203057918967,123.90467871453038,988.9810030532748,3774889.609259004
3.0,37.712605686386944,128.16584214632576,1767.3791285980947,3426899.9168862104
3.0,14.329696714902681,128.9050403148069,1617.7717615393594,2494420.3141965824
4.0,26.823116567052047,168.08552684479207,1480.6069923865439,3868602.4769872734
3.0,7.782211667145091,140.41865969949947,2013.5158611161285,2384103.2030738667
3.0,33.87801789448789,119.77026223618623,1268.8039890185898,3343579.9683667473
4.0,29.77857971815052,150.66604865600243,1426.2256776553402,3754417.429121272
4.0,25.772303930749633,137.8364730574247,1015.4953033472451,3381893.09183178
3.0,28.068363169152025,110.6524255411492,1456.4601127476556,2747625.1977247307
3.0,35.15266092255999,134.93691734682739,1726.656278264671,3513793.004768549
3.0,22.793699568631286,129.8450116656366,1123.3086140066555,3034492.989424752
4.0,22.775017608186403,157.978889429578,679.1492302029297,3641591.8134643207
4.0,17.154013955878764,168.5263708294963,1552.9001844525071,3552639.4855066095
4.0,24.755828987453995,110.5480609792552,714.5334827475672,3025796.986001135
4.0,19.374442953439015,149.86604392549106,1518.4530111432002,3541480.9141345797
4.0,30.27040033347166,108.06474398244168,1678.077668155127,3327369.0568380486
3.0,24.864223938224022,142.04704932198672,1378.7019584223772,3267286.416637829
5.0,23.499639111352028,123.17225068979175,1318.9972353032042,3509033.8484700783
4.0,18.19066064968216,99.52857342292663,1535.241981135451,2459710.376765969
3.0,25.644268284810085,108.89925618817242,1442.1897511171107,2799400.1881638803
3.0,16.905764043814838,152.0180254994679,1313.0211453651448,3022004.5136182923
5.0,16.24051953480623,108.82150673055803,1748.6351299545076,2991158.3195551364
4.0,33.481812324094804,128.07580951006435,1616.7583022625647,3454905.126091404
3.0,27.01214760021302,136.85066972116164,1427.166375829189,3112583.80392476
4.0,40.94112593243241,129.36352689269285,1599.9270135008271,3853629.5088081416
4.0,31.68123556775891,151.547044568707,1868.2086013205092,3719435.2246827562
3.0,27.553369961187048,138.68122683095882,1621.141875603317,3262234.7010065014
3.0,27.443506037018924,143.7549789629787,1001.4968464166408,3020270.0791553212
3.0,13.385445557677707,105.73448111354963,1636.223586220421,2280364.611814606
3.0,29.42774481553023,136.9890671031828,1380.4335581362495,3377589.4470182178
4.0,31.53370825193048,160.27741626791357,1137.9816117093053,4029985.001435224
4.0,22.595300405553235,91.00953342590297,1914.4278009762922,2768942.021333504
4.0,26.889083922424124,118.54833006134169,1489.0817410735865,3168630.7984664547
2.0,36.89282813698251,126.99744444087355,936.9478753955752,3036986.638800741
3.0,31.791307918380255,84.47783181789151,1223.0464536177285,2627482.5034634653
3.0,26.75623701961716,133.22040117187936,1528.607017248497,2821364.31806474
3.0,29.188938378114983,113.17211996617115,1152.6969726673647,2948443.2166926656
4.0,30.551232670269624,125.85403323001702,1605.223170214144,3686309.542508208
3.0,22.838463087785886,147.61381542888108,1260.5613999929656,2857073.973575588
3.0,23.74594283785721,162.5581247584387,1418.5966424110443,3431474.533921609
5.0,27.10792969200517,91.49726420633993,1683.2925181421185,3253312.8077599662
3.0,23.149678441385944,125.13956059274173,1466.360556820329,2906037.80682074
4.0,27.450790073959205,122.90372481079568,1384.7284637401967,3533089.524496868
3.0,33.03266493190541,177.01762982903526,1577.3613180280938,3720033.5206249715
4.0,20.75312168201127,166.21708480616198,1601.4260057648632,3762653.265943705
3.0,27.100026362145655,166.15071939789507,1014.2197461140961,3369624.1866867365
4.0,16.743789636728124,156.16903814775452,1174.9066978033932,3398111.274693551
3.0,29.461192865503378,110.83677980898574,1608.3220133286063,3038779.6055030846
3.0,15.188746114681763,112.14021515279126,1224.5298078721548,2239970.6224840805
4.0,21.284249152348583,107.69075154539397,1761.597717602419,3047587.2172893235
3.0,25.609766650620113,98.70595057921656,1467.125132673281,2508616.834503387
3.0,24.723596730848133,165.8008966036931,1143.6134459648442,3597657.4275123556
3.0,14.578413067310821,132.9021492342285,1542.310472738287,2694342.387609232
3.0,24.005851578241312,140.63349345588819,1413.7051728019883,2946143.6816573865
4.0,22.803083565278126,129.48158148248024,859.215670347557,3218545.759517159
4.0,31.262798931819457,142.7907209296377,1270.8458821171073,3837098.5359655987
3.0,19.432154651926385,121.6813441932653,1621.145044509683,2761084.426168701
4.0,16.884766409140536,133.47582134366888,982.1811903681995,3106507.5953749013
2.0,28.28133021248425,122.42044619523685,1356.419266664241,2361224.8003434557
4.0,29.719428607579268,116.65268960811595,1314.5767073984882,3325049.0341087105
4.0,30.46030730087928,97.5614744328869,1678.8656799217429,3142380.154486747
4.0,23.10092461370156,174.10842508783946,1970.985127431265,3733089.6777955447
3.0,26.62114908332853,138.87493411608423,1197.7244565826138,3227519.6808904256
4.0,37.648345628787595,98.8221085103607,1776.5337111600643,3506222.812860016
3.0,19.27867425232637,140.0667390399351,1209.827540003331,2640861.509805619
3.0,20.014651368990506,134.37624871267627,1269.9189863010038,2906476.17027588
3.0,25.416586067545378,143.0857859151874,1852.34586190051,3135601.5882852846
4.0,23.79293082982198,116.04504355554948,1519.1680620269176,2941934.4863117933
4.0,14.483603822623424,131.09203891523504,1661.4750606884568,2836668.315491787
4.0,13.256886311160764,109.34042514641858,1366.5092752195383,2734302.3036678135
4.0,26.469993057989488,132.7283885380183,1925.5410042715012,3303032.2060390674
4.0,29.98117792010475,129.73509996173442,1372.6281249701703,3611990.6318646525
3.0,23.6766072375847,97.41992143424297,880.0980103477543,2133768.089808477
4.0,22.206934577261197,138.56929406831884,1504.4324914826063,3411703.532604459
4.0,26.801386319785944,134.6728005391313,1556.9503523221101,3282582.8136064615
3.0,8.833821163048308,132.26952592599656,1790.0622271896823,2092303.426175374
4.0,17.08033837119928,120.45579223787439,1400.4744559740734,2883519.4559578784
4.0,7.157612707687989,125.95007841215316,1635.957124725264,2440037.2667145347
4.0,21.385572633659987,135.94401922136387,1224.515969187841,3133550.9784028945
4.0,27.505000293659553,143.45582454919418,1351.5579784086078,3693247.846782514
3.0,20.73705679815836,142.6993959129015,902.6645272912882,2841915.3879456627
4.0,14.62407256885893,158.64268405475093,1249.4118340829555,3296940.5635287995
3.0,27.97565909023262,93.47424001069787,1514.006908940403,2676357.4820540184
3.0,25.05034402068105,102.7675079350102,1181.1223876969202,2587693.163884671
3.0,16.373530811648227,125.2849784829401,1210.7844319150463,2437492.285524668
3.0,37.08386934486953,150.82789103971353,1082.3262849537543,3764009.832442584
3.0,19.13710720918252,131.4274368112513,1261.7112803310465,2872233.992254773
4.0,16.233080039333554,122.13277618307427,1396.3207010385431,2702201.5527293226
3.0,11.23575971469135,111.41261748343825,1454.124692011342,2089563.67392364
3.0,20.99398775949859,122.11249093103812,923.5080152367086,2722700.52395629
4.0,22.982686859153517,132.554995301703,1626.9469733773988,3104585.534097119
3.0,28.294777358914835,155.49843852672547,1286.5365670146384,3443128.0702187726
3.0,19.439878596829182,135.59001730375945,1584.9107114545502,2871517.577412077
3.0,23.485132782097693,124.56497936576991,1401.7911496157615,2842894.6503823115
4.0,24.692051499215292,157.51985215179113,1278.160538999733,3636218.725238288
4.0,24.271019062763397,102.14149990073828,1307.8992091990808,3027942.107313148
4.0,28.845769359836495,105.28767747340522,1657.6557731130997,3269714.4127381723
3.0,26.734224530404116,150.29836883586518,1522.0784558765722,3478783.9263991565
4.0,24.408248288240607,124.96580080685844,1449.6342579839509,3347750.502367826
4.0,7.846405222479842,148.8403715274485,1694.7050036182532,2781128.344621026
3.0,25.43268085383886,157.529743594301,1277.2943227878015,3530526.070868255
4.0,30.851757755104238,152.50715927255033,855.310168714482,4012126.580445031
4.0,29.674493507163128,141.40779037817003,1564.436594764343,3582439.599668603
5.0,14.546989439970101,155.74151344937422,1922.9251422027328,3650286.9323907928
4.0,18.541949276280054,145.98068344104627,1358.9387071426518,3147664.4318999187
4.0,22.577303478191453,193.6036144108066,788.5911311288019,4028461.859411031
3.0,34.75785952973261,95.5079766334591,1352.3113100392752,2978063.4944975404
3.0,18.97055414162936,145.0319045490868,1040.24044773251,2865640.2886386723
3.0,23.945450102641598,130.53199361859862,1323.9302078901578,3060565.6023325175
4.0,32.569163998723354,130.48087512211748,1285.5711782731034,3599017.804435115
3.0,14.391560558523231,131.46347916052807,1488.8689461574809,2589398.274778433
3.0,11.71449936541592,140.28460043785105,1304.37138312848,2715569.5967809083
5.0,28.54127392084695,120.11077642996611,1632.29447351697,3641093.3748662877
3.0,33.02456209621309,132.64448663707313,1354.9466610034215,3393851.138742965
4.0,14.875416527318448,93.71308469789572,1633.9361308732462,2207740.2647289205
3.0,29.843651318331727,134.81181565059708,1982.462352544288,3113690.6292090956
5.0,18.231747664460652,162.63453310332778,1667.3026715983162,3815651.8874141946
3.0,21.720487876724935,110.7244841776417,1062.1579834046402,2300148.5686308276
3.0,27.598814820949883,83.86427507283408,1427.5031412033634,2433945.4035523497
3.0,21.846399385460394,154.81877469900925,1181.2743712991323,2997941.9857770987
3.0,17.433953956096865,121.24787889632836,1694.6031782311816,2333838.645632347
4.0,9.892405463121817,139.2640329477649,1305.2286014497172,2721583.222684605
3.0,30.452741896673164,125.23486129646662,1113.0312678932514,3280168.721842177
4.0,23.10367012084329,133.27910274926808,1774.4006815033333,3464770.152778383
4.0,25.33989230822862,166.46156164785162,1109.2969047096728,3828212.823530392
4.0,29.874772584250824,137.97601139534186,1413.7468878271295,3641373.9828562615
4.0,22.719518214514913,117.93169896169928,939.3516957316082,3031707.714765233
3.0,22.91088624369367,132.64041585683424,1499.8889378994356,3034427.2556664855
4.0,28.961083326218862,145.50291559919418,1148.2852386969644,3892050.689263438
3.0,30.271486495897012,102.59338181607939,1500.772082323113,2867092.073354869
4.0,22.863451395505248,147.72702282070685,1520.4347306206923,3642981.4956419715
4.0,21.196380891085063,166.95684000679265,1307.6333362003206,3894386.3571845316
3.0,25.200251588139064,139.6325017555642,1852.9592397038944,3009132.067347022
2.0,35.99275892212024,110.3453508200658,1678.7138059963431,2792471.2655809065
3.0,28.811462478772622,92.39245864217811,959.6611155524046,2567453.13213659
4.0,32.201651319746645,157.50960691331753,1213.2783212117406,4073279.0006121946
3.0,22.888672740317936,141.9340451662053,1470.8438350453584,3085921.4368763175
4.0,29.162056147076644,148.13690376067305,1234.4308295166848,3775069.948006634
4.0,30.570505517832007,105.00014385418623,1183.5223011927362,3401321.900305352
4.0,15.521559314469297,149.94066146527962,1394.5342172588068,3376331.208613636
3.0,21.747497003404053,113.56539898543463,945.626866617441,2440417.675902617
4.0,17.819382317412128,148.67771811682923,1152.7314239258358,3392008.8016839307
2.0,26.55933846807073,154.11318272681143,1440.3338587836706,3032769.8323358754
4.0,12.003889568998245,90.26546309074098,1610.929157467435,2311892.6414211555
4.0,13.409162021960215,152.07888477027953,1494.6220633378234,3050256.268529852
4.0,35.19101739636563,149.7139417620375,1517.02205702925,4200110.1198518425
3.0,9.710649432844283,91.92093911581571,1540.0987137529269,1687346.8341823714
4.0,30.64106045803714,154.4790491657384,1294.3044671048815,3772648.129442758
4.0,32.69493157941256,111.79107685847303,2150.075329567061,3458985.2510959017
4.0,24.17225274347955,128.95022329897492,1281.3936290757329,3245513.874171077
3.0,22.678414117070357,117.82662685267226,1258.1928055107549,2625544.138050174
5.0,24.27797128661328,151.00629291808167,1164.0291587348388,4288514.795734007
4.0,27.804637664953734,130.79236687811482,1622.6759102842175,3601152.981634171
4.0,25.802077224613015,110.40816836204749,1693.3073617256807,2977412.4808367696
4.0,20.78434692984968,159.12830481556227,1528.0542087661727,3462358.109916966
4.0,25.9397137264936,102.69560492544385,1359.4804469334713,2882927.930395975
4.0,9.854972369672392,155.13471581451495,1343.706667668385,2901988.058316413
3.0,28.921688066402844,125.74494255721578,1260.3931462182566,3093864.2274326277
2.0,25.145142490492766,133.56919754056707,1056.3502543804498,2251458.4734357125
4.0,26.047079708745375,121.00334136770034,1280.5965077257904,3182492.7410638663
4.0,35.23823916802219,163.4987452353679,1831.4241241595876,4171433.484030332
5.0,27.20429021117529,110.75553035200045,1557.0974879974112,3476036.306600282
2.0,25.68331034475043,85.39524654839036,1097.0762820414707,2025112.962973813
4.0,29.30806547421165,107.79264333168254,1673.689300655598,3092014.5299107274
4.0,29.453813197618395,114.03061102617988,1314.3084263149617,3262860.8122527483
3.0,27.975005645449347,146.9348087480605,1168.1536819238504,3117609.0535181263
3.0,18.334025186278417,103.17275386286043,1219.5001294107906,2136015.6192129077
2.0,24.539149178465124,117.36057284534405,1646.753369971323,2200674.3027296904
5.0,31.38435543723701,121.50075597340677,1076.045034873739,3770447.019053236
3.0,27.684613260401076,137.55881985171203,1504.2155517585977,3305025.23907294
3.0,21.255168638461658,152.4588648975287,1309.0824062133743,3028031.906271805
5.0,35.12354338886066,97.74170739842543,1585.235991656278,3642487.286740499
4.0,34.86220788749319,124.8213284612729,1512.650310137356,3472893.0889276094
4.0,27.127109762872173,148.9360611060144,1602.637290122597,3782203.244405834
4.0,31.40333426027752,145.13025779141157,1663.3483599118108,3807542.1251395973
4.0,20.00303923266724,152.3919245438846,1847.3869630191416,3330188.4858398703
1.0,29.591410836311077,104.95953051366317,1271.1745287495241,1827204.0787797996
3.0,26.052940501998396,138.5618153459195,1154.5204849008876,2908229.9961212985
4.0,23.018473374303426,153.6246906622651,1294.8708032835375,3550910.4114226014
5.0,13.557003157070158,142.98415237874877,1261.4066749180968,3440856.3481996614
5.0,28.9383211645131,117.53520296992768,1427.6844266821513,3886843.3790793945
4.0,28.78526368262838,139.3152330014437,1712.8189284762059,3489773.328424106
5.0,27.032264735567583,122.87169185346167,1725.7258729830985,3715621.09091123
3.0,32.56171622723981,139.85969723890628,1023.0029470782614,3265326.6176018445
4.0,23.71059812936307,139.98360110014863,1962.8445512646745,3227791.0165417343
3.0,22.55428860038006,153.90949767607037,1645.4823040656563,3314320.223904772
3.0,19.61864248207518,118.1364778092136,1380.320502507775,2663660.917024307
4.0,32.08794481366149,129.46107262903539,1265.2337749327085,3479984.0792556643
4.0,28.160771298584194,168.40432589230778,1630.6472897828507,4147978.74499176
3.0,19.284230586576676,130.7237736834619,1698.0462463131873,2777485.544188328
3.0,20.30696827646692,128.6093399917557,998.762196330557,2872224.463207209
5.0,19.849177311871173,93.6013996289933,1273.0299321941359,3030034.841152202
4.0,13.837564783990173,111.93085687277926,1585.8427491580226,2880098.7275171205
4.0,25.235525125259954,127.0776891768689,1127.8822482097366,3439988.034934952
4.0,22.23096647958052,167.28090187787942,1371.1318249068033,3592815.441314348
4.0,37.73130826250432,135.5662942675214,1642.5630816632158,3905751.814024503
3.0,28.249378892350727,139.71964758409138,1567.9980050198578,3346786.952372696
2.0,23.276727030471818,177.30169079495434,801.8428288117548,3242921.0999890417
3.0,22.26086812697434,144.30121739322357,1054.6876322290636,3196252.980844388
4.0,30.551658802241736,130.06251824389287,1424.4612764208212,3641569.972457739
3.0,34.58509849716427,133.4358371932026,1174.8884337336053,3259327.248705991
2.0,20.011538975387968,127.9490849827132,1284.5024419687009,2304429.6151708774
4.0,19.88243262853045,123.02953130259995,1181.4596500879377,3040442.778314768
4.0,27.440629556292812,107.48904051419608,1376.3159001121699,3081450.502058102
3.0,34.18430636422317,138.94198728057162,1573.9356680223098,3504375.0707634613
3.0,26.263509291581734,141.76160330915133,1729.2888440887982,3284492.2982814866
3.0,31.414567839755385,121.38453375892632,1432.3792626769828,3269444.293214432
4.0,17.76085999872294,105.42230927591606,1141.0643477979688,2513823.9895487763
4.0,23.725578244767394,133.93493383583808,1496.3368853991944,3617788.481110435
4.0,33.4710233187042,139.18751126581938,1088.4104043037146,3769351.3540510354
3.0,6.798235896212426,111.54648024853472,1230.8233926849823,2028705.2971737352
3.0,20.26249547392732,142.97945105578293,1010.4168113221764,2824659.4000280965
4.0,19.430015952785,148.21489512517263,1512.3783214903706,3187329.7709373618
4.0,29.796040776365604,107.82932398376315,1396.7604534820086,3353652.7558633042
4.0,18.134902285845392,139.28615106156627,1597.6728717104531,3183093.1327107605
3.0,20.103571717134955,92.56380020306594,1276.416009969409,2293298.9239229225
4.0,29.53202364999182,98.7644343784419,1232.4424679483031,3043642.9772131657
3.0,25.22715997893068,105.10448333347372,1357.407182954007,2555646.742231289
4.0,27.45396206327914,128.80554175576543,1406.107777602972,3375035.329231799
3.0,22.579558473743734,116.8053601703498,1446.8569781365238,2742766.329959457
4.0,14.668292208527618,139.26208524147606,1341.370065350842,3115156.9125415846
4.0,33.262340454910365,140.96670278417184,1436.5247464634622,3924045.616109945
4.0,32.19426975030803,154.82819742309218,1250.3588122831718,3961503.418308826
2.0,24.35659992580582,99.8503375409978,1249.1298103063643,2069775.3799423487
4.0,23.171672213412165,116.77237497058107,1258.0444624462682,2903121.434041964
4.0,27.94327989573278,120.90221159453205,609.9236476426609,3184073.6165069863
5.0,18.906186984044012,142.49757879851825,1325.4294664657994,3593410.7501729643
4.0,35.16052206300147,144.66093207674282,879.3978064963809,3859405.4017252685
4.0,18.995550482321537,127.33168446968612,1278.9336131686741,3129639.7978838943
4.0,27.29538163499162,133.23881962171487,1352.5175530494903,3278163.3487949814
3.0,26.422944031059078,123.30990778503114,1400.4164454420675,2823930.7667209776
4.0,13.830402510709863,142.5354952736755,1742.4650786544983,3077644.498872621
4.0,33.52609647367906,101.32401406512784,1654.3061655504373,3205991.8608225705
3.0,31.14881472240453,146.6989853060827,1044.725120774941,3353708.2322919792
4.0,31.74074537330758,156.12394125732112,2004.2738546101118,4174315.177268549
3.0,31.818082200716375,102.15473790822412,1260.3397693979955,2797297.24353276
5.0,12.955584732269934,103.10385732088118,1869.345476446929,2807429.5654260432
3.0,33.97408246003427,167.14559388305122,1316.0372072449932,3639348.7299279748
3.0,11.103582755379543,106.71817210715633,1961.1061098480086,1915334.1389535484
3.0,22.629074489611742,154.3835090562174,1349.9838733217953,3282671.5443861233
4.0,29.275288970920283,138.06672157628864,1528.9965589980204,3439413.7773206052
3.0,29.199957498449088,133.85268020609215,1539.4039365030467,3098994.0950494343
5.0,15.496579578024646,122.28831680100384,761.4018007433278,3370483.3396527697
3.0,26.522991529617933,135.29420925130302,1334.9717679539688,2804886.0235336795
4.0,23.982235273903292,112.49127857479795,1358.0276088780718,3004861.4517349177
4.0,36.94263066429823,113.28309552746802,1296.4909864592255,3532390.1970167886
4.0,29.37967253708771,134.78171740430412,823.692559956747,3429702.9025773304
3.0,26.45827382733026,106.68415935985995,1190.5358509248533,2770975.1574135693
3.0,9.653653203276429,102.62898419154749,1441.8133013342422,1885536.0462732988
4.0,27.781757677246116,120.13499880012455,934.2092245325678,3136693.1155233853
3.0,41.25461776434429,141.90913217227606,1104.2476382792156,3776249.4836677164
3.0,30.861740258826558,150.09695583811742,628.2735084950192,3602906.828268837
4.0,29.18041590642832,120.6301522266061,1752.3337123712095,3281728.6307610115
4.0,31.893517470258892,141.07626093562257,1043.9454320921448,3591913.2975914557
4.0,29.059432634890676,92.05979282356822,1005.1016672716426,3078999.976445404
3.0,23.398610340226814,136.16581827332837,2106.8578169974917,3113312.0646788445
4.0,28.760355128909023,116.41028051522878,1730.2698666491667,3472859.193112741
3.0,35.70277877732381,129.43792629732678,1643.969104115825,3457782.312298382
3.0,23.387957271831084,137.8187651282705,777.0734911800106,3115219.386677455
5.0,17.141794896559833,109.8154122970277,1146.150076631699,3099593.6023845808
2.0,12.18731270210756,128.111113818442,1509.3006891644964,2039831.8535224567
3.0,25.945093047374673,169.16299477646157,1820.4802023678103,3564503.8291379483
3.0,24.567837715552546,118.28941514553486,1606.7332702547708,2838562.1604955923
6.0,24.24715874993878,146.76252301538972,1476.9386854436823,4387377.96517816
3.0,20.892849724129963,172.94487882483799,1364.2006482514896,3521902.69661304
4.0,21.450677907050963,121.23011720635144,1605.8128002937776,2893055.502120748
5.0,26.53578882551201,125.04954249319415,1192.4254535342386,3612674.4843942993
3.0,28.68329318297673,88.24529082439022,1031.392236697578,2612766.8156967163
4.0,29.874505415273738,136.22589012764053,1616.0398156570898,3509210.8543100418
4.0,15.989913725164984,143.71244289136848,1477.355700984042,3229793.3525771173
3.0,26.80696212610192,149.58139488485938,1310.3321302586085,3323616.5335221444
4.0,24.113395928586986,141.82453232887718,1215.959288099895,3422561.2030378273
3.0,21.49712842192478,151.058525306106,1213.2003779170518,3051262.7601497485
3.0,24.22748241978931,107.7454854852131,956.9501221049355,2376324.1777564874
5.0,24.750311153913238,141.14850413250662,1457.1122677463504,3871604.22944008
4.0,21.852607545608087,139.88070435376687,1458.2354264986595,3277684.8454562346
3.0,33.057968348583344,118.24942158531226,1040.0955403305054,3132295.238444693
3.0,24.530410932611826,141.17942209441156,1687.0424982148695,3110175.5400680755
2.0,21.38416878693852,96.91719612246544,1963.483971262771,1964737.946966243
5.0,26.945201002863115,127.52721097926376,1292.7300464967673,3740685.5207268354
3.0,30.348722385602077,139.94974894243447,1129.9330492182667,3240819.565466347
3.0,28.960968866064693,177.1067126697317,1524.0067865338362,3499910.972962147
3.0,22.758954729989398,134.28999034712348,1708.9190164531205,2977772.8893998275
3.0,29.89719196438928,149.80933158111858,1344.8833015807227,3242343.4535468365
3.0,30.23986940110802,160.81185166590228,1928.388176264692,3759441.210879262
5.0,33.221721940089786,128.84858469334318,1203.407202931702,4145260.481417356
4.0,28.982948746566933,129.12010170359548,1462.8944476241697,3346674.4315657057
3.0,31.604704161720345,120.83853078550476,227.28034418468684,3155268.7646118496
3.0,16.90688398990823,100.3269761381857,1197.287915904171,2307777.21928664
3.0,25.734925114249116,119.47491313316127,1512.3023526631905,2734981.1939991126
2.0,34.15286911182643,154.32320852172893,1335.4801805257753,3315279.7109325347
3.0,31.895473958314028,141.86454161657247,1541.4431311266537,3332156.767798204
3.0,22.522592817479058,163.6008228009062,1837.8275562208767,3168364.9164590025
3.0,21.589172928741874,136.04573704809462,1854.1708634765184,2730759.0616052924
4.0,16.759432859520484,133.56597362713669,1009.7777696732912,3149049.4682075502
4.0,16.994856649347128,121.44866047572708,1708.3868090624703,2684385.868141316
3.0,30.563558930541905,125.46415403267066,1859.8644787970613,3247396.1610074244
3.0,33.54509004855504,146.80793962559733,1527.41084363802,3581204.763926228
3.0,30.9875397314898,137.6919033123806,1280.124731586287,3313606.4516527415
5.0,39.05363860989316,126.76380737083662,1671.384430902861,4185276.9562309417
3.0,24.318977783025137,132.93695361941798,1450.1514378150525,2708842.2491813004
4.0,29.474135392678694,106.58655082044854,1236.1633302651974,3206066.0891949683
3.0,17.34932793489672,112.83367413995632,1097.960306487036,2282832.813578396
4.0,36.82457644430314,86.41608248658238,1603.7590045807842,3056881.298902291
4.0,20.681877791613687,112.51191407807266,865.6981866200446,2963219.4725775924
4.0,23.759720271894096,110.991930927124,1509.0070360722048,2840339.740254504
3.0,36.40130915062886,146.41639586420786,949.9742491945361,3648093.24786967
5.0,26.69306148885664,118.07981430983017,1718.3281779815327,3584882.2936830767
4.0,24.065751344050454,135.67873363681264,1429.095785204913,3320367.4863968105
4.0,21.543818491653038,144.2603974830619,1557.6178205013136,3351078.8590554926
4.0,16.066077025395526,103.71829553697592,1151.002588466707,2587574.8836742914
4.0,20.24899885702956,130.73449963350458,1333.9083624457915,3227852.536219391
4.0,22.185584169047655,144.73856806405553,1064.5514853178156,3326183.0811862694
3.0,25.482480700078227,91.56531510466623,1666.1608641926148,2426572.6289330507
4.0,30.527237874897622,93.54403528348777,1404.7099696852385,3315340.297719299
3.0,31.828542369770105,115.30525992058097,1186.8404750152883,3118805.2782954406
5.0,13.800855974326698,118.41510470687088,1059.5041148703417,3088444.9824976944
3.0,28.800320041772704,95.44982678388342,1465.4197399634397,2747981.1045550965
4.0,40.35396354363375,115.30136909039956,1461.1127105493504,3762622.0631751562
3.0,18.382719555404293,116.67479456350999,1142.4364709008564,2428334.9824546017
4.0,33.6045176325253,120.36616656159586,1850.4856675503218,3371495.077823503
3.0,12.868802036279554,122.06859283521646,1295.4506620393906,2255191.6869374793
4.0,14.556409925253911,139.0952929266536,1242.7896457762145,3133717.857546751
4.0,22.380118419494057,121.05367526249108,1341.981236175934,2956703.6781511363
2.0,36.569194950742435,156.28033690573344,990.9363630738095,3278215.2656688504
4.0,20.18205499509721,141.89702908464778,1189.6349319201659,3267037.0613118233
4.0,21.915927203916866,143.25799193307495,969.5898443075649,3556264.709080515
3.0,18.522616638938178,120.71510658947767,1548.4087775967087,2571725.8416407164
3.0,16.146066687122186,122.6954374774659,1380.0966676017642,2522919.14958199
4.0,25.996986462183656,134.51356838886645,1264.4818864707659,3504386.6195630087
4.0,15.501903170564834,74.9950518977211,1427.7249111186122,2329271.832358327
4.0,26.790831569884165,127.52104921261979,1289.6659059768886,3292920.6387839643
4.0,28.12291442738896,168.43299759466515,1067.6767871211391,4012026.4462240445
4.0,23.075909949200092,140.716049479731,1501.9420174333852,3545852.3748691366
3.0,22.784119862075404,169.43041095498654,1619.7105990662037,3556038.0314118476
3.0,18.877486267219176,133.2635696752753,1753.114957971412,2918421.205137167
4.0,34.89179496704742,106.88037173879042,993.9246997885074,3458445.7770137535
3.0,29.887016030108413,146.27143884181106,1528.3995035551814,3174974.004498375
3.0,20.778216264625975,178.7331279269919,1236.98178128908,3453511.3990193442
3.0,31.91269374375491,160.13836812694132,1242.860327860917,3375007.15625123
3.0,22.61173742081721,142.12254527826238,923.2013235493382,2922612.131813201
3.0,19.091360104591065,114.58479443390054,1241.0196338226208,2608448.9167016586
5.0,29.00144715045074,131.6163358867538,1624.7619315791121,3875727.218350286
4.0,34.81238035806695,127.85955363674215,1065.0577793481334,3912022.486036034
3.0,27.39870392018256,108.9924290815801,1145.0439923635329,2857264.4849334043
3.0,18.793704425708135,139.2299590652454,1710.0606401470436,2879715.6937844106
4.0,27.12534918798069,133.8208936964271,1927.9611668469117,3297095.599456521
3.0,25.80184107141576,124.08422577792933,1382.343060347448,3022698.1359466203
4.0,39.34212863220184,125.740549911721,1626.0326365577955,4027755.560259076
3.0,26.958975923056975,170.93007444277305,1582.3778405101432,3778826.2547325906
4.0,34.373105287570425,115.59257020139643,1353.6751798609794,3547359.136539603
3.0,41.115453459513354,119.74812158179668,920.8248284506933,3636239.1097951
4.0,35.77016641455577,164.22777326915565,1490.1518453665105,4324922.161050038
4.0,36.929925652035784,138.02643726772502,1607.6245721702685,3969261.2406943766
3.0,21.08657582044298,165.77893814333345,1485.5483710212059,3403194.548030269
4.0,21.626227576702203,108.47592396318794,1790.5013713625774,2992786.8518865686
3.0,28.96080294731484,127.64914722001437,923.6000382727095,3193178.4833214195
4.0,34.70315079585575,142.35160886819145,1430.5043267651497,4002980.618078316
3.0,23.08478405182884,146.87918198131663,1362.6255150807444,3276379.375087655
3.0,32.32324800973297,105.35681941833997,1010.3315351493821,3000730.8258708045
4.0,28.9123526541339,157.2230689629585,1666.1888751121069,4016562.5511693233
4.0,17.67988137491146,147.6777002302607,1707.6300020884253,3542700.1786403074
4.0,17.07753951541714,139.02555927378134,1447.459616369203,3110493.437310115
4.0,34.8742168398782,116.56057690143109,1600.0187147594056,3712189.454634542
4.0,16.96108256783964,116.66490080346014,1499.0579774744842,2641832.1821840554
4.0,15.21619556093094,124.39149802123902,1371.2389913789118,2838623.8633528687
4.0,26.64219371348745,120.93068103482793,1347.4314231396331,3483296.3967597494
5.0,16.92299734348094,124.29826650984764,1474.052944201159,3337305.056815908
3.0,9.492297120328443,176.60341440701126,1408.0373517814228,2990743.049529842
4.0,18.16539634308659,115.99704221953257,1262.4760678856949,2947016.7400523815
4.0,30.62281670197131,122.12643241793992,1056.3850495615134,3644687.9556215643
3.0,43.59147577018872,121.43963297032556,1929.258477923862,3689227.9987772023
4.0,25.553364699748126,143.2202328803345,1711.6264196959203,3633085.263367026
4.0,14.159814539420308,138.03894616770722,1814.739862597404,2949830.918313382
4.0,20.613779698642407,135.70837827402653,1391.260393708307,3103071.4656599835
3.0,32.6959080209935,108.02072610015459,1129.784917041297,2841212.515932341
4.0,20.043460626959618,118.66131302758315,1823.99590201474,2806761.5328786005
4.0,22.605384866149574,134.03141532715398,1127.288313129748,3153105.583627999
3.0,20.805855175606464,147.38852656055687,1259.6746995770307,3115387.4580654427
2.0,23.809848610432446,97.446141805033,1417.944462442249,2007426.1414720896
3.0,7.638136277462363,95.8564004161642,1410.7966557965415,1743357.877928143
4.0,27.219573491264747,141.6208377836844,1503.2914168659372,3449141.889535929
3.0,25.142867817614075,70.73994839315307,2067.479557984909,1934498.1439265753
3.0,18.41442843496866,120.18196416861883,1395.4030446157951,2702023.239655166
4.0,31.815342423936908,111.22699005382765,1102.8558655631632,3313671.3554678885
4.0,17.616427909971417,136.2337929200024,1632.545032083395,2992995.2582434937
3.0,16.617213858780573,97.06306193545356,1384.283258301474,2253072.8516960433
3.0,23.53905902087889,125.26938224102607,1292.0174579838742,2828953.6988460515
3.0,30.53074194367665,112.10509293384904,969.0881009521502,3090361.4483889155
4.0,39.66357930460109,143.3764950900529,1366.597755820078,4336639.051600941
3.0,32.48938637203345,124.90053834202529,1353.8426780675854,3264299.990628748
3.0,27.255890621397562,114.69891644357389,1339.6937255571906,2711093.331821991
4.0,34.749008194004254,162.8390212261702,1470.4556891677644,4278722.645857501
3.0,23.811144709260002,140.69979644108702,1543.0072570222737,2976891.4127326673
4.0,30.159126848043105,127.59942055457196,815.2925398077035,3463746.1595337065
5.0,22.59046836807063,159.37615418288772,1426.1974207175385,3954911.0968754855
4.0,29.071241559768875,138.82938508097322,1455.9944964493623,3557072.0460156794
4.0,30.52330217472822,78.44457326980141,1349.3197474143335,2840794.248081807
3.0,30.18737796036941,153.10625130685213,1966.9958619943611,3361378.858231136
4.0,34.03364013664781,103.3813846607326,1261.7055020288049,3545651.8719620137
3.0,27.506738544848297,141.25763903239692,1873.0319327519178,3364377.4597088215
5.0,21.135055483036123,118.08118631835457,1077.9221234422625,3589665.048400327
3.0,19.684751485414335,116.88263890073725,1572.97667184602,2608575.802787495
3.0,20.401624731897844,137.62646272759122,1477.9862631926887,3048308.03527785
4.0,19.06401912100131,158.00104150284608,839.2128186191745,3355446.972130251
4.0,21.793920106386654,119.6701946892372,1884.9420352760746,3239704.7847641995
3.0,22.345087015784042,111.449901843118,1388.494639987744,2572695.5874500023
3.0,28.54433563249583,100.02358019347648,1956.9124531038942,2678379.449905804
4.0,32.47159933949165,119.25214258360171,1658.7189926123267,3367567.4491284923
5.0,18.222158284291698,121.22376208835897,1352.8830866344695,3224550.9302987545
4.0,23.602105357138612,150.10764322095577,1654.8750540366145,3625886.4121609237
4.0,26.031244234537976,131.5673883323426,1537.3174358018875,3549000.478841122
4.0,29.355159475402576,124.85547409487462,1450.148637676903,3304504.5587893613
4.0,17.137842270565123,127.9988353904093,1475.152570364967,3069012.5449822745
3.0,26.012691780264596,132.7773847066784,1326.8458553335142,3001530.546904372
2.0,36.37048437389727,118.16960549792341,1026.399566229886,2805204.6990902014
4.0,17.396764563505975,95.49952157320786,1337.7396900541567,2546432.254071556
3.0,27.297828613450804,172.33429678159823,1674.6958399026994,3733889.529921067
5.0,16.626008517158724,148.09048552218303,1248.0760556294745,3720570.402569886
4.0,28.10276149620157,125.56417590842779,1328.8313248503573,3248899.4473649845
3.0,30.576494874863023,121.89640540862966,1163.9958762681722,3079544.181478261
4.0,32.160667388883425,133.23752161267424,1283.855902342452,3749027.8014176195
4.0,21.645555462153677,100.68078379728915,1275.3603199666645,2607718.6172167817
3.0,21.93992813693116,123.62348827465058,1472.0324103709,2582914.843719928
3.0,20.797972550721834,128.9919730676129,1218.0855396765292,2753187.86251948
3.0,20.640670068680382,123.08036174679191,1719.6054648155364,2538461.093882082
3.0,17.967633598236134,148.83924416586194,991.685077043503,2706617.2743382044
4.0,21.85295987581728,103.17657572058522,1466.9157740248659,2649971.3808448133
4.0,19.48554972881038,156.8621355723687,1453.8044378277466,3764825.057204652
3.0,28.529517775568042,90.20887582356549,953.5619187812813,2553908.846700692
3.0,15.985623875514174,133.6166720665687,1470.5530931408305,2593536.826581454
3.0,22.835941000238563,101.16114213714337,1400.8394878988456,2522245.064070493
3.0,33.88439779822142,92.96400173121631,1266.7810279873788,2710102.4324797615
3.0,24.497571423914902,136.93246432237868,1467.1756088537327,2963091.4415559033
4.0,9.739771598987348,96.17423745627187,1419.6965094533325,2050148.8002887734
4.0,22.12590750018321,158.33949723795695,1553.3131603670697,3525584.886976789
4.0,11.598236389169934,141.77605524580548,1492.8132510231244,3015447.751571293
3.0,18.099395980038636,124.21068875667656,1354.4602359253438,2619405.278550082
3.0,34.59544485382517,128.6126335657333,703.5378527376399,3455068.355492755
4.0,25.38652167111074,151.7040286473528,1068.1763428520094,3846270.634333534
4.0,23.283371242462234,147.17286184776484,1040.3615359746923,3548507.6348176957
4.0,12.573493807888834,144.88421996464362,1115.3864680830561,3230995.23644529
4.0,27.354210629167103,109.86508486222954,1222.2306521441596,2949929.975203952
3.0,16.62636443930896,96.6285112140082,1112.8580173956425,2283680.241171331
4.0,20.847428083778553,112.70777666239226,2036.9083085249872,2834596.5973100527
3.0,24.027249924983273,136.60146534020282,1278.8557307658327,3033182.2718172157
3.0,24.357390273803087,148.19931001240298,1497.1808326144003,3283600.805268079
4.0,25.953920612405767,129.82541426125195,1162.3780888504668,3395503.5643045628
3.0,16.693084031036687,129.9470884956942,1182.6525903108477,2728704.5963832065
3.0,17.199694087451046,147.34107312223483,1708.852444852644,2884540.774104203
3.0,32.99003842226067,109.71456719189733,1383.6444163759709,2993307.8742069043
3.0,27.411335857514455,132.77869574979434,1383.1403097291231,3120063.10440174
5.0,20.563738298398764,128.8772210268489,1545.3365020046574,3417009.496032846
3.0,25.02009322789766,144.1732709460427,915.3887661236569,2875203.930286632
3.0,30.21632614350875,153.31790899882108,1018.6773196985007,3333463.776347463
3.0,37.36809474431783,150.34172152778387,1127.7528980093125,3904753.89824328
3.0,18.21443163550951,150.00285319829294,1109.0694883403144,2870908.0542120724
3.0,12.594851386757849,129.15343331245782,1253.4675968663732,2505406.9232037393
3.0,26.008175908136742,84.76682965809994,1593.7461142905806,2365088.897064185
4.0,12.926094067695878,135.2156650138263,1711.3960980805887,3021408.28584629
3.0,15.219977070933663,100.83132849578641,1264.6412828662508,1996245.5386583596
5.0,31.511039337103313,145.63457154174645,1734.7093840044797,4462803.581345735
5.0,34.06951716252736,100.50619246985649,1195.7574736626414,3604589.7673468045
3.0,17.447319706449523,127.70444633122351,1949.046118998334,2659776.6581046525
3.0,25.595124027371796,101.88449790217052,1856.2109418153752,2683666.114685186
3.0,29.966343195370264,140.67144576716709,1528.8707043493143,3252178.3735813918
3.0,18.04190432380746,162.12003067899525,1499.709041865419,3148040.7579506924
4.0,22.117696806635884,157.87247927387904,1581.111730115343,3583755.8799325703
4.0,27.891328955248554,139.03792693298897,1029.525113187336,3656437.233010277
5.0,34.82814722098184,157.73319811786592,1402.639474351004,4753078.334996074
4.0,27.18599857557069,141.41660728789583,1167.6679730778937,3738644.8158778003
4.0,35.63930030283668,134.30414707724282,1087.0346574878427,4029043.4544774103
4.0,31.083495440834675,140.61032156127948,1595.984771744391,3566168.353336189
5.0,30.685741036709477,142.58942168058027,1390.035751600351,4067239.9642374255
3.0,24.145163190806276,119.02267315678858,2159.6697773829046,2933630.5906760246
3.0,30.862907390159155,106.90757226739159,1244.1489529142777,2931449.340990683
3.0,20.86707119707715,122.85123207728748,1817.3951612055378,2745741.4204283906
3.0,29.230023453498756,178.6877884798868,1096.214669486801,3736848.8418106544
3.0,20.07914283356282,155.77723183358893,1539.772030818712,3096392.1879227688
3.0,29.353654431931215,115.06733912773372,1051.969900835238,2871229.4161702055
2.0,17.051944496670526,142.52498897317153,1393.1138175228261,2469490.8755119313
3.0,21.836238083156875,144.6467696127139,1179.0089744390266,2953619.8841811465
4.0,30.298595225844778,164.45218594765706,1677.9517202010413,4167547.0199874607
4.0,24.647639598694976,107.49392121433326,2043.812891967201,2794980.50324832
4.0,27.681521920927345,143.54060490337858,1380.940666327598,3450958.4517874974
4.0,26.28649923172708,161.24523241009058,805.9836197804516,3810257.1422930933
3.0,25.05302595628662,140.71413336258598,1443.5860653794784,3224325.2811522135
4.0,24.899147183755098,130.53087914651712,1546.5626454002497,3367982.351963247
5.0,15.087349932964667,125.26222486567839,844.8989344623631,3148963.7221679883
3.0,21.587266463325356,107.0873382043103,1303.5610906265624,2523847.5999391405
4.0,20.382848143069467,120.53264949175409,1575.5969654997873,2933727.5652450556
4.0,26.411381012301028,159.41321518441032,1649.7867149882586,4004087.1482079434
5.0,26.476266982785546,124.01526450051779,1345.4072028393443,3641521.7999395304
4.0,20.06980820479797,148.82993539873343,1442.7391469563615,3665593.0019133915
3.0,16.23109461265883,144.44496998684872,1436.8383835777067,2697492.284831957
4.0,17.258431695116645,98.38746049746447,1233.5972572086393,2654928.4981531687
4.0,28.30832513714513,93.16468545583203,1096.7245781207955,2897242.023769716
4.0,29.73799442983549,129.4655833477633,1480.0762119943063,3419901.5804762524
4.0,24.588953501386317,128.9577662311242,1267.781103205749,3452904.121573263
3.0,26.121089780819798,116.2312526520941,1661.340029772162,2687996.719936032
3.0,30.388065715155353,115.68724911592493,1378.4202523583074,3018960.3673060536
3.0,24.929414045973466,136.4664217480594,982.5260659771776,3179458.046945311
3.0,24.7297917063288,154.877617653538,1478.1277444293974,3051041.816728264
5.0,30.91954852133452,125.14706793852808,973.7713223112812,4122906.4488228103
2.0,28.945598061866257,136.54288191387087,1115.4125911851118,2853822.4194975933
4.0,24.42705054659651,97.16153194675971,1171.139545646603,2724773.646118559
5.0,41.261805575368925,133.32216108573232,1719.800275736055,4529234.585504856
4.0,25.917900603857007,151.33644954944154,1010.8524910574483,3525877.546787167
4.0,26.022580737087374,126.7418869558961,1933.6684914037914,3172375.5728497147
3.0,34.1067467226931,100.18209770339146,1920.5142802244707,2895742.633500787
4.0,19.730417391314116,101.39796910791135,681.844325069268,2954063.0402337722
3.0,18.3266969674592,140.2262873938419,1159.4118408261936,2670678.4232336497
4.0,23.811870522344,109.98408657988065,1657.2412227357192,3247980.56627671
5.0,19.431217264077656,110.22795314481223,1514.644825770932,3332402.6412949488
4.0,26.574262953353397,140.72357828101528,1601.4571204711012,3416262.0043267827
4.0,29.961002280380587,133.58621737334977,892.9147141080072,3682236.0311673395
5.0,18.666103889850962,114.03916824970715,1051.627241456707,3153131.303673058
2.0,24.822917763205453,147.1445330903668,1460.5909909226236,2806425.8790188087
3.0,29.502695466507056,151.65434782362854,1434.9996718870177,3312619.146201224
3.0,36.64535668189565,111.37005654431198,1326.6039101771262,3062556.3173173713
4.0,28.248983015339935,118.07448867743622,886.974234964048,3440059.4368321477
4.0,30.844186262715294,142.8439875686878,1473.8419006191893,3789693.469430585
4.0,15.80785068877944,143.87821439634496,1372.957401418936,3060504.954637654
5.0,28.74734131121177,114.95640390839012,1278.592272769461,3615072.42105727
4.0,31.02872949461892,126.92621746392882,963.3988679163773,3639607.164710962
4.0,20.86514931214743,158.1295478537997,1060.903529206635,3466956.446467084
3.0,26.213422822422924,104.14804753206921,1113.5170884388376,2758119.713949996
4.0,24.278854074097477,115.98810509497376,1430.2617322560557,3371839.1153865373
3.0,13.515146573428488,115.09797485534051,1806.990850891788,2429936.933231989
4.0,23.628001931507235,93.83058312283023,823.0919584575755,2756469.492347752
3.0,33.082442610635624,157.41376317955653,1504.0631605832668,3684315.0046482245
4.0,26.584589992693665,145.920601979367,1957.11551277939,3474129.1989526437
4.0,19.216312412831368,121.43577662918558,1305.1933441693322,2861135.0691142455
3.0,26.128033475728902,99.57095318063,2082.9595439024542,2540087.2073750393
4.0,28.33355630234167,122.894436946257,1305.3437772450052,3285856.486418121
3.0,29.16716142660605,103.6575086923998,811.7217752805518,2865828.8392369226
4.0,28.116046563428696,156.17650867704083,1391.3858807932188,3779480.6562972805
3.0,38.741844139512196,148.9698401541181,1663.4696256956934,3792069.588494358
3.0,33.12565091361365,153.04466154111083,1577.3925134705278,3501969.945584594
4.0,16.637766314050765,115.11125198691266,726.0520721697634,2666564.7242214642
4.0,26.461285751787404,192.41142203535742,1569.4841073014668,4131036.4513947438
4.0,35.42954929057212,119.03392558301246,672.67011920497,3466591.0281045805
4.0,39.133864460152736,146.31949557469625,1325.2604366821404,4204721.765470322
3.0,16.587805124199946,138.59436525629826,1508.146200186138,2650753.510517875
4.0,18.744351598894923,117.17411911564476,1418.3940915176356,3103374.136008566
3.0,27.616042578312065,106.31257186110973,1542.9977854657561,2685640.6499217926
3.0,24.083455671128277,166.37747145680794,1358.8241484422301,3531309.2529184595
4.0,26.74328950811242,83.79101322316907,1387.6775335402276,2623690.296270868
4.0,35.051764098322636,159.43227951130478,1583.2687122519221,4160033.7334776176
4.0,28.24398109793743,105.06925270363627,1575.95133259514,3108419.783655955
4.0,13.103722935026122,120.29561037500261,1180.9341953708247,2587859.8076401064
4.0,29.323367167279383,133.73379065379925,1073.014102012652,3776861.513755097
3.0,25.23748531903902,114.18480476119356,886.5802258473584,2743843.8329997514
3.0,26.694181678921318,138.16502882708514,1597.5042286474027,2868997.655690988
3.0,20.43663225285491,134.75226627487842,1281.7263268477093,2914396.897106059
4.0,12.465526670041653,142.04308851975813,1756.1108528904838,2965464.90009973
4.0,30.81416529345388,166.77606970578694,848.5303497117166,4326996.913244551
4.0,19.667232764879234,112.92193562610524,1279.9703980727868,2698467.5888120197
3.0,26.298999686882404,147.13287916089033,1403.6114698359008,3127853.7660529893
4.0,36.62992854512672,142.93893884995413,1437.209561079198,3823841.096400671
4.0,26.7423946611125,131.83224381214225,1519.2301038819305,3620821.6851817043
5.0,20.78105475187222,150.5638582623725,1341.4269766318855,3742409.5113692107
3.0,22.139994411472323,107.11529855461524,1212.0070857441065,2577165.32059718
3.0,15.8795144475392,139.91087621318513,1768.2674275134025,2558546.4489633944
3.0,38.814654896388014,97.8837118627344,1339.1247717545612,3040114.7562277736
4.0,15.198021931090175,126.42683773248683,1188.8921989339647,2842272.9610038563
4.0,24.548805045269017,154.26399329689957,1458.1907887727184,3509896.4214942637
4.0,31.446050139096446,93.85685833325476,1840.1503758968918,2988151.12720991
4.0,32.35291443513093,131.46940869018835,2230.9475993927404,3743467.9030862516
3.0,32.555864845098476,76.54082596734139,1559.4153117304695,2595985.8415795043
3.0,21.774563923504168,122.13490608726309,1206.8087501626064,2758347.034205796
3.0,22.98494224142023,143.56124072899297,1061.8987560306696,3051480.5303593045
4.0,17.042009074219777,161.36281978128653,1298.452607713824,3360536.182577895
3.0,25.323099025509762,148.06490955627388,1349.4448793080132,3000902.42991281
3.0,22.892914293059714,101.04329163794449,1798.545900139887,2471875.072703971
3.0,23.098807567219897,100.45396061967236,1577.9379901855991,2628934.5159837343
3.0,18.220695592838464,113.01195922606593,1340.1417623977957,2286471.784928136
4.0,19.903023967921442,99.0486889880065,905.2951152152291,2710003.4699354433
3.0,29.99335221511529,109.36333696489848,1177.6425819690928,2748183.0968739344
4.0,24.341621155776078,149.1896067501366,1041.9004651141586,3732990.745370544
4.0,13.483880790899823,119.43968946939246,1231.6523846079779,2667383.8032735283
4.0,27.64599406978658,131.91655407283884,1809.732769715209,3551376.024357513
3.0,30.06723541480639,104.57626837168152,1127.3078345525832,2971398.9584469437
5.0,34.287952075055415,108.72520565110732,1200.9456601227314,3891635.2074378855
3.0,28.41362822671241,139.7135432288875,1263.114865616292,3341454.0852968837
5.0,29.69463149720195,114.960519988426,1293.3084982728833,3687328.926108887
3.0,18.253672388723984,110.69588278298633,932.4829710865159,2350631.6033390826
4.0,27.02080083498155,137.87907773171662,1386.635313698472,3505987.847196138
4.0,28.658719599887707,116.14212234326632,1383.9235992996953,3240601.9154321854
4.0,23.701156778636655,106.19278402075469,1175.5444752287606,2948286.8809968764
3.0,20.89680200116897,128.83098811919365,997.1953094045896,2584917.811735645
4.0,31.727133913620303,113.4867711442266,1406.948542278524,3402936.391980594
4.0,28.70014711102097,117.27015237177216,1098.7067056402716,3544988.0331606143
4.0,37.09915433668216,79.96712323601388,1648.5445663266366,3084816.5852340367
3.0,31.97267290465309,135.8676786670375,1731.3904344365285,3092816.5970226647
3.0,21.905417748305123,157.45101344273309,1013.4500442001815,3026629.38479424
3.0,16.580410886224843,97.27528761664642,1510.5486315688627,2290384.5314247403
3.0,30.36466988878666,108.5978132325148,1537.539173091791,2889320.009735805
4.0,17.581310308598727,155.13433644281895,1248.3289262676624,3244123.048174616
4.0,22.15919385731582,88.19213543357459,1026.0553518166726,2822581.5917056445
3.0,19.47668308301877,175.27153875017063,1606.7676129783938,3239747.567608286
4.0,22.21659666405453,122.96860170446679,1582.9723875995157,3077044.777386723
3.0,25.870324526858894,130.53790201826246,1763.0758388532788,2883643.8323846404
4.0,15.487718183538536,84.90217783114915,873.8505718582933,2435779.6255917465
3.0,27.554036944846324,180.4968718234382,780.5345767374778,3855132.5278639426
3.0,24.142648283932388,154.04015852074542,978.1439266896823,3398659.444170416
3.0,25.594904152560936,117.41584298458908,1387.3483376090705,2728189.0739098494
3.0,32.37190551703745,95.64835636043841,1434.013637961285,2662530.2658412494
3.0,19.324657941042613,121.6540848361949,1177.1313652343208,2561639.7382619325
3.0,33.742579424011446,154.63946067722713,935.4404997478473,3837158.4958113
3.0,40.292368206121026,178.2018089079021,1563.4877896790858,4180849.4106631964
3.0,30.493478219061817,148.29045905223202,1223.2183095946682,3419090.427928939
4.0,8.584015636160272,148.31052164727714,1565.0969508150345,2905296.8865896324
5.0,21.32383291662392,127.45345379353618,613.3151777267043,3552023.863292049
3.0,17.340360810009862,120.5524288016652,1015.0460956117511,2596575.9865600406
3.0,15.972347788174622,113.09487305272117,1464.9444145177115,2383653.6195811373
3.0,16.885204218371285,148.14456066768733,1377.1839536463704,2626508.6604002286
3.0,17.14393778016628,127.9934014905922,1417.416578081773,2312296.267734195
4.0,18.928515949390068,160.18801118696013,886.0551273870117,3624939.659036647
4.0,10.157783471709655,96.6465239667902,1435.7555435495867,2168866.0992253087
4.0,32.409209856157744,135.52298646358543,1433.66394264535,3817829.8150555547
4.0,32.15444439366631,98.47638435073262,1375.7651505639246,3237125.8618716686
4.0,23.158487214490385,116.78679235574408,1162.3267574356692,2993497.2030119547
4.0,20.628016494648396,108.98250105887058,1583.1992452099414,2698062.3905780683
4.0,29.78637286158875,102.31976248801226,901.7700676286538,3157163.5448528086
4.0,18.312974109035043,109.18851586772087,1473.9884386907245,2941680.4619451463
4.0,20.53966751087508,132.91838865689414,1177.8070609750653,3116447.536506194
3.0,23.219060664222273,161.70805317454887,1738.3783721827142,3206182.7943324125
4.0,23.71288012411459,111.83394526359076,1384.878402341247,2861243.8009811705
4.0,26.732185328331987,98.43030378026444,1525.111746286174,2818874.769771656
3.0,33.830448943683216,148.6907256622222,1613.2352981754032,3757239.712340177
4.0,16.90234694283088,150.43993219352768,1863.519891822104,3173300.3962755846
4.0,19.81481579028015,125.84592975062986,1146.090916652278,3284938.215088223
3.0,35.2399765363051,134.33752455402902,718.4463496912239,3511874.207887322
3.0,13.620940102376846,109.79672515083769,1053.7614271852412,2261428.0813501747
5.0,33.84490206853332,127.8580144661153,1231.272867815035,4026283.1442618235
3.0,20.555556023056603,145.70413548742505,1623.3546752446484,2974467.4965418763
2.0,22.094329251222337,146.20958636363298,1515.2922453151734,2638598.555365056
4.0,30.59512763325665,142.29463722742122,1611.9832699969656,3783158.7890594695
4.0,21.709847595740573,115.1249332844667,1101.1115698163485,2804484.366979856
3.0,23.99566855221948,114.9278492586457,1062.5924222471776,2505249.101573406
4.0,14.98087230095396,100.42884318214621,1011.5210848082781,2347702.6901431237
4.0,20.55166347639879,132.52561236369252,1103.9939865126453,3200542.9972141874
4.0,34.01883230263263,150.66143785307145,1154.5094517147645,4153249.3100843993
4.0,48.23702973675011,140.24396744532277,1405.8961851381005,4483800.33944766
4.0,22.60154273982564,120.76093923888558,1582.379180503119,2915886.987257377
4.0,30.130514546742386,92.80753287789845,1668.6493709846022,3164999.6066192114
4.0,27.02538252384758,125.78179913225863,1185.9948890161413,3165368.070782061
4.0,25.818284993308353,146.91146622413103,1612.7004975608204,3658010.132231285
3.0,22.842824766692107,115.10856644364314,1767.0513906658584,2530691.05522348
2.0,23.234749968161243,101.43792322389106,1597.0692769234033,1969727.1121811885
3.0,21.48477581763085,88.82149841358093,841.1714581384764,2052804.7626405787
5.0,22.440249823559185,108.36399512103108,1371.6174015275524,3270608.6571080284
3.0,28.85076049062803,118.93274579789826,1310.6970781677965,3078330.2634732584
3.0,15.134713193727398,118.25185834516039,1605.752004109639,2534203.2868592916
2.0,36.5327108701492,128.7524338601418,1615.3945298709027,2868316.6085644416
3.0,33.31892927679804,103.73884249886095,1507.0512805404576,2815054.463446866
3.0,35.93459970584966,170.049156239855,1219.1516381265671,3865928.887613984
3.0,16.266280683405622,120.11142308262357,1573.1797318646084,2265061.2436731565
4.0,23.173134248986976,153.37719097688125,1351.3743711990583,3486144.207956868
3.0,15.961308813233023,117.52439697489844,1029.774117335206,2514111.239498026
3.0,22.664322708119215,141.2050663787337,1659.5586875370627,3047718.0648360318
3.0,32.77489962354297,123.34159847541986,1119.8145490707666,3242734.420241078
3.0,42.294029914966245,147.0837507550498,916.4143189337575,3986970.9510166864
2.0,33.03490367079271,125.61011174210694,1610.468495904952,2874697.2102257186
4.0,28.633900037718856,150.8380961731912,1258.489516171743,4030413.0821248796
3.0,32.77842058969339,147.44669274671037,1609.8415765965021,3630451.198191278
3.0,18.731683682773262,89.884344196034,1352.991280022084,2105729.110922057
4.0,20.54523182079168,124.45286050593647,2089.6404875390226,3234435.9219832355
3.0,28.09935746773567,158.11345293907192,1176.6015385826095,3658630.6560653667
3.0,32.38782213261075,123.52197700115849,1420.6443104738562,3299036.874999164
4.0,28.9769167024287,122.82920471354112,1228.153124290178,3361968.555295805
3.0,35.505036544894196,132.91712153068565,1189.4254502260894,3387768.322300028
3.0,13.683715742317016,149.25954284172713,1177.7154956702398,2641921.7911938224
4.0,29.08440330526594,135.47095951362365,1444.827449470766,3673128.6251133583
3.0,30.150136501928706,157.52954002351828,1667.1459031569511,3360076.6802975195
4.0,29.235275252108206,131.68707241990245,1880.088151305827,3599196.643557736
3.0,26.998205575531106,101.65274433997521,1476.8267607407854,2582003.780524243
4.0,21.74435508993596,162.17827515164987,1073.4307165040705,3481699.6520382008
3.0,21.064033534985793,115.45233876087764,1355.0651284585704,2745295.6511415495
4.0,25.463020111504466,153.90168590959848,1441.7349804997482,3672272.634907763
4.0,20.203526461644895,133.0795366483329,1667.41244877859,3080037.9515978554
4.0,13.84410536084578,143.12186075144712,1544.6638630712864,3157979.931318935
3.0,21.811154973234046,146.5094016037641,1892.8556807122488,3005012.748781476
3.0,26.785150821643043,136.20916637216078,1856.3934033232133,3213918.214673377
3.0,23.484308991745046,119.42187454176418,1963.2461737513793,2909165.8224987444
3.0,18.130022212164764,122.74833739073767,1322.497352454315,2590260.3515172796
4.0,20.890492576084892,122.70538142742151,1197.833810506084,3044432.006834043
4.0,25.327084268838536,82.7804313701424,1819.909408487376,2863211.0791849
3.0,26.21633994001269,158.46077734215638,1567.1047518936282,3437241.372608081
3.0,47.072693154949825,81.43548295836956,1265.623546264514,3128235.072124984
4.0,20.783836420266734,126.32575466868168,1454.640176832778,3220423.637031877
3.0,18.05195489612242,136.85779051353933,1552.1990093348934,2941956.4204322286
5.0,26.795754578859913,130.679414551484,1377.6022533830285,3750772.230971589
3.0,40.61783447693628,153.83194904435166,1473.17521290288,4076532.840593416
3.0,25.928695291508436,117.00896280534901,1369.7843750184832,2923604.9778220356
5.0,29.730016903604042,134.52223472604362,1538.0557212750703,3948191.618052883
3.0,32.235640639047304,124.36383608320246,1348.7870964788667,3271638.740197179
3.0,29.779059138181108,109.6645574308628,1185.2803004737793,2925306.108662501
4.0,18.296231472864893,126.47735475741275,1506.6714058983246,2984878.7583648637
3.0,25.76937216286633,150.41128166548788,1146.911513404573,3025861.7131072595
3.0,34.477915289581226,101.08652530013254,2069.147453765481,3104770.503210224
4.0,35.36181331381203,137.74131628981448,1370.3996359943428,4151827.364946242
3.0,31.17045422311521,94.80117696351343,1295.171788477985,2680864.2791407695
2.0,20.396541761193486,126.62863777835956,1613.2520144128189,2249463.667711772
3.0,26.286168461186485,170.9660005988585,1685.7751259178551,3478391.4885742716
3.0,27.81125019686891,143.19399435103782,1368.474065731605,3308962.000538118
2.0,24.011303016180218,105.21433378710137,777.0000439207374,2161248.40614684
3.0,20.95236358825705,107.12014099958965,1506.5740290977953,2173022.959480256
4.0,29.268648256450522,113.89490674123641,1442.0177060707479,3263969.7132131658
3.0,20.952090672239454,146.79220306925623,1055.12586236086,3025547.7353431964
4.0,7.867900024983451,139.35693884851872,1227.657410797628,2852252.7404551245
4.0,17.925259845677147,151.01254543262468,1492.932181417178,3479827.322531716
3.0,23.16218025324731,136.9080174109617,1510.3367848583514,2804721.8108145567
2.0,25.515703270967954,127.4628322404677,1401.856165762807,2630006.2020535115
5.0,18.110390742184165,117.36060367857101,1884.114814368112,3238008.4909959994
3.0,11.199950495065218,126.46950218227889,1860.3962715567695,2338022.1369784577
5.0,15.799171050499183,95.45479809225,1167.7054084554356,2876282.530276791
3.0,24.805052156894032,90.3279093251134,1068.9694101490986,2270802.2246983303
4.0,23.44804961290085,137.576870191859,831.2880302102991,3321124.053324827
3.0,21.019679930761104,117.62456431987164,1997.1564388244954,2325133.309154384
4.0,28.704497982475797,119.91954985517714,1434.3894198037358,3294095.1340085445
3.0,31.831195210665467,158.797096676903,1433.7534149733249,3605930.1407905896
3.0,20.262050855850667,140.5577445314822,1226.6374576585215,3059235.6495680064
2.0,23.698583161844898,131.1244775798345,1189.6234728787867,2604821.072019973
4.0,28.89173345789495,93.71709361894904,515.186254157295,2932323.8725095787
4.0,11.196724651232095,157.8851953560809,1556.361164255313,3066813.6300695417
2.0,32.1801779465524,137.67538260550674,982.4484861184284,2798105.2489341237
3.0,29.817315802376466,141.80946777001103,1758.2222011312997,3231555.764790645
3.0,27.24291192492228,102.94366621473374,1621.8442158920736,2541738.292632955
3.0,24.175592841752653,148.19193355431446,1519.8295720428744,3283263.982183132
2.0,14.64565321909803,117.2049375052956,1443.9593829739508,1792865.7659783787
4.0,29.155397583779937,90.7690905880813,1332.3367778464064,2754491.2742540212
3.0,27.488861499001946,128.97021886243215,1803.9921875180667,3170896.8558310596
2.0,29.148228407194626,144.19923684902966,1998.877033259846,3011293.5338482223
3.0,18.87218728950456,122.73490247358998,1594.2638461739302,2667300.8916783063
4.0,17.05442679676201,139.34693231937337,1492.3709752018137,2942968.463248074
4.0,19.41008933181333,161.56353408824623,1406.06692838557,3416904.438465715
4.0,40.790109221495904,123.76286683105346,1566.698419544617,4043650.1200996875
3.0,19.48522608287895,126.96663616980851,1545.4371077994647,2720996.3039941806
3.0,17.001406128650256,152.51683731460238,1434.6142947580308,2971066.628185726
4.0,25.743817915744508,90.27311461696247,1658.063402495689,2625654.9223161414
4.0,20.488758941133767,113.32329430909333,965.4709390535638,2978189.9595982
4.0,20.65222631994284,141.14542815527264,1419.9163261299313,3456423.0258255675
4.0,23.07437324935312,134.8181317478112,1016.575794661513,3242560.083826984
3.0,6.212621363087805,148.8259978047313,1266.6255014491742,2469813.9187875288
4.0,23.55282759632942,126.46540433766826,1930.9311775712583,3450044.0268286252
4.0,18.6613267661238,123.39755419506173,1643.2073060862426,3188105.135750625
3.0,29.860632414645824,136.5811215887901,2074.6666760758635,3402715.4533226644
4.0,17.2050665209411,109.60679431014267,1192.254025573908,2646843.6267499486
3.0,18.784252600437007,132.29548890659055,1391.6519488929455,2776366.134206418
3.0,23.70289818743015,110.99727768121905,1271.3125085136871,2703649.7127207904
4.0,41.57407717707716,120.58649798796876,1031.9408405378776,4130023.308205841
3.0,12.430867577493425,146.44590741008471,1655.6833812730774,2688504.748807517
4.0,28.075865734958086,119.03943096806199,1029.6257927047136,3367675.60865038
3.0,26.62361790862307,79.81965197983617,1398.6513658397364,2415527.8894425044
3.0,27.094257854815755,163.22371668272186,1453.469345360181,3374756.488012441
3.0,17.013297614109035,150.09939281351473,1158.6030682881856,2980587.1931260023
4.0,32.83818778382362,128.3799961598308,1672.9653384166922,3489488.9133502557
5.0,25.300120096454865,145.94974742222456,1477.0096796225575,3933894.830935941
5.0,12.819146015603224,118.12186659060924,1519.9617450399667,2946316.3965233467
3.0,23.621507799231868,184.56905155971072,1397.6662471127572,3759217.714080111
4.0,21.400362328068294,158.32821693838275,1381.0526281924006,3598564.768246016
3.0,34.36275797442976,124.169025728713,1389.184561558319,3248900.377794717
4.0,20.070723420326452,151.6629154591675,818.230221628269,3704328.0719234413
3.0,15.08317079846595,151.86439589128867,1478.1986604982649,2986225.693154664
4.0,26.017301739639496,107.97489291554015,1170.601290318426,3168482.138964389
3.0,24.42709412864329,116.554053916735,1302.4442426627616,2824215.3528653253
2.0,36.26546391879881,119.994183183459,1761.5388138073315,2555810.621486041
3.0,25.399926695557777,135.32947437774416,1269.4703051339493,3191006.191909629
4.0,24.891917170943028,126.27860190343075,2026.8324921941587,3327238.077329241
4.0,16.00856856956849,176.97836074660526,1935.3111562706233,3618091.289171553
3.0,22.096472129870055,126.79789117244412,1154.6035433363913,2934278.559708524
4.0,37.19125522386499,128.73166010972054,1411.6827999448767,3619866.1851035315
4.0,29.34254418407764,139.47573351589074,1065.4000201498309,3466227.9688625396
4.0,26.0846939076675,142.1199679396429,1396.5335271321458,3575752.881165884
3.0,20.652704620269766,114.84674554679621,1233.263140510799,2347630.573600131
4.0,30.49255916050946,126.34983005396145,1477.0528866913237,3323409.441252829
3.0,21.15732823312609,113.6923925271457,1248.6431289060597,2683838.2028125934
4.0,19.352607070990665,164.95792935460867,1447.7180279398397,3428657.2069179458
4.0,22.067755928809095,145.37715472380512,1207.476451332569,3383222.2442202
3.0,30.107708516548865,97.7441554235013,1547.2049515232359,2757774.5372372754
4.0,33.8633183488054,141.56442761683175,1425.9811789629694,3741412.756505264
3.0,29.847340631939243,132.25765044124503,1533.362743454972,3035051.55145864
3.0,22.474254495743942,153.36890188471642,1287.1065230312286,3008473.6903197905
4.0,16.023761288642827,132.66772919118705,1078.9242939194828,2933842.454879754
4.0,27.29779818250173,153.4812762656349,1256.4405901675234,3602063.577686553
4.0,27.74439600815124,77.07154405578932,1117.7226906935841,2830624.1415610136
3.0,31.060266426313557,112.54540374420235,1703.7941897970427,2918246.007865614
4.0,27.39465550233904,124.20633160272014,1717.6996310974503,3458823.2433354054
4.0,28.063722207940607,149.70386002229174,1279.4922519420584,3674610.360426991
4.0,17.466081134143273,116.28226548207081,1498.6579454351647,2896400.478415194
3.0,27.707125890112625,141.18030139750044,2004.633481563758,3302871.3622911624
3.0,32.70004669045053,120.63456591725483,1492.2647491016567,2926263.421724657
4.0,18.361732997932382,130.265273354722,1507.474938110926,3262610.3548591305
4.0,40.585109109507556,136.11350582971446,1159.8285153031982,3898195.841710786
4.0,21.755388123884405,154.00132044966415,1335.7113846225914,3419326.59885629
3.0,33.762186416492106,153.11330930306315,1176.3352122109657,3608987.6982353246
3.0,26.028713209254892,96.98651470499799,1663.9727417584045,2500078.266922473
4.0,26.799984073703698,121.77575052926264,1593.7722000801514,3144597.294312745
4.0,31.959667403137395,117.9130520950146,1319.9223199700734,3510337.667277449
4.0,17.613488566021214,96.67546106385485,904.8852956802762,2461068.8210668974
3.0,30.56699879692232,92.6665222782316,1355.1467607094912,2628751.560563096
3.0,4.840091387713532,153.79530176959182,1786.209025179402,2458525.127788213
3.0,22.47687126245215,85.18242649809491,1188.958616944507,2094387.2374275848
3.0,22.13993788414888,126.47017629559222,1235.267211149649,2874026.004887189
3.0,26.22968189603448,153.18792493799793,1314.5464125522176,3406511.961118348
4.0,11.200248242918294,147.78446011666182,1758.4687031420187,3181145.652149658
4.0,21.480183287169467,144.5279144104157,1739.80909449511,3296403.0002186964
3.0,21.623462506940182,137.95827867461992,1537.535679781951,2897676.2468946446
3.0,42.66738509498014,117.39408132970797,1683.8171036281842,3224282.6947692465
4.0,21.478239382250532,134.75173191356822,1551.495192754949,3140786.772539517
3.0,30.513274289703084,118.14601682608266,1377.461424091134,3138991.1760667474
4.0,22.347468285430836,119.52877832143018,1413.3265933281382,3347940.647481349
4.0,19.23412363219063,125.9852932076287,1497.978610613579,3056711.12178717
3.0,28.06536817935518,151.7702132046012,1635.6096905290335,3436683.2694771052
3.0,23.040327381422085,106.48376935543354,1397.6473337193659,2270992.3469911767
4.0,23.145411134439854,118.96164134561602,1013.9226462679649,2971954.909864924
3.0,30.33452735884875,110.50172872561612,1060.348341187038,2875328.1887101852
4.0,21.732792420704563,102.60548060940022,1278.9919878437447,2775539.4702472338
4.0,29.05765586167021,135.18384658245685,1046.658950734513,3666136.517212109
4.0,24.09798131753263,136.84691187612344,1197.2861632722488,3289929.6075504506
3.0,23.107795211093602,139.14643673409233,903.1320834196503,2906088.998651362
4.0,21.3313091655062,122.55542135310245,1412.8927197008347,2984661.0769357304
4.0,20.155964168051135,124.29243329386973,1373.068061050679,2914086.7981537925
4.0,19.8124611526455,100.41016454121028,1205.2047180089523,2534049.5131383315
3.0,20.48516579954565,103.3952797709807,1507.9303164549165,2536812.3986022836
4.0,32.61197400243427,147.50709397381726,713.0255809000064,4107284.6539195487
3.0,32.96347106143074,137.0013315471295,905.3035811694905,3334149.691892992
5.0,26.255580169065283,112.9394623958128,1293.6558893089061,3601514.906914621
3.0,26.71254410662884,152.14778726866126,1478.1981918171523,3193044.3051244216
4.0,15.643263607182401,121.47175045620993,1110.4325767115656,2837574.845339204
4.0,25.43437821342675,126.61922918462044,1380.1498341015574,3255577.775166401
3.0,20.864585928182326,105.1304409976411,1578.3222625142512,2585148.386461865
4.0,18.06856183851736,144.45772888785945,1978.2342875680679,3316827.742718452
4.0,25.52627646975097,116.2178436502807,1551.6705111898552,3151930.5833566254
4.0,21.27315774509835,112.99863305815525,628.9814957862196,2823446.748214973
2.0,21.824089709008206,136.79498657222322,1602.1434599983104,2460314.723688555
4.0,32.86320830628671,139.99883967331675,1432.9340608354282,3736959.16446439
3.0,30.284333089073723,124.5782547888648,1700.2524478456144,3077659.1864018226
3.0,28.65568568870514,146.65092873208295,1595.9483544350485,3173037.236006269
4.0,30.42540990659124,115.3457653499863,819.6340727395267,3149827.734207498
4.0,31.78137892976237,168.24944968501714,1579.7794979821301,4080156.8983260216
3.0,15.684897384903675,111.27219979682528,1501.0477142272532,2163961.455146564
3.0,4.93928361596116,148.62296804868612,1244.4132292130507,2437388.380171157
2.0,27.041308387253945,145.5780718779383,1922.4138679109617,2912655.5689159455
3.0,22.10534896971087,142.8290542385686,1348.006431575362,3138109.062498612
3.0,29.00870404770251,137.86504995903408,1255.8933436684363,3248607.8222622382
3.0,17.285298415708006,157.99824828468698,1046.520575755698,3004706.040209897
4.0,30.094737891314093,136.53031913233642,1260.4962601244433,3639432.195297004
4.0,21.245761993686394,165.2340512567909,1427.5082441324028,3528047.9015911412
3.0,16.784974154365557,125.59935605566805,1796.7744889388052,2261208.1631157016
3.0,29.54455270990645,151.12276752308065,1171.6271428532375,3470467.83044382
3.0,25.712736787870618,129.72608440043513,1521.223615101426,2931434.8310552845
4.0,24.767703036851938,144.88210945121045,1507.136444444472,3423032.2131178644
4.0,21.8603747259501,104.90296867402472,962.5166081283415,2994206.1938714148
3.0,13.47150196630185,158.81643654457204,1425.8342942456343,3039218.498615303
4.0,22.13216937943244,110.87064713493845,1688.4160455609715,2867264.542545951
4.0,12.81944822578366,171.1320522980128,1038.685127098102,3541864.0273143086
2.0,31.433190041224755,123.7162719804495,984.0330673130024,2754447.7250849013
4.0,26.113416856094542,136.2599577344286,1887.3292173089937,3413983.356168223
4.0,26.83238766076353,92.80322131469616,1772.2780589343129,3000085.804848722
3.0,40.860516314736365,130.93500870642157,818.8185860314153,3746590.6802213206
4.0,20.87467781351812,123.43358860236947,1305.6640025620034,3269162.0712598013
4.0,12.662453244958218,114.53940770218571,1900.7094158667458,2412686.386062911
3.0,16.847740881870525,79.39594520881296,867.7229519219205,1873786.6278572485
3.0,41.50532795915586,128.16902842803802,1097.4761916072277,3480971.3663614234
4.0,35.4126358470939,116.33677215196795,1257.835453380734,3646335.808878861
3.0,32.423642826460004,109.16036189860003,1497.0883530593535,3086161.859822893
3.0,19.72798661344429,145.6340110877618,1592.9510395909151,3085430.0373258647
4.0,18.20319622998875,125.1276479598141,1185.3667954199905,2892828.281664395
4.0,15.97550327981719,120.269291036667,1538.7439789871485,2802428.186160123
4.0,24.21949016592778,120.23727390133664,1230.941909976532,3103108.979020833
5.0,19.52406376914255,113.29905947099832,848.6964014270849,3255679.7921576262
2.0,13.393761480115542,139.07776194944887,1619.308898887183,2267106.759930603
3.0,16.574610286207868,165.05172733897842,1582.6225120849665,3182570.376420755
4.0,15.805793111570342,153.8017439125123,1284.8126176953679,3210692.93402406
4.0,27.833701580712567,120.5874224142724,1664.953889661635,3345135.3300317614
3.0,24.390878009677824,160.12209023320432,1047.274293725428,3268169.6769325044
5.0,23.090918770016867,88.2306481657033,2015.7855774189998,3054785.371018504
4.0,24.13172313509084,101.66432300195089,1108.237092354184,3099283.9641524362
3.0,17.563624134677113,136.40833230679337,971.8573257954278,2648490.34688118
3.0,22.013088925360424,132.12488057678902,1885.6437931757607,2991418.5246451497
4.0,30.308405064485306,126.07981000489187,1313.3853425189152,3358546.845944231
4.0,27.745097189588776,121.98605726389253,1484.2800431386588,3283230.1650059847
5.0,10.756740033423968,119.8292785770829,1622.5659806353099,2917661.4296131367
3.0,30.084369345719953,134.25604796593518,1522.8167226935427,3254029.450669027
3.0,25.165058630080534,148.80853969630152,1371.26177496758,3293350.1629082216
3.0,29.21032188047636,116.57231305164692,1561.1601718214226,3064348.123439959
4.0,14.189332083065924,121.08387879298382,1335.739618544409,3006922.047119489
4.0,23.61293094380294,115.54218832725965,877.5575528195293,2931349.037421101
4.0,14.207090157269494,107.56664012339394,1472.5735369470888,2470605.5627173404
4.0,30.603896300158056,132.9764271361465,1454.4390279597822,3811397.909414274
3.0,33.4724264992188,102.77084977609402,988.2797283810894,2653227.0765622137
4.0,23.821946819243617,163.02518627864282,1392.583111783973,3566770.210634064
4.0,18.667432113581942,123.72773279154342,1381.7356048307431,3089885.259839994
3.0,35.53871517275784,127.01616213018998,1533.3399714092648,3365249.537737556
4.0,30.57894787929635,136.00609389021315,1286.5965311531827,3725688.1186402524
4.0,27.791968350447856,148.80200348759317,1548.6824643814934,3557923.0350357997
3.0,34.52906777076947,162.6474470098396,2030.0571635958468,3988846.319576416
4.0,34.264592224240765,136.1674957170332,1216.0246578550446,3971408.128048768
4.0,19.639850252826765,116.45143331315683,1332.1323422226237,3052130.113230856
3.0,32.93937240688009,119.21388910367281,1511.0560554725423,3047248.449747962
4.0,19.423729324299824,135.223450168461,1180.6674401624887,3024249.5342235966
4.0,17.51050093084726,151.16769721987862,1075.936256431886,3600266.9089014186
5.0,30.55865802845426,131.46124669791857,1244.441936093811,3889750.1336824233
4.0,26.997103045256782,92.04653049549242,1557.7142048561368,2809913.592696317
3.0,25.990248307037838,120.3067065750318,1787.162896767635,2876657.638814738
3.0,9.646083336725066,130.60152281700275,728.3963045328862,2188113.307485615
4.0,21.604171892096826,128.1007675666424,1542.9213291022866,3010708.586427125
4.0,19.162893145585972,162.09643565908516,1669.6949064274982,3374235.2090896633
4.0,21.52948350696812,154.49013756443733,1210.5061160549126,3811057.480343613
4.0,32.217981987492216,94.54103289369806,1089.4292584030131,3185841.60955576
4.0,19.068860766675606,124.99195078319273,1512.666104482568,2906364.4307128545
5.0,17.753363918080854,96.94168264524583,1084.4159572221656,3047353.051252559
4.0,25.592314452678778,114.59836434092364,1334.076164987945,3084154.0806511957
4.0,21.56899905744687,152.22782845453636,1301.3198490348882,3317013.75258753
3.0,28.470560700385835,85.57733345298196,1625.2555439270234,2374242.72205967
4.0,39.801142665502546,126.9206611307396,907.4982531371902,3931565.043376104
4.0,24.958235375092336,120.55732559935493,1168.513747574488,3282080.2673274884
3.0,37.0038328094564,127.20732099366082,1255.1041769718668,3244383.6260812148
3.0,20.300743015571886,133.89179224120917,1345.3204248463448,2977508.7464404507
4.0,23.06061274425003,108.21532143714603,1176.1699621087023,2907937.820418749
4.0,37.62665778142023,94.98011335192396,1264.7083274796255,3298350.0530341854
3.0,24.583197594018266,140.32659593141153,1069.7239119081657,2848734.6793080233
3.0,32.43919493342782,149.35096621392347,920.8762603327676,3628505.203925295
5.0,18.614054505599835,115.86956749747168,1541.1605904982189,3320668.512256925
3.0,10.427131251713735,160.42088888769786,1196.1589657866868,2844093.910339062
4.0,20.30532060813498,133.77172955070802,1889.3347940342305,3033371.641737025
3.0,11.55285736908073,153.25829363226435,979.131742803238,2660879.2747924863
3.0,22.19046466472881,123.43123508844722,1499.6832675527753,2723035.6088369675
4.0,31.928841005421184,143.0524427798531,1159.5330195708716,3733677.2142287805
4.0,28.2144761424397,120.61971018985167,1318.6198737602833,3330330.9701097705
3.0,24.96821438889018,138.58193742528653,1385.6036420810028,3221514.3175851176
5.0,17.37498682348712,109.43912367472473,1926.450888909747,3053612.2004929464
3.0,26.657200070888994,128.65054467933393,1226.4861151728965,3022119.147683425
4.0,25.173311938889736,107.0135103021147,1371.9820480915348,3010604.6152341953
3.0,12.886312079552932,157.8650489273952,1153.2726231015938,2996133.6698768223
3.0,26.884547343199056,132.31271721110747,1007.6741092442971,3187614.472732724
5.0,25.394299494445477,120.61254365562999,1619.1448162387242,3524261.335455049
4.0,22.676402422319015,109.44612752891578,1485.1319012618849,2829875.106722568
4.0,30.769139059954124,113.67792920669248,1453.5108616346286,3416584.317494953
3.0,31.856823049312236,143.5835644538466,980.7230317184421,3251920.2939061
2.0,26.580407526913774,142.2090057525046,1482.2047694441787,2671254.5862853425
3.0,48.63814121794638,118.90892494352656,1020.9347404223757,3883164.3961078017
4.0,28.415050391936703,115.1414692728587,1820.019668397333,3166823.5931207384
4.0,23.039490157540932,134.45516474782522,1712.2529182835358,3402464.1905261213
3.0,20.878712422908357,154.70082624290202,1185.8322835255087,3052341.2779377894
3.0,28.177170521793418,122.20743257994002,1457.1575877118157,3065426.8024644363
4.0,25.209961752882037,135.52250833997988,1801.9581594624578,3302248.348205513
3.0,24.15914193952186,110.64559450155622,1745.1301788984383,2521102.316667149
4.0,25.18265596299496,159.0051852289239,1198.565225187701,3835485.4698411357
4.0,25.727591840788154,89.64957885653928,1458.9886907683604,2928458.6074904725
4.0,27.29959883907125,116.46053470318978,1162.7426888703267,3436977.520087859
3.0,21.131438034092156,119.44055628959195,1564.4650930226014,2821327.859726551
4.0,11.99608534752288,124.59174262873854,1581.356636795714,2586457.907831977
3.0,22.597817877506927,156.80111736565473,1066.0412839471815,3355168.40804943
4.0,37.8461747966544,128.78339974482196,1777.1897351019677,4091988.188181917
3.0,31.561073672606348,122.34733614688321,1122.6743556671113,2919306.8123966763
3.0,38.8689881718838,147.08425256892204,1272.2258958044147,3715881.8915096777
3.0,28.519752174730655,120.23400741421295,1367.7840747146145,2919288.1433726074
3.0,32.171920281596094,130.72860075940181,1496.8319975875302,3088940.5407764167
4.0,27.494649422724848,124.51873864825198,2219.999441882362,3235183.6626248644
3.0,16.840166335499273,167.9525362155227,1177.7123162813116,3299625.2723108977
4.0,27.050246398044347,169.45602999861393,1354.6324195427383,3810655.1430770503
3.0,23.71341694696252,162.9018311235272,1560.6101214937269,3503167.777959901
3.0,22.025989614611326,138.66002249614183,2040.6878237506266,3116883.2432291494
3.0,17.97478080225858,98.55972363009599,1203.734386526674,2039281.2838338413
3.0,25.749052091151867,132.09144346719495,1411.218617758464,3120594.6962790233
4.0,30.37726387823873,155.1938600301851,1272.493737835293,3856525.2770156055
3.0,7.737803338153253,135.9824922280685,1153.4484879838935,2260440.3449700708
4.0,17.173750630368914,123.98940074858291,1941.6772744420769,2924690.369139364
3.0,33.55031949749905,124.7185965247755,1061.9926898057847,3123246.8156172824
5.0,17.837305579000024,138.16539547874282,1444.1683003003507,3587304.549752257
3.0,22.593202509540877,127.80481778341274,1390.797751618809,2926223.581453918
4.0,40.3605625068031,101.69416553938999,1028.306571585215,3695010.1248594853
4.0,31.49748590839274,139.85382126410965,1808.1162671899697,3554751.857558298
3.0,28.011554060878737,137.6061349733857,1594.2485381389938,3122095.896120942
5.0,35.1394742402424,104.79439803738609,1130.0159115889237,3695196.3552568867
4.0,34.52212077718575,142.4227283781354,1302.0729751248064,3767218.2051730785
4.0,22.682141404610604,154.67089327946184,1230.2328517634953,3649243.5698859785
3.0,14.313088433488764,165.044437163446,1459.4699548970518,3194414.9955118275
3.0,17.505656451344283,117.23793711337999,1246.18615189734,2424663.0423586774
3.0,39.62323995567603,118.91540390038111,1866.876644346432,3289466.5721394564
4.0,14.42142274446916,143.80344065971113,1193.8305680980077,2930559.152479549
3.0,25.953685552832383,135.89795826674276,1634.8147836598466,3030894.261450762
4.0,21.920724638444764,99.40651333751981,1638.4392539005687,2661926.503595668
4.0,27.80575024040008,119.56812189947063,1204.9958345472198,3211433.9598063515
3.0,10.507812926573479,188.71736548503247,1001.3602913548353,2974121.126869315
4.0,30.658191133176135,124.74212772696957,1728.2490908903474,3331904.5893297098
3.0,30.221298702580356,126.8531560458955,1389.5096404024412,3222097.252235416
4.0,28.76615127886766,120.30019594065885,1404.3786848544858,3204307.1881541056
3.0,20.366220937608745,120.9603623219108,1203.4595738644982,2436973.8111327663
3.0,22.727109451155634,133.48949466964353,1680.1277195388964,2801143.274066299
3.0,19.265861141915593,122.01094342872787,1887.8851101605164,2500118.044777355
4.0,22.87286384824687,113.22801468742225,1798.5226740487635,2821746.700095009
3.0,11.02772676071658,125.09566104463076,1480.6922859559666,2411963.0222354447
4.0,22.114891206297862,95.09836949167091,1631.8016426761585,2690996.3071915163
4.0,21.242607191307762,147.94902300253736,1291.494646100194,3564105.2801527553
3.0,26.263868424855225,130.30312554945016,1750.4676526044898,3152519.064552138
2.0,25.84691971195854,140.84658915810746,1726.0162199909807,2662362.1846598154
4.0,20.69525230317792,125.70779260082037,1569.725554294831,3267338.534678782
2.0,24.964552860328446,111.4518684865983,1554.2573387794257,2307335.1123644626
3.0,17.430236278571837,122.13333706638562,1309.256064982405,2685588.253625972
3.0,26.312286853534054,113.761038423982,1749.703484343325,2841061.0072493292
3.0,7.007504944031144,133.16390647303854,1353.5937526423843,2285435.903081076
3.0,25.441984065356596,135.9933392847651,1138.1287314530327,2990049.1227584225
4.0,22.770519137271393,123.31993992860839,1303.2460407808721,3323488.005078968
3.0,26.371658348192835,125.15980513909489,2050.460711963603,3101268.695323127
4.0,25.1331053519958,155.83301090978523,1177.838405588988,3798671.632819854
4.0,32.72711112724365,113.04222224706756,1362.2955699445545,3415905.4224113743
4.0,23.423672949168264,101.94986444185696,1014.4469819751705,2911794.439609567
4.0,21.49471662878743,150.90821087054647,1231.4834804858663,3547165.357648544
3.0,23.523574177049987,111.87888245144401,1799.6024685113716,2716119.233436029
5.0,12.394596302551607,109.49728968989834,1078.3669994352445,2941725.685990909
3.0,22.151369777490256,158.28377980326974,1088.2826748981647,3006016.1765511744
3.0,20.20205900199005,153.90903967296683,1324.6899383067102,3081297.5390326106
4.0,19.94073817750703,117.89472373037961,1576.7028868540153,2901773.7265604576
3.0,23.121721019905205,129.39792080017844,1312.997631771618,3045848.621922957
3.0,29.537224628017253,124.71546345530187,1034.3430824595584,3201222.2060142695
4.0,35.49088893925651,121.78925128256336,987.3609120748544,3461275.399726265
4.0,23.3574014531528,145.37130973536807,1643.236334371038,3565676.9408544577
3.0,29.53668188529357,96.50032354912159,1172.6835111635412,2617015.1565687917
3.0,28.518316193420382,148.73739885309095,1326.844406376838,3374233.379497421
3.0,16.971062956322395,119.18693755223552,975.9544815737829,2470977.029239882
3.0,13.779965586924924,111.79952637960724,1151.5827064575942,2361248.0725613665
3.0,30.32109132611586,94.83196434405585,1509.121230778419,2639879.733586463
4.0,11.180215188101794,121.16357746709032,678.1879235245599,2534159.4577873377
4.0,13.678872417395445,114.52580655065756,1088.225863622707,2702674.254501496
4.0,21.24544144458637,125.65815517885602,1513.7230804886167,3067195.9665226443
2.0,17.38599273938587,113.25180427147937,1334.6725913777304,2077772.0015310568
5.0,20.29398898565207,118.34309778685716,1298.4838831045608,3310280.6555496943
4.0,20.353264885936838,100.49621968593593,1847.1597869769516,2949629.350767265
4.0,25.11702329005866,132.6795738362068,932.7771742030475,3179607.8589260573
3.0,28.62101678302071,129.67071120192696,1542.6230212457556,2964820.655813789
3.0,28.482343293627185,148.41061008117242,1082.7672074989368,3472238.285895386
3.0,34.20565500913124,144.86111366786344,1238.91732423338,3436072.3428279306
3.0,16.323240745350947,147.33865730043834,1639.3319059867465,2761435.6831765603
4.0,31.669383222126974,111.90092501365899,1386.3076491443255,3385260.281567556
4.0,27.982955848211166,147.13663853153832,996.7298661032453,3591740.8830699436
3.0,13.688638233274066,128.89977046615888,1263.539368598378,2595542.2843385236
3.0,27.11016440399349,129.75821297728532,915.1999426216149,2860790.2764038523
3.0,20.582574717971003,126.76334650558631,1304.84390492972,2726426.173800619
3.0,26.370153059009944,132.07638194386737,1537.5925959250385,3040050.6454803674
5.0,18.333154310740007,134.19766135643465,1112.4855831602117,3453643.6634383085
4.0,37.512423889426934,126.96748640717385,1123.3344697322168,3692018.4190657185
4.0,24.56905867335057,178.35982509794545,1844.1887525250343,4066746.832211531
3.0,27.00340783259153,132.51658396087447,1181.0419862798715,3095580.131027156
3.0,22.638694756392688,119.36607303278456,1314.9159154597553,2645328.905003322
3.0,25.484500221816422,168.5328456685622,1043.5850650624834,3563523.6635117284
3.0,21.252394930538326,170.33542274511873,1252.8549695030717,3468033.9183237124
3.0,14.805650104724576,182.49533205997795,1664.8314824737645,3304738.6926241517
3.0,36.127436674518506,126.08153270744414,1490.5795263200828,3457779.131357975
4.0,37.818591833288345,140.40429353584028,1288.224672720717,4110457.495884185
4.0,36.045096570497556,124.9014290683276,1337.746249998222,3909266.171534977
4.0,26.420615926180343,135.42169575733033,920.40845346289,3703041.7734684176
4.0,19.609518411647308,108.30401702615123,1113.4430468586088,2765992.7527562156
4.0,19.87437081797175,121.35352805033007,1762.7657438335875,3001795.072966212
2.0,25.51804526468211,162.50266845337916,1880.9190475860632,3004734.4126187363
5.0,23.973014812273345,127.4157121406956,1357.496309105115,3838196.0001264717
4.0,18.796956130421915,108.61627302149157,1694.7571569907973,2918573.9584689746
3.0,14.240684216624375,87.49770064669394,1485.9371723782508,1710687.2477822574
3.0,34.23133735148861,156.30817677331538,1213.7043369887422,3885100.5965999356
3.0,25.75263746602748,140.7013612612658,1450.6619362059835,3216704.1818528576
4.0,33.7992419225237,153.93466094438912,1177.827018656103,4183406.853172054
4.0,33.27230429798646,125.34452443660662,1461.035811533904,3702197.736202964
4.0,22.221772214863783,148.24702768252774,1457.903598659444,3457853.319905717
4.0,23.176426989588286,171.8719825322786,1362.4393686821195,4037217.2339053084
4.0,18.22320429179378,111.87180785815312,1964.7187444892713,2744287.586648323
3.0,32.473881481889514,133.55316952061958,1128.4362553238943,3381558.5679305457
3.0,32.053101222781706,125.00032224571285,1443.392634687858,3209137.905043123
3.0,25.965472281364917,126.46191000289758,1204.0317243873249,2867123.1929720487
4.0,26.2512838498291,151.34480865800938,1330.0722557536546,3649854.1908411975
3.0,21.95920591193762,132.50087093993733,1960.8573105466505,2963448.7485163365
3.0,20.168762949514583,187.42742435684977,1262.9797748114604,3662018.451229781
3.0,17.378624684588257,147.12702226540034,1505.450684719176,3011290.1295341677
3.0,19.088691124035478,163.65416450427324,712.13623404836,3229772.3310259976
4.0,21.293159589154712,143.99392145921234,1511.677727198982,3599759.044278882
4.0,29.948699286919148,120.58683723155028,1106.7795462882555,3597629.095575588
3.0,19.21078571408144,119.25439541101377,882.6765410628034,2628190.816701991
4.0,18.22407503273898,111.14806162988549,1205.4513463583328,2637463.994690559
3.0,21.76678884242001,115.60832508721077,1707.983089899689,2694407.309142191
4.0,40.39544685324921,124.83191582044368,1081.8933802939405,3752723.0792868813
4.0,11.544284586499133,139.10863202085994,1187.5551208111676,3193413.3972280165
4.0,13.346881937773421,126.9859333562156,1609.863312624496,3061562.942979506
4.0,32.16512443043256,108.08055832194515,1317.5949076089896,3183070.693848222
4.0,11.252361397420403,125.88938673780262,1266.2040248321744,2699971.8141728425
3.0,39.742332565535534,126.85341100254627,959.8741304883647,3639069.3802074334
4.0,30.340925791235325,146.44751448831497,985.0302331150547,3738815.3851777823
3.0,28.253951585353246,158.6195377550141,1222.4806120426144,3256304.1533273263
3.0,36.13391502038562,109.67808400996377,2216.8327845726412,3084760.3576950557
3.0,22.549715192861292,176.52373903614307,841.8885326486879,3650595.478241552
3.0,23.329424381631565,117.70432317660965,1553.6509014685032,2728308.7910066275
5.0,23.076192294202095,142.66303058219748,791.1705884227767,3726316.3242953215
4.0,27.641587301020323,127.71622176575404,904.1219375004946,3364958.0640088
3.0,31.248371222426222,126.64970945354307,1717.3602290773574,3291875.20915712
4.0,25.718325774921556,108.45881776406725,1402.5998577342011,3106502.9112741696
4.0,14.133424518076767,127.80266057990254,1204.4595790336766,2902811.527537312
4.0,15.829642086846992,124.91934189081097,1731.1371119272844,3129954.0473363632
4.0,25.001551864372036,154.67641604345198,1836.511377150318,3968739.6251245053
3.0,19.630192453341234,130.20015828560133,867.2659182689425,2914213.7304359814
3.0,35.63946035561536,94.73612857110726,1034.9027874686126,2719760.495334918
4.0,24.23520549717974,106.22388966766806,1812.2721139107973,3023014.4598213434
4.0,22.02779951277114,153.91995602683374,1577.0531248691902,3749189.1323231184
4.0,16.60030799931152,127.4829572987751,1566.5579268288188,2869948.129943437
4.0,23.932772967639085,125.35683241134338,1638.769082075833,3025229.5691737523
4.0,30.19348279483239,172.2020382797387,1350.712249650358,4150519.8860067353
4.0,31.898472055799008,136.23445505066087,706.0568975524716,3738095.677497465
3.0,26.57724972778778,129.19571991217038,1320.8713334162987,3142238.0133668887
4.0,32.60431936287219,149.7617351544357,2078.1651077800084,3792762.7730229553
4.0,6.402883751156926,136.50751818985142,1605.199880528861,2721480.9232489807
3.0,22.631801515001584,129.07256312465302,1609.624488929826,3010338.3085482325
4.0,40.62960680443917,122.32768389391279,1655.062100332156,3893476.0416686255
2.0,24.668962561320754,146.95090952729777,1448.5882760851819,2785369.1844240455
4.0,27.157538101566033,118.16032409652831,1359.3654833008484,3488943.191821467
4.0,11.709569167409013,133.57844550354554,831.401776450281,2919902.8051285613
2.0,26.007730068851107,141.65931948471845,1601.2635363423694,2823427.113079009
5.0,25.858427934962386,140.58712624194496,951.5457122011993,3849730.6086730864
4.0,30.931091665270017,126.63249652148382,1472.8096771081437,3730789.259703089
2.0,18.051667267973585,124.17824445127393,1604.9005515232204,2187117.1329350695
4.0,13.098132798844478,166.25967827239552,1290.1074715731804,3626352.9709797953
2.0,22.736264156350995,161.5732146567065,1732.362714430697,2690916.1849646205
3.0,18.685145562891822,109.6022201744644,1568.4696699209223,2269463.0206827163
4.0,15.192891795883007,88.41585316602219,1503.2887393363314,2507295.986239235
3.0,14.912193079191068,140.92274115202554,1067.33115174476,2803555.71140866
3.0,25.35896939460331,87.26133468847249,1454.0745567665801,2210807.7295117523
5.0,13.10185781920174,123.51859493879606,1704.8825899387016,3052591.0194292506
3.0,19.662386477698703,111.35992053034286,1567.9763699953198,2611537.917827582
3.0,33.083889956285475,140.77590423575873,1432.7769938303265,3553335.1091637844
4.0,37.32257242799488,140.21007768803287,1529.7181847492009,4028567.8270087712
3.0,28.835909640063104,105.384191649114,1634.2531937002548,2919333.8520750166
4.0,20.05600428411032,137.7342660771553,1354.0300921758483,3346749.0569017977
4.0,36.36182977621134,128.68906741001956,1490.0707244846885,3731983.8399907253
4.0,11.40768584806966,146.7467451962768,1584.576185227256,2911934.5032301643
4.0,30.228837470108964,133.79829289817133,1578.0444571334735,3797801.686908438
3.0,18.636460843468537,167.51908768056722,1342.0542246660991,3125117.5533397947
4.0,33.64054030235578,84.0072404313692,1170.1493942466354,3212276.675766737
4.0,23.758078465515133,124.06357505567962,1444.9647401457082,3062452.707834376
5.0,22.526129719395577,107.97777226625803,1537.3244446593737,3227730.8622814654
4.0,29.078471335459806,154.9639879696124,1596.142824660044,3716323.2621865002
4.0,38.192718950208004,163.85647115189653,2092.221130426276,4177136.072664562
4.0,38.8563872972825,140.75954133050925,1350.6712893131,3902138.6712403856
3.0,25.19210620617249,139.24269588522168,1679.650512874839,3208512.6115862746
3.0,27.59429573712907,141.69576309421467,1311.2718169564187,3041519.7435640655
4.0,27.706852535938243,187.40526808570348,1441.5506807500835,4248724.844435197
3.0,21.265637271654686,118.04386170119238,994.488912706306,2690266.8576958654
3.0,17.092857908587327,136.25019625690973,1416.25487402698,2476824.525859263
3.0,16.970834010015906,105.18345289759696,1526.692842644623,2428211.498892604
3.0,34.23371851312454,135.25595133112608,1444.9278278579152,3580782.937206516
4.0,27.28148677101622,126.38543234006619,1348.0240465669838,3536717.7011965355
4.0,39.23492333468525,124.64104526397882,1534.408926444808,3759168.479483168
4.0,25.827423541284702,149.57142037738834,1232.2823783295214,3791086.161070036
4.0,33.41665611955799,145.42942917175523,1377.4860921633515,3756207.7129131122
4.0,15.123101780354412,111.50363562171306,1022.4730564653661,2901129.1145727774
4.0,26.451565696006263,108.05153146516751,1485.0942301240273,3042274.461433847
4.0,42.24016572401098,124.42334270366284,1212.554797855565,3919044.4749934264
3.0,26.22648908982853,128.80317458362356,1695.084993843878,2967790.1766206687
3.0,32.574368221176385,146.36142337836412,1528.1866325069327,3616467.5669649066
3.0,27.969202453482744,157.11308960820404,2175.954930883383,3553655.591471866
5.0,17.980311141936753,129.01919301709603,1500.52349636729,3492799.2868234115
4.0,25.335847243828425,118.26991334359379,1634.3526072827867,3147421.064332207
3.0,15.854491079278162,105.98874118641473,593.8380922265226,2056824.589397027
4.0,33.93955870260671,92.48428704668265,1445.656679451869,3367119.405265215
4.0,19.061049239387163,141.002201584992,1221.4946143619727,3355389.716506336
3.0,26.993984927948688,162.41641659056774,1907.2492316705316,3402556.4223265685
2.0,17.317058037715903,128.79829984427099,1563.0532788692844,2281835.5879228613
4.0,29.05004406153463,150.1547672517578,1058.1316217757958,3843221.8689103513
3.0,34.90620180339946,90.97961936068802,1316.3125907389322,2711306.529473819
4.0,18.211031132376498,131.75736990650833,1451.1419635721315,3163784.209770885
3.0,17.981925514411163,98.79047838617248,1547.4262247595905,2318399.251702882
4.0,32.39397279179271,182.0381900945872,1574.4347792175981,4239839.970110492
5.0,13.012098794857492,90.03179745765107,1494.0882692782952,2706051.783824911
2.0,10.240436406980018,101.01802441427725,1959.378966085036,1620330.0991320955
3.0,38.02348585547727,154.92686115633026,1472.730089448414,3674080.4176118732
4.0,20.983031886180477,138.96372726210075,520.2852522316359,3242734.4302856107
5.0,13.752064703837458,165.5659645915581,1766.8755967593559,3677643.4096789593
4.0,37.26512997986107,145.01310663680164,1200.2714134926841,3946110.9726642584
3.0,32.918706280508076,83.23061485226346,1848.7852186036885,2724724.154620357
3.0,34.96878059851869,131.5537883489032,1313.457943586233,3279995.1620385186
4.0,17.923203813816002,135.62395786499923,1621.7505532594782,3079899.8187027704
3.0,21.39478752463405,134.15596430479283,1658.9528301631667,3006950.7201172435
4.0,27.27144733627699,127.45492939390567,954.9163606749529,3510449.3850404066
4.0,26.211625149655983,106.58781062402652,1800.460086189277,3164875.602219886
3.0,30.509022214216998,142.54837907942374,1466.9710353409907,3472580.8124819594
3.0,12.06433194008623,149.9121602124089,865.3216363336766,2882605.8530114274
3.0,25.775129161102857,132.76311687684998,2047.1898407867202,3112596.0407284396
4.0,36.454613657570626,116.21151129302046,985.1485207204469,3723964.1782663353
5.0,23.84516296663082,94.42679788675952,1511.692384778273,3060617.7986349254
3.0,29.186241989933933,112.46578412069675,1427.0819634515728,2887924.7620368395
4.0,29.712950208610444,103.86431960973647,1226.5802760615009,3157590.6851136293
4.0,25.90621718522041,133.45578154036536,1072.8301176809882,3432350.4227466043
4.0,33.536758458340124,84.57466191364728,1225.0599640541286,2835484.4875878533
3.0,22.465383523053728,123.17738028315443,1281.5891480633181,2624810.2854174133
4.0,16.80250395833781,136.40094086361552,1522.055253601346,2994838.544015904
4.0,23.929696161628947,134.87554511124029,1120.887941304316,3210009.7670583804
3.0,24.40234860510175,131.43304793633587,1494.5110699355353,2788789.917425745
3.0,13.994103860069725,136.7162412161087,1427.6433599735512,2517597.748972404
4.0,20.082658041335772,156.92814619713056,1202.8639485913388,3548153.7825873713
4.0,21.982320020069576,139.97965820715177,1638.941576652751,3276565.2191549
4.0,32.09696838245253,126.89828027366818,1658.1168240894006,3475696.056544658
3.0,21.592133912054134,133.65930924356798,1677.7783751232673,3007939.9242177634
3.0,13.058403898470571,129.54388831543832,1122.632947672458,2294110.2747832555
4.0,14.998347536071984,128.1692800370235,2002.508405456228,2939357.9330507955
3.0,25.944162801136372,111.74499358773095,1439.7609713227098,2666430.077793106
4.0,33.73590318584862,102.71149628398858,828.3857617399622,3175823.0569834826
3.0,12.891540224026443,107.28253152784087,1379.7142305732823,2160098.9157883245
4.0,27.222926354669774,141.794283146068,1650.043517306078,3696165.724245174
2.0,29.079866469768685,155.30157875626105,2202.607672201148,3141647.0583038623
3.0,20.22082457052981,119.59079031477684,1206.488099822751,2689057.987073565
5.0,19.62340561452942,118.71292169957864,1562.1726249404937,3254177.8510024548
4.0,22.09760982949286,101.50313400235049,1528.3177121174876,2805882.9066048777
4.0,15.590159738248639,79.88601758677451,1554.8509611315399,2268915.605140281
3.0,25.129728237430484,129.25558127216956,651.2766206955655,3015243.750924484
4.0,22.725876412185546,134.4762623309428,980.7203791672115,3337763.8712557172
4.0,29.993802303052817,167.31470695068248,1335.1487198631369,4046007.6502552694
4.0,37.38022647332875,120.40656006297442,1492.9585466983146,3623297.9234804916
3.0,26.371459864786924,161.4604709913135,1136.3644230006512,3617081.464224326
3.0,24.401460056139392,118.74754598460513,1482.3680260353174,2596503.4315732215
3.0,18.37675154531983,109.74738686491847,1496.2798666025897,2137990.193549806
4.0,26.95246782605298,129.72432870522348,1672.1695886157195,3306184.526709229
5.0,24.456995361106614,144.96003526585287,1503.8231844462357,3852339.316783001
3.0,22.4654981158939,112.65979590166998,1286.9528740119445,2448682.58547548
4.0,28.651182633206435,113.2112427808346,1860.6169346543397,3252040.151183543
4.0,33.7759930861439,128.9016679830674,1665.805585689427,3571002.1640111436
4.0,33.59199891875566,128.37140112340717,1305.6387738998415,3632909.059547865
4.0,32.936837653577776,146.84828535210804,1391.6388934034585,4183286.894876632
3.0,30.277951790118404,138.17019440730508,986.0990690005655,3318932.733692799
4.0,27.682241850425203,141.81915426784502,1153.9507546471823,3751245.6265946324
4.0,24.04319391919416,102.8724270886629,1295.0455257144358,2884085.7808049284
2.0,32.097510349827196,138.7990442685296,1511.2690275961893,3067586.765134939
4.0,26.701274452345054,159.02983483932834,1197.6473152440194,3639026.8325377298
4.0,18.123961572454235,125.4175408877445,1808.4016145565702,2843028.8361544623
4.0,25.77653434956508,89.99627682622312,1022.3064699675836,2715736.816780377
4.0,31.701246029053106,118.0435582284267,1584.107213920511,3282408.3479668694
3.0,32.56631024559557,129.3518506324316,1294.0384751196943,3168764.0105823386
5.0,13.93538042254585,134.83818947069767,1148.4866407749391,3536529.154195597
4.0,22.173962202642855,181.81567511088375,1387.0758497067718,4058326.5268339505
3.0,42.39864486682192,158.76855226045745,1166.0333872639083,4031025.2082909625
4.0,26.095470559955682,143.78725994183057,1861.8485398701048,3636752.2556136055
4.0,27.76945378794477,129.91562337931538,1465.0174831262636,3295304.8252503136
4.0,21.86683869688731,89.74488624622771,1058.2704875253785,2670923.0908171237
4.0,32.623180720515265,102.68317493045026,1275.4660377222642,3384932.6655266793
4.0,27.17661603320074,174.12751054613446,527.8780590686749,4271959.982885703
3.0,24.10858494821987,134.13664358481196,1475.7110986273046,2996313.4453603476
3.0,28.23969612936294,103.3656368568889,1445.4536063796209,2785052.16636232
3.0,23.44219766981317,113.2262472835728,1590.341590900369,2796780.535308981
3.0,23.042881001804467,132.12405619907707,1286.1483514318456,3042412.054235872
4.0,35.60839935023264,125.18492001515716,1306.9830980014515,3569010.4656201513
3.0,21.709477564820084,107.18494033247106,996.1137867420207,2599823.9872004944
4.0,23.15896735292139,113.27248968590388,1503.2812021068912,2959220.9494357156
5.0,16.79990103926133,107.99813604007393,1337.3268281065393,3088602.9938002722
4.0,29.311015615030108,115.52373007841854,1222.6000190294508,3427443.4034788306
3.0,18.839574158209313,120.0468166936657,1363.5150385381883,2605944.6468053497
4.0,18.492782942605686,162.88833546338873,1222.5168645651088,3539413.9515587375
3.0,26.89695116482962,76.87854472486725,1210.9036428095408,2093101.432320372
3.0,24.399546867291754,144.32021310339275,1188.7715218201897,3280334.2995793573
4.0,31.396596503445895,119.2367137907842,1653.8051170836504,3531182.249600661
4.0,22.443297945334294,134.92192509912886,1444.5596194504292,3285268.331965437
3.0,14.586818364088506,101.66553917178064,1236.3164172054878,1987961.6271970947
4.0,14.861800006225701,120.9507708227166,1301.5699302635342,2883863.9610023974
3.0,22.42900006838924,141.84206886820834,1447.4409404171479,3146898.5969297956
4.0,24.272429323382113,133.09839957349485,1700.252990713018,3250046.523378363
4.0,33.06157925815433,139.44283895722333,979.1683057268111,3789365.7606581002
3.0,20.829644326811433,108.91540196109204,1948.5968927090953,2456655.6791592827
3.0,22.49553762786307,115.23454944580365,923.0536412270777,2647577.6397181787
3.0,27.151159181866515,139.62452845618577,1728.791169087258,3242488.2562965355
4.0,14.555485087534075,162.8810916925279,1488.1756323785332,3510935.60859776
3.0,24.033866752086187,150.55135354957645,1700.0213968017415,3220491.900598952
4.0,31.978278419998208,137.10101276598544,1500.3834778039145,3677363.191033553
4.0,41.09813831617713,108.55570560090005,1404.413116485117,3814059.4596029758
3.0,21.70931707309035,132.0472099239122,1345.5851262477672,3005186.8679351564
4.0,27.354206314951348,143.50277614945236,937.3160978848887,3615292.447484227
4.0,27.39731227591335,157.748590668549,879.4359634344233,4016431.9761223923
3.0,26.61727775528955,139.12819932246606,1460.8380207120854,3045823.8364704656
3.0,27.732655939011202,105.51087204696952,1189.3706372587724,2871466.1956541426
5.0,18.494733172397392,120.23250656916784,1231.0858339444778,3252799.623310607
4.0,18.05499650092152,137.8109933959591,1042.8693380074665,3330471.366469405
4.0,22.70243425240346,116.7050003329571,1317.4769227097704,2857501.993002382
5.0,26.44594522882905,139.7554471548408,1435.7745090691446,3856127.542320449
3.0,23.784805134148492,127.6602972490672,1646.892010252942,2713172.0970496433
3.0,14.481832798535855,109.99905791614187,1166.525085122321,1948383.4090446343
4.0,28.266042960163528,143.14650619486937,1064.781100730821,3689123.531321353
4.0,13.750760483781988,129.93684494441692,1589.7472719674042,3123870.812446454
4.0,19.216429234554422,122.39688287213521,1114.7610332444979,2895951.801366335
3.0,19.34984489448793,93.31720853197527,1272.9014310559057,2146073.204562246
3.0,25.414693384125176,119.25922649000765,1216.8074770695998,2832143.164936117
3.0,38.50387238390633,180.96354663101565,1081.839963854974,4136911.9258419727
3.0,35.70818737889705,152.04533302608627,1500.0437000844947,3577326.7443112964
4.0,15.468542265239266,162.2882279115284,1098.6673394130546,3419990.1779843904
4.0,22.664398563558315,138.788113327978,1242.339339558009,3193807.4657310355
4.0,19.192766172640386,96.10396656168555,1479.360614683037,2574665.185974258
4.0,31.58350405711886,127.84009986457004,1411.177349673616,3830664.733691287
2.0,15.082684531325718,136.01177311760037,1756.269129423032,2218564.981620121
4.0,21.15481223672145,121.24209108523138,962.8429036264062,3035334.441254787
2.0,26.865976193752914,94.9664651675659,1459.7592267307105,2050080.9615972985
4.0,9.595259486105544,147.29542040906568,1562.107059586102,3119359.816666139
3.0,32.97255850951517,94.64048512260666,1585.515349667312,2620883.8130173357
2.0,29.882988434317607,97.82834136839716,1582.185706743534,2382314.627935292
3.0,31.29342167499028,101.28419027074752,935.6115250943166,2800293.073208275
4.0,31.25254098894232,108.47897368327499,1014.5658778683407,3084301.560214157
4.0,30.240360125294586,99.71328189998877,1777.8508653571007,2947878.8758612173
4.0,16.635010034362033,134.35158149837383,1499.4414483322519,3277545.3219814594
3.0,30.344593838758314,129.04555148955265,1691.8889942529852,3225127.7667186805
4.0,13.810690960589291,122.19621829899788,1166.1052133246735,2933680.5259202924
4.0,26.46388233260523,119.55688217597185,936.4300219807094,3135947.552508914
3.0,23.16468180026947,142.6145467446128,1192.777838200628,3069258.811817708
4.0,18.92794754733589,112.06294212347399,1411.1501811414128,3068159.11880088
4.0,12.38128676716807,139.145669856589,1714.732729054979,3027284.5363608515
4.0,27.072502915546043,135.60450809324868,1487.253968989649,3332528.0836601984
4.0,36.50820202366502,131.1645811860112,1324.5391527148095,3772450.427034255
3.0,28.55120794541164,141.691527452638,1464.431885852271,3073463.8662889553
3.0,27.905773674374448,114.83862621891687,1416.9537029524201,3015027.440910736
4.0,42.96141764038678,126.45546865292731,1525.756703016593,4144339.488309913
4.0,29.137555704314554,151.94665549221003,1076.95536450585,3777025.773768318
4.0,36.45373040992239,156.8095388935472,1406.4455374010977,4034835.1587667395
3.0,29.784723461211378,110.02632936399812,1196.6292391932072,2926796.61059984
4.0,22.167569776592675,141.8146667075802,1675.6572872842844,3519090.187450769
3.0,26.565735254754212,122.08244185717965,1457.023425997572,2940298.2657588404
4.0,23.85262481610889,112.26073361967276,1306.4592517008555,3128283.8379814844
3.0,19.403753537616304,118.82049358806543,1321.3177283500959,2389368.977802785
4.0,31.27737536465057,133.1143768025571,785.6874578712327,3674220.3853588267
3.0,23.127008062195806,145.04221053593278,1264.4237818286306,3264051.165526303
3.0,31.391918781290894,100.1119585971867,1982.6777079454362,2941287.413406942
3.0,19.520085163523632,127.47338263145282,920.056409275539,2818363.7887282055
4.0,26.40319326703047,136.25137836621795,1630.8680624239435,3660838.4599616425
4.0,21.28455776037994,105.68306175902529,1774.3770314727917,2717690.7303502895
2.0,21.870912981280103,134.42903077967716,1471.890676027423,2561186.1095278338
4.0,22.554744645332367,136.8538240436709,1135.2750560021886,3276163.806350368
5.0,30.56267084228504,133.06709873830587,1322.4393819586826,4090992.14412246
2.0,30.437322079370297,129.8259941571621,1248.2660531397319,2638796.497317503
3.0,21.57106838578798,128.19724120640927,1105.078994412947,2784733.276968662
4.0,20.018505534451585,125.14382435142308,1657.828922582571,3054544.5180403586
3.0,23.065176024096633,108.48639874018832,1761.008275365658,2706710.277331842
4.0,26.768005319472948,123.06194401333136,1708.2328264820849,3333841.6214824007
3.0,40.059002302465345,111.71783102609872,1550.9254963132091,3324608.3861941015
3.0,32.58543026382597,126.42210632152498,1565.3374397609086,3245856.5289514004
4.0,24.574810770617056,155.46792426055765,1031.3011363995129,3953515.107666925
4.0,29.395500760856123,143.41527505330217,1557.2704519506287,3508252.380002873
4.0,24.919858934438246,157.86659114063616,1339.9467014814695,3598153.626713338
2.0,18.3163567540323,121.33405840099982,1627.6917676864232,2219433.3291300256
3.0,31.047661069656662,127.04722200398804,906.1389861516197,3068858.7782798605
3.0,29.13381858698122,116.51872563435737,1418.7552658041398,3105651.773290949
3.0,31.744067777023442,113.56562038459725,1507.6538208162285,2919706.694769541
3.0,23.03018456492328,121.8507744330438,1250.1011132633034,2885510.720584137
4.0,23.807851302196575,129.06393616219628,1255.501008469329,3342511.4958326463
5.0,28.644783106642333,141.83010388410014,1341.7403470051772,4216105.4759185165
3.0,11.750818668439946,115.75102141487758,1270.929682278592,2208322.8702898882
4.0,29.588944210357486,129.31145045201245,1624.4920626512185,3640024.466067068
3.0,33.164562152879796,125.401634975984,1645.699003083343,3213572.0582108884
3.0,25.425315747000774,127.10684847787881,1093.7997743822152,3017856.818639459
2.0,31.4135021458835,174.49544709684614,1191.8135453960892,3527670.511309889
3.0,28.299281250876053,127.34289214507206,1126.51518570948,2908002.5772467884
3.0,34.6206368846547,138.51376061274237,1031.061435149704,3561117.1482008765
4.0,14.294016186046695,113.92608700362209,1069.0424983804187,2514538.8300171476
3.0,22.22737755201293,128.8134869372797,1587.2302816058939,2982964.5925131575
3.0,28.58007483199528,120.01072917674932,1156.9509284791352,2967550.9730516933
4.0,9.684173690714985,117.32322246457014,2046.313629599765,2665628.0954321306
3.0,29.477033843854716,131.0639709893357,1687.0842673098673,3150430.5776759293
3.0,22.115439017898215,108.32094706336397,1682.52716671103,2697903.714581265
5.0,12.37570611417076,150.23775791585453,1380.5653755002054,3536936.24151698
3.0,18.553326917818747,124.69019903836737,1035.387411566197,2404578.9145767414
4.0,10.926220009333786,107.69112138416163,1436.3519431548311,2413769.429704862
4.0,26.37776512707995,136.59818959887752,1533.208188329319,3489596.6252630814
4.0,32.94238943650961,96.05695213019237,1516.2383038043474,3269091.1653483943
3.0,25.107351100100058,160.87846933779613,1303.0859300112154,3425160.3622563877
3.0,19.549928000832235,130.64096350750782,2394.596195619558,2612837.472921943
3.0,34.31954835306259,88.23355738957162,1839.5494118762902,2734973.8081480507
3.0,20.44906655877967,139.92999750220193,1543.1202989738251,2773645.013863775
3.0,35.43018617150598,169.42085785823505,1684.546647185416,4101470.474663705
4.0,21.77531220449946,140.00925831192924,1893.6572124444442,3565308.514720367
4.0,23.396765282649124,130.1186357562964,1117.5642636155683,3279035.6611977657
4.0,29.98807659386919,150.23186068081952,1600.6232643581563,3886285.9560893094
5.0,26.255585891478216,104.38020066018933,2245.0234193164397,3315962.691995381
3.0,31.12050160166584,112.19718816173722,1746.6983067531135,3046562.8719154354
3.0,23.351392087430092,106.06800842841,1361.6234536010597,2619247.3296557353
4.0,15.277310917417475,115.51635315932165,1150.5607242347949,2642885.5536204064
3.0,24.62786786157556,125.14743606914746,1166.9208866296426,2826464.4045021133
3.0,22.11875795083444,151.35593140054087,1957.283625069833,3082924.746621794
3.0,34.79885067341775,128.11096288659687,867.0835126949198,3210306.6627201797
3.0,20.13373612703347,147.5637255047269,1824.4080673064855,2916576.926776044
3.0,35.55544087562675,147.11552528554859,2000.9629929751434,3652932.156409757
3.0,24.09027499063114,127.9917473630103,1453.7071456879278,3056651.1059903177
2.0,22.503987727817254,130.69435182145224,1634.525578444051,2542309.715075941
3.0,14.955760861862801,126.00558126236858,1327.2257058815671,2423930.3716715546
3.0,39.036203662904626,147.1310618029103,1479.318309952797,3905625.8533359114
3.0,25.87254595299155,109.87957897936991,1393.5115619276962,2785444.927617388
3.0,23.482602397703157,90.3942832568666,1148.8357870557834,2417639.980858053
3.0,39.538017087760586,129.17708007479098,744.8749198124414,3522130.903945469
4.0,19.35988637195035,143.3915446492951,1768.167732461264,3104424.511578969
4.0,16.042417219063026,131.7224091873797,618.7795987423053,2838057.446034178
3.0,25.41870631184965,101.71567219917654,1806.070908122148,2514933.3756550136
4.0,19.888999791547512,106.00139911364076,1472.4076933902222,2593650.0723466277
3.0,24.902226504940653,123.84857528478042,772.7597157295942,2832183.0269215684
4.0,17.08000342668693,150.5669538139428,1270.8533529799436,3223842.02941959
3.0,19.680870547112118,112.07474226372923,1285.4291734881378,2275127.7458769176
3.0,22.254659428026915,144.95971093707573,1180.6196677630498,3114942.8701196066
4.0,24.66891593648079,92.77662651389977,1753.272534345143,2614834.740117152
3.0,24.184016579349347,147.0456629716397,1068.7344726400497,3235703.957050057
4.0,29.486397283872737,119.5080545886921,1122.6142139689114,3234721.161842306
3.0,25.446939338511278,119.41537468719619,1327.1939190094397,2865841.974471727
4.0,23.89379987482483,145.45693452064916,1376.696630235959,3516530.514631527
3.0,25.310859070866673,112.93064676950723,1683.7663944868932,2583514.9936126573
3.0,19.7481560187441,124.3445017582701,1672.1122427000098,2828532.9993031966
4.0,27.10162927979909,146.69840992108868,1287.7869855224535,3779419.935726435
4.0,24.447825491169368,149.93742379609984,1529.6885437781295,3494032.160294331
4.0,22.39704012610994,133.92630344325616,1509.9599963924252,3143909.18730161
3.0,25.0963198279056,132.10833275778208,1126.7490735600056,3075730.94280135
3.0,28.31203149823717,118.08512966552067,1414.4490035290048,2994426.462689587
3.0,21.146294997554598,146.20144705472063,1410.8840237996653,3037985.808194993
4.0,23.80894743974487,156.4436135380704,1966.3947989323076,3602203.6834893106
4.0,26.801245056157082,129.6873284985619,1056.727888062271,3527335.7850782755
3.0,30.268972536504226,137.78085296761475,1463.5925671564564,3085687.2245935993
1.0,32.538721021056524,141.1867966358776,1367.3911418792025,2607406.602362098
3.0,36.46731293532254,149.1211477876277,1179.5204099760606,3664129.081411146
4.0,20.485592889421014,137.8105079147512,1235.4846000874747,3417399.5890849484
3.0,25.906119911878324,123.68297365589115,822.154809531651,2905209.182583891
3.0,21.88152692683554,109.04457522914319,1864.5523987452766,2632208.5480815433
3.0,27.6394077643672,151.0138426678585,1464.8257597019626,3473307.4119684272
4.0,11.011969737477067,104.67834186149068,1701.692301921336,2564862.8707423597
4.0,25.375054545444517,143.9076328791775,1562.951144035576,3518425.9638559446
3.0,24.4978231284182,146.90378509883274,1698.5903548702324,3197522.5887189265
3.0,28.234481496388316,118.36201686412176,1187.0407916899696,2969003.856858173
4.0,24.73593080256832,141.76052626811537,1370.7662256315994,3302578.465598554
4.0,27.711732820170663,141.48024971299094,1394.842852693133,3888717.0568855642
4.0,26.73780096619446,140.42243987085328,976.4447099512226,3486165.1792411725
3.0,17.5677909448839,138.68321376165045,1494.7564955514683,2918086.219744145
4.0,28.05008827336732,148.10209956087277,1309.0952215803406,3715347.787782169
4.0,30.578280285652045,123.44146929284207,1473.8532944057847,3294581.518576039
4.0,20.280664446402394,145.6888426063453,1163.9738867748442,3225253.9912968767
3.0,18.104202400611747,146.68577627381484,1828.1930021112573,2932706.674623291
4.0,26.303001927670188,114.63258918994487,1618.025452770308,3307769.4130490576
5.0,27.887195849717614,148.42424530287553,1746.5748035260808,4059053.4962179367
4.0,25.32845624216174,117.70806549599187,1297.7958935731808,3407017.166463591
4.0,8.936303831247042,111.56349945746953,1376.9667464246902,2292378.9959014934
4.0,26.99552632894209,129.7489915342336,1228.0539737496526,3586277.5211824896
4.0,30.734885658145316,105.52358317037206,1404.4894246715057,3315395.7322303
3.0,28.18001978459659,112.28095835719228,1377.3884914857015,2845978.2140712254
3.0,21.817475616551523,146.38491720325712,922.7989901432863,3217841.2480466194
3.0,31.014751659889935,125.2059193714367,1133.1285405028939,3036486.7048108093
3.0,32.258531655574764,154.1960822991329,1090.1397497250432,3697941.4956589784
3.0,22.533872730301482,128.80211327993936,1439.3686157645782,2898591.1718532816
4.0,15.859255562052592,104.76468939229068,1396.1869746345426,2537393.0007246067
3.0,21.122963602523345,130.9575463285214,2209.578203987775,2906190.944637523
3.0,31.16970590422247,142.61812657575183,671.6132312807083,3499960.7300042487
3.0,21.8329471816691,125.31070100026166,1185.6704618236813,2821666.1638452495
3.0,30.061499627180496,94.78336165221832,1389.125249265358,2675879.770256455
4.0,32.06245934209136,114.29279717367848,1189.5762035086327,3619980.118932363
3.0,9.082683509358771,130.61022830060847,1384.0751663981264,2443499.503533409
3.0,23.784409385439712,138.76914049120688,689.6390638951575,2835494.8036211077
4.0,37.82119441586624,164.59232927863303,1026.5398039139304,4428682.861409017
4.0,35.318541468579824,105.09561651935057,1150.7318096680701,3311211.425069888
3.0,22.3185017005322,161.89936375772797,1586.4226856076698,3425740.2006496
4.0,39.37882930946581,143.79018617518253,1216.221933241221,4030212.6895159087
5.0,22.669009426280407,132.34567343545547,948.0517230475867,3557601.9192520673
3.0,25.812556788033476,120.74107401231765,1264.7441652812975,2813225.394116993
3.0,21.48914636417139,146.05793941710945,1849.730840016168,3212996.206170675
3.0,27.79251548094235,166.59727696877366,1776.6579030786907,3364190.8859464084
3.0,34.491070249729205,146.2125601991279,1116.4481645192413,3673851.1710561374
4.0,20.603681602353575,156.85076533298536,1011.5359642070842,3524389.109231603
3.0,27.72818128804836,142.83881730656657,376.3502803808848,3360615.667816442
3.0,29.494387151164783,145.20001903261175,1476.0993504604473,3410004.4982529026
3.0,37.03180938416982,112.74399794429269,1040.9572712764748,3374155.7345778556
3.0,18.45380725139038,140.17303421404998,1380.5967211935904,2699708.6620604172
4.0,26.552254223880432,108.48225937771699,1347.6996718891548,3258720.7883433597
3.0,22.72658745597148,129.38667259284793,2058.018618858625,2626084.679771511
3.0,24.831054936419353,153.49138392795956,1732.9638692524775,3141150.2089444343
4.0,29.983865239232266,99.4654737714523,1634.7703095745208,2992466.9125067513
4.0,30.18156540698851,144.56551411752972,1163.521085095635,3670545.322881972
3.0,28.36886299069998,111.02460374391839,1509.2594605655443,2792707.178680674
4.0,27.43467342725855,121.95710545407444,1172.8106530749683,3456099.2023050054
3.0,41.63385259088647,83.78542454872047,1417.8591083365197,2982596.151597266
4.0,11.91039962307213,138.01388511262314,1662.089686628489,2821619.3143481994
3.0,19.172802448336377,114.79162051367886,1163.3598993045605,2341417.475710846
3.0,23.81469391442816,129.5466635747162,1548.8112979381171,3011143.2977328924
5.0,25.378252660997546,106.25716440903618,1042.4733846648855,3393641.088108593
4.0,32.600282854781604,169.07078439661802,1025.8792788659077,4100105.328173834
4.0,23.49349825172018,135.98554549151856,1742.0963886405382,3550979.7747784173
3.0,30.039252380861694,111.48016302323737,913.843160312619,3037150.892072494
4.0,27.15749439686146,123.52123582044192,1451.8621866704916,3320132.7111137803
3.0,34.74727691349185,137.6319852948726,1420.4334773861335,3339526.3561667856
4.0,22.556746403613648,109.50651982843979,1521.56967459735,3211134.1973292977
4.0,30.233118869874403,131.32660266525903,1608.4283745900157,3433235.943737935
6.0,4.7047337007584495,135.03003412070075,1693.6346379116912,3345250.074316471
4.0,22.056261025237866,140.68317724463708,1743.8382155483268,3472652.8688140893
5.0,24.28526060224039,130.5597246895141,1475.044918633595,3635237.349166235
5.0,15.159852187953708,161.884805534669,1205.0941102038748,3753831.3308573235
3.0,17.786958032393056,152.21644225848888,1697.840585570021,2887227.035225685
3.0,20.971885932094935,119.76547898364115,1691.7257716457316,2541681.940086134
4.0,35.29484224596671,137.27121629806794,1996.8722344992916,3871771.6991212387
3.0,30.433762165029044,95.26287475689885,1245.303468370239,2724983.6339649875
3.0,31.269326664347517,104.6931133203794,1692.2114576385245,3009508.144949383
4.0,32.70630519183819,129.69746809863256,1384.4941598932744,3890071.8886065045
4.0,21.93840659488789,121.11529940439405,958.5577984833016,2987001.7535772417
4.0,21.839985860794588,113.23381129132474,1988.4143034916408,2995981.2470290526
2.0,38.35577876800123,93.1297551503188,1635.6379516328898,2499647.694780265
3.0,29.719682301028204,107.5493851059766,1706.1587087025614,2995717.8288489394
3.0,26.761021854737585,136.212804579249,1255.7438259963544,2936101.193344362
3.0,32.207819110535624,107.17770200761515,1531.330959833883,2672461.7137551475
3.0,17.584782724427495,127.409070371125,756.5660397289186,2631789.326939398
4.0,39.10610023770249,104.22313555710971,1312.3150253341908,3510849.246555602
4.0,23.574128282718657,122.52128984083676,1721.288643829643,3352469.2433203445
4.0,15.58822296402248,102.4739877180063,1580.1156939124833,2394780.479670621
3.0,26.663174814899076,155.3734110957373,1036.7595601335602,3367475.4189689993
4.0,35.36440666913484,158.592506595365,1668.8900064273432,4068630.6263881475
3.0,23.363014664006855,128.70760767706764,1335.2957186955414,2711985.9391941885
4.0,29.35986711542506,128.71808552189478,1941.8418554746042,3352853.063024755
3.0,30.796461083530833,131.93068441221692,1266.5372395383324,3337842.9283757205
4.0,27.000455446237165,105.96805112656322,1335.4196114570257,2955091.934342672
4.0,28.162381623044848,90.86429062298198,1317.9057247901146,2784258.0291074086
5.0,24.48356831188861,119.60583692393077,1463.327417232355,3887149.1006354666
4.0,24.72924392232743,143.0017473528257,959.1932414170028,3676078.882479471
3.0,18.631044427677963,117.24723981832304,864.8035672276171,2675164.822368002
3.0,21.176574859813847,119.64124387276489,1342.6464201727563,2643821.1797962794
4.0,28.81691720831034,117.299970825797,1718.0389496331313,3451989.2697523176
4.0,22.69767764446331,155.0390659742314,1460.2832342999536,3693617.1513778265
5.0,17.710416465473863,130.47654307481733,1273.8022739646422,3535468.309641909
5.0,5.019612272107662,136.93971657358097,1751.9379743600907,3293726.2721676487
3.0,26.235815770224427,159.05536310982333,1624.5168104293382,3374068.458745123
4.0,22.83990446434742,132.88097344698713,1007.7058905664835,3195778.041440548
5.0,30.70667641839901,127.80533940802698,1622.1440749956964,3962314.003622907
4.0,25.310110222555934,117.25321550190888,1341.038654976574,3276403.2413383783
4.0,19.47181151820181,148.32470601619752,1466.417987315393,3524229.8759800727
4.0,27.01207958236923,119.64305862692098,1150.9255769381562,3500380.928652928
3.0,26.58477989144414,128.01296789553356,1098.972614256355,2730803.297753793
4.0,20.396100839509874,123.76345707330962,1044.5894840177157,3040553.0398758044
1.0,30.70350055732171,109.20127702418603,1274.672692623557,2073196.0539618728
3.0,13.919031793053756,118.10986909453457,1164.515793885641,2129747.1705682348
3.0,16.858959346050625,114.99770547005085,1255.8434558726808,2296344.6341003254
4.0,26.871273643696508,108.55816681997729,1592.1499873238208,3299532.0994955823
4.0,7.021197044278558,107.29030500368864,1592.2971421049222,2171955.134472551
3.0,26.74279029404517,127.20566027525798,1196.6209336433851,2948233.6080610473
4.0,33.77438991546318,146.48266376118937,1462.9395251537821,3823067.517525198
5.0,19.48604524283261,111.24424622832188,1156.6800736245796,3174171.6713930564
3.0,31.363586481360397,117.49156328732967,1809.2796234106272,3138910.6756226323
4.0,14.995691781507459,147.71730583406176,767.1508474067326,3016754.407661177
4.0,35.52677631086374,114.71100619211697,1443.1713100787877,3677582.720407361
3.0,27.67567534141536,130.21959790687816,1438.6606864866233,2878681.143714628
4.0,16.97313115721141,117.87603284966835,1493.937385692422,2843088.715402791
4.0,29.00249541182919,94.17146639383836,1338.9061616581052,2972632.4351009307
4.0,39.02004348226021,165.16486872987065,1941.3339725114201,4437530.482021285
3.0,13.848527514292739,133.3233754638528,1363.7942896378308,2441511.801645115
4.0,20.467254820397194,150.72923234550694,527.3787765221871,3371674.8317208253
3.0,25.50957299531933,126.91366334213234,1373.6542945481679,2950421.9264293592
4.0,19.19124382063142,94.71860953567278,1207.0582691233278,2532210.0786006656
4.0,34.77976985358177,133.41236007979916,1746.6957118312007,3831965.443716844
3.0,13.280196130438773,115.41667178042538,988.059747552332,2229612.2099374197
3.0,31.52474073625729,105.93322833963907,1444.8241706712488,3003663.1555873724
4.0,22.770623719590724,90.49867843246874,1255.0161861183344,2642901.6489304695
5.0,26.748325311755863,117.1820322356504,1649.8109497525923,3524447.646471618
3.0,32.10936288605514,120.24812181414177,1290.5428120411855,3013150.5728653893
3.0,19.99042354957402,129.58066886748887,1617.031206816395,2778483.2633738685
3.0,28.8316872540347,117.2012764068538,1320.5388587574562,2689514.9102322944
3.0,22.634474314141062,101.87183766758704,1230.0892494520688,2369272.66001679
3.0,36.891779621816895,135.62307130034313,1495.4023654303364,3661752.57845482
4.0,20.126260150655217,127.27785829067082,1694.3139158375918,3036360.1779289925
4.0,35.74031552175506,128.03349212411152,1589.4755146925947,3788016.4777728287
3.0,36.355327922876135,115.91576763695386,1466.9577495272988,3017350.668931068
3.0,22.997153422162675,95.78539415969672,1397.891389260063,2506641.2153116926
3.0,27.07125215507824,156.37074381052648,1183.242915675314,3492612.0762722837
3.0,30.681866823081332,156.05828171888834,979.8702150901431,3466807.094921387
3.0,13.636106135375094,145.68380847223668,1712.0851848402158,2706009.0551452404
3.0,18.41473639318239,137.09000264951558,1249.0657503194986,2631183.9075210355
4.0,20.490351475496055,165.39596475981125,1674.094755902538,3737404.124380629
3.0,21.019578620543992,165.28545800037278,1196.0582745326308,3296157.639580138
4.0,29.241551717504148,164.79523841988708,1599.0301585154334,3862523.259047322
3.0,22.39727902683573,121.68683266931315,1047.3130148469786,2576765.6903385557
3.0,23.929603855360625,109.82756666770732,1521.7317791988357,2495610.9255922283
3.0,45.760438028789814,109.803811438971,1515.9743021806578,3418472.052911034
3.0,21.75877918215261,110.10783562312281,1019.1442084185079,2668131.9363389146
3.0,36.11615418662759,152.47984789973867,1039.59075163215,3897416.245599584
4.0,23.693577485517615,116.88116823874117,2088.784719682586,2918757.678472369
3.0,33.42789021495274,159.1044499075447,1708.4132922639935,3803878.167116869
1.0,19.84379423191802,165.0713446269574,1313.9227303571147,2368036.8507929333
3.0,31.18079823724591,115.03422113638882,1269.0607775363894,2918623.6517953807
4.0,6.693661747633975,143.77524820831403,1158.6315418342601,2957298.9474144178
3.0,28.808932714553375,109.60497180508372,1206.3118307679335,2716916.398809962
2.0,9.11259266725367,176.27026796985473,1700.9096208098586,2527777.145984685
4.0,17.50213643324762,147.61968091897967,1287.0288586091601,3128729.445617106
3.0,25.67644569094687,94.67882426954182,1567.8722928961477,2357296.8374586487
4.0,17.725214987364794,132.08128088507044,955.1960654818687,2948860.756326613
4.0,21.533361946579944,163.75237726945207,970.141913903242,3640086.495903177
3.0,29.983919818836974,133.0857654124486,574.0433397706474,3272933.753218907
4.0,27.30325973069472,155.73851273484178,1700.4350171076608,3966329.577048066
4.0,24.723059723430108,142.8116966406091,1052.5057708723284,3512093.5753017687
4.0,28.767274822002335,108.27946186147699,1736.2494902931194,3353749.4720688886
4.0,23.26041504767853,129.59192043058738,1537.702936289309,3191515.749518797
3.0,24.47232891065868,144.98993423275147,1666.9154042760192,3277332.7252271823
4.0,17.41459645701977,115.32055476753908,1711.4313575702058,2667077.145904307
2.0,19.707117078160948,120.44022223527804,1529.763357957034,2261645.7608145475
4.0,39.05314700079604,166.70027964363095,1689.636774233246,4263217.21672391
4.0,30.401617506040072,111.72330473063957,874.7685521392641,3453891.620481383
3.0,23.970516600775767,140.50175194381785,1213.078509790457,3195340.159498519
3.0,35.14315519988196,141.8780595754314,1822.0076840632219,3407959.903580858
4.0,28.02320589679533,118.98390397341122,925.0549666517048,3284305.319822799
3.0,25.338168193458824,116.067462576729,1266.365190749101,2645635.7228895617
5.0,29.614673319290873,137.60283748460645,1421.6030620183367,4026864.5096191852
3.0,36.19609999155971,158.81125903967967,1563.8179649069345,3787586.242706708
4.0,35.25474154786338,121.97695861277586,1324.1458109958348,3549038.84593222
3.0,21.447032410834293,135.649970994909,1257.4860985710084,2980896.811455114
4.0,23.2662136921266,127.25845060960452,921.4904063174663,3225138.249461169
3.0,26.249861359976705,119.30558873813769,1247.4638717041214,2944226.8899515476
4.0,20.381228426143178,162.78594572774057,1541.3385934642247,3516024.611155091
3.0,23.571692137214797,105.26255314124373,1611.1001190193306,2457387.9618101255
4.0,22.59160820745127,138.38072331211373,1632.6655672050683,3510752.4225574196
4.0,25.67601708399174,129.25188059817393,1386.003983401077,3236626.9985241313
3.0,22.199906271234283,125.47349172597589,1003.6618726380586,2837388.6059690434
4.0,30.224718531352593,97.30687830671462,1718.7839564434923,2967561.8929723655
4.0,28.055594720765757,115.52121103226683,2140.634333969885,3301432.8703370066
3.0,30.480723643660628,138.50011786441866,968.115573031209,3247694.7046668385
4.0,32.43174638499864,101.29560457703236,1827.790668369798,3056422.0629594335
4.0,25.122374078417593,139.76871797723933,526.0769644000891,3546810.2820498296
3.0,28.496637395424518,153.0185196704591,1892.373405617325,3383556.576212588
3.0,25.489042467860276,183.5805019758081,1809.422860524747,3685492.213547641
3.0,17.828732777911068,123.93058707243773,1069.2937266274268,2315369.3392936233
3.0,23.688692054721496,164.83865446435124,1045.1182257784194,3498749.2388000684
3.0,19.434448069108296,130.33129457450846,1129.3915600735277,2735260.8252404146
4.0,21.20529038272826,151.30036356989046,863.5970201828584,3538532.091022964
4.0,25.416095430328834,171.20970659201024,1183.8379897957377,3964636.084663147
4.0,35.5519220535121,85.41346586166281,1552.1077724406543,2943196.0144636314
3.0,25.940837857853055,143.54733336265116,873.7833891889459,3297157.6740926774
4.0,30.75508154958117,106.40035538690914,1676.6543853643468,3082905.069186479
3.0,23.949441587947337,165.38883438401785,1411.7904372896887,3315397.356271306
3.0,35.03043308570457,119.39358666764056,1544.0683386502378,3044093.370329491
3.0,28.57489915306404,141.6205612554001,1475.1141021557876,3406929.284883932
4.0,26.607689071615063,66.77460628950847,1547.2967352780465,2570138.526201144
4.0,30.419478483985316,110.80020142539726,1296.9086772648118,3536200.935386352
4.0,27.194726799202037,142.21750796758676,1073.5364192002926,3496148.149176847
4.0,27.706778353817324,141.8873811112789,1928.4992937695868,3453667.8956563706
4.0,25.14174571299659,120.34188927511369,1188.7225860448239,3025989.827875672
4.0,14.324425507240996,121.33235858418057,1670.5260162312952,2716398.101819263
3.0,32.50669161900787,126.30078043386736,1625.8376471822014,3257441.4148365753
4.0,22.20115297718133,134.7042597158133,1044.4857333676289,3147009.009535136
5.0,32.64156160308542,92.87965667854597,1014.5156201462901,3557741.625854607
3.0,22.821501602725792,166.0808155732782,1352.2984810908363,3133966.2626510398
5.0,20.9017345835264,114.38391834593446,1737.890237502832,3522192.640860305
3.0,25.248449238987373,132.5192290830912,1024.9977415141295,3155941.351378149
3.0,20.67359267453052,140.81140662312828,942.9311837403619,2976037.8733710404
3.0,33.79081577993205,115.11366005432676,1139.278866389872,3042415.664668444
4.0,29.835404602911854,133.90438309865547,1473.4917398512596,3522805.8388407403
4.0,24.6807527739248,102.1653863961385,1106.1964747528054,2816859.587326391
3.0,30.36827087314719,120.19629755996263,1547.7722615612408,2927948.826962673
4.0,17.81833675931723,136.31054991958837,1254.0912151826826,2949042.8296128893
4.0,31.201627494603787,91.33604664376738,1679.8279848106022,2974098.638558259
3.0,21.658015135398056,112.24952394238252,1249.8168561219165,2712488.746946032
4.0,20.055850819311836,159.08153612561063,1636.275693536737,3659619.6624035896
3.0,29.17523201467366,140.23570367683323,2068.3632102590545,3288731.808862282
4.0,29.535016633091814,123.94065786847835,1200.7379151520847,3522041.069512131
3.0,21.318553354584168,144.19954398522918,1824.760714736195,3037899.910140026
4.0,24.15287623525477,108.88701825442672,1542.934285322121,3128502.385906065
3.0,24.43279344956681,158.73696759366,1336.8845977938815,3377605.488403483
4.0,20.745137398463157,122.598169172687,1198.6612724805107,2981040.209666719
4.0,21.831058439564206,122.8411806658738,1240.1326568936925,3361572.1657323707
4.0,20.757130098031514,144.52958480955243,1414.7895890219822,3377475.2579599656
3.0,38.37254328575667,149.46237113010574,2221.679458926253,3836450.2055965625
3.0,18.78934939724614,126.25152220127106,1887.6041011109508,2554579.3323777495
3.0,26.2276008868984,182.31519234829236,1432.0263620871265,3874663.7439815607
2.0,25.639402880999235,142.98443177230888,1142.042191375036,2853325.4263661676
4.0,15.75661175595084,84.21073366293302,635.4234305901994,2442894.694550917
3.0,8.101122870815313,143.62171581368676,1209.6705184424268,2364673.025874934
4.0,10.01733351892285,116.49176313787453,1633.138533206213,2579374.82648379
3.0,32.98219342737012,97.49940913367348,1550.457348515739,2845190.311084126
5.0,16.056801987971276,115.10269936142392,1837.823188991664,3221179.970804676
4.0,19.88027335643282,107.14555826406902,1345.842929268554,2747513.457499596
4.0,46.34288315213741,112.39959495509092,1481.2009622428502,4019218.8299765335
3.0,17.506551258333104,120.15971565576518,1656.9734879207574,2550215.7033488704
4.0,18.80739399124389,164.4412926554191,1104.8155587429953,3661402.868420061
4.0,31.685737510521477,95.537446119154,1256.9767138335583,3289373.780624222
3.0,12.451085038460333,147.76686115018026,1498.6400197451007,2571346.9256461198
3.0,36.3594823728808,114.71200157454938,1345.9659928218532,2945301.0320827123
3.0,28.408511788221652,144.10066462378228,1254.7523713055743,3418680.3606039803
4.0,40.615777285871225,129.36295402199534,1179.6715180409185,3950118.2457988076
3.0,28.034885306000298,130.62079974939175,1412.5449482690406,3051852.6033604946
3.0,16.189182254148676,130.06169455769327,1416.4522474843893,2470066.1797814667
4.0,19.259958680811472,135.160473903053,1588.3973980307167,2998511.7317515374
5.0,24.47974396085455,145.35105125204552,1457.4380041754762,3849495.682224307
3.0,28.797236060800174,138.081147081744,1396.5107616860012,3222144.7363699973
4.0,27.76891329751587,157.62592231401095,2093.193217575633,3728298.1842849003
4.0,31.699134368066485,120.25214354013494,1392.3065291376913,3458322.7126970836
3.0,19.435942541801264,163.64820914738561,1072.4198283712692,3367429.277660993
3.0,16.99572786317541,115.72670572658235,1496.2770503747429,2166620.091250129
4.0,15.329918632610964,103.17848112649354,1452.4542968064231,2587739.791829624
4.0,6.947978222113432,123.95532022982104,1321.576014260199,2431551.382194319
5.0,23.5991842170266,126.24122381820386,1291.6970831934611,3548793.291366486
4.0,31.60736216540734,184.83416748301633,1659.615947299247,4212753.828274513
4.0,10.376351047054763,166.81700553294678,1558.9955843778062,3162651.6846867534
3.0,11.841176214557997,124.27896623144386,1332.7182833533975,2039262.7469979736
3.0,19.78978201208468,142.85942417315775,1199.9769582598844,2919466.9911839236
4.0,20.963893570780918,123.22116119709867,1104.1569066243533,3167678.5038581127
3.0,19.649106782526818,161.74642810037,1329.8328977841538,2909502.821540854
3.0,31.89517677802195,129.79124339125906,890.8619446119098,3315914.5898275827
4.0,18.34648837713538,143.04680740509417,1605.7769417754678,3208099.793998543
4.0,33.20608697670291,136.53503214044846,1423.1987674785046,3622674.7059550374
3.0,19.500547693713884,147.22540452778662,1387.2411144286755,2778603.7914638813
3.0,27.802466228298954,110.91214976385879,1161.9814970190441,2564374.780680936
3.0,23.343614924400068,117.06094105026753,917.136831732517,2705359.714267036
4.0,28.08561251084003,135.12708876853554,1145.4791615222753,3456592.95973271
4.0,31.92131995179929,118.77008747380606,1667.3769202969997,3500030.063251658
3.0,21.15508944230854,133.27305621783745,1416.6702804011036,2703230.443063866
4.0,18.096142427192962,111.56454175219113,1736.7549089971603,2657167.3891516807
3.0,12.759731900644681,126.50886686522128,1278.6832976262722,2471821.466721066
4.0,23.772686218018055,141.91500755623693,1087.624005200244,3693338.0491035823
4.0,21.404652414520644,139.73908244829383,1136.9020431230108,3212693.5567486915
4.0,36.68447911677973,151.7186142289467,1314.157054126008,4210924.471560933
3.0,23.695184133703272,130.38019798360904,1529.6824700508002,2783666.982341238
3.0,22.294699464668003,116.8964843031876,1615.8519698405182,2537033.7549387203
4.0,23.278985858715327,125.26691058554236,1242.7637828449333,3165224.8744516545
4.0,33.82726335410007,140.1472744129362,1377.0802390514414,3848458.2292260057
3.0,16.18792214447882,108.20217094072545,1465.611511356726,2106775.7941804444
3.0,27.865560103722757,112.62676662134814,1794.460358208758,2888394.169716036
3.0,23.10930362074856,126.04274008064769,1280.4384688900159,2643854.023142278
3.0,27.836654836380177,133.6576331151291,1125.8256899815071,3299279.869765929
3.0,28.338712068282973,179.06653008260258,1361.897785268985,3922735.74588678
3.0,14.283829873089337,128.84252023430008,1654.1726078322001,2244388.3905205945
5.0,12.519923801828364,141.09972909843498,865.3600586547786,3313536.2545152702
4.0,33.48495377146647,136.93796513023528,1930.5715374067659,3997725.1718120277
4.0,22.84735693032786,134.28141567144195,1357.6494647466147,3142727.0315446504
5.0,36.810892581984525,123.0405083212712,1354.6411124726385,4061608.363247891
4.0,18.36948981668664,117.58930333271707,1461.9820815298415,3126887.196677906
4.0,16.75107716167759,105.38334377591369,1284.7402641501144,2683271.7583822496
4.0,38.58496681872912,126.5870888894987,1489.8383779772391,3704139.425088068
3.0,33.39351576061562,176.90830535206297,1240.0690503986793,4040320.167245888
4.0,28.576783398727237,193.31885195193155,1132.9624593095557,4497328.1780676115
3.0,22.999957852379357,140.97433427952535,1657.2583507750785,3003406.9739776165
4.0,29.063365707415446,105.78947124686371,1494.3683513931207,3308980.3491327683
3.0,21.591510083141788,156.0088392431977,1828.1807390812078,3004596.6758703915
3.0,32.129730162178696,126.22114137803959,1240.537059793632,3370881.743495349
4.0,35.063651836249974,133.5242059812781,1397.137634609795,3663861.528971972
4.0,6.482455742904698,105.47056311205648,1135.7183451196179,2073749.5717548055
3.0,24.964676372498356,126.14062849686957,1465.9409542769847,2932274.8036411307
3.0,27.422861648354267,123.16175107751357,1697.4731746217844,2684959.718647142
4.0,25.356622169914566,107.7576202442242,1057.094443548019,3032427.6675007776
3.0,14.278507722287568,144.79296670188126,1431.0455572377234,2886071.1696445365
4.0,31.535640377192106,161.0092703129336,1019.0034921745936,4254527.95837347
3.0,21.406759814929085,143.9559833933186,1172.4129337437673,3081003.0062865475
4.0,29.46156810665266,121.59092680257201,1433.082807480697,3366938.4949803064
4.0,30.92700928233029,150.65054631857535,1430.057875479963,3782610.2791898306
5.0,34.31910597629093,155.3857997593197,1428.0208574061683,4381265.25463792
4.0,22.535063159474642,139.15326011600547,1492.368983730601,3228559.086730747
4.0,23.8773467950094,98.90054324289511,1507.93631057804,3005736.8214196097
4.0,21.78201447222177,155.3040586591139,1470.2327710332029,3534003.712037177
3.0,21.920887886414928,117.77633147864668,1217.8978618905242,2480481.8666915656
5.0,23.509677649007546,125.63255748975382,1267.7445920047376,3518297.6113321898
4.0,31.195646375842117,145.75963357383299,1663.124704589906,3920047.0697706733
3.0,27.5151816727904,136.5945754027989,1289.754154256324,3305356.545481084
4.0,30.39719189991775,175.4239637314701,1397.508268288698,4086637.118469954
3.0,24.088108509134567,137.77966198730581,1754.7819935038553,3205431.6812451747
3.0,32.516340471129766,117.93120055969678,1771.027624912164,3198054.657508062
4.0,27.004563242502496,133.36034572080217,1314.1442137633856,3473212.814447008
2.0,28.732113983498785,110.2942081616893,2026.305054294235,2411991.384970039
3.0,31.937484279432717,135.36486906150066,1189.9052058597476,3183595.2907641185
3.0,19.992921665971654,119.64433350042356,1608.19565321408,2471067.104988795
5.0,15.234814990628026,124.96445505126151,1231.2846909868788,3140884.1167164464
3.0,30.270252528486566,117.12847539275994,1836.87767872845,3014771.6795087475
2.0,22.67161016174558,114.80512463319957,1545.1744445768293,2224551.51978168
4.0,21.279349537378508,145.1689742605776,1360.1450279369308,3413726.968190986
4.0,30.69342610304024,127.60684383341518,1329.07069293247,3409895.009980349
3.0,23.581436857104077,179.71290899067688,1667.2441281522078,3680949.739423008
3.0,20.933989000367404,139.91197212782583,1548.5858881659806,2759463.129198362
3.0,39.55660905103384,111.58304237639675,1630.7278149138886,3166347.610568633
3.0,18.82513675186965,139.69285359800787,1592.9974870722099,2922898.790289212
3.0,25.736088905239214,136.15687617702628,1328.571814656178,3122492.772685845
2.0,19.442605393365426,106.2629780842147,1144.1108217622486,1689526.3708305978
3.0,34.89812562407012,104.52988540161121,1836.8524313234184,3014113.3162774052
3.0,23.867425618637718,87.69479268789303,1465.002888554251,2425933.012566031
4.0,24.041789975007237,131.82811568899393,1317.4495828770162,3261652.602210938
4.0,28.196490112808668,116.27846434286828,1073.4172872215534,3186089.802074371
4.0,23.719088223110194,116.94487307557029,1623.525751998727,2996519.4010139145
3.0,24.45710686519839,118.85677968149541,1894.611220933153,2840775.356766711
3.0,24.979241507165753,97.38244600285407,1547.0929217610474,2201839.241992295
4.0,25.692642165402816,117.97903206522565,1285.0943355521433,3028257.299861686
3.0,31.143806432646446,112.61586746971028,1876.1781065418643,2983534.5115746716
3.0,25.98802027240048,126.70626991622804,1297.611236095408,2797361.268271356
4.0,22.681143490621754,143.15259297515593,1359.3160629252764,3331839.478086127
4.0,22.514877014103014,128.72387897185138,826.2210876673169,3384166.2178404196
4.0,26.672235159508784,147.2174045578514,782.1053021847281,3810871.420248189
4.0,18.682480693860626,105.94664629437324,1509.1382028347414,2763062.889588776
3.0,25.177363674943116,121.3973097639913,1415.8990413527176,2754993.984108917
4.0,32.86510480039328,141.5970798216623,1022.5629114769301,3804209.5671023177
4.0,18.225529029316075,147.6465194237257,1735.941453558724,3538358.7408526023
4.0,33.994958484139424,133.95792002401913,1237.069306662915,3747548.779566588
4.0,20.850927250807306,143.5031562471168,1611.2077100507931,3326433.601466002
4.0,24.59076942897529,137.8633899181109,1684.561778135094,3243482.4082772713
4.0,26.5280978928548,148.36002355043917,1011.4534161885314,3758666.6539227245
4.0,25.88636527103132,121.9875035816109,1807.1626818347295,3273203.9800168974
3.0,26.635414892240497,119.7877971121205,1419.08732982903,2903320.2699298677
4.0,35.0427017395788,132.6790552165903,939.3505083478473,3700456.714703169
2.0,13.56979046682579,132.2092971019227,1375.5800937396664,2050890.1245327122
3.0,19.77801274990262,110.68335721761397,1163.2558340511616,2506902.081884451
3.0,24.533596325743197,129.126516804885,1533.3880676812237,2657135.5532703665
2.0,21.94570906066697,145.932966619257,1836.0605690737736,2459950.2955861976
4.0,21.744035273296916,126.27260500867312,1366.7158007645335,3068754.9774331236
4.0,14.087791379576176,101.23209774038378,1432.4268259018493,2418274.0935853007
4.0,33.99610972232598,120.36357649797428,1255.987423157947,3448091.354193053
3.0,24.664177939098312,107.38939393983,1213.3417200715623,2675323.282404267
3.0,28.231485487653167,173.41932727426519,1405.9965954439363,3777431.9808955803
3.0,17.74305700526723,132.2824503710741,1429.9771724872774,2735452.109112382
3.0,16.315343131795778,129.47384834292487,727.5409881418905,2765936.7636142536
4.0,29.48211397298522,122.88237528054393,1410.1611757986802,3630415.2054590145
4.0,16.783015559446348,155.433450045901,1457.04026338578,3367436.369318105
3.0,32.88246027245162,123.0817960608988,1351.8632092293224,3045790.3025652226
4.0,15.799915049514524,179.91030974043497,1567.0643039155493,3547818.9715165794
4.0,25.66971965307745,100.24423885930794,1283.1326943818856,2913281.356882041
4.0,30.396290188164706,116.49669899670721,1280.411383871283,3369155.9049299345
4.0,28.266994725779107,142.25359570829454,1439.4905893371474,3754646.1264194087
3.0,16.166610816709557,100.56683626979576,1452.295284762295,2206498.502676798
3.0,20.39773944871695,119.9765681602942,1531.195422904218,2631063.9152909024
3.0,17.935689316886286,148.14224396472957,1093.088712246261,2902177.0855505625
4.0,24.05344782214976,153.65537733626255,1384.751131122794,3545907.8123677764
2.0,20.09752857121462,144.5834793375543,1200.1408086088984,2230510.7360846857
3.0,24.568684011667425,95.40943079470601,999.2592755319511,2138801.6819961546
4.0,39.4005198442113,148.18773655118136,1596.2530424617746,4173502.4407833484
3.0,31.644346355766825,101.0482978775674,1117.3844163106587,2864817.067909225
4.0,27.34966022509765,186.89014854885102,1239.3050009180654,4126087.1513150693
3.0,32.311492446492316,132.0713069694745,1285.2882502020882,3376532.6523268893
4.0,29.6796541677589,143.78772907119904,992.6047894706496,3566445.4840540714
4.0,26.39258690519212,137.2651216148863,1167.0653066399402,3319980.299988501
4.0,21.514739932574596,136.6496852111403,1928.3221186261553,3396968.573602035
3.0,28.345827119229025,124.29006978621997,1463.0686989745623,2765609.6239114967
4.0,35.37764198289415,113.0210838252134,1007.6731579228162,3626610.2169435276
4.0,13.269650349951387,132.3435738204201,1656.4101059265088,2790711.144626965
4.0,23.55657077572731,140.7009922253368,1434.6770157279739,3367026.1459858273
4.0,24.901105098800272,111.15029413015904,1262.0466727127737,3021016.7388414294
4.0,30.257762596935354,128.51413375566202,1503.3757412003201,3370890.5607163208
2.0,17.23295141643486,120.43094391012356,1115.2650826373651,2110647.162208924
4.0,28.99319272478061,153.00958142153837,1935.6668078289772,3849382.0947625726
3.0,18.56960872310375,183.72163656957525,1339.1004305719669,3539161.8627865994
4.0,27.469088313079652,128.24937554973656,1217.7052463825207,3464667.067451221
2.0,27.144852699094827,131.5511779837151,1513.3563994736812,2725019.0811609547
4.0,17.174795108368613,180.70877475984224,1273.0220134778194,3906100.502053223
3.0,28.958319790743555,122.93032907435213,1312.2454688287123,3065106.244714031
4.0,29.600763740205988,134.9234804677032,1479.6461118535428,3558720.325900339
4.0,13.624377859363303,133.14302991292757,1448.4342025104709,2956261.891820129
4.0,24.080123155856935,117.5781756357747,1180.1302171464577,3212288.8729932844
3.0,46.62839402294291,104.63561584968583,1596.5811211834014,3466755.1765030795
3.0,24.30024405846127,93.91552065098745,1358.8831565600103,2369786.372096822
4.0,12.449287975961346,97.68415399736533,1825.3141940324183,2242756.7944787187
4.0,11.730847202086883,122.47409232706885,1602.1458087927701,2652245.872055319
3.0,24.2633441669531,168.72824840564354,1918.0720875185382,3504059.5431389417
3.0,38.04156928525757,130.624786415811,1923.5242878342997,3650360.7642604196
4.0,26.811808789159233,107.08787415443075,1361.8125245280874,3189545.3504534652
3.0,27.152113878592555,113.36215554404949,1777.3536939779099,2724317.5414079395
4.0,31.10121525907311,114.13905456784639,1262.0039893203207,3485348.686709389
3.0,20.376823056334633,104.72184416030038,1556.8230444112137,2498077.3349558804
4.0,44.54773328978276,153.74554855254365,1420.8463871827469,4383104.987055987
4.0,29.24040219714811,129.70992246235352,1491.9497927255006,3548510.537261342
4.0,33.635034322654846,136.8783050009606,1395.384300491468,4037196.404095172
4.0,33.29385889453235,112.31198683406588,1079.3454116405442,3344282.1762785786
4.0,15.229833468016126,102.95261461516756,1538.502331454664,2427604.64439803
2.0,28.978557298419773,94.45069833449148,1656.1250165123108,2266587.983810491
3.0,28.272654402547403,110.82621954356323,1635.4185065942463,2909876.2719233828
4.0,16.151537409501977,135.93012869521903,1037.8531110984495,2901113.0703479275
4.0,22.08494770422345,107.2970925831869,1510.13086905398,2880527.401704498
3.0,24.717133588153665,115.32136938890474,1335.9285001633223,2724057.064958604
4.0,27.249649226169122,129.79926329029468,1281.5612468992633,3314997.320565582
3.0,23.789635005586607,118.54698781752535,1379.6947765862103,2858189.340970382
4.0,21.60531948562238,146.18222241729617,1592.3474068121934,3362127.582754488
4.0,21.6754354750756,138.92433635633273,1123.3471990186008,3240302.9600073956
3.0,16.38890217979477,93.20474281198408,1350.1260501480922,1896479.9768186568
3.0,27.013875590635894,143.7626089209444,1244.4782102866134,3080009.6258948203
4.0,29.553350871287915,141.40772545641704,1266.9637936817326,3600496.2534967437
4.0,14.996940454080441,155.88176320764424,1496.4123608680436,3490811.1656466476
4.0,14.914840773391006,125.84713071623041,1747.1362678911132,2659624.6629764894
3.0,28.271782074247206,112.4716255764022,1731.2434735823906,2979524.558600097
4.0,28.135796820100317,170.8527527138306,1122.8769871247587,4226224.5776164215
4.0,27.56380924271754,160.08757757831026,1438.4054332522753,3750314.2295341375
3.0,23.06689446267829,170.11733094108905,1216.566074051932,3597441.6229866976
4.0,16.534933822103987,112.70112387383486,1433.7818099812762,2634151.759288734
3.0,35.35316483664492,155.96671544944058,1521.881400423326,3639984.7903491394
4.0,11.212001788067141,123.77218665693388,1479.2542495222356,2630700.0742842006
3.0,23.304589252624037,119.40128653186386,1535.818740413241,2694253.9727566373
4.0,34.40971365259785,141.07269789794742,1375.9112774759942,3827015.203193443
4.0,24.318301743265664,108.2098577742056,1062.7834654102794,2889957.7142030755
3.0,21.568685376815097,122.48438428584973,1908.2154881258982,2660168.738362618
2.0,35.24966177321615,138.2587551486564,2121.397340762617,3147010.77535277
3.0,16.84352558296772,162.59268703895137,1252.8180174944887,3227917.8470648206
3.0,18.68909502314568,115.55439840597292,1000.1578531284888,2342841.432930966
4.0,20.46966095313223,111.2122181449991,1499.6380264251934,3080242.7550891573
4.0,28.751630613243446,140.6052921997151,1069.9303313067644,3725850.3003881993
4.0,27.360587634697747,120.45884568854208,1099.3813829424068,3424589.101702586
4.0,26.733931596317888,122.36037110678552,1678.8281549803862,3258712.040492454
4.0,32.66312013837709,123.65443996980586,1571.2451108897064,3480590.097306647
3.0,21.294071961447752,126.55241544407714,1333.6057415801374,2880115.908795909
4.0,31.278000852929097,123.97084078358375,1134.7716248374638,3580507.6806614655
4.0,29.301810709980767,158.97249162019253,1180.7429919760027,4048349.4857112216
3.0,28.885247243293065,142.17434863940719,1464.532746657316,3378395.8192555583
5.0,16.304306411993892,112.37649022395144,1351.1370855154864,3267774.403025405
4.0,16.035175816074755,113.1696221795491,1428.0459931059522,2631522.510626117
4.0,21.845531287888,117.13776082814458,1825.468521181128,3128973.652692254
3.0,23.12398988633187,160.9930523254363,1169.802467311191,3358948.308204142
3.0,25.53236900581046,145.73002414630608,1487.934271116307,2975316.354779496
4.0,29.9147472421492,140.16631281826656,1518.3744975945644,3808885.7718910403
4.0,18.258642325506496,86.2179993152795,1372.7606253939828,2328712.0409680423
3.0,13.123386356983168,97.20418540249065,1455.682251461917,1928681.7969076876
4.0,41.345348173623876,131.41018429389854,2031.109736807823,3962822.0052751773
3.0,31.15933925231879,152.19579127742742,1490.7648340382682,3345389.491603153
4.0,30.68643456923793,146.77255099595692,1310.4010107613026,3721562.048815659
4.0,19.997164709131074,176.72540293534604,1267.5869875024298,3923818.076192836
4.0,32.83561894768715,80.25357922089646,1533.5652479690011,3177659.064254574
4.0,23.861235319347138,144.13425789266165,1437.0062979655147,3540293.115753336
3.0,26.60905507688562,129.37621245812534,1261.547748314635,2968183.5145612704
3.0,12.102369749762945,105.00656854065502,1649.2040284339898,1994715.4962805791
3.0,25.191096596094532,106.4198941812937,1283.8229022793066,2576723.4256016808
4.0,22.578629338588925,167.46857019708543,1665.7623873531381,3735751.103346825
4.0,25.30831091619589,115.22467584888976,993.2213185558863,3027765.1969052246
2.0,14.363955237183019,158.26087253143004,1322.2256869186028,2533949.689288128
4.0,12.000263143907073,164.65309222675035,2048.0640777784442,3374466.7859662264
3.0,20.297648820210107,137.59287878722876,1924.4082220401947,3024539.827538316
3.0,23.29318652002528,155.08475211400565,1709.9915473754577,3292806.044119345
3.0,25.92271784905542,131.05459667227058,1325.3393640461384,2912740.4337412147
3.0,22.72000015412113,130.67612435103638,1406.1313028835905,2719544.6579915425
4.0,20.868058610925843,144.39644432688442,1223.5238591706159,3306492.389355121
4.0,12.090506108440911,127.3274194134317,1693.532219048665,2753553.5632666983
3.0,30.340129152437985,142.35090900701516,1114.5269671550977,3480742.4741497445
4.0,20.445956643219425,98.53651809537534,1464.4005684002448,2746248.741607804
2.0,27.906824668271646,141.3036618903484,1532.5361035883407,2928579.5743490085
4.0,22.785546768239573,129.3420551114089,1311.0302417142968,3063358.884692692
4.0,29.815020112271196,119.42090469310264,1583.1583261441128,3622057.1542016068
4.0,29.723148040679362,144.75497145698608,1188.6029706207867,3618360.4995903894
4.0,19.27834476868168,125.24360870888661,1257.2577829846693,2836257.776719041
4.0,12.67857395824087,140.2125998861887,1733.1137319322502,3195785.557544806
3.0,21.05058497776935,93.8578959568299,1290.116851841071,2439933.1279132767
3.0,17.977373417931144,112.73512361764335,1065.8433321630437,2537893.841011092
3.0,13.173585892344672,145.86871611822164,971.3273335794876,2795704.289873839
4.0,34.47900411277104,89.66153115857084,1521.6407625022082,3073031.5710319234
4.0,33.67772741267727,124.839173424948,1298.4120996142328,3601497.200329668
5.0,22.096052879822192,145.49979355176976,1423.875226114541,4072466.6779976934
4.0,25.409102438065922,127.00259442493223,1157.5514252921123,3574538.8160051336
4.0,16.80975868175412,149.76481004162474,1655.6611634913754,3266266.900003947
3.0,22.354825324689624,142.61149773852935,1254.6957783326927,2780690.590978723
4.0,26.477264103485247,95.20288124190994,1610.9733052549116,2764663.290341993
4.0,27.663120525411113,146.81629200175655,883.0264296574062,3764660.245430116
4.0,18.775766219829283,115.5594155668609,1233.8109374223657,2900558.3633052637
3.0,21.771130078501436,148.15611698513942,622.1984410727996,2969431.8460753076
3.0,21.936472052962774,145.560384717781,1481.9619233543608,3068618.948270782
4.0,16.98000590716337,162.59406054272102,1554.4071665476038,3421587.357245828
4.0,21.48857563569322,139.80816314666407,1433.458093225143,3435089.669596846
3.0,29.8750212768822,127.98339595611672,1790.4420348115177,2851404.8624668494
3.0,10.960647854370496,149.67041785774947,1677.1153475305443,2797092.681792095
3.0,28.313768485419583,150.1473845321101,1339.5336089898656,3440077.2925200486
3.0,32.318137598348585,110.95130868547601,1390.9814290866386,3076177.5515624397
3.0,29.574752100832672,156.8167098106511,1037.8273896634012,3567077.7479175776
3.0,33.473158693643995,107.90164571609213,1677.720447178868,3012666.0366407866
4.0,31.317511783668248,135.93033690312933,1317.3110306794408,3786389.3032852192
4.0,23.753773472562923,123.5721404965729,1293.5346210177333,3072604.559800649
4.0,30.27625728879991,150.56438309939907,1399.7786353362144,4079831.3201672123
4.0,26.427653830740372,154.41382790666353,1744.3081369052127,3826769.3054804904
3.0,18.063571395186415,127.53345147589118,1853.3606527843826,2812680.1352969897
3.0,20.914747105355598,172.87785305819847,878.2283147349194,3220180.3247591113
3.0,16.6391807411215,131.53195212862906,1266.383489471953,2450209.563403421
3.0,40.20643917042392,152.71448235804496,1563.1425491587065,3974028.715105328
4.0,15.53128975413764,152.77727289041877,906.7866378630479,3350706.6527293297
3.0,21.10874265061043,127.89482234154525,1012.0452272858857,2752496.6332749915
3.0,29.0221260512362,126.47504724236516,1551.2801455116219,3143524.402615667
4.0,26.582219200259985,116.60957859418,1069.6706221226796,3422101.4248454627
5.0,16.73770861258058,168.26247233669878,1278.699238371746,3974687.594070777
5.0,19.343524020340567,105.67379884519136,1459.0391021534276,3099242.5511288126
4.0,28.650796976032872,108.38577926461684,1673.846080225922,3140990.790024697
4.0,29.67209902194968,115.61278897289122,1275.4773737405408,3263091.0690967403
4.0,20.716078848461958,150.43099688035977,1141.551468432343,3670328.0774389575
4.0,22.505022814367134,153.84046800998152,1499.3777931941265,3493571.642450252
4.0,28.48340039422401,131.38407355631202,1498.9433540198372,3317488.9279801534
3.0,34.46058012756467,135.306739444951,1313.6517523834564,3572444.2882666583
3.0,31.76078621865978,113.74697920428859,1299.5647482353236,3143426.1292493525
4.0,23.19728397643114,119.64914487056325,1130.4499935385072,3039886.0717836116
3.0,23.381094317098746,118.15119199284648,1466.7572051878076,2641182.037474242
4.0,26.548112265215398,113.98848492167343,2044.940523156428,3202154.7480712407
3.0,29.613928568187816,123.52209380269137,1365.2957749676057,3142722.535029938
4.0,18.933943033675398,120.04883313142464,1363.589306324662,3105353.0952637917
4.0,26.402735174784304,148.48667349581615,903.3868068848091,3683238.425323926
3.0,36.95004842106327,147.09329350392477,1096.5188914384476,3720189.7076023812
4.0,23.057770635115332,139.7225059513023,1593.6095376186126,3359097.1181198037
4.0,26.935952544098924,128.2409114029377,1576.92477108665,3453582.8000944904
3.0,36.56790558825161,121.03507032989853,867.9290583650228,3117709.4061174304
3.0,30.354919581456127,158.65200883074965,2290.9770367806873,3494909.8923654146
3.0,22.466400772520622,119.8478415414171,1482.3840509336849,2620403.4684702777
3.0,23.761337561005842,164.48721906231242,1074.0777464797982,3251954.334365164
4.0,31.969004594500458,146.57771705404267,1693.1996565248037,3682770.775646807
2.0,17.15514948860493,110.62137437359284,1719.2607762934836,2014081.301372901
3.0,28.332281475103173,148.69349545995524,1637.7610334849346,3209983.708867768
3.0,22.731530458941087,126.16491219583263,1665.5948674547772,2735829.149666246
4.0,27.39111157889544,136.11968974819376,1444.6668638955657,3451670.7069536876
2.0,29.629633525015805,107.4111023460768,1241.9788228483378,2326426.381181757
4.0,26.75508155937321,134.81743486481326,1173.764426029578,3289620.3625160805
4.0,26.87877723572597,113.04135272765635,1582.4924668606857,3196538.9454548084
4.0,23.286560415300002,163.70642088671576,1568.933072063567,3906133.2927679094
4.0,31.796774437039343,139.20970640248123,1585.7455709440817,3732095.4997135727
3.0,29.892809218424496,104.72131499752193,1131.9840558520218,2968632.457656645
4.0,30.28590077132508,135.18890467767767,1449.0432336745457,3725040.323577646
4.0,25.18722633046967,113.80181454611025,1730.5384387128195,2994434.4994280236
3.0,27.50167241860438,116.36019215025465,1473.65477327402,2743211.6424285052
4.0,34.082721401032934,133.82094896980834,1405.0291509288757,3586734.9865295403
3.0,16.435499425636227,133.86922887505955,894.2616450575912,2663670.9627732784
6.0,24.89019031606406,168.30343998822622,1463.3326335613676,4710225.963776836
3.0,21.20000009838013,158.52047765017952,1642.5769543194763,3139095.7365038125
3.0,24.823303513821262,175.0383031151705,669.8673078992942,3739397.093951001
3.0,17.461930516136306,136.27699199460858,1199.1538538479035,2696365.683236523
4.0,16.996109123653117,129.68502977067294,1129.7660660778934,3149876.3183356244
4.0,35.06001211796886,132.31161531584044,1240.6821544654176,3929753.7521036244
3.0,31.188624121677698,118.40018089735895,717.0755448225839,2817531.176976429
4.0,24.793942070176076,126.56009662022099,1366.6917349229877,3252021.2106675897
4.0,28.676754711363756,145.01876429082523,1148.1000954803387,3931838.392624818
3.0,23.136021717196375,126.39109905869431,805.3214120816084,2910244.005201228
3.0,16.943601090505638,111.56335512331505,929.8865256361116,2445081.9923685053
2.0,22.113673402949157,152.7092641747983,1159.7483498659903,2800494.324498605
2.0,24.294549461918013,160.64561330771102,1108.9657811115683,3059311.513671789
4.0,25.33086614335473,118.64136715915247,1359.615180339147,3424535.0097473687
4.0,32.36111248252046,111.0094987618822,1135.4743433699432,3452133.5674783955
3.0,20.125591319645753,113.09064664989538,1140.841402426554,2325185.728455472
4.0,27.18768190150039,136.24093121632757,1605.51487756847,3783544.8155428055
4.0,27.18374566576161,175.34402638878163,768.1301145322906,4011027.4071010086
4.0,26.331168297507343,112.80579728700874,1022.3556085288002,3268972.283319498
2.0,26.14844172937077,146.63929806867472,1489.9823536188758,2613891.3820828116
3.0,24.448975489190186,96.7846975263864,1573.745584831378,2560691.7666731165
4.0,24.196378578260383,141.2234485231163,738.3808675140839,3430241.832714011
4.0,24.969089818712305,138.40458591392144,1107.3314585608616,3472178.8359056856
3.0,22.892438305117437,148.96872276049044,1376.6956015285114,3200842.248176577
4.0,24.12257800481767,101.28928996877335,1516.2117182967372,2763018.8947544973
4.0,38.38960184826907,124.41200122924563,1279.5490760841815,3664969.4529925967
4.0,22.1006883614474,102.03830954862087,1037.0567526813059,2682316.5006655455
4.0,30.450567540963636,125.8022073887608,1725.5505882400528,3486735.707347904
4.0,33.992420087488384,117.80590708360745,1650.1295748828963,3538749.400459531
4.0,23.644499079297635,137.59594415230487,1439.9062909983913,3456198.1479316154
4.0,22.36181562294052,123.306192946854,1449.101968805706,3179051.2890856164
4.0,21.037386201969962,115.78110077594465,916.9956162611385,2794355.472283861
4.0,19.849880685731893,114.50033003730536,1240.0007688579203,2947235.3161618807
3.0,20.56539353056319,122.72807764309908,1072.984318840453,2701810.375494877
4.0,18.734778693954713,138.52529934052973,1618.3305769761882,3168095.497286253
3.0,27.58971537934135,132.98836941326798,1147.9564454742517,3183050.669948271
3.0,30.598530624678098,104.00927379579873,952.053079832802,2864288.838619563
4.0,18.740314003474218,152.68074392376315,1068.5053030238685,3542437.776533191
4.0,14.876709530563886,146.57486448995152,1328.8131309292546,3043368.2376548685
3.0,25.264948501663852,113.65988862118526,1848.3318241459228,2753452.734036842
3.0,33.58320741476559,172.03217653421075,1479.1479647249316,4041228.4569887696
3.0,28.25822208838284,117.8451363984604,1470.142789463711,2952605.069589317
3.0,7.656688672241765,141.7085084559661,1475.1311760655017,2483381.02158871
3.0,19.389896066292607,110.6891530737781,1855.090951685032,2462956.422676254
3.0,20.53145348497908,112.60743804389412,1107.2067486788897,2685002.0368679394
3.0,23.82352299072793,140.17490873990693,1740.1416124102332,2969686.9404695705
3.0,34.09660653230172,145.13910897028347,1986.223182729952,3291214.5448042206
3.0,31.592148949038027,123.80392296320952,1472.711279780642,2985373.620954987
4.0,18.20920253621477,136.05641698393617,1671.3969593591419,2963303.3030300327
4.0,5.341228507628943,172.86737833663966,1366.329336517529,2957133.8783395384
4.0,23.62075405616421,112.87426765330787,1332.0717035857324,3200094.174835974
4.0,19.275657093906766,165.42314644058882,1261.7449641605276,3686758.460951714
4.0,29.840150176707027,123.98059453211047,1417.7457325874316,3340865.253786755
3.0,27.632321702859336,150.05451414004654,1348.367949952117,3472534.864166553
3.0,21.26381315846551,133.6523907031783,1943.4261715883808,3020574.150977577
4.0,33.55412252956885,132.46266763597984,1460.86090356966,3610039.9127673805
4.0,31.391664768446986,127.34734370817648,1005.9410824361048,3553368.132623815
3.0,21.360663738240014,158.08303288368865,1042.2956633144456,3376529.712868421
4.0,36.51896579335116,120.0135998915066,1198.7699479155049,3646995.247563552
3.0,18.770849091234535,114.57247982821015,1309.2566466854012,2642095.773677487
4.0,28.195645907823696,150.65864857508726,1689.7468140464644,3641241.4527610526
3.0,32.745657954330554,141.8612117846194,1030.3747112308338,3452171.774714908
4.0,22.76473339910416,118.60300094899172,1214.521143241842,3038225.473776814
3.0,26.707435124395346,119.64635026767658,1631.7576380062765,2817000.6357665765
5.0,25.287499700651875,136.8828983480367,1001.3688243846395,4003465.8550258894
3.0,27.44311533260461,146.01613261946738,1382.9621768229897,3069723.5799626973
3.0,36.3001034285001,98.02235630391723,1057.3364205440305,2688692.764600108
2.0,22.334702028849172,164.07603653669224,677.2337609834798,2988207.5152914533
4.0,22.789645990736915,155.37191802985387,1951.573939125232,3710636.313552701
3.0,26.515175451586487,122.20877093240951,1618.963518335137,2765498.9837690536
3.0,34.06455846635225,136.75772473852464,729.5556328212787,3526320.46335587
4.0,25.653038739711942,114.42923895034433,1350.3742705546083,3174888.1487414152
3.0,40.869337125351784,134.4097736174756,1490.3821302831516,3634832.2907531857
4.0,25.506291221789862,148.26515783726492,1146.8401515819291,3779307.1546799755
3.0,27.502344350465304,125.21750534119191,1239.4868385791556,2989063.6220550714
3.0,23.964842965120077,107.01841330184106,1088.6650792599985,2691580.6372969886
3.0,36.56077707840448,123.47098188170852,1827.2500943144014,3342504.8801888768
4.0,15.146418705761374,115.66748533854647,968.3830827422247,2876335.687281741
4.0,36.768197542417504,132.63939086637313,1129.5272244204816,3793046.1552869244
3.0,21.44490401285138,173.16279004938588,1416.2188961373242,3502106.686691973
5.0,15.271494576508827,143.27862707253553,1691.282373151382,3476780.8010763186
3.0,32.78236251914249,158.41015799912822,1756.3013119051866,3847827.6460744743
4.0,31.31028369161938,159.94771566513617,1830.4138328975394,4045551.0963706705
4.0,10.424476394249377,147.47188984819525,1208.0342654119218,2926571.734389325
4.0,16.842387105289994,146.25310057372525,949.7839572716176,3149061.2765984843
4.0,23.212668751425362,92.60209286522013,1411.126952933043,2623659.6126507726
3.0,22.19193996256895,137.37113447404033,785.9520301571085,3071109.0366978375
3.0,6.911681604752546,119.4148336181253,1462.8721456573196,2204210.347398884
4.0,17.35304883750923,98.79715960452438,1212.721267073301,2715083.477399935
3.0,41.405991758215215,126.55630347940375,1629.6636342950526,3315302.7333097374
4.0,36.877232908704165,106.13351887301283,1756.6837025134378,3326899.191180126
4.0,11.885143110228652,120.9211237116795,1848.1318114087942,2780080.20597657
3.0,27.985208666312207,121.7457892420573,1781.0106741772202,3118727.071940695
4.0,14.036942383338989,140.41566913816553,1027.1673902703524,2859720.243146389
3.0,24.95004411645457,108.04499203511611,1508.6183316619558,2660498.159695197
4.0,24.778406462279023,165.716089514215,1918.5070281136211,3902348.3070420036
4.0,26.35878431104259,111.52678051642343,1276.912745398652,3274302.0132755856
4.0,20.3408348334377,157.6434755978645,1412.3759013742817,3792160.0795131503
4.0,22.01844259531239,120.30163680242576,1840.5166867001433,3304215.2478241096
3.0,18.878156075196102,124.14299358781817,1223.6549119595677,2704171.173643819
3.0,18.719083363552134,113.31975118496824,1270.2350927164446,2428887.9871829543
4.0,20.716741319012264,146.57337000205354,1685.685881435469,3288182.5201286264
4.0,18.821726611044177,143.4649735649187,741.5360038591402,3283253.629975391
3.0,24.119374504315015,140.29123508492967,1711.4548100925817,3213046.7469113814
3.0,25.923008451628828,121.81765806189814,979.8252991630643,2873079.669358354
4.0,28.836514755896925,129.5819658816242,1712.2642760552599,3433595.4372341884
3.0,23.04403338074153,114.37270506397792,1401.8853615062949,2819344.213169513
4.0,19.337975958513905,114.83994539202243,1021.3116158336527,2758704.9019449856
3.0,23.609162696795025,111.97121452671708,1511.8818499687707,2649685.954253557
4.0,15.13034240378089,89.69736163897846,1045.5519523959722,2456277.1064551445
3.0,33.04162157100504,126.86295252407385,1528.3567527330258,3321878.4019989376
3.0,11.780750315507783,135.75900900614783,1089.9714781670582,2233426.7731431937
4.0,19.13715971046918,119.98048732566517,1710.6971352338903,2992112.900968889
3.0,28.984979134460346,107.21385481468587,1625.169448896594,2962360.3631450795
4.0,17.943732963727527,130.32774857628664,1347.592282588825,2864201.0965643534
4.0,18.687834494088424,124.28305384601151,1367.4461412585265,2891448.564026734
4.0,24.35856306501219,145.62279131413493,1472.9998491908843,3776506.527738457
2.0,32.28295426126531,159.48588897854464,1085.1074091452078,3242081.580876516
4.0,32.86121293033193,136.87633776025072,1176.880924303194,3808474.7520857463
5.0,37.065166349124944,149.97331300127144,1720.7266438194079,4408334.39505646
4.0,24.65883700783839,125.79314974762225,1506.172524483204,3206968.3799931365
5.0,29.489969028342202,155.70760016137717,1112.0354875481157,4193866.3235828094
4.0,28.8851665963232,123.5239142464162,1358.618323753643,3218252.877037055
4.0,19.16569254346582,135.65112520274226,1068.8400361385811,3024202.1154266875
4.0,24.655656258370342,122.12402785279897,1293.9356827606575,3208375.5284177335
4.0,13.218029416823569,93.78363800572157,1561.4269313869115,2582067.691925352
4.0,25.10410218266375,127.11583421307337,1583.233340546639,3214229.6098269746
3.0,25.035822959647298,115.33345333283964,1295.3874718732718,2884951.3177808756
4.0,34.5287263956655,101.91380986786034,1701.0165048280498,3452089.784681013
3.0,19.021531948103895,142.21320606233968,1817.6555781127515,2902173.582529979
3.0,21.84667583850425,98.97169484199547,1503.8910415552107,2092214.0550499877
4.0,26.490181766833373,138.8717530797242,826.0334547423455,3476677.0939639644
3.0,28.091004591933697,157.98876327750764,1834.5559655703041,3592230.5810313863
4.0,25.2764115417363,136.5074570055294,1964.408184843168,3572002.8803883237
3.0,18.62911975620826,112.83113891739094,1421.017480999468,2539455.1472596927
2.0,36.91124860136768,111.17496384874998,1115.8200315865975,2732550.9030985655
4.0,24.868391172494654,113.93740309046267,1610.9473406269065,3027134.7442996316
4.0,24.86429554814223,121.06066480388039,1085.2788795038314,3172521.849668158
4.0,21.770369780245414,123.3587126345496,1622.5607889600972,3336198.5491286116
4.0,27.14144058751422,154.82675219318963,1045.993643531238,3982607.4902246697
3.0,25.521048231368653,122.28343243070604,1225.563262379266,2856511.0604400113
3.0,32.360541873012146,124.18393553544469,874.9486167375995,3344078.542847046
3.0,23.628796490939337,133.61475229960783,1320.3635164425893,3102965.973990909
3.0,29.588368307219984,162.5491448903246,1058.6626299281652,3650480.590725211
3.0,25.047607423786573,147.8225480210375,976.2746201205713,3367809.992445413
3.0,33.21236342535895,139.57481755382767,1706.646391225645,3432406.504815292
3.0,19.417467764383755,123.91427242232027,1142.3723492298525,2814686.262853924
4.0,19.10615437890788,77.3426289565694,1158.4197997873325,2160597.5608215965
3.0,17.37849098501995,115.47857458229663,1450.5489220261495,2159010.7060172944
3.0,29.729791627068686,145.4031293734052,975.7269752562015,3440797.3717781943
3.0,26.370815515170342,102.40701531439706,2017.564566804578,2422554.6522857556
5.0,23.128274087231464,121.7134053382828,1215.0754553282284,3534315.5192002896
3.0,11.809987076758944,129.57489017224032,1408.3601855986478,2521773.414989337
4.0,18.36497075170677,158.14813131875917,1956.2725754506691,3349956.9740500865
3.0,23.526299570465156,151.9878818033324,1349.0597416667722,2994496.565541802
3.0,29.650635089208972,122.64143995845089,1111.8375144048723,2862797.8502316857
4.0,24.728383770754473,133.1533927092698,1660.5490976725905,3192026.212216585
5.0,27.146440848395535,100.27801104104381,1772.878092048367,3391301.7025522403
3.0,26.397338455260574,132.4190908800714,1262.3425149697603,2986405.619530596
4.0,28.35705758314837,148.48239958575627,1457.69487897457,3700049.7922346503
5.0,22.37074347770692,126.41318317229027,1199.608767671399,3525997.7750037806
4.0,24.93975574413503,133.76155188343148,1251.0092228513367,3305741.857563114
2.0,14.335810111008442,131.73807775062076,1325.131619948655,1820375.5474930264
3.0,18.06249517846759,121.29362109104295,1161.2911438403785,2612191.634440194
3.0,22.99599679847689,119.5103115971519,1898.58729677447,2664835.1307139015
4.0,23.226618828839374,132.52707833662862,1392.483346377506,3310339.0412953496
3.0,31.090671137754157,150.6871589156549,1167.2397069351814,3591162.435931081
4.0,31.208848425860165,129.53030717042662,1237.522119711129,3416863.499962063
4.0,21.195119957634372,152.10813895691274,1452.303132215393,3658473.1310029286
2.0,18.241913660901783,151.58978138205953,690.4305913558288,2641800.4038244532
4.0,31.787763353971126,136.00503082636575,1382.269011654411,3757024.0504067903
5.0,22.578990615459464,124.81100408153284,1167.6797696970211,3444867.1687384495
3.0,28.231251848576527,126.4556197095193,1344.5047347301702,3025607.9807241485
3.0,28.367365094038593,154.20205707634344,854.4435415395459,3466594.963441123
4.0,31.927748141315426,145.75977963471826,1279.8564380399578,3661183.546278152
4.0,29.326910981900546,151.70995279418864,1885.7626528758642,4029142.2923909123
3.0,15.267480371642838,150.5037605770176,823.4859313911641,2768465.669755335
3.0,20.17574259461586,118.15719208478474,982.5455956817399,2621319.6718036607
3.0,25.605457268402994,118.93504688482716,1215.696391302259,2883003.9349925267
3.0,32.36193867471168,107.55844266911373,1442.62141740983,3104648.516464686
3.0,27.126095061733658,139.66557586395191,1616.8709411511973,3170094.5634256923
4.0,25.647021324654954,117.82169042219458,1449.6503147364542,3303766.4102758016
3.0,15.2697447049156,150.9697637574724,1477.5478588743379,3005270.9101138534
5.0,33.18965769648302,121.48135219314796,1873.3364382768164,4204986.360258062
3.0,31.195177453119683,113.80540375872175,1160.3492239991028,2887409.207701535
4.0,25.582234574460813,146.17630553990372,1628.8669248685164,3622706.612135308
3.0,19.387676051297696,133.67391711047517,1442.66962510152,2561045.165667791
4.0,31.924663871368764,117.4898190163762,2373.5990550088286,3693226.683382475
3.0,24.64136773948105,114.87243069705858,879.3202551518449,2513501.3090335196
4.0,24.71714281335015,109.54116675497659,2107.4896298004296,3196109.7276474996
3.0,24.000194322748268,129.7995134493941,1293.9533627952242,3060618.7460330487
3.0,24.098087961580305,140.6747233680175,1227.2685148029832,3183947.8862175164
4.0,18.271401507106226,111.47797758961835,1476.9051643009652,2686077.424993472
4.0,17.223859050501297,149.95689074125423,1293.775553401505,3197654.3715438484
3.0,35.98552988634405,118.71829852041331,1143.24196165163,3086861.103121266
4.0,28.463454439107043,143.5994295255394,1544.7400125803997,3700516.8674099213
4.0,23.498829115240067,96.43868437580036,1132.0583137287676,2638895.4786950634
4.0,11.7187922221933,129.65459493585007,1811.6768649570813,2710734.9370247405
3.0,41.87878588533291,136.17984162377036,1650.787851996134,3710495.499527639
4.0,21.227992597880984,113.5631265114558,1589.3072598180413,3065116.9188330015
3.0,27.090068432311007,129.6063643913589,1170.8742762343265,3049412.8053300204
4.0,29.785337289972926,122.27732822657478,1605.6104814861858,3286495.484439083
3.0,21.50900490254764,165.8367882230383,1573.35231846637,3284879.301497253
3.0,36.535541801178546,128.57557753806745,1406.6700180515409,3263581.398464277
3.0,30.17304921450858,143.55103916423639,924.3695829409546,3307674.55413472
4.0,28.335962671474483,110.86305590121549,1177.6945949423919,3116845.4620921277
5.0,13.624891739343566,113.68823087331037,1441.1125147150744,3320939.7448857594
4.0,34.91217719394807,116.47266080598881,1226.4371669133686,3458531.4998517525
3.0,21.99788561157479,115.84873945543143,1489.9720565571793,2575438.393961302
4.0,40.229186981141225,135.87928495718563,1448.2920583658831,3860059.471160613
4.0,18.43977882927878,120.89216298128795,1567.9059973222606,3066815.1038193265
4.0,38.49362472337094,131.84557900283676,1198.6795889167138,4037281.763433047
4.0,19.813912120459417,144.19791984193728,1301.0932716610084,3438535.57529715
3.0,19.703086916724217,84.82595461252605,1545.061488991263,2026122.4896258067
4.0,17.566467279657388,144.86318104189542,1710.475583156034,3436323.890905113
3.0,23.040694843315773,138.08210216104018,1071.9074226763282,3109711.5220871586
3.0,24.388696422547913,117.836848606962,1219.066854189174,2602847.308497241
4.0,18.186275843279674,126.10619843236465,1551.395156950789,3034014.2312273597
3.0,18.84709469648005,136.16611781519697,1381.3347967455131,2955714.1826465717
3.0,32.05984247146745,130.49893270759537,1919.7085721877636,3237667.246091909
5.0,20.567228456425315,126.37147026250302,1023.0799816277064,3630791.7091811835
4.0,30.323780718523782,132.55037913511734,1511.5360877711048,3623871.717895607
3.0,21.35396686367877,104.96674796478666,981.9483368577453,2481827.392090613
3.0,8.058592285307823,151.3902563769077,1227.7947991817018,2282313.004322735
4.0,21.38541614948815,114.11829515455251,1308.0551336129959,3104212.386006992
4.0,20.084405109823596,175.1619763507237,1635.7327808912464,3785880.6444204315
3.0,33.56463426379976,139.157645647435,1428.831765613684,3521270.761706019
4.0,31.35858605378932,159.55393876750696,1027.9927914528193,3970639.277655392
4.0,26.408411987330854,125.44117678586181,2077.090861914096,3283594.583961716
4.0,33.15809137901317,154.20080164548,1137.9492509911274,4245494.643648699
5.0,24.68327283351583,120.17714542278333,1529.1764293624421,3473572.7294728975
4.0,19.3422837756301,170.27665217493882,1620.1362731637414,3575399.8068651063
4.0,29.975687782237188,123.06070112048351,1707.098823901647,3361906.3428920405
4.0,41.74578364427725,140.99741544696076,1155.4589646051165,4037085.4389081355
4.0,29.901936712171146,81.30220862041507,1556.4662427276814,3056900.746545354
4.0,36.5886587229045,141.30842181213953,1460.9006591534512,3950677.360841292
3.0,19.02287365600448,133.14852808449126,1173.2921803272684,2710913.8501073895
4.0,20.92672316832077,147.2117313506995,1468.45108185368,3450885.6891103117
4.0,29.240608645828793,110.00936960933763,1642.981046728015,3185764.5819185097
3.0,28.680111553342062,96.56524763620399,1400.3107973304816,2667056.1866638027
3.0,17.585529678934424,156.31547971649024,1486.7832291245975,3132052.3162444113
4.0,30.285276790363902,123.86250331690334,1244.8836642675833,3327364.7218309315
4.0,26.280537376341776,126.67374900220655,1600.9934416407743,3516286.463567283
3.0,15.462818157613276,103.28741533239705,1387.9398023402025,2168617.317876581
4.0,30.208050999119852,162.43236910110915,1359.672941680904,3848588.630852838
3.0,29.564484152043903,138.55246831427593,1367.1220112705057,3074782.349325522
3.0,28.049478299088374,127.24001457262285,1820.8538697850618,3011478.4757438567
3.0,25.168582240052416,126.29994372104495,931.1359991591777,2815102.117653368
4.0,27.166383716329037,105.95158905022583,1564.2400815851615,3242955.5990658365
4.0,34.278964879103086,92.05358600769611,1442.8450849252656,3065699.546653655
4.0,12.308244956823096,147.75042958700163,1394.3872511717868,3084020.76852893
3.0,28.473414309710332,101.955946164566,1776.1925046605863,2766630.65382481
4.0,16.560938203940196,107.87288290561361,1751.3954656724468,2497563.259717212
3.0,22.544506827987515,147.70292131627542,1611.447545801231,3012001.3143805377
3.0,19.73204357107111,139.45993569998393,1204.8512545432354,2791845.9245374533
3.0,25.743858524059593,138.7950671223283,1656.847138301699,3215319.6814841595
3.0,28.865394167054333,141.10165926931674,1755.9591947500664,3037124.461643545
3.0,30.369392330561862,170.60760012901005,1492.1799584476041,3598179.4066275805
4.0,23.391556607109635,151.8409709287725,1308.5333391278457,3703214.582990114
4.0,26.22242069392158,152.9214086015976,1241.5691320969784,3792542.98943305
3.0,30.14694974780835,145.66325584644667,1954.5753942811634,3314265.8729210775
4.0,30.088664418074348,109.02820423924199,1086.5253183420587,3339511.3530782964
3.0,31.86957481248788,141.1987279411339,1247.1389014076974,3109439.133500114
4.0,30.121683360878308,106.67880866720508,1158.2965096918872,3264676.669438954
4.0,22.684513333769157,109.9994680771965,2020.469624134111,2893709.165881828
4.0,36.26153205112558,134.852727294045,1455.381478551208,3757120.031027099
5.0,21.182327902491963,166.61107143803764,892.3296417248564,4203636.531983572
4.0,36.65463969865777,138.09980354321266,838.5284008248823,3847390.7929491834
4.0,29.12352746984059,125.54757414573723,2147.554809556148,3347633.7868992304
4.0,25.762609929848168,161.74225377539906,1278.458491832099,3655815.7801314965
4.0,27.143287139511592,125.19694641804605,794.7560627426536,3187642.349172892
3.0,16.004795792897674,119.40275207037348,1011.527300791304,2489383.6540443515
3.0,33.105876219231206,126.73862528069752,1135.5316309697232,3304931.0599315963
4.0,34.24632279243231,108.88282561172855,1347.8760772579656,3354192.1704362063
3.0,33.63349163170514,94.98231577953395,755.851058795811,2641268.9563155193
4.0,21.81309388703497,99.91068290470422,699.0569949713527,2620015.6427690852
3.0,26.711174480846786,96.90039268028131,2107.16009752199,2580342.1748790517
3.0,23.333742203963308,102.97842001105829,1376.9060131463202,2619863.29920988
4.0,17.629874760839485,136.08188518895037,1318.5743034282464,3107220.5727436813
3.0,25.92561225575116,119.32484250682099,1287.0893871669011,2690007.072562306
3.0,32.750947948187566,148.48588499533827,1882.0095089424267,3382313.955451369
3.0,9.729686463602015,136.37670871537392,1078.0636276745527,2168427.7228174442
3.0,24.34557049909155,167.43831639525246,1142.1343461768702,3381469.9210850247
3.0,30.437128245998935,128.0228300618677,1761.1969932498107,3168583.8913589926
4.0,39.39412141144962,144.6920387612911,1579.0554008669308,3959475.6489929818
3.0,29.07197221537122,130.7391082715679,1208.3523062754293,3094660.9020775305
5.0,42.248581023008924,106.14972978221527,1615.096614751582,4050387.2844381286
4.0,35.57775863798351,133.1149785485506,647.2370979109171,3917500.6658148277
3.0,25.92329297662711,131.8443897078891,1213.5171856383304,2884250.356535244
3.0,24.939875795142978,140.93878878465603,1184.3525428708654,3018160.7291079927
4.0,18.2121171276474,122.66933989842818,1744.827404808712,2946837.516092434
4.0,29.4482717971866,126.5122224144842,1263.882081321119,3471430.8409758504
3.0,16.285675181815222,129.37166762848693,1727.9848975934135,2463744.667850652
4.0,16.230571691141233,113.30785798699952,1259.8689251366943,2813085.7175357854
3.0,29.309284149877612,106.01256424686818,1875.6579526812827,2704967.1449637087
4.0,21.533144272185055,103.93383349208293,935.2271909257953,2701035.6444548694
4.0,25.680976397127747,155.34832397120846,1732.5861452732156,3912961.4250666406
3.0,12.13128419876119,149.065993391632,1369.7328992435425,2699292.8920216113
3.0,10.652683480349292,90.2692381267114,988.7799085821465,1788038.132796884
2.0,17.220038156613963,136.2051299942028,1529.0213530983149,2320646.5030456893
4.0,18.633313088551873,121.1650987438593,1458.5721940797434,2897701.3448797334
4.0,12.046712411297,99.63046622624427,1260.2659643886523,2320915.5240334617
4.0,41.53077343004995,118.29052853845795,1824.1334790172718,3712424.6608702666
4.0,29.93550161285464,129.584633353144,1627.5396481476512,3466738.5964613194
4.0,24.0627687273387,133.56245005215285,1733.9399504210692,3237367.0530707063
4.0,12.70437844239181,127.46453175100415,1517.9514978008792,2799983.355862937
3.0,21.08351188737367,87.60643779761882,1787.5101852512942,2103002.5130944643
2.0,22.760718033025707,128.82758979510092,926.6816352709214,2259293.2132167984
4.0,34.05793917795686,107.7857790651062,1445.1229976384432,3561783.1408486706
3.0,19.053192058593584,121.85616197988062,1137.5610987080686,2475024.191849755
4.0,29.41725314640225,97.04053081825842,1498.8809469106272,3189054.607116604
3.0,35.374553658780904,120.83382375481717,1227.0959049441242,3164693.3291486627
4.0,27.166520954373272,132.1503689215882,1462.7418744681172,3254017.9370980286
3.0,25.143189642942545,124.96460980386085,1445.0784914016624,2876713.4613309475
4.0,23.931773215496136,130.57762628695428,1524.708739720538,3330573.0340653453
3.0,20.483287597049866,168.76144402031912,2048.7757271524997,3336332.1390663236
3.0,39.664236205688255,99.72893495917711,921.7627706287955,3146257.828369965
4.0,19.929994942192625,129.57593741024482,1161.7917718667568,3272590.7576211668
5.0,16.733509586756345,98.34887783253575,1094.5757262862635,3201074.5356038376
3.0,25.58350336264815,151.85858829442535,1192.90298371296,3330271.5933210137
3.0,38.496347465945504,140.2018764727345,1326.5064829452149,3426102.3411621572
5.0,31.219043354448687,162.58479045913978,1406.1051976075787,4429110.0445143655
3.0,33.45475398676132,136.56223864579607,1453.473137041718,3459282.810635179
3.0,16.384912796111053,143.13649584203998,1649.688059187148,2504089.333752282
3.0,27.29041597082482,119.71618666344935,1489.86823181093,3016826.7709548404
3.0,16.806595910197352,155.384866635517,1178.4236711922404,3109752.976426837
2.0,23.707757742579414,135.47440498547013,1316.2707226362102,2474255.0620466117
3.0,14.3527471029255,103.70349443986495,1342.5893417005173,2288597.817108858
3.0,26.845698233644825,123.38831287429531,1686.570176487061,2915513.171896374
4.0,21.645590092429828,151.40924608450047,1852.5929550879214,3653732.0996181644
4.0,36.48826340050429,123.32750533627197,940.9087317366268,3857883.1814470435
3.0,24.952067557063714,132.56308682969131,859.5214766105307,3085699.6906452635
3.0,17.30140844320091,128.71271339218163,1376.4734195348985,2791713.930563162
4.0,31.623791027727904,112.69154895846826,1310.4723617923823,3190567.1060235226
5.0,27.160755147207798,145.27698996446048,1271.6178661604831,4116712.712403021
3.0,34.06848934744147,106.36300156016136,992.89987776043,3145463.651990832
3.0,30.085513383516002,128.79914557054548,1530.4037307412857,3037503.4690806717
3.0,14.171956875751723,110.88725466238836,1352.6518401109604,2254697.6076999945
3.0,25.86641494750662,131.0884567157224,1467.5556163545573,3098805.609852313
3.0,13.155576131169884,143.72088144218435,1295.9466530225532,2624249.505220208
3.0,19.165450678173446,127.25893572216832,1285.4518008305274,2545908.3905209107
3.0,15.210915489553097,109.40469293762499,843.1209019429185,2298044.3173492737
5.0,25.386025980755328,122.66541304866428,1113.3757598385719,3590226.826847569
4.0,20.32625849504233,142.0322984551032,1456.300053723751,3156192.1891256142
3.0,16.90365942513967,97.80751034522824,1399.7151206058445,2205908.933894028
4.0,22.41819024255568,92.4292734297629,1232.1476248653414,2693427.4993840847
4.0,18.367730154774968,120.57706028607686,1128.1017950978433,2808359.1538484916
3.0,34.031613529736354,139.95218935488725,1116.8160208881286,3402192.529086036
4.0,24.104724900833553,135.7942460498209,1446.4949657268398,3190305.5353259463
4.0,18.41126232300584,193.0312637335338,1439.401948729103,4184043.8007590137
2.0,22.82806224667051,149.52464578742843,1812.0722992345745,2775362.2484158194
3.0,30.05693231491613,143.984308448413,1122.516387895034,3446922.575218968
5.0,31.357677730474677,159.66803963227545,1634.0115210168306,4338190.331439006
2.0,27.792242267282607,71.3206454598555,1868.6932069950954,1796313.0360727804
4.0,23.014709404266775,96.71083789612692,1350.2554247191003,2640563.48037084
4.0,25.826989538294015,149.29362182858767,1299.6502713198938,3771464.772677384
4.0,21.695165355691376,151.349277254048,1489.856243917179,3624671.7213833504
3.0,22.43310249624121,153.49974695189664,1632.9105388466044,3249672.6208125316
5.0,19.50143288412094,125.85600252790164,1777.9261587003737,3402072.1828306876
3.0,24.325400903019915,121.65086133593064,1114.8514052574242,2806956.549140593
5.0,13.507491172476882,120.6741650518587,1294.5499713275215,3099063.899620236
4.0,30.351982805014522,157.9747024616791,1240.1170434329722,4066060.561307126
4.0,26.418203469869702,151.6930902580043,1109.363628131474,3576683.0101481406
4.0,31.07800852913494,131.03292534209217,871.4240386132215,3763875.0667507565
4.0,20.381837629682927,111.42342313522241,2014.1081630692995,3043334.8510810947
3.0,35.99905457391142,111.08822774899788,1461.1708786926729,3154557.205710102
4.0,24.71231211569394,112.92216691760531,1340.8534341810607,2945022.6832323964
3.0,24.669936361374646,97.3976598705859,1235.6069155055202,2552670.681393266
2.0,19.42760507114956,124.96477030374935,1245.7322935822613,2192706.8163474426
4.0,26.79561614480507,130.66420498187637,1373.3051373726028,3275705.4537866316
3.0,31.365383892677904,105.24095074408999,1783.279846994934,2929722.304350162
3.0,28.262563835153795,122.88453511633969,795.4439572663281,2913911.512804554
4.0,17.796316057821123,128.5899494322428,1199.8454637191642,2868813.161647791
4.0,31.94616917809168,134.70544225779042,1628.949439152341,3567598.6457351283
3.0,26.886394925648247,154.8599290375023,1141.548625696118,3291744.209144939
4.0,32.437038213418255,185.95734021742578,1859.9464862754987,4333474.209491815
3.0,26.121746629745935,151.10240136135593,1236.8568563869385,3150986.439581677
5.0,14.732438070373089,114.30978825656557,1329.3773123070891,2978924.1303127618
3.0,15.534385248935388,141.99521289550177,1370.921742777591,2615475.061919146
4.0,19.867866473570306,110.3706976928363,1264.9969964510676,2907850.886137452
3.0,23.679831752091278,132.97861444588955,1643.6509649835584,2745689.780288607
3.0,21.837199785206735,140.30930944878594,1469.1253104670163,2914290.1088010594
4.0,19.652567264980853,147.34410263851947,1689.689286755631,3341460.351372124
3.0,27.524483127587544,111.3360043878196,1416.5058528593877,2524476.6593605187
3.0,24.31116210832116,163.41562197601286,1583.0746830680816,3415039.800831944
4.0,30.835808441886076,132.90024239184623,1296.858391992821,3647169.9377011755
3.0,16.299503097630005,111.41613736180193,1512.866053223768,2363232.6484337864
4.0,28.952406145590807,141.44452375447935,1257.0637800414092,3751038.455800449
3.0,34.16040842532958,111.52188225262225,978.5865038847029,3232772.788580074
3.0,24.130605354268393,153.6942165603371,1580.7704975633383,3240972.4597963193
3.0,14.343081833075052,163.14425464533625,1658.897354315466,3055324.7925906894
3.0,22.115425985553333,123.72652986923015,1392.9549748754062,2715003.762560104
3.0,22.70468951899574,137.8048666119991,1136.9767303860626,2945573.763018026
3.0,17.728670171898926,166.04265108622207,1079.6942619916722,2928604.9574320987
4.0,17.875635304837147,162.89989039100573,896.2324530959677,3636057.1230501896
4.0,28.67110773322807,117.17510542867097,1713.8491114610974,3210757.4149135025
4.0,28.248604203161598,110.28673484337386,1211.4567646922424,3013793.8372255703
3.0,30.01254249187958,122.91287509026392,1227.4201655792297,3002824.1644157004
4.0,32.96192157489053,115.57415342049035,1991.3083721874727,3632722.8733051177
4.0,33.17212416161923,87.7216484584994,1336.9279002926282,2903593.743920748
3.0,18.565339458940322,180.64843484815776,1651.0132666330169,3353731.690632156
4.0,20.29371745208119,105.12187533213091,1493.9587204504219,2836900.151682726
3.0,21.148544795766085,147.3187155343224,1530.9993980951594,3204785.445166878
5.0,17.900361819152096,97.88004673119832,1750.9220937979308,2992868.332601194
3.0,27.352366160360607,129.23386102173612,1120.4372163887501,2875346.751432004
3.0,20.924110432214974,122.72988115885863,1439.4723888475457,2700702.1355407415
3.0,12.409654635083756,140.23453122091485,1781.0931760490441,2577043.1218141518
4.0,28.544614284197884,117.89164874349099,861.9659107530445,3478217.9209240456
4.0,31.938325345120937,144.05974905235325,975.4149748386387,3852800.6147934105
3.0,17.77232655491522,107.70298241611606,1004.5356038127967,2194812.9813660067
3.0,26.32655281516313,148.93680473770527,1360.528995839546,3210839.8931209864
4.0,20.921122272413644,127.87258914957684,1670.3000897175398,3103022.637722103
3.0,15.985345311930427,108.2644138203549,1849.185406395091,2260608.5183583787
4.0,16.510157845236954,120.21520906819624,1028.017287973771,2778224.4499327117
3.0,2.105962903229566,155.46704603414565,921.4896186915561,2276878.922220004
4.0,23.948450435509034,147.3956542629748,1757.5699683619491,3429937.7325104657
4.0,23.721155686267924,116.9397737438649,1165.1090488893037,2918466.79206116
4.0,30.29401565445288,100.14756811541058,1205.4649101750397,3370522.5198639664
4.0,12.80712218315714,105.67728934977265,1280.0297654500514,2285388.74654181
4.0,31.57758764670971,120.72310633599841,1603.6309320272417,3590872.0486650784
3.0,18.47799508493091,105.49300761480359,1739.3952647266665,2056156.2246687133
3.0,43.58666711075936,125.97196050481571,689.7265420091677,3597362.1542541757
3.0,39.36417314562522,111.10891310590466,1365.2042454429584,3390737.36567534
4.0,34.746037210158775,154.23045988399485,1479.0015250236897,3896945.538876626
2.0,25.278888484266222,142.17846245251872,1534.5258363274495,2784946.2977603953
4.0,27.06023356296643,150.05720160089294,1552.4535235079231,3975460.9684733897
3.0,21.67973212657678,132.63094783667728,1481.4794788313268,2924337.2255763253
3.0,26.911588751062485,104.65164361537705,1444.4080405119787,2823596.8503951756
3.0,21.383926616780858,102.07628084788597,2059.1220031162593,2311931.1187444627
3.0,30.178894987678458,126.3899811528695,1412.0882935928805,3088906.9436619068
4.0,17.927109169087675,167.56466844742948,1341.3232887186282,3586493.805562376
3.0,37.31735018406466,109.03450262577715,1081.8941433688024,3113833.5357938493
3.0,25.895651548149555,116.4134657217463,1728.9706231753703,2951779.886982782
4.0,25.77624622462794,129.596755399776,1583.1960771537053,3555008.354981816
3.0,28.422096941241957,134.51404749794278,1679.242025318384,2933267.1895539155
3.0,17.051527723555015,152.5382532529498,1177.5540207416077,2679434.595589846
3.0,18.041158676437934,128.57364170900047,1119.3886056778147,2747964.9669641796
3.0,30.59500882528837,129.41798501649316,1092.22687302276,3213972.108336501
3.0,14.282203345245597,156.97428018473556,1398.551754020215,2958659.0165010993
4.0,23.914240429923453,140.95917633253765,1630.2065467971595,3528299.5157230143
4.0,25.038149328567574,122.5695531872222,1242.9367764237345,3295827.307136282
3.0,31.237866032014328,91.64871794786663,1238.4031197651238,2492229.8867399953
4.0,27.660535875607085,157.4590282401074,1140.1580128238772,3711868.263189959
5.0,15.908294765290824,102.39046806025425,1714.594202472842,3013623.488033074
4.0,21.712377212672475,119.26802121948441,1482.2223610778735,2951718.515745466
4.0,33.293770788355545,160.7759541132446,1263.9735768574685,4008949.128606316
3.0,20.054762786175335,126.2124346973912,1310.2085282518474,2424613.9692127816
3.0,18.48649466150383,144.99649928413942,1448.3582242055734,2990586.6729682405
4.0,19.701814541495846,125.90726012585435,1286.7673710647543,2861853.4249059674
3.0,28.38577024932186,162.41831031859493,1267.4557627296983,3415664.8562002317
4.0,19.53882597273599,140.3013185011214,1434.9854374633353,3366759.143281804
5.0,29.222310536953216,104.90828880381335,840.2845208171489,3440891.877588153
3.0,22.314897210036975,141.9851835593266,1595.71713029189,2780827.4925527144
5.0,36.23742861681573,111.57937257903554,1177.5059121650495,3973627.0801193705
3.0,18.55752238181124,129.1888611732506,1278.889217796511,2480029.9754026784
4.0,3.725762169664169,124.50429019489748,1792.4354873661557,2392877.484969704
4.0,25.384257964506652,143.80073709323,1121.7713840773138,3659874.6222688286
3.0,23.075378482613942,119.92501594972993,1765.0192889648415,2626402.982437241
3.0,24.15464667375024,108.7285527392304,1166.3183415926487,2727028.1788298762
4.0,15.028642235520476,144.59149472658248,1462.5963839869037,3222158.4114938457
3.0,8.037955671871416,123.18516657619875,1532.6359425370329,2065915.803526182
3.0,39.95604441805602,131.0258656166394,1165.668795678382,3615092.263269799
3.0,22.206021362417506,89.03761899681693,1114.0343826435044,2368705.640727047
3.0,27.215490906551246,110.88968833854425,1854.6981961811146,2887333.028679466
3.0,9.538761877104687,119.47892019666834,1746.1616336885468,2292537.9248568816
4.0,26.782062895762035,153.76686997111068,1790.2834059246627,3735724.746293896
4.0,30.568732029148993,133.9447345658333,1649.027138239506,3610269.741820378
4.0,34.49392401752424,126.42525632146881,2095.4319976046377,3902181.878036231
3.0,23.629967054659396,122.83307900298206,1538.2442215464835,2749715.903660297
4.0,23.239217188870402,129.04263838647535,1690.3180175931514,3247972.3600166086
4.0,14.697329908035334,149.74697615301352,1381.3976802426207,3079085.7644764427
3.0,28.923447003675385,95.71716626090429,1334.5932179833794,2493498.757598264
3.0,25.443925173799634,137.66627528578908,1340.0205269088206,3209505.5239031212
2.0,4.000445038480666,166.67264394227345,1330.8051820040141,2227027.311101246
3.0,22.72307634763031,128.7119710674425,1205.2698928040375,2928286.516280389
3.0,28.01385276001329,138.19086825184738,1665.929899942233,3059942.8534009187
3.0,25.073262528393272,142.759221451233,1128.2367522523555,3218390.499017819
4.0,26.53994331578564,122.8496865947341,1038.9718953721263,3345466.676853142
4.0,20.854971571118902,125.89192506977861,1685.2437717984708,3349888.5350247156
5.0,20.297521388992458,119.19765662105797,1624.1577969795846,3287258.9110534857
3.0,29.671443037802902,145.25950354654438,1517.1899082637378,3328448.6783782975
4.0,26.94045583000671,117.68229085235154,1753.5869351010494,3464275.046050633
3.0,27.244868449533016,105.99092846054279,951.389386183295,2849737.6013666885
2.0,37.88450008195485,134.51212895712933,903.7683432536825,3144007.254789944
4.0,19.69230559447463,147.77212245998254,1312.9572268051502,3359738.1491265227
3.0,16.54494722053142,125.91617128170624,1442.7829234060287,2576236.7856855355
4.0,23.59590664811258,160.87408499432544,1383.6750448841015,3794666.5286820824
4.0,15.89697439070322,157.28551766911443,1928.5794816934704,3291394.8125742218
4.0,29.59814388697534,103.53780221701041,995.0419601797025,2977918.2288149116
3.0,36.5310553841463,131.61744488879773,1383.255351476939,3243827.5569418725
4.0,24.24191326674249,169.14368451383422,1419.308160786478,3975866.0114675225
3.0,11.896955848117399,103.01394388355763,1548.2345081200176,1977860.3197572497
5.0,23.241533418660296,145.38492873178348,1461.8539569190873,3822657.735754428
3.0,17.417604389736297,118.8808644822914,1031.1874353399842,2436659.445132708
3.0,26.88410586087463,108.41708445790223,1201.6842694352451,2630136.469431664
4.0,25.249816767988012,110.0598577814888,1231.331247675086,3045762.6612704266
4.0,25.775707017682613,140.1822937475222,1040.1099207690604,3349937.606353249
3.0,20.542226514848615,110.59919893810435,1641.8829527767596,2585084.9790565125
4.0,23.71492517270585,124.40646247264667,1062.2223247263094,3045702.318588891
4.0,27.286195770661447,132.34833535032925,1499.918620959165,3408855.0994408587
3.0,16.777880820185455,124.10530367199023,1299.3091134107192,2662427.954789375
4.0,32.847453407419586,113.52735612948982,1313.826956949126,3373393.1833810583
3.0,33.1887666479703,190.2640860718588,1575.4304045768906,4032145.308289559
5.0,25.601645754238287,108.4243909775901,1768.1253077925132,3423315.022654727
4.0,25.94089345955097,142.34022207539977,2085.2014611961513,3727488.706461921
2.0,37.11577593129082,143.46351127128304,1442.2866163823164,3161843.6351071866
4.0,25.2267857929336,123.02961417727624,1431.3057320987941,3109599.051931051
3.0,11.306214296231538,111.62832519371894,1153.8950520048745,2015798.771535901
4.0,27.146983988318787,96.32861446423645,1698.3015655064776,2849643.8792178463
4.0,23.013479117684792,121.9053512623291,1345.2294932590853,3095365.371348282
3.0,23.96905254363197,130.81970528344704,1702.0644622345997,2782047.0892369263
4.0,32.50533884523722,165.3471025059813,1423.4057959876197,4170096.6325808875
3.0,26.64591316213254,111.414600370442,1558.9555725456044,2828843.945409461
3.0,30.712528340953096,133.07752885609534,1413.9050850510396,3332075.641691214
6.0,28.35504176239733,110.7487176181157,1238.2967956547627,4152510.3932567383
3.0,32.527305109989086,88.5685233152287,1660.176845848068,2834881.061098297
2.0,27.908125354143262,117.72169808568762,1125.1709533327908,2343455.507270462
3.0,35.217879583382505,154.23521824964274,1256.2553931083196,3681736.772685308
4.0,32.428099302665174,149.05103434439437,1013.4213310636889,3833507.9836103427
4.0,22.10893239315583,157.2201581576724,1277.629775969818,3409809.4765151315
3.0,18.84260237668488,121.54762882499594,1754.9180784098685,2380040.3298354563
3.0,15.90101264582243,126.50597922531185,1401.9900916476201,2582276.3310755435
5.0,26.40724842711806,131.10946821041705,1196.8266618630923,3918064.4559803354
3.0,39.88616536976433,107.02253941209344,1423.2260359924346,3372501.817045168
4.0,36.66057020152526,161.69183164763075,1350.133821903695,4119727.0891250935
3.0,28.46355871910752,142.8327832799677,1655.8864464298556,3192984.7042800267
4.0,11.271409042859817,142.00171619837266,1238.1166009665637,3047703.0155699174
4.0,24.89705114186277,138.21514108188305,1552.2794720177778,3336376.9534438886
3.0,30.336785083846063,134.78736863612653,1288.3324568239088,3405426.5880852034
4.0,13.849188128599176,186.64897363891208,1805.9317219885154,3907883.359924956
3.0,25.839912661516376,137.1713821696049,870.950150689519,3036037.652454421
3.0,18.919423575924696,125.03860663533598,1840.4449656148224,2587075.0864747474
5.0,30.578183010953524,146.04014552115038,1646.517500677208,4106730.977004126
4.0,35.37082128250476,129.01808590527347,1596.2536465899568,3600029.3811864504
4.0,34.903837149031844,117.12252407561314,1468.3573771819404,3356569.881177489
4.0,25.533002294349558,113.29806631412413,1385.5390580426524,3122771.5080482075
3.0,22.58095390653606,103.74685874969697,968.3031456044326,2478114.2825738136
3.0,47.945274309644375,139.632790268998,1925.8785317265285,3746247.7590491
3.0,22.539733648705816,118.61202322549829,748.7625288097134,2662555.3094798485
4.0,21.911502984387173,154.859031943049,1549.0877258557555,3724685.266322496
3.0,25.27051516154737,119.5940139978481,1919.4801168605304,2585621.041411041
4.0,21.37369468781428,121.20782600730712,1261.046382391551,3232940.6908347183
3.0,24.21873893998596,135.7446237058941,973.6691816008162,3005014.6063133124
3.0,26.35606206926922,141.01767499007008,1336.6362662837278,3080983.7045915313
3.0,32.12085937902803,122.45140959741684,1503.0529619201352,3060407.936270107
3.0,25.1253600628249,129.83521838365348,1253.8949994056677,2927376.182797107
5.0,26.26447528621632,97.09554787114041,1852.1651047148462,3326405.62748816
4.0,26.93602527921496,128.1613930467928,1126.3756360167336,3655325.579021083
3.0,22.884435778845177,142.70453061620063,1789.1630822713462,3089106.285540563
4.0,26.799295057008926,160.9207908787783,1265.495521101232,3766018.6687233434
3.0,25.624451627867277,120.8396207513154,1032.4338855694077,3006320.2711027754
2.0,16.760227608056102,127.2884220757378,1910.5293342512434,2262735.4927210044
3.0,18.851998455315247,102.92168412769499,1099.522169422528,2138147.094023267
4.0,35.990303582479804,122.1795441644125,1459.3220094760065,3569537.6286172387
3.0,35.738285501340805,85.09203890912016,1809.5167927433804,2735000.9638258945
3.0,25.224190325782903,119.98597178703851,1738.1719844051074,2847786.3496422144
4.0,13.210089177879308,192.6449884462991,832.4488157642182,3790425.0201276476
3.0,22.71484100875357,128.3693630091749,662.8765608950818,2911632.352411122
3.0,21.300085568832102,152.6149264572797,1305.1646480790612,3124559.052198575
4.0,25.755384833729767,158.81568614905316,1159.3466815379745,3828962.93015566
2.0,21.516293586336403,169.15163447729537,1279.1865184322696,3019601.567382425
3.0,36.074571880049916,156.72205348524136,1018.3010705725056,3810810.73311695
3.0,34.955623927536735,159.99686855078517,1568.7844927144295,3522361.400367175
3.0,21.40156897628951,113.64540052843785,1465.6230022816155,2437552.0932484637
2.0,26.54155746922706,102.8970118005345,1898.8798036380708,2253036.0313906656
3.0,35.38205864880171,129.15130471494246,1058.3652162660292,3213915.3218297544
4.0,28.88821617802591,114.64610931379747,1567.8233482965677,3486902.921943147
4.0,41.08117473115264,102.70176062568254,1058.126507491953,3720939.7895035394
4.0,17.525773738119682,130.76665554813744,854.3016740808523,3224071.7908630413
4.0,25.783843061554137,85.31889806173952,1303.2295972609772,2798431.4479448795
3.0,23.55002218924398,115.74252349125095,1275.5287397687446,2807921.801153375
4.0,30.806699770082133,96.33941345766209,1264.7422563264752,3100048.412202692
3.0,28.04171417939325,119.85667290197786,1322.4802679243749,2901338.924923629
3.0,14.207922559871012,128.0410571697223,1227.2069808866988,2388488.979945204
3.0,15.263351813538971,108.97333739563501,1254.948133969924,2295254.6633061306
3.0,24.110670181575415,90.51266749171711,1568.8716009586692,2423484.725878183
4.0,13.994097706291086,131.90901013162727,2012.4813215660618,2840613.883273819
4.0,31.46319871056259,128.29367680650165,993.481717095258,3402357.6100976067
3.0,26.9365531427608,109.43841052655506,918.7677912820087,2850222.5034196535
4.0,27.194255135124575,153.40528057369346,1500.7048868691786,3716981.0970352315
3.0,26.78571950021706,129.2065295570414,1412.2060372514811,2869585.046231564
4.0,28.081209946753802,166.7413618436334,917.9243524267429,4018841.2566112587
4.0,15.432196324846355,152.94250074458603,1576.0225202419122,3483233.8267991333
4.0,26.33271596965068,139.95716488139948,1203.1348365554552,3784013.766056275
2.0,19.57747286719381,106.9567895391943,1595.538501506728,2092736.0922977992
3.0,29.471275471948534,122.59433302442763,1934.056677937431,2816846.9676649002
3.0,28.364581382601738,115.66137323033945,1521.6734168995804,2592464.5660414677
3.0,37.599158493419814,129.7036645085903,1566.1774367026164,3500749.1026730216
4.0,28.197229087172378,130.7719891454983,1186.4774119319668,3392858.8210574845
4.0,26.624659798751605,139.57550244046644,1286.9275792523983,3425494.3390111257
4.0,28.433841292409795,134.04243196249251,1551.1125979506542,3575357.457056042
3.0,30.658488878190028,124.85583107700074,1396.122115446691,2901449.103664124
4.0,29.51632839722577,129.97252956635634,1398.8444059869455,3452405.3289807485
3.0,23.86017143644477,112.5135913117796,962.9037141995587,2790485.7241644887
3.0,37.55308187901912,161.40125415526853,1486.3163685762029,3656432.866757665
4.0,19.877779399975466,120.77946947474223,1000.4300255045317,2900518.6293384484
3.0,30.303832397067573,156.4148659686999,1418.4432249376262,3670847.5933451066
4.0,33.1846307304853,125.9672359895411,1638.2949956638374,3578340.5775106573
4.0,34.225202721933904,135.8736518736087,1208.6781277972964,3770370.795302031
4.0,28.902910008248938,137.04153548443816,1417.4394732056594,3841516.6124037174
4.0,15.095347467084752,122.4480990733743,1459.7553280118352,2896056.4723429224
3.0,21.90207157990176,139.49395160943104,1352.327581450048,3105399.4462754335
4.0,29.240224944350263,139.75422573946878,1735.9263878750105,3616115.7778462786
4.0,36.819774038619656,120.00209268538117,962.4959503772208,3669970.5951915323
4.0,41.54580239602103,135.08835432438755,1542.836705221609,4014753.0309800752
4.0,24.011463048591953,131.75027939542687,1693.4701188272106,3126039.051026185
3.0,27.118360581803024,140.10786278208553,2119.361300960216,3235832.5070665046
3.0,23.06201385064123,151.2744254236984,1903.2292537492294,3205360.1060614274
3.0,26.253487080617184,130.88785688512996,1532.249144215997,3193079.489931527
3.0,23.73450758775388,143.04623685680173,150.0,3132886.239703285
3.0,37.7804947082853,158.3283282680033,1528.1587735896835,3969383.187285039
4.0,13.832032282184125,126.85932944225624,510.2140638401051,3019329.600108244
2.0,39.2462254730788,145.82644544992965,1469.8638878204945,3443010.351783314
4.0,23.734704230252955,134.3621288209622,1360.6451605694367,3277893.1740676165
3.0,20.04803613598604,167.189393997963,1443.8947602561343,3467190.672299638
3.0,18.355854139882187,108.37556898235367,992.9316801796384,2387261.233248894
4.0,25.274689831754756,117.5947926453732,1682.6079151156584,3335108.473757199
3.0,26.963835207446063,145.34959477572013,1525.0122739784697,3343761.746500166
4.0,16.635966350617974,144.5339684468365,1513.0272065259749,3010092.9744900865
3.0,27.247955966084216,134.90716485064144,1515.6015683823016,3273368.57219179
3.0,19.787932932088367,118.98372801751327,1332.3302547908881,2608873.138190377
4.0,8.308511076407848,153.23879473051272,1408.1073025245282,2896053.673011356
4.0,26.06856219564023,118.61686545630691,625.7102001505148,3469169.8565185103
3.0,15.547110247057871,129.68158031829944,658.4905886561455,2714886.130528244
4.0,19.734727528864084,140.86451736516102,1467.9707018496952,3386391.961443646
4.0,25.196385984216597,84.46686369263479,1197.6863886646674,2951618.026230029
4.0,13.169200187586624,124.30564994042342,1268.756618725289,2611276.3801548947
4.0,31.510310472322292,137.83622904559465,1215.129110795418,3743428.6056836387
4.0,22.74806456939312,121.76482019682152,1325.529380408932,2931013.745092132
4.0,29.950257039594494,119.59798323645805,1401.5915283437796,3343250.532348169
3.0,13.347243190405887,124.24532693464475,1255.8367620051108,2558893.539553725
3.0,27.257543948581706,116.82069465907523,1235.079689809866,2837040.2722724862
4.0,16.515640340845902,131.40244075517722,1332.1547464920259,3044745.323982293
3.0,24.478380958757143,97.94572566123705,1489.0768946129695,2414492.855838245
4.0,32.10384581411,126.4774047626005,1022.5945168179802,3555643.4034937983
4.0,11.022181598675191,118.79440969815525,1282.0015210091553,2496929.984326722
3.0,20.346655929572346,167.06778627480065,1766.4426390092683,3342886.7586744744
4.0,26.411470384759646,133.76359823430718,1480.0533369226926,3609477.9934955672
3.0,25.71886644502354,140.05102774052,1258.8784310807778,3210185.3010260896
4.0,29.231158574876027,142.795003752099,1255.180338769785,3892063.690619591
3.0,29.828349518232194,122.27654031774323,1366.2782678689314,3213242.5226840903
3.0,40.10134149113007,112.82986938956098,1790.7468740428524,3489354.538549168
4.0,24.2461020310431,138.99657099121953,1049.5491142490223,3488030.3969948967
3.0,28.45529502583559,99.79080487445296,1080.514613759277,2586563.51036594
3.0,24.945375330062937,100.83908211602196,1322.9392951843076,2591729.6651715636
4.0,33.114938874016666,132.41961965542743,1835.527010616785,3834969.617516689
4.0,23.338355330830407,130.45023238670882,1464.0309424476745,3161198.391917453
4.0,12.719442103989687,134.1858577295166,1958.5847856244038,2971430.7404046357
4.0,20.87231162433808,122.47787256805232,1759.4530770605402,3198062.8047872614
3.0,29.7785419680261,130.97402142625862,1803.8692243781718,3275186.805517089
4.0,31.223096467191006,121.29592652803544,1191.5129380980334,3297491.10926852
3.0,21.246295050216784,125.4948030766548,1527.5658884279906,2483566.449310448
2.0,23.347783181998405,135.6759543515453,1931.823680904251,2646498.0833318317
3.0,22.50202047844487,119.46600492305629,1793.2712747639928,2433204.8561667865
3.0,20.653154869729946,127.80551233184902,1572.269776767315,2864735.1069936897
4.0,17.474112590962502,140.75568294641099,1218.1714275985244,3161247.8000436244
3.0,28.309195914246825,140.0946756429703,1507.4745120307482,3345881.8476594
3.0,23.018079467728654,121.24137861242588,1594.8523197242725,2794412.2300569285
4.0,36.07393880747958,116.54533097860806,1480.1785638871584,3607576.5612528026
3.0,25.464810913981136,135.41024678430824,1472.2915070281736,3073213.8478846
3.0,24.157825803932436,176.04663224527286,1436.653402468423,3543606.979202969
3.0,23.116541443251293,119.989997348922,1021.1245679460619,2543134.005455805
4.0,3.1385636365512357,112.39033357844603,1592.23469052819,2010673.164149467
4.0,26.770003254552837,85.1701405935587,1295.9699450154708,3001430.498426841
4.0,15.368875483364903,104.13740916690625,1474.7434887741751,2788661.419689699
4.0,28.962392644011608,131.8873335853006,1073.3160456914154,3552549.9865631983
4.0,15.486570153721978,113.68908696110422,1188.3710961377797,2674808.2562657185
3.0,34.97755679350507,139.83722183251604,1096.6026206077584,3656927.0990649345
4.0,26.178579048803737,92.65317927092053,950.3462334098147,2747882.562170703
4.0,22.14629189517328,76.52779565240283,1238.592720045537,2282998.9050985435
3.0,27.113207735062325,98.03823612531883,1109.39663846939,2621808.267345495
3.0,29.649049819941798,119.22431571278203,910.1516692153352,3143547.6820751815
3.0,14.030729238328274,133.55594943275452,956.6394822028396,2731211.3720135633
3.0,17.155392787075563,122.87884415548999,1046.063083191292,2472106.363556046
4.0,23.802986793669312,110.25912968004809,1322.4903131400422,3044981.9397647055
3.0,24.318461511374068,129.78624378974231,1339.5134412437756,2914059.371462904
3.0,31.018953451145684,156.53120052250569,1143.358589024073,3307538.8094367348
3.0,32.979083677082876,132.04861178739733,832.4966557010017,3467238.884165629
4.0,16.898860349081886,109.66163901420049,1291.2389282448944,2568883.040329111
4.0,29.52543242958957,146.52787435803657,1439.0183796124354,3924322.830339131
3.0,28.506435741947477,114.46945557762304,1335.6998520874336,2728310.485071246
3.0,11.099034776412957,111.01157739903243,1727.1032203044936,2181537.0784367593
3.0,29.66897043169003,140.23428119468247,1362.5027417462438,3340718.455667951
4.0,20.051672232559373,133.28325888582347,1659.4745498596653,3048355.8468353776
3.0,35.33652574819638,97.66218505725362,1746.7085730892732,3068730.1835923414
4.0,37.0259079193144,109.30617206393636,1679.291615487445,3400529.0004076096
4.0,20.827446113509833,113.08340533528087,1214.296121621806,2868398.433500224
5.0,27.299154996972113,137.50452719804662,1754.6115466437525,4013649.486969806
3.0,25.247038739776986,130.3280958705206,1395.6295060110879,2939184.269195816
4.0,8.217993825825971,134.31500786496645,1732.0292978883274,2866701.874388254
3.0,35.59667422845142,106.57095911346582,850.5613108028916,2773556.426088918
4.0,18.148604760397912,140.6369777836349,1002.5855506410395,3016642.6361377463
3.0,24.530731679861965,127.13682846227162,1481.4456921632793,2632685.751214796
4.0,28.316985209948612,138.89110801947598,1678.8130360394907,3474422.763249573
4.0,27.608069364656128,120.80996678164712,1474.2082905770942,3136461.0359334
3.0,8.504583850925156,124.69949291613375,827.7335844539384,2058796.315567435
3.0,27.357098175703303,158.33180934879175,1328.604224725619,3449572.8491177005
3.0,25.041936511963286,163.4750856374323,1661.723990636664,3382754.1388325845
4.0,34.564925236010104,141.3525197799369,1375.0501654824914,3713608.6112430934
3.0,16.721383928657385,103.70911809461518,1334.2858098418665,2395903.5519757443
5.0,17.57109264960535,141.86498633555107,1062.0754182380856,3653444.9888331327
3.0,21.52768017442232,140.2325231139375,1787.6840925302845,2749725.7065831115
4.0,20.484956590972036,128.6313688473125,1317.4722151442359,3324464.420897406
4.0,27.123877153897695,118.41033921992027,1612.3218222846422,3075834.419454079
3.0,24.685776520616013,120.6680881207185,1770.4266677442924,2859369.489667056
4.0,13.645596058238308,112.77716720499306,1300.9689315251085,2518724.0707399743
4.0,26.682865582332735,139.263516963543,1013.4293583237129,3492042.6697279746
3.0,30.077982551997156,136.19383986910316,1402.4164746955785,3135834.5639470844
2.0,21.797135194011855,138.84675688500843,1497.196590221173,2631359.9951042533
3.0,22.591047992890495,136.92205457536602,1473.8245560554606,2804198.0795873282
3.0,33.72178662382933,139.35322116124354,1608.1847219182928,3462688.685490592
4.0,41.42739980679701,135.25669951323192,1006.3645899883,4143214.2885249387
3.0,25.170683569883614,135.23536433320504,1367.5433672122062,2761371.996318074
4.0,32.22500638021766,121.12045109558315,1919.3191808776248,3417746.613005046
3.0,28.001221664005723,127.78655038201222,1903.550799532895,2915111.644982811
4.0,28.94649364496214,158.42912742389728,1792.4583522411947,3917840.586209693
4.0,20.428954485890188,166.91087219280632,1750.5904659313076,3717648.647637789
3.0,27.019286835138477,133.96919842446303,1685.993230557449,3202828.4380255705
4.0,25.559928241202723,133.14043640770805,1375.381990587946,3429205.165566346
4.0,26.18604560332756,119.52901192452413,1468.3156202800171,3077069.1690717805
4.0,30.85643458505146,127.42648527559342,1016.0658009374529,3690425.6924496396
3.0,22.71948471305318,143.50642422963054,1390.8916157584297,3167258.844494258
3.0,9.105177835381374,146.03994003645423,1101.978676174781,2709095.063741839
3.0,25.626849387362547,132.0067221143757,2045.104719249685,2956674.695858199
4.0,29.918004666558776,140.98182523537426,1013.1772721846263,3735618.5537027684
4.0,15.591277813931928,110.0093637024643,1841.3301618138032,2550632.249181646
3.0,22.362529764487654,132.27806184127337,1469.0607072261855,2884741.9249676364
4.0,29.793337623472024,155.7034913235759,1584.8256394546927,3880105.018749294
4.0,23.16274820852514,118.26645804921611,1060.338648669997,3052050.408039158
3.0,19.25128873179721,144.51056035381123,1702.0016415814694,2743580.849701302
3.0,25.898629810330913,127.84769356159386,1518.4047131121765,2971470.61953678
3.0,25.51917266828497,136.1639635491965,1774.054450913271,2951500.013832099
5.0,26.755178556106056,124.76159938997405,1823.8191172972854,3796781.9781325017
4.0,36.38249024175504,117.48339777644395,1137.5731424526448,3616193.4146651346
4.0,28.795513654492282,118.0721136844709,1677.2761279947522,3352477.867168219
4.0,10.250554587810118,112.28962652888072,2006.1557314699994,2336656.7085680896
3.0,24.494034335214913,152.5389336566128,1306.8183305074635,3405620.1924066697
3.0,16.337857264783917,129.85602626303114,1145.5614660966817,2686139.2981923716
3.0,21.7136981395444,115.31458562037866,1106.4566236709634,2750677.8730286416
4.0,28.53897540249409,150.02608276940134,1526.2864023833756,3599107.3392610075
2.0,23.242935617372495,124.64245759007505,1242.5491874694771,2499481.079569224
4.0,13.559444399595817,119.72647262217444,1376.8165572365258,2586345.5617170115
4.0,22.809164097880934,126.46622008419867,1627.9386585252566,3172028.376961389
3.0,28.3897682010678,124.29565266439245,1332.4875110190023,3070702.7710799505
3.0,31.03620106706885,96.76983686269043,1418.9240748166008,2862134.880241623
4.0,29.4335368880578,134.47072824990664,1703.9696925322144,3618922.7789156423
4.0,23.019466697064516,122.82430232032975,1404.8365538238331,3088204.5594977792
3.0,20.13171938995817,125.15803719121448,1622.1972874274593,2788165.998061293
4.0,29.54635490738375,123.16532794885514,1466.1971700640966,3378421.75751652
4.0,24.94302791439966,106.5234687408552,1383.1092387279593,3002839.7153271083
3.0,16.196637914841556,104.04704259795344,1044.198416026566,2197279.9299884844
2.0,31.728834264219255,148.79328884339108,1237.8133616332916,3176348.583522825
4.0,33.34334649888485,155.5895386780996,1216.7909892661924,4082929.896007655
4.0,17.769124644424895,147.98537679252837,1599.8826409258613,3513821.2272684346
4.0,24.907145102992825,140.0983234755643,1449.4377958304287,3396802.2182278032
4.0,23.813576558358616,111.49620285952338,1789.6965138975554,2944841.7352553317
4.0,35.184849424764444,126.71303699874383,1387.5670685152409,3589228.9126121765
3.0,24.96278113607894,103.83747665317154,1049.3299312820848,2571821.0894687204
4.0,15.660700053835164,178.47706852082553,1361.3468883854398,3530178.6492937566
2.0,41.70830432202348,140.43705169762717,1559.2018726059098,3487247.561369778
3.0,26.923903929692266,122.13276179384212,1880.4904515977883,2907124.900233838
3.0,19.600654875674383,104.88975996397014,1296.8133902885108,2530551.576049206
3.0,22.249614085507304,144.12701320808236,1544.428003654404,3076792.0445667636
3.0,18.00846883590104,154.954472862845,1659.3205365402225,2915425.898733016
4.0,21.62217289761456,150.16248473117187,1620.7278082906778,3424708.917580861
3.0,32.9689531323689,131.04156964928922,919.4457635021558,3446838.2851158846
4.0,15.410510819521482,107.82617811240817,1255.5384326524704,2563373.7351206
4.0,18.289032966117745,129.05570654963972,1431.9394288992755,3045314.3809975423
3.0,19.987886829711048,128.74354154428053,1491.1007778156268,2845445.803444716
5.0,22.326142648600072,81.50812378126318,1630.5395670580494,2883636.3202893184
3.0,19.663936978229103,118.32531043440461,2143.027681256566,2425613.288907992
3.0,10.461520077694248,113.94172958795775,1757.9841991661308,2258689.6649658354
5.0,20.358797575521518,118.36574134591712,1771.995695500819,3304158.3576565725
4.0,16.751347328915077,149.45750190100915,1480.6094470795003,3447461.126290205
4.0,20.541544606656043,154.21685040177408,1313.9004300835925,3739467.2415775917
4.0,40.66673325822967,138.43765707935182,1467.570325526999,4001736.945691715
4.0,22.257693627611186,127.80874610590114,1615.2227639896205,2990240.5401167204
3.0,28.358793333987652,127.27942072446629,1085.387248437222,2905170.1701002833
4.0,20.11552391396578,127.47503282073154,1111.3341042802085,3103786.582493339
3.0,18.35940150951844,136.0731018689687,1259.6912893859858,2797224.0058695683
4.0,21.28412931105314,130.90039976053515,1125.66059185839,3360512.599452128
3.0,33.762740368838806,127.18469519246435,1291.3579675382048,3343731.29165027
3.0,25.541707489186358,123.21786164098333,1400.6217112758036,2990730.5177748837
3.0,16.483182696927177,149.17630447135008,941.2844695958032,2806586.405479111
4.0,14.940527670707349,130.33647750670673,1427.2527158727635,2793169.621151645
4.0,19.006539040359016,108.58426849085313,1821.06757530938,2697095.5994303646
3.0,17.33669189127146,120.63145386834304,1642.8051360239642,2537377.0721186465
3.0,22.2107906507565,127.46624390358446,928.5746318001568,2921099.039164926
5.0,27.46531410460879,128.27660464499488,1770.916974808558,3907392.552254751
3.0,27.711739015634006,97.46298194438364,1471.7623000367107,2599497.6965315547
3.0,26.221577488991496,115.4899331177887,1357.6534011491738,2635202.7776857894
3.0,31.646299708867115,110.77962207372987,1127.682735996074,2954245.8953410564
3.0,16.558478958049534,155.2874331777765,1224.8188834757839,3141147.071304005
3.0,12.62726825370306,160.24669031868748,734.6885563470468,2867654.6496019084
4.0,24.14785605263703,117.1792478249771,1504.7812593087162,3102827.411489098
4.0,24.43456312470255,138.7981424178911,1900.6462465137245,3553137.454466988
3.0,21.33282604165446,136.85219917703108,1188.3457178397616,2991685.8950729035
3.0,31.39370895549089,116.87539186531639,1286.1485450225366,3065701.902669656
4.0,20.086966823609124,112.0889269919832,2044.2980309750878,2939029.3057762436
3.0,19.363090725551128,118.90097401111706,1494.2579611167862,2650669.055331244
3.0,16.61408197307624,141.09410509359168,1622.2114947198913,2811270.8861696403
3.0,19.465294076994674,124.01231165610587,1081.9869835986158,2673495.8337370106
4.0,25.502355101781163,148.9693916252163,1448.160054270904,3862693.2505781464
4.0,27.921396194906293,117.5903225751681,1655.1632915137825,3257864.694001428
4.0,22.61949382277776,116.12154925541577,1599.9125544219794,2982710.619472475
5.0,33.644833887808815,154.44947929763958,1187.6409169755757,4415122.08255286
4.0,24.75170145811026,123.21329505155393,1536.7235144873491,3422613.9881629213
4.0,16.67869365180931,166.97577489553777,1716.642334811967,3356727.4624875747
4.0,26.829921223859763,139.22812599248329,1188.9015179552475,3406846.557432629
3.0,26.649247620051963,117.54392408500325,1385.3659165848553,2829596.739662177
5.0,21.417624754323388,115.1297715411232,845.5896308820093,3422458.8170890263
4.0,39.317498001358416,132.23823962971338,1472.5557664273463,3922153.50958363
4.0,22.06022376519135,119.47296561042803,1550.484644535495,2937238.211767531
4.0,21.490779961485167,148.06206828025555,1352.0635737298533,3311087.8268586737
3.0,26.020167433755102,164.47056220288533,1046.3583029257684,3348808.69075269
4.0,23.283935210821856,112.96931936495395,1928.1616395040394,2883201.6108671064
5.0,25.508090152330002,129.4848022373904,1513.860212856575,3680843.365403572
3.0,24.204532114121477,122.70492448451498,2150.588857011884,2939397.2579460936
5.0,30.347822161426333,97.46409168295916,1628.093718241247,3542216.7579558375
4.0,18.066029838397718,113.15433480007553,1432.8013497487489,2830392.0476217475
3.0,28.38787871840949,136.92489780183575,1312.2497828909773,3210189.9270180073
3.0,23.483425734109698,118.04902312416993,1265.7602096534897,2685662.081562232
3.0,19.374800546108858,153.64586419264626,1100.533451742629,3129890.93374721
2.0,39.862134369532896,121.93804583681481,1310.131929788384,3074373.557106084
3.0,33.68569039331752,151.199194811864,1035.6765783605183,3371912.515470343
5.0,20.820478076727074,104.53731598967141,1067.0634857572145,3296363.268326185
4.0,29.01192655704803,156.08129109612656,1177.3949116406463,3780239.783714653
4.0,32.98427383946323,140.2601128860119,843.7271162446297,3813773.058259476
4.0,27.81032811107077,109.37657493406023,926.0616690373411,3270608.1488422165
3.0,13.85050915692098,109.37993647364067,1760.3375307864196,1988032.1583822975
4.0,40.835088275580674,176.3701532213979,1683.7277809829645,4851580.634873407
4.0,29.900930504718406,128.33810804395023,1086.2568876574385,3596810.929733031
3.0,14.148145070558183,136.7609178736115,938.9042341640247,2611500.390169855
5.0,13.501266715514992,144.65901173314992,1042.0252640489016,3449589.4416673505
3.0,28.207321273282115,143.81450979928462,1235.573106352651,3448574.8551022783
4.0,33.2166727645166,109.2262782244872,1444.5457654190066,3254397.8084735265
4.0,38.87781021948902,131.60909557479528,1416.2301005981146,4024542.2705960525
3.0,33.73576199672952,110.45241797412348,1387.7076190127755,3197234.33587687
2.0,5.66437137325398,129.04951213691868,1573.9780815634986,1680816.178787462
4.0,29.000619735555976,128.77492254641507,1912.716588461022,3388349.5540183703
3.0,29.147162621645315,139.05892961616638,1470.570171307766,3149591.6414447813
3.0,25.426110242909694,138.45736533236436,1406.7838761035002,3125444.0380365537
3.0,39.14221879831562,153.44066555025384,962.5513160632852,3924162.939672227
3.0,25.45854674868457,122.93255396953211,1046.088429037657,2837435.308088642
3.0,23.457996235427053,113.13980275919914,1926.9637100530715,2618142.547797585
3.0,25.566543627991173,130.95278924813945,1145.6722850423102,2969341.2339868583
3.0,30.7249770279208,140.48638099792925,1293.7590858413676,3321378.639393684
3.0,20.730437270661,112.27453719273228,1684.9075791519258,2470126.1974221845
3.0,29.048437386593417,171.49788368156393,1286.2704612339533,3707953.357067617
4.0,17.37149114058317,134.54248474422795,1150.5059126270787,2938373.8951587505
4.0,36.25781005891626,111.11681678570352,1571.5200497055735,3629667.569131869
4.0,20.1692870227395,121.11736365436842,985.4858036091435,3048679.0971877547
4.0,18.561391645560033,136.24256539104312,1532.0942675555038,3238860.5318857883
3.0,23.36087771243968,65.0677479432528,1370.022395455214,1857007.0750976847
4.0,33.30240164773559,91.04225326458086,1181.191651517613,3148181.5672893426
3.0,22.387893251749702,137.54995504409456,635.1483125705147,2848841.722365046
4.0,24.33926100289242,149.09924633676496,1264.4787735732268,3434018.18475014
4.0,29.159810249382506,150.8543753628086,702.3381685274012,3627955.05709239
4.0,18.856791832067316,127.22934260119104,1414.190095022373,2907122.8036498404
3.0,37.75061105578401,142.9070564902957,1496.000548729759,3709922.922911643
4.0,27.107456646040223,175.99531534884457,1010.8003358519475,4272851.098234062
4.0,16.469966037522898,131.0890328467952,1208.500349856865,2992698.307475399
3.0,24.03433798211752,135.39610795657418,1291.912083325954,3162299.192694974
4.0,25.788670883988075,148.1032531487773,1184.025087005384,3527614.701876207
4.0,27.635170085306193,104.38646715486945,1654.668579969143,3264035.9017990245
3.0,21.396837918693222,148.43950107968473,1412.4764249351447,2845700.5414529704
5.0,21.83677828716284,109.31161323125912,1286.2275113985918,3249703.3759330013
4.0,50.0,119.85150159899595,1076.5075351879323,4311248.469972232
3.0,22.672749310634646,129.2522678426443,1604.3641408198364,2890899.7960486906
4.0,18.184457780363516,76.5913770288508,1233.113884724764,2360293.660785419
3.0,5.5317995223936585,88.06993254147153,1491.8615555592291,1595473.7280879621
3.0,22.443265517687013,138.1232516934842,1550.476624616255,2969047.43147741
2.0,27.12853336458249,119.03043879777508,1790.028944936937,2579955.413464252
4.0,20.430586857495438,146.79774453031098,1494.2832679868166,3243291.4298240966
3.0,36.43153814765383,139.30721871622575,1098.0328657503987,3677931.8335773125
3.0,28.412501607075875,104.7015013714764,930.145949486073,2746481.8625199143
3.0,22.760096136300294,105.56099850011546,1404.6120808781,2426107.4306771215
3.0,27.270489689524563,156.55908399621197,1251.9587016456885,3426596.4690270517
3.0,31.43949950125958,70.78425242753498,1657.9963061113995,2315190.4169852585
4.0,20.9859383352814,134.0800968389304,819.9564571346868,3146063.668942495
4.0,25.65762239627344,93.52254568680203,1437.3934221936317,2810901.8246239936
3.0,32.52942956002867,117.81638887634828,1352.69104963539,3163473.917067038
3.0,17.943432302209708,98.98113010132013,1507.4022500822362,2383203.6130659655
4.0,28.697771368026025,112.81321292969523,1141.8221863271106,3044224.5912302546
4.0,20.057580317441417,107.38993509962262,1268.1155057493063,2734215.545470019
3.0,25.160708081736487,101.20662489656073,1548.7380940775367,2624636.8817681703
4.0,24.54482254629005,161.48894598920532,1390.3191905137369,3658850.5990294046
4.0,16.91435529934523,162.12633618033823,1395.6321946923804,3589572.5733499196
4.0,22.481183774416632,122.11201567430558,1352.079543572541,3016573.902931437
3.0,16.75822110325821,136.97600474282876,1077.1158052783815,2744729.9927208573
4.0,31.62312107249477,109.08182966162978,1493.6230497687404,3298744.772153527
4.0,26.69200192989462,133.35382778747046,1421.7134316320705,3520290.4154287535
4.0,37.92230663282009,123.83832514307028,1657.6938211930938,3928457.395125335
5.0,19.980699201506933,131.13378827233151,1178.0658420054815,3530933.5494768876
3.0,16.840276989620513,122.84463706920893,1260.7268158331701,2507949.9989313576
5.0,21.68690097823847,175.90261894032682,1429.5836486410633,4169109.450578904
4.0,13.187874855145822,125.9482215077892,1661.7552487579067,2673929.018306114
4.0,17.711403061338633,107.50162446677749,1526.9278390523004,2588174.8542883345
3.0,17.598277587502,152.66858591191402,1846.496833098313,3055898.5551710953
3.0,27.188826955572765,141.19440599290178,1567.2281429431341,3266927.722712323
4.0,26.111515545706574,132.1090975628207,486.0410855254066,3471222.1756539755
4.0,26.65846035441465,129.873247901639,1432.468586296862,3539550.5631696666
3.0,23.14196000906584,157.32168466368034,1069.5220059275302,3426724.7729404964
3.0,36.98894865215083,173.71763771633817,1108.4904698827622,4229034.224353053
2.0,34.07913452312142,138.16168701035645,1125.3033856617385,2926017.9748676606
2.0,29.463726115248836,99.73170255353833,1565.0327520038402,2397776.263780467
3.0,27.962661758603424,118.43304452879998,1388.8781329514661,2927478.503684885
5.0,26.433114622237905,142.05943675827757,1301.0627114032193,4023736.228735164
3.0,23.964859827462824,173.40786870692256,1113.6345748301924,3593339.7219986008
3.0,27.740675517445933,128.05573634299188,1007.433964957043,2968443.07247412
3.0,31.54836960419384,151.70030932433144,1476.0985749556621,3552883.3866854045
4.0,23.72273193203709,163.82948738434806,731.8506400203032,3596060.5907351756
4.0,35.648957984269714,115.11398829258783,1606.7222804101355,3502761.7274635183
3.0,20.669211161371678,149.52470780772222,1077.7391936001668,2792319.3928390434
4.0,30.686147598845974,158.7971226040773,1677.9490007780887,3849088.7528928462
4.0,28.282807274177518,164.0926327281714,897.6677068087628,3903747.4537220234
3.0,15.538507466016913,121.74583194445242,1243.129758485787,2510585.63380877
2.0,25.76783445358918,121.60450627511597,1244.9662482921697,2489516.780253457
3.0,15.639695047711497,98.84593103562348,1421.2563949788728,2252130.3978731157
4.0,19.251004219570746,133.64411841622254,1527.9864926565776,3023458.1846844633
3.0,19.540670651905486,106.20797734312438,1181.6603206391055,2513466.5888857963
3.0,31.61055889600093,179.5937591230242,1660.5183049869356,4040698.6798705803
4.0,17.71148201230995,117.28269856711603,1274.9815532965117,2697139.796177566
4.0,33.10927365869197,119.27837566318594,790.5955123081663,3740016.870441401
4.0,17.312590749103613,107.28904666827111,1486.0307141268975,2504812.423661421
4.0,23.2656248248207,155.52819726390615,1497.1114047090125,3547641.9677690985
4.0,31.004660044702135,126.31068081804588,989.8294167137627,3529723.1007783446
4.0,24.775272555880594,167.34548572398072,1658.4765182800063,3816101.1804473614
3.0,37.47849255457544,109.93247081802366,1366.4921491821278,3288154.926033162
4.0,30.161817275924847,117.73789842789476,1693.4231331052772,3175664.2186292163
4.0,36.15372499770841,135.3114270336651,919.9666874364858,4110346.324733716
5.0,8.940698742162075,136.17697365169863,1279.2001528205667,3146055.9299180447
5.0,25.79656007727427,124.01150442993172,1633.8271103930897,3773919.3378049005
3.0,24.69353171374002,129.75678164335207,1200.794150403203,3056276.813521323
3.0,33.66616940771334,138.18355709681583,1951.9179039596693,3529437.171755644
3.0,20.633494034157682,154.66202413489927,1544.6930307236146,2842235.7343013193
4.0,10.919028582046657,117.7794459170533,1393.8574284545716,2815860.059817099
3.0,24.838672113091604,157.6535334210862,1850.4192978896838,3357917.060759931
2.0,29.295462014315277,120.64878242182564,1417.992600050721,2618333.49104615
3.0,32.02260396832681,130.61407930701108,990.9840641424056,3176158.1445733723
3.0,23.72760145184855,172.60114270771325,1331.9580943560961,3576905.147382721
3.0,22.351560511764873,143.28445896351212,1412.5933303553272,2809866.792444883
4.0,15.502452728193266,128.1910890903929,1791.2537589024084,2925808.19918208
3.0,19.262866477637598,107.73313820123496,1313.0972290760253,2184801.7466126694
4.0,16.819542050469835,152.19604212524877,1315.0146850776937,3320954.06484054
3.0,22.042902354688714,143.35381827745425,1541.5782230084676,2994551.7639040574
5.0,13.707819522406908,119.79131023571138,770.7722877340118,3335131.125590809
4.0,24.27068552542108,123.22267797655846,1398.731764907218,3189804.0279135583
4.0,20.3418059191177,110.55881066131829,1597.6339175728388,2765191.5168125127
3.0,20.64697337547608,145.43674865273738,1316.2654065698816,3007895.8412499945
3.0,9.96896328971487,167.32550973748607,1641.981749382732,3042425.7955253664
3.0,17.588327677125957,145.8592568629092,1303.1522090713177,2818929.3943205914
3.0,19.277389905062496,122.67137736811272,1214.531972075762,2726357.9403384877
5.0,22.53007585936243,126.65675024239188,1761.678160763233,3587286.8029703186
3.0,23.936989538257347,121.34429185201512,965.4016758074351,2733307.029098698
3.0,21.083836241849298,104.98209298853882,1201.2327601872876,2327115.163085613
4.0,18.2322876055168,154.31079559169976,835.6239412127602,3444582.640169129
4.0,18.375402564111436,137.85013954988995,1657.4919445224134,3173561.0874163494
5.0,26.006895215350163,99.94991001407482,1391.4509420062138,3230388.193931806
3.0,30.182969558747455,96.55963644434763,964.463494397644,2391135.3755401
3.0,42.82865648342376,127.4398244929393,744.7571376651077,3756972.7059655017
3.0,24.90460154178617,176.5276261789457,1484.749705037938,3738693.9619685626
3.0,36.44777274030886,95.20378989148479,1033.7169297024247,2954413.2106262795
3.0,18.35342150573588,118.07100057647085,1503.7290843955311,2405335.2064087614
4.0,36.04514279316396,136.35729490589813,1730.5281514546375,3987152.697285543
3.0,28.425928170986317,130.56285585252692,922.6759432187862,2910479.044056248
3.0,22.47840818272325,126.02537306528679,1372.5280584607442,2957649.532125232
4.0,21.408841651937042,110.96213415713856,1092.967663600932,2746784.107851155
3.0,26.968595396975214,143.0942648488681,992.910721242468,3003535.502764426
4.0,36.66701017628544,144.56729257992438,1328.6988146741369,3986663.932442721
3.0,18.527442731828742,119.42153171159019,1842.824504579857,2355070.140850665
3.0,13.204974727951045,149.31543016281302,1237.652095692714,2723590.8570480593
3.0,31.798477794980847,124.8463480733747,1635.3309157192452,3038501.735769229
3.0,20.196089412972384,110.91733260963292,1528.138498490018,2445862.8932568803
3.0,27.51373586082015,130.7159262012037,1848.8659120126126,3044058.5597950006
3.0,31.93508163812158,106.54904601712889,1275.3264324027305,2971447.002308881
4.0,14.550927508686703,137.71101331716642,1666.666256338107,3183374.3178962003
3.0,17.075622149622422,101.46337308921201,1625.9487590759466,2193493.9463375406
3.0,23.070071189058996,130.08094424585963,1244.2777303634848,2967899.203845
4.0,27.157831558285913,136.90001521307988,1848.6112057088626,3530992.542502201
4.0,34.4128742235249,127.68100669394394,1303.5395197966002,3596454.2348373095
5.0,16.186046924029277,144.7207969117339,1422.6007103747845,3650387.2497345265
3.0,25.197828733269112,128.59298117064628,1576.9010586386705,2925566.217576067
3.0,34.14335035692995,84.47555870530711,1855.543289741223,2776683.2199527146
3.0,20.017828211298664,133.27183633900518,1129.9192283102611,2725724.5106746866
4.0,26.8134405191927,100.39075960811334,1034.3599334003547,2878562.6478462256
4.0,16.817972595063367,142.16044226927994,1110.9479032839447,3053168.3482776517
3.0,33.1640729228339,110.88051886251577,1552.239675282432,3152523.717142574
3.0,33.55012841611777,93.92640502036778,896.4185165741625,2953906.4799253205
4.0,24.000539920393898,123.07823565711102,1563.9771917580858,3184226.53071721
3.0,19.546372492360355,128.3586002800532,1720.7679086113503,2688383.7071339074
4.0,25.868815218357927,126.87953731157171,1713.9333364182546,3183561.536962121
4.0,10.501263271535567,109.26979603079226,1521.1477080714203,2303027.1229363894
4.0,23.75579992009014,147.99700077866004,1500.9131287852663,3519513.4241004144
3.0,19.384459920311542,83.05674156371654,1619.9919834432987,2112488.607291315
4.0,21.851633674545486,106.72085237469213,1515.2533044298557,3006004.4575329255
4.0,27.860141027457654,105.03753833639284,1647.9360985050823,3265825.8106541727
3.0,16.892688160135986,128.15370032761754,1441.7189346418095,2536527.1637534956
4.0,21.87221220649765,139.48638956673176,1548.1458386994616,3457284.5029734084
4.0,20.910937937701807,128.42745941661218,1321.6166783794931,3162205.3915098347
4.0,14.899144062337033,145.9976128387147,1509.714135308897,3223744.8985635927
4.0,31.03007498920671,160.13776194240137,1263.9115355808597,3922272.3797774063
3.0,34.04758547656486,109.66546370266644,1373.0659416492579,3165540.584455801
4.0,30.882076163362786,83.15611528431866,1488.976750628821,3139353.256026277
4.0,26.98078850181748,127.32230415481662,1133.904866323569,3432552.4987141592
2.0,17.216336296345588,122.06085088193905,1431.4863089421037,2216703.687841311
4.0,23.909207377694333,129.38792013051008,1250.7555694776427,3321194.896773973
3.0,12.918941509372702,124.27938984634604,1674.4364459459098,2273937.6711889426
4.0,30.17649139367352,94.9665881424126,1317.2632383516398,3180034.268413608
3.0,17.312367564604696,128.69274219991027,1290.5563205278117,2732356.351690299
4.0,24.22662271340226,144.1708455789343,1146.5019124320693,3437069.480757618
3.0,22.789367283278906,155.70103158181723,1004.4534970054374,3191197.83191221
4.0,29.62667545240002,148.7789893994326,1350.4999859379072,3668162.3205543812
3.0,16.181672955257472,115.49166252012586,1552.853318069488,2531380.164288006
4.0,27.03434810036721,150.96800002668135,1221.7811813205838,3524260.5082442844
3.0,27.05965048714693,177.19372620058908,1476.9157520029155,3841349.9772520266
3.0,24.121422351230855,97.89506470128921,1716.4017780893175,2627545.10728438
3.0,13.154486287588387,155.82268871379958,1730.2261373717693,2917723.932014078
3.0,26.34741881568993,134.97886836723592,1981.1053092101795,3148916.2138569527
4.0,33.161568484918156,136.1066867176877,1307.523449460575,3885192.329327295
3.0,18.323578332680942,121.22335967949775,668.6500014676867,2653973.0681506256
4.0,14.35298300864648,129.94407929942582,1191.1648650582908,2926352.5807331353
4.0,23.915743936498128,103.59321104336325,1484.6713677493933,3014303.217626735
4.0,41.13436463493054,103.01826341680444,1198.7466258374493,3788306.588055422
3.0,37.110654759438255,121.84754746798384,1615.8403133283198,3093706.591238322
3.0,21.107552229838976,113.38606523488215,1285.7736675010658,2498387.2568478673
4.0,23.632956892534057,169.1584677543288,1241.3198607233794,3802197.5171039314
4.0,30.61974485010885,151.44149510636572,1370.846888795732,3834547.357332232
3.0,23.780472991388994,113.32675034546526,1922.7770067282936,2819089.4708167836
3.0,17.675353158202185,163.5710065404461,1409.242837911445,3122965.5355174355
4.0,28.84262725631469,158.2267975889485,1268.0384623127645,3815395.288564049
2.0,29.662754863648402,136.71710082340076,1087.999804299851,2934291.9040033054
3.0,12.501984976534343,144.77824512317622,743.8413948942297,2556629.883580207
4.0,28.618975695538193,121.25029015326642,1140.901152714563,3175849.699212998
3.0,26.37258858993643,98.89704939813382,737.7293864001296,2661408.977871372
3.0,13.637450468281306,119.83781848554699,1597.4876346295516,2356570.668489578
4.0,12.477366828338527,132.34026949168154,1075.402585299351,2774857.436518737
4.0,32.15916511513111,106.2885942133417,1694.2821250390728,3220246.1372568794
3.0,26.398092572225714,130.90390184026842,1581.5737179958614,3089126.947390903
3.0,22.827796098116472,128.99573887190505,1447.5967773064217,2879686.0219821273
4.0,17.251652899287198,135.11882280830656,1140.6683509331956,3035443.866559638
4.0,33.96874188145097,113.11804286416091,1152.8654605965025,3439869.28763975
4.0,17.164122566809848,163.07179569373082,1029.6436609230395,3653584.12824907
4.0,33.63052358544825,102.01794035865551,1372.3170836734812,3339942.022844781
4.0,24.613565483319757,142.33263843210293,1595.7078864527093,3429342.9595330423
3.0,36.39808508102873,139.03149306128677,1607.7988315609741,3511927.9101663358
3.0,31.512414406822213,116.96982949049558,1425.284621696218,3016640.32906817
4.0,28.923163567694687,161.29082629760092,1842.0002918236444,3979343.43410264
4.0,5.483577849874031,144.83287631620993,1185.3439305636468,2614934.7802377674
3.0,26.665389370656257,120.10393207365138,1303.580950596744,2794570.602779187
3.0,31.743502964118964,106.03806260120763,786.8489832718149,2909198.611451343
4.0,25.980919625673653,116.24106308498685,1376.975865154197,3071392.0404504943
3.0,17.031561647740673,116.0466818434835,1489.2698890597146,2469096.8037309926
3.0,32.528198023946715,137.93762398321616,1675.2810586567218,3458781.980985656
5.0,21.63586437168588,133.99596358932268,1745.2312130975395,3632143.718820017
3.0,33.37540658682883,144.08577501749267,1344.575864934852,3506074.413815794
4.0,27.48912760938481,118.45854208386697,2141.656837452218,3381387.128191901
4.0,19.240088877545656,166.0662348605856,1560.978396512399,3687596.5853322283
4.0,25.45249250546948,117.03174702454804,1500.924225824417,3338236.7231896934
4.0,16.45331324344137,97.84673184785325,1593.7485054800263,2569171.1760508358
4.0,34.78761764940262,110.24183306201417,1435.6027574158081,3483103.3679235564
4.0,25.655798578355526,116.93614375311081,1232.817028435314,3292004.6417760956
3.0,25.62643447290416,99.58564383411128,1257.2832334338286,2290434.562566671
4.0,29.536470079927884,121.02218969003081,1606.3665908340236,3328120.396309102
3.0,14.28946097969459,94.83136696173003,1328.8786868276334,2080809.5885184333
4.0,20.238697535214882,166.44619129458567,1407.794226233288,3673619.380540419
4.0,18.57178647410263,106.04138582725398,1235.028266457371,2637973.973034258
3.0,43.77227028299171,120.77664357590119,1377.6664489673815,3619882.7047215975
4.0,39.84025332007599,99.0145432910812,1203.539236463493,3686698.003382081
4.0,20.72849743921253,130.74675387345707,1322.9433769871987,3218030.5310340067
3.0,24.93835085711872,120.7119841525627,1556.4587499409395,2857440.2515313616
4.0,28.601625016946894,111.03043664068164,1189.3876545055425,3061203.3962933104
4.0,34.0682494870754,127.09917406496427,1398.813052392508,3570351.6389873093
4.0,23.146969243830192,127.65039891561403,722.9792340473379,3330060.143827762
4.0,30.92726709226954,168.9788748449006,1190.4518674522471,4137156.8979303925
4.0,25.629654415592768,108.62132189540893,1098.7557060695071,3002390.4952882933
4.0,24.425323796628838,151.90039939830646,1762.0614691694736,3471755.0533154933
3.0,13.007557019720098,127.43729966807304,1696.684961140957,2522305.2170839165
3.0,28.42902137358931,157.79135746316808,1126.1334456768548,3547405.1079698578
5.0,29.394629125792097,115.58909407152463,1406.0567032092008,3679820.116264648
4.0,23.3384056498128,105.6140982021217,857.589164747316,3152573.993960199
3.0,16.144620798413087,121.73224831241554,1216.046426576666,2322352.1367461765
3.0,27.715790603477494,138.75281058122812,1233.6281591389732,3000926.9693085733
4.0,26.14562544639784,122.86785431851129,1026.7921257498108,3413909.5572935063
5.0,24.370511408585703,129.65893470803712,1421.742501076604,3601239.377059404
4.0,23.279434304717313,150.58712625215009,1404.7270127698164,3379525.2810627567
5.0,23.03880507451352,145.81123059006836,1446.7542820896285,4113669.2943973867
4.0,22.150299863013153,156.32946978852033,1012.0679313603665,3748442.816917179
3.0,15.202041403212657,153.33687184663694,812.3698572900597,3063872.8907025773
3.0,20.72278873276354,119.36138935325347,905.153962258291,2494516.636200404
4.0,21.209026674265115,131.2162866682085,1268.3811310283108,3174195.486742146
3.0,12.214861632818018,140.27918362589622,921.557377638704,2324907.9475930347
3.0,23.588377772738344,124.47146239972614,1885.9453333332635,2789643.558791882
4.0,23.83220386135145,133.42273377950062,800.5364348571766,3351875.6409421745
4.0,16.57094375517788,150.93143607729115,1164.1395824150434,3201427.0233884426
4.0,25.78942948653146,106.40897415408136,1755.6120325830552,2974481.156115939
3.0,11.154431625775498,124.73341555727379,1511.73099932424,2255019.844841331
2.0,38.72241610535579,99.39109996538816,1508.9607972418255,2607802.0843707602
3.0,16.406711506605504,119.39519076258583,1442.9730159128344,2356317.56184877
5.0,21.768035907089487,119.58300981300238,1218.226418799712,3684334.651141611
3.0,31.815356818126116,104.44710803361464,1833.813088761014,2885001.9140905677
4.0,33.24192819300444,126.48743856718501,1399.8964700515212,3739888.65713237
3.0,21.055319233421535,114.78828180815051,1094.7822356867528,2747417.0077786697
4.0,30.96132704879546,101.68635633958732,1675.4098584638532,3321925.574860905
4.0,29.618178577240855,130.03849066510895,1017.8557355053471,3447394.61599107
3.0,19.150070519710972,129.27160830611012,1071.6884023407415,2857330.9790383484
4.0,25.796964033516062,109.74796278709384,709.6878950901191,3093216.0254111486
4.0,33.76056151410595,108.09170484555219,1217.808648850332,3340826.0963714235
4.0,32.22846036846188,128.53065805311232,1266.7297173562954,3657176.710628081
3.0,28.651110038518063,167.08341365141635,1611.9698084832246,3804572.2094264836
4.0,42.12966158895279,161.19727292098412,1764.6280305989974,4459025.19282851
3.0,23.574273053218775,140.9225387727633,1195.7679423560298,2927975.0038884515
5.0,33.37049460239526,151.42980395262867,1722.278157433138,4376287.831005338
5.0,29.857771365281607,106.75040841849679,706.8955569610084,3600735.62877925
4.0,30.98721212811955,108.45354558304899,1296.8976808268935,3281638.840091381
4.0,20.62551343124813,129.545429291014,1396.8232269920823,3018690.299915367
4.0,22.829418437851203,138.78931890089024,2005.7365793219283,3578826.470924885
3.0,23.138119301785007,126.91817318671772,1103.0706094338311,2880469.889181447
3.0,9.218732006730903,102.12450670322612,1573.8916638086127,1989393.6491022147
4.0,28.754078792956285,118.61468091075865,1545.215842693605,3455791.2452882733
3.0,38.72155697209358,148.32240431962015,1653.9899178029193,3688366.9328985806
3.0,26.52397117764389,139.43489902761127,867.997990406727,3123587.1801702087
4.0,30.8142378171567,138.03018382818527,1284.3236836436135,3888928.3245486724
4.0,38.65438075528529,95.56862178941671,1412.981528344788,3214245.664887375
3.0,24.121408106446612,111.75725511389547,1489.1105485179032,2654153.1641100813
3.0,12.742541602215121,127.1231580644879,1062.0627744667067,2362045.692972804
4.0,22.75722266406152,132.45984569454586,1729.0248295411764,3476625.9914981597
3.0,19.422295690778554,120.9297359590982,911.8838880555041,2390586.021263269
3.0,2.807574575156442,126.38485608471431,721.0795369079897,2148372.137229449
3.0,34.00255622138098,112.74508738474688,1347.319684546261,3102139.1834854344
4.0,30.633952768626397,146.21745321710864,1038.042971581193,4053401.538560292
3.0,29.682967014378242,131.68257373052825,1327.1143329239706,3249303.0709257354
4.0,23.558018980006715,129.39264081967775,1098.5580833383,3221869.454789744
4.0,19.223550454900845,149.66769704137556,1505.1055867005496,3217759.855056178
4.0,23.04599975949659,158.6689829573606,822.3612403093266,3697947.6996355215
4.0,29.382092271489746,122.16466164809023,1194.486204427101,3308871.442492959
4.0,32.30409536585996,120.8062249050042,1643.4353997715982,3472505.9982076823
3.0,26.770815566855696,129.54734548545397,1414.0058393438806,3128989.2707125847
4.0,25.968692982558508,151.35233035075527,1391.0947040426522,3884513.3731138967
3.0,12.149708196317995,140.18153881644432,1791.095238565245,2694751.1600785595
4.0,21.234332243512732,108.40726672199226,1335.9987000569804,2731551.9398492742
3.0,6.0592326134692085,145.24564944897335,1394.4175985824695,2451561.0036971536
4.0,18.668443267907005,116.63479655900257,1208.745611066462,3015624.609532481
5.0,29.496267567999443,100.24384713721437,1347.7298662044072,3386934.6828547036
3.0,20.09114092559132,165.02005103149392,1312.95623625234,3312911.568798722
5.0,25.050761385699133,152.3439477427771,1220.064939877257,3967967.976537017
3.0,16.86989737828212,109.78453130265967,1261.5256529441851,2305945.4362044185
3.0,20.463056093652085,122.99060313798904,1353.1506645083366,2839573.238881456
3.0,30.552056045120406,129.54303675539302,1674.9723937942358,2998708.4409390315
4.0,14.526004985084292,129.81171186980038,1920.8119296556506,3014142.5953258006
4.0,11.355922645911695,89.25083353851882,1027.2252297602854,2370383.378303707
4.0,19.220177406993837,129.50980810656574,1690.107725389814,2965765.5673172795
4.0,20.84630565837765,96.73188317846208,1272.1802267884698,2484066.3021484413
3.0,24.57941191166582,157.26913374606926,1569.5947866295294,3230985.5497550135
3.0,29.45611526596429,111.83867024506134,1404.53332318848,3012072.3899571365
4.0,27.134592437427003,60.0,1742.6592805357382,2622615.1091336496
4.0,24.138486404856856,137.2802666307864,1179.5746739189615,3515118.8280163533
4.0,24.136324278510575,106.9161794931984,1659.498695083018,2934414.1637933645
4.0,26.805278932339796,122.97575271877653,1520.334061870792,3497394.769180562
4.0,38.708653680894486,119.2365015098128,1043.3977603193307,3680472.6939438386
3.0,18.0820083582063,83.15218440751615,1385.0655476798977,2134207.008737376
3.0,33.28790963758442,155.43941330856856,1187.1954007606903,3519467.1782771177
4.0,25.4822516198722,131.95632189384835,1137.062972182429,3602516.8245292865
4.0,33.73371970331051,124.83797943964025,1521.3181155416687,3734019.3726527635
2.0,15.67079354104361,157.73245542127154,1071.616007392131,2667075.3483291045
4.0,10.824858871475824,138.4650321484315,1072.8873012560005,2795922.7995738564
4.0,15.860859406531423,114.63042401022531,1383.4462084910633,2794384.71913295
4.0,26.59067512481338,126.06552783959286,1153.28889962319,3517216.3932178044
4.0,32.123169588543,147.70193563236072,1088.3002428576629,3940330.729096387
3.0,20.71574751361318,115.57679200751281,891.3870482011897,2728940.796514129
4.0,18.42878822278802,86.91755129860596,1366.887739380898,2474881.6104303957
2.0,27.828381745563025,161.87048856999206,1679.8667704562947,3163806.8551560454
3.0,25.288064137818132,124.60707894336281,897.8169352170598,2626813.606038165
4.0,23.711323636635047,102.98527374825164,1589.54080134266,2821302.4109277483
3.0,31.798296498043932,151.21562792498707,1726.2082570794425,3326266.7596125933
3.0,30.83118378962752,143.68206280775092,954.3145917685756,3393030.251627123
4.0,33.32995399016225,91.79005493503905,1141.8850533070088,3158139.979567567
3.0,30.11185143510687,122.10383975696544,1469.332002930365,2834437.078763811
4.0,20.904499705851922,150.66296848794448,1246.1879241922138,3409456.221286217
4.0,31.536406757280783,160.53705772094975,1476.1937588049989,4024270.3665321255
4.0,17.638766858565056,142.74381654916357,1703.7210020206546,3163723.965416308
3.0,21.70991770576664,122.36445510687196,1258.0949644529371,2613442.3235178445
4.0,22.043617615633988,146.52350619359822,1111.0629626992163,3301185.8087457046
5.0,25.11934081818288,175.4209159280622,1461.5937222528796,4459228.835716626
3.0,36.64572744593578,155.11432264033198,1141.9924952235142,3758387.3408785216
3.0,27.784146951522196,133.38902266506292,2106.563331632614,3209569.252192176
5.0,24.333692536501033,121.28019601222533,1396.2883661570738,3651745.9851159165
3.0,26.567258909770736,156.09321054430862,982.3681390362161,3570858.653461945
4.0,17.59647609310237,143.66708218713762,1276.0404848717696,3145642.8787661926
3.0,32.71602899861273,126.44897211634772,1215.7275796513165,3291548.0306513584
3.0,22.424017786295618,131.9667999855561,1234.925905745353,2636027.9080147636
3.0,25.391563415671943,140.12383655114866,1538.6152387442646,3266495.4534523254
3.0,19.92062182033846,131.0378803203509,1920.2719211793255,2695908.537422256
3.0,30.983061542909283,122.292871611902,2085.360903681089,2972510.1266891863
3.0,17.537308646629867,131.43689994187457,1300.605163956557,2831209.077054118
3.0,37.148107242032836,71.16521377180001,1664.1060061901264,2588310.044118737
4.0,27.00908775390173,79.50138535756432,1161.6731741558997,2723554.5382312555
3.0,22.762820940193187,148.02933610079276,1267.3652015676396,3092038.816685687
4.0,30.10695397752699,139.22421367651384,1829.6746952484714,3658488.610365045
4.0,20.91242414476298,167.76674131128726,1944.8393824005675,3717043.8295800653
3.0,27.666869705233683,124.99083488795539,1791.0234831058572,2856275.3602826092
4.0,30.682411560578753,137.1350039224352,870.3206087623997,3867957.302080341
4.0,29.609915011254383,133.5060676830155,1869.2911342872526,3607003.8354296205
3.0,12.308748201678544,148.59767227880695,1322.9389802954302,2854829.3612680444
4.0,14.851163389428363,153.3675047246114,1406.5697658817487,3365536.646569509
4.0,25.650351546011763,127.88269649084368,1404.3312906608085,3180549.8607606892
3.0,27.002550697143093,163.44813413587417,729.3449934317183,3552425.625257195
4.0,16.00586967835069,154.5462506998564,873.3703162069468,3340508.7860468044
3.0,20.99582213313853,92.06316957160558,1476.7140329555068,2207649.2233117125
4.0,21.001004213140362,127.8880199901568,1360.0503376679062,2947056.060050044
4.0,30.289487424333714,123.83543483901039,1004.0375853908635,3524412.3253625906
4.0,14.636293675863978,133.1639651700473,1137.2819265259873,3156722.5835157693
4.0,26.350020814408044,131.85467071435173,1655.0668363608079,3616726.7035697056
5.0,25.460325966917303,141.62785762886608,1177.978755490812,3845388.662629737
4.0,27.89182991519389,133.04799524012856,1579.6537988098587,3704886.7661684286
3.0,19.284640536455537,97.08688467013602,1649.874634014061,2291011.3065150054
3.0,26.17105222090228,78.41178646672876,1706.423072516797,2340044.960478078
3.0,5.400177166272198,138.7159087823279,1552.7024945255532,2217024.711505385
4.0,26.15716353003525,128.35299997565545,1258.7422944357,3339808.0368629014
4.0,30.368335452877346,148.1484778185079,815.5626976335058,3831777.5905490103
4.0,32.3542280534785,119.0459366433589,870.9564685916398,3290589.5922788004
5.0,23.936906617098238,128.7993401525147,1219.2229216967628,3610917.3022043565
4.0,18.223267803563477,137.651421062285,1142.8456587599762,3131663.060273632
4.0,30.501174771277764,129.23066185681378,1793.571180119052,3447086.514170342
2.0,11.620591402601862,131.67581245197852,1390.7530174032174,2076481.5654897632
4.0,37.46121648843007,152.14316797124542,1591.3899472881415,3993107.152619227
4.0,19.139659074940784,160.14848679435102,801.1651557326468,3462090.1723909145
3.0,32.486412287152845,128.19823754826854,1375.6205707299596,3393976.0374945267
4.0,32.70156454058852,103.83822353190773,1534.7826639883663,3145594.494993635
3.0,20.11979375029172,138.65596306280622,1468.5510286791048,2901859.1374838874
3.0,28.185310839622165,115.26182057332741,1701.7077264137724,2647067.4474287075
3.0,25.728431102601615,120.02029681853912,1151.935835932145,2920651.000952726
3.0,26.66685759321196,99.83847901620396,1697.1253594582722,2562908.1420858726
4.0,22.183394074015553,117.58584536819694,1327.2189228735879,2985488.3237922424
4.0,28.853000723990682,136.3005438417846,1952.354288194301,3406464.20185421
4.0,23.175459826937956,106.88633623521119,1265.7666251548933,3017132.462222082
4.0,24.004949491698454,115.36320948515925,1601.3839316648148,2912323.1782129086
3.0,19.653853885182734,138.01165033775345,1112.854660670238,2670803.1691645375
3.0,18.89338423932681,148.29498419335366,1414.2060134244705,3114030.010572024
3.0,23.389931565636747,129.4128462574298,1216.2032125942044,2715018.8134041326
4.0,8.953740992331866,123.69956348586953,1856.7914231432371,2671694.4957501013
3.0,15.826019771687266,109.4475938223191,1588.603048060192,2415540.0896307053
3.0,26.332458806939687,130.04230187659826,756.9871105722577,3068950.5849271594
5.0,15.34544080041662,145.72865106516338,1501.5859602407859,3455238.514512426
2.0,24.01972245216295,153.06569279920478,1214.5909459772545,2720818.347016557
3.0,21.048700142979914,123.47319396539841,1346.1078563707947,2808665.792276837
3.0,36.38116805004506,128.64991198538374,1260.9563907936515,3239225.801142521
3.0,21.740138573686558,131.254299961815,1278.4806542910137,2875497.378061636
3.0,35.10834495685082,173.34750842201913,1703.374807488632,4010655.169443341
3.0,34.95404323312846,93.93432329588256,808.7290535963215,2906671.795012971
3.0,34.550322435450404,117.57096548080902,1444.7644309370692,3161290.2866484825
4.0,33.53604608315853,126.21639228335368,1640.2192440419446,3728394.0062325434
4.0,22.55230662851853,140.8597102527374,1053.944446372549,3305052.4228226417
3.0,11.717981845522443,129.45144296021476,1585.5425113519548,2169581.197404922
4.0,27.597950531572547,97.48873336958596,1370.4658045247204,3131867.457822582
4.0,24.82860506206031,148.41092421009483,1374.2257211679769,3493609.542355736
3.0,25.263366450184943,115.84119604637883,1629.9724130026773,2845681.6039673886
2.0,39.39226506695849,132.5548127939652,1530.0836617258356,3280393.5001704497
3.0,32.08434607811297,103.6772304552941,1294.2102207817559,2976527.598778707
4.0,26.375282894477323,143.04257564698673,653.6944181129606,3459028.55399799
3.0,13.617819540909592,109.49813411417543,852.9784317560457,2278884.146463232
4.0,38.7358771695977,158.64843297099435,1350.1515495289948,4438997.686130439
3.0,21.857136880644738,89.13217119967372,1223.5690111202616,2324883.3743006717
4.0,32.8975785884335,148.77180866392737,867.8427027807134,3962392.1666342327
4.0,19.244412694513237,91.0872326580876,1768.8971167199,2682075.128370098
3.0,34.98614833372725,137.0294349725638,1318.5208154484922,3562392.433317383
3.0,28.320236378435872,110.95593824664152,1219.2195996304956,2844551.5061698053
3.0,33.984866785094354,125.57115567204376,1422.8195073707702,3345132.5620257775
3.0,27.627946544307104,177.00035505232856,1228.9191713732941,3857833.7408387423
4.0,25.556155811826848,136.3626709522021,1246.5023474657635,3592128.4023135453
3.0,25.659363650189583,149.93203097250455,1570.3655340894868,3118430.5066487114
4.0,29.78089897976109,171.83217910903082,1708.2606420703246,4102089.745543539
3.0,34.02900963102443,148.85441932149683,1670.99064160175,3721462.8877012115
4.0,21.347788010947454,110.25667910759842,1172.0414002548464,2760285.502078416
3.0,25.216104004388992,133.5329224965093,1025.7855124201244,2847156.2527392777
4.0,22.890819496640823,194.08535219392164,1351.8130805957724,4056058.4720447497
4.0,31.365268375446107,140.28427519535626,1140.6732640186042,3797180.2698560394
4.0,15.346609729216274,98.08062952043676,1918.1979030568987,2420332.0162111055
4.0,19.583821517123226,118.79442892063076,1145.0270241346234,2865957.027020905
3.0,33.007907529823555,103.34759502956942,1753.2678720063077,2924669.9029468945
4.0,27.638288790759216,150.89814636294412,1571.4134395056528,3864616.294981104
3.0,33.260890457197675,135.58230431522037,1786.790552861548,3432752.115276967
4.0,23.406558843456782,140.42354591370906,1508.9960695470804,3443084.1208380405
4.0,6.023163460477953,167.0598446984173,735.7826183817598,3089550.243815388
4.0,33.902624555245,167.10945324657462,1931.2403376765953,4377613.923397716
2.0,18.10115124892736,125.84995284521965,942.4384404931521,2077912.809536453
3.0,29.81016067808651,139.06688842949686,1415.0436496502355,3025211.9562329617
4.0,12.09508340023547,129.55726333522261,1649.9254308344364,2891976.3171492876
4.0,20.601944991629182,160.07526613334747,1635.4689841527697,3573020.060263841
4.0,33.523334745222904,141.87977615889955,1066.6793112406313,4002061.9898451106
4.0,16.870457069726097,128.80941365339783,1201.5818948602998,2858215.147817252
4.0,21.52725995695141,110.88266901499941,1640.1924546899236,3098445.8398805577
3.0,30.440510730391026,117.10966177313256,1203.721341411212,2728558.8467845283
4.0,30.092547776115786,113.09057478930404,1282.993055216254,3498207.3684435855
4.0,18.84627332514386,137.17260861752032,1370.6828294646448,3197386.6345469374
3.0,28.41420132212199,116.60130752814356,1915.3081158832988,2998929.1298676822
4.0,16.798951160234672,144.61493980102492,1464.2565145855378,3177235.3974313657
3.0,25.732376048302783,128.55785363413668,1172.191939891508,2815600.2936321995
3.0,40.12339525281831,142.19736320265764,1854.5373635918313,3912801.3828331614
4.0,16.774339546831147,138.66004650425998,1396.6562913350106,2936485.5477976995
4.0,9.435965181811671,147.97398703984524,1699.687979196372,2781043.00488019
3.0,30.68846407244088,100.61750323685048,1615.707113803481,2880638.3612129446
4.0,19.41597451783289,122.05988339361198,939.5293484040698,3256745.389699009
4.0,26.974781563333778,127.70594295925962,1444.6919328243132,3481900.1173467864
3.0,30.810503725424816,116.97012859628146,1412.8098138404093,2969509.238173127
3.0,20.602082913507157,104.88102590114565,1089.0431194007283,2342791.562571292
2.0,18.60677360320444,167.1643836181587,1569.7470672957581,2850344.802450032
4.0,23.604643727274432,101.77637960881663,1380.7093695538504,2806135.2229218367
3.0,15.58877809223062,135.1727277562593,1480.4598001723164,2389076.959728867
4.0,13.544081293348178,141.11314643905706,1506.2108870988566,2850945.6972930264
3.0,37.92254989099757,121.80035104093149,1399.0646697655056,3152115.65182531
3.0,18.11275135824302,158.8105413808605,1038.0828448567245,3158185.05679336
4.0,35.84904732221249,135.60713451479518,1583.7856398118233,3984470.901170883
5.0,16.612812080832004,156.20969337864392,1884.6895442768432,3677193.1663355343
5.0,19.82978397897355,136.85126008218288,1085.626634447301,3716835.569622445
2.0,26.27218669493914,124.56947169473686,1565.6780585822912,2447501.9730312247
3.0,25.172400099529504,151.94625794735902,1049.2432901381155,3057872.1981050014
3.0,19.663905043820822,148.50111500731654,1702.5236982561366,3070411.722099837
4.0,20.194544230714733,178.17498500756977,1712.1105520533183,4110793.619957316
4.0,24.96757279844245,115.66053849033733,1605.168822809558,3089588.1378754214
4.0,31.832521914087778,162.05461793065535,1394.8535466964208,4031828.0777093926
5.0,22.97451162419829,86.09197368910561,866.8947275261886,2933500.382171633
4.0,25.840553378554713,147.0019050155842,911.9445847290467,3719629.8961055637
4.0,22.068868754619025,158.53095578284606,1322.7672335092427,3476572.3871670407
4.0,21.591471374326456,103.04858818307585,1225.4103007496497,2887024.897145033
3.0,32.43029981616246,137.27054518780193,1372.8398799883585,3431263.816878493
4.0,32.55688765180191,155.53219070239018,974.9086353814964,3831707.587646519
4.0,33.20864566601211,141.55481730723778,1193.877198637487,3856164.917072064
3.0,32.49361761650705,172.91813188945656,1034.9265292208574,4050907.5017330125
4.0,15.234725256790389,140.72986087304764,1697.9413991457416,3152694.80863725
4.0,26.546288143959504,148.04082990335343,1422.5441799889866,3630739.9296570667
4.0,33.61970553463883,119.13388485005173,1337.0951628835355,3427652.577784615
3.0,17.483190409845715,138.11833441391929,1467.864250176677,2641538.581145892
3.0,28.98210654368883,113.9350649574839,1314.9387689024195,2979009.8484211955
3.0,30.073717745780396,130.1602946672896,1191.1233623783896,3135550.822764527
3.0,20.665948400962094,101.5375858601628,1622.6741622683533,2270358.72479611
4.0,28.096017146535974,109.63686011591858,1150.4717837114117,3069287.997027591
3.0,29.752801494038366,148.42850655896362,823.6397933081241,3314020.171667974
3.0,25.685936959107796,114.96658128269868,1930.6404462499913,2727277.336269557
4.0,30.412517480491218,138.61384935434836,1395.6288427459492,3739558.7214932702
5.0,26.9824188971573,135.97432682832488,1433.2449084187872,4166366.9000193384
4.0,16.08466819510134,145.6187104097379,1578.8252570652967,3107572.6438746755
4.0,13.432083454561038,142.4835184282435,1606.6804204836083,2953386.121524377
4.0,5.306199348316539,118.55256263735768,1077.1175469233042,2315085.891229435
3.0,26.725614289426847,132.58384967387727,1341.722618136536,3223891.5529715987
5.0,19.825562080826533,141.35951749515164,1395.225355785479,3980604.9837536486
3.0,17.787628927610914,183.73138021711554,1823.7658596826489,3186381.5955864107
3.0,15.335243147741092,161.17178030901567,1381.7027526652266,3081481.6674760934
5.0,22.980582042769054,152.0654501207222,1484.4613208553824,4040339.7662507156
4.0,20.805126643411025,127.86435993167613,1059.362093510004,3112087.145948767
3.0,26.28580545287325,146.97176396570856,1908.2113717198868,3415358.897325864
3.0,33.44176803154291,143.29050260666077,1049.4204799180284,3652844.8355384273
4.0,30.3875728373764,122.11016659748398,1343.91376803001,3296487.9251373447
4.0,28.685222271404463,137.5419106696848,1232.6911288190647,3460562.6335986857
3.0,26.041176206837708,154.56990969280167,975.0093817775511,3492366.9594754633
4.0,30.2547979021786,118.42930520507558,1322.8224474018261,3367684.9192816014
3.0,17.606945033004973,137.4712886539338,1555.5656931408946,2891340.147533336
3.0,24.21896223408955,155.674670733766,1516.160876520012,3385039.0888660825
3.0,30.34006822387461,128.71240976902752,1349.969142632708,3055924.462705979
5.0,17.4690525136211,139.7233302767417,1301.9094050492147,3730790.336383637
3.0,22.277954276910503,160.04778368778796,1350.7833368294498,3398015.3917355216
4.0,21.419482473498753,114.83796605425462,1750.2277892154098,3006070.335164088
3.0,31.077399193341325,98.64034284085992,1559.3380529068702,2708319.458376642
4.0,27.186781238287594,111.94674340348092,1581.52703123457,3300800.6375364764
4.0,25.29943736421013,162.43470089602067,1453.8123840026296,3798946.3611242487
3.0,18.90318674970712,127.93901199055144,1036.8043966062478,2560963.4939683834
4.0,16.301853773969942,128.86507750288519,1502.7289370067144,2914356.720017763
4.0,27.766417703795135,118.27352166764169,1196.865475040537,3117754.65267199
3.0,21.63292932353246,148.70995904184656,1247.3078948118898,3126264.369241792
4.0,23.438390914222882,116.57043899603269,1084.0203434010227,3165773.247860996
4.0,24.4378973529885,137.4237647486721,1361.830681022942,3291485.2935391665
5.0,25.878552287429514,112.331799079857,1640.373965772427,3628701.8716962878
3.0,23.398977042086646,160.88003780794992,1647.7870385457827,3223590.5218062242
4.0,29.41794422760702,89.4552645725432,981.1459130748343,2771082.514561956
3.0,29.292078765870908,132.33779583902412,1637.6107763338182,3328921.011863347
3.0,13.67968817471213,132.30053306991306,1990.139421738112,2599456.3177472884
4.0,13.007156455129813,135.1085968432056,1252.0840543108939,2819502.2467240514
3.0,26.743238201669822,102.90066289283311,1511.4452114565481,2663827.190317625
4.0,24.720027947420206,135.06015627654017,1247.3778310958282,3373584.9541372154
4.0,17.43189993259996,140.7124694683922,1523.7313278432885,3259750.0498329177
4.0,22.256538195219942,117.98780388182996,1705.6634842212584,3104571.8338495186
3.0,18.34008993935649,157.21731033687183,1186.9405403607138,3046114.2525576283
3.0,28.970018513608267,160.43023019044668,1942.2638606555822,3377723.491311386
3.0,12.596333818840158,165.4742656374459,1701.3813388622261,3037604.4299652027
4.0,26.077860273481278,89.78296358140919,1385.1950566080761,2697954.374421653
3.0,24.23042209051465,122.23375961743216,1752.9933358837438,2539374.333117406
3.0,16.59251373061625,105.44794691025831,1709.4294789716794,2296367.877234068
4.0,27.51216455875376,125.08554524018524,1697.2350989190238,3491253.981314665
4.0,30.51325989088768,87.81478584722527,1412.3104185286268,2982788.036084719
4.0,21.060113053337883,108.8384007055366,1269.7346547171785,2936870.0155911706
4.0,23.28123298102787,142.06050375376398,1461.5732574935187,3525858.934304206
4.0,28.912397171895144,140.05859952827439,1450.7596488492684,3878509.225182646
3.0,35.215904153003066,144.46207567966013,1016.3462359314783,3658381.86905473
3.0,17.469807883851324,119.28743083082088,677.788961177039,2499877.54002395
4.0,23.85946177865289,143.44888097251828,1609.7892473395616,3448568.212652306
4.0,16.66046714522337,133.4920409612974,1377.2554355716584,2901623.480944205
4.0,26.99696002258195,148.85019068425854,1835.2575837536976,3500552.54599276
4.0,27.106245615235203,116.09710195991559,1469.0016315701105,3056642.0291556013
4.0,26.510331480843032,121.18401880873208,1487.6449905847676,3110300.3018107973
3.0,42.68828589727248,145.61299042760686,1528.3535199220514,3822027.144663781
3.0,25.61498211884497,136.86826678686398,1515.3610753847872,2993691.17998785
4.0,17.070139116186965,100.50723247072736,1535.252117903978,2438039.8090873687
4.0,19.481189525787624,134.11629311781684,1516.8532050549113,3184786.4777904414
4.0,27.83101240442094,144.8045355429968,1621.3397904551036,3872553.2488728664
5.0,32.64744621893065,120.52423534877644,632.9680100645517,3838028.0401378996
3.0,23.955594474350637,133.55259866911422,1300.7208323525313,3070726.492533397
3.0,33.053330029849455,125.12509402262086,1720.9987563989926,3204491.5478645344
3.0,34.50798726762627,136.88325843480513,1451.3452947249764,3384668.2300927057
3.0,24.986390386923055,87.51554865822077,1840.323581619937,2491401.7341355723
3.0,25.087140933917777,164.65950023503274,1039.0289172158855,3253366.561800736
4.0,20.38081238803479,147.0043457096097,1488.1586411583846,3523899.711417305
4.0,27.890955657142296,114.13101538950224,1496.461946174394,3039382.944859038
3.0,19.625543139693413,129.88606215419685,1140.757775024932,2758625.137679927
4.0,27.23085227484565,132.5138588140258,1789.546655997517,3436577.887841457
4.0,25.706628993347035,115.94551448272117,1502.4928463426884,3045092.95379006
4.0,22.9866921557813,117.76018052669903,1560.9401445781778,2918843.7478063414
3.0,32.92616314669606,85.06503544071501,1810.8552586825354,2568823.6039817347
4.0,19.162550427349764,119.57196546035502,1300.9264912379595,3094172.868275194
3.0,32.05690823673784,121.87698083677547,1649.3106991345605,3096692.888618641
4.0,17.386739728444304,116.59040058710221,1379.8336744244214,3077390.545619572
3.0,35.884880071548054,105.94999207329138,1041.783228256716,3107485.1960504777
4.0,29.232327570572195,123.53871701648816,1169.43185688445,3475820.0701397606
4.0,19.072104413930344,102.32882169180496,1258.6204459407452,2555685.8495984757
4.0,13.86657823384363,111.54750611219532,1682.489875190249,2615818.5666832747
2.0,33.99512957446139,118.23632762029234,1824.7639170699165,2773087.045866165
4.0,19.882595701112603,128.11228014414542,1636.0543521308618,3314027.2478512516
4.0,25.90180785557864,171.07018594080492,1737.9144054200583,4062642.1679986934
4.0,31.27469312872444,121.26943406102288,962.7632430747296,3644207.589245277
4.0,29.9146422950521,124.34485515732882,1637.2593080502274,3391504.2036039643
4.0,26.610482275115285,147.75955858858876,1153.033823175765,3514254.9575635083
3.0,17.596424112677326,130.49538379592994,943.3188989321272,2425552.2053006673
3.0,34.53469107183699,92.60817643674739,1134.410269510361,2841165.9931127303
3.0,19.203162055077517,150.10798603470528,2171.5628320364763,3131621.7779230736
4.0,26.90501701528635,124.76799249385517,1146.107925948756,3210524.424202413
4.0,22.900154099297115,126.84575174414367,1740.1321336006,3168150.2332152575
4.0,27.3738515044008,121.78895222752622,1230.8689944779198,3396920.9767124676
5.0,16.30943417172102,121.03601963851644,1784.0780380974772,3148630.6564543224
4.0,17.892981062171437,122.37813422037917,1270.7246199725578,3145328.1019468904
3.0,24.558518072799693,130.03054077733097,1603.5337135576258,3023604.4062901777
3.0,15.871019981793657,101.78395813882199,1624.423291136152,1932406.1763329594
4.0,22.64574598718002,127.62770655505823,1305.5279720270548,3293280.2969644694
2.0,26.151868325795956,116.78077919411999,1528.2038565948183,2299347.317137937
4.0,25.851887959307554,113.00046863597493,1303.3082884967453,3211341.1884598467
3.0,23.990976118642475,127.43554143848792,1079.1312058889198,3003187.547267139
3.0,27.528845991983136,115.54029707525568,896.9819129750466,3014567.947534591
4.0,18.64136484396928,167.65434247023188,1631.0378859142531,3723307.4094344378
3.0,20.291899854591684,120.21465249559178,963.5617264575842,2708007.758382685
4.0,34.57474679767119,142.7322834515591,1372.5275798106322,4010464.2030032715
4.0,20.838977165769165,151.94269277295172,1024.0393175207212,3378225.6821740353
3.0,27.408568368360875,101.0068310705519,1186.4362302488898,2760856.2958065993
4.0,27.4815833319098,169.28444223689934,1201.2517323142317,3805092.493671006
4.0,23.767714894701637,137.4944655275504,1286.2083805277605,3486730.16293688
3.0,18.02410588334628,133.76357512091107,706.5517667527101,2824236.048233898
3.0,14.144426770947343,108.79811902847169,1088.7746899388108,2063816.5737994805
3.0,24.726145346746655,140.94772193794688,1428.8347221126096,2853968.0517017525
5.0,37.30638697748939,162.3138323287954,1006.8253160578631,4685297.360361362
4.0,36.591282615705445,135.99445062276985,1533.1586966077018,3851293.719395767
4.0,30.0912538473545,141.85094030771575,1492.1975866449395,3900570.6323635317
3.0,18.390127171698783,104.64182473590763,1365.81285288286,2401390.2459099274
3.0,21.287618456535576,109.95546595332466,1306.1906197162818,2629740.0205578455
3.0,23.59967159026913,128.7269854746585,1438.0613031485673,3040050.2426227815
4.0,12.129944721930416,102.91843550413918,1411.5322405194781,2285797.301138474
3.0,34.632227082574204,129.43176163896015,1170.3175694346414,3271940.4406943037
3.0,17.179607376883265,118.39531002468595,1659.505155164873,2628175.889250291
4.0,28.15607485516688,157.17325156673505,1754.2722454397392,3668241.339471412
3.0,11.571322956754651,145.90419255254247,866.9438303213537,2787436.477357325
4.0,26.77617072272054,96.09845221848417,1393.8432888136854,3076801.4928949405
3.0,10.875608714020082,153.9993471092314,405.29366324089375,2788691.361047998
3.0,26.176188344558124,126.84189347928066,923.2464979452167,2895700.589627286
4.0,16.721219916968238,117.9761977740278,1045.261086159511,2792415.3844885174
4.0,25.930250272609594,101.65205386399069,1128.1875575063475,2873794.1676895013
3.0,31.759746643526697,133.7633081940281,1756.1611602994483,3371202.9680437916
4.0,21.386561398834093,161.22267320280156,1345.9655503532774,3724154.829208562
3.0,24.569970838294164,137.40696491138897,1645.8800916959763,3180687.6881810203
5.0,25.66118499121236,164.58264277179626,1502.6938715875797,4183612.845710454
3.0,21.095517680672035,110.3402989656932,1546.9239064517349,2375169.451821517
4.0,23.852435011840296,115.3763312063568,1450.35717404331,3056887.5728454106
4.0,29.949720256562948,128.2067945744592,1527.2310755850149,3430387.9406495513
4.0,26.517178151620843,137.03122237102934,1815.3240041482798,3461938.281345583
3.0,10.574983540569692,139.4030475769917,1453.1242116288088,2282152.500476404
3.0,20.009357266868427,138.72165444173731,1688.887635552714,2643941.2437735135
4.0,19.49212705203276,83.64843541245088,1508.3496005453585,2457770.7200316368
4.0,15.204520042301505,107.75016932349297,1913.9490381450532,2633051.905435007
3.0,11.158160118692749,113.79756134484126,1479.094136290959,1999375.6888774978
3.0,34.29728608545328,101.39814211932547,1310.67816541823,3099126.1573114307
3.0,22.088011479915966,130.41954028062156,1142.6215615937567,2731071.5974745946
3.0,22.69357214730187,97.61382796796059,1811.6537918521876,2436684.387089858
3.0,37.63521719334019,127.3871146794442,1967.7217232869853,3552813.5447937557
4.0,27.06084685204157,138.13373394166132,1397.2348189043353,3773672.251179738
3.0,27.30506175154954,111.04960749830795,1588.3726270673649,2494079.0725190425
4.0,16.53658347105147,88.66074850499474,2348.6086488488686,2452811.607874102
3.0,20.17015097346499,153.1686627701197,987.7613204402597,2901135.635143713
3.0,18.126877160126785,144.89798803295332,772.848726017864,2891608.9471786935
3.0,20.110093220765023,123.16997579522759,1527.793903243414,2478125.2585093216
4.0,22.897954372639585,130.5293307527483,964.4895195371266,3385679.8687686883
3.0,29.23247787333038,109.12608291127358,1911.2854978995163,2813423.095411806
4.0,31.43419488691603,131.15136174252143,1321.1170706831092,3723481.3000053465
1.0,17.6251482107312,134.27006576897946,967.2493746870149,1690077.652988723
4.0,31.67234853381485,100.06245902754297,1509.4709326420107,3354642.904708313
4.0,28.129853010872782,144.54216956376342,1291.593968222407,3850444.846506906
3.0,22.19355616962267,86.3802608728595,1323.5961154844765,2345494.967961224
3.0,32.90905563529692,142.95887089725395,1610.1845225044317,3571777.4759304826
3.0,21.15172473034922,158.70580247386178,1440.7486891618285,3159971.821309001
3.0,28.11227030363228,142.07234779217103,1426.7325117765656,3369855.871309198
4.0,27.000246524844822,123.30123582906609,1401.3044912441674,3448132.2721685637
4.0,12.639564510390112,129.18186225131018,1494.9731913320752,2847831.741511995
3.0,23.9587320790299,144.46556595169662,1649.7706349701966,3104503.7080158647
4.0,26.59557283058056,134.69562916738874,1119.3713616298526,3599894.0742429816
3.0,21.179857282985513,137.11086163213207,1387.0434148982333,2880761.7535936935
3.0,17.767288429551293,99.54635500761356,925.3814964397753,2252506.7570778676
4.0,23.9022092743575,125.20816842276449,827.6147500215527,3341546.491742543
2.0,27.55908219368041,123.3224326074558,701.4725476671305,2545785.724787472
4.0,24.327434843337322,138.07397062110257,1515.670666264684,3489881.193717957
4.0,25.233938428677334,130.57510238196048,1014.2415065010993,3280998.908732462
3.0,14.461919339226661,144.99846537873765,993.440849058479,2857673.6680756286
3.0,15.957341588053657,127.52172959319388,786.4945081285427,2706632.410327137
3.0,40.56742867560121,84.48413706388146,1668.7938232643942,3061662.7141149435
3.0,30.001411026973926,107.98107932574007,1647.5271146679509,2890120.757181315
4.0,21.980453951610734,136.30820296247947,1518.5098584589502,3110827.4478135942
4.0,14.167823382615921,132.38197834715783,1128.5311714746626,2895470.3665107377
3.0,15.719853777027193,129.7838788028941,760.7210276810985,2449230.2197517897
3.0,23.488543796179584,136.75943924977895,1233.5429738415157,2934077.641980335
4.0,19.552364086076484,145.61241556519883,962.4033585818569,3205776.2540778434
3.0,21.111364482597722,149.32536975547058,1199.0316389604202,2870516.0563367433
2.0,17.522961911987924,125.84559362896712,1123.0487101085187,2238497.7435408104
4.0,12.278296562028121,116.39637931438092,1693.9789377796826,2580146.0667243227
4.0,29.094951370394977,136.06654372273587,1531.8219099646672,3616758.3785778075
4.0,25.179341111875008,147.79199406527533,894.8713296296279,3413899.0648762304
4.0,32.66787576630276,138.1907952914683,1791.91790890518,3886064.9971069777
4.0,18.456028710808717,162.41288927310052,993.9415149452157,3528159.2792317667
3.0,29.165315096536222,148.0152106768736,413.3088237906012,3483444.142138932
4.0,30.445080403362894,129.24811373740107,1162.1311979070347,3504767.125187833
5.0,26.685258228059876,144.1538249378235,1612.4901033968456,3942211.5495952223
4.0,32.91132305376395,124.14095365716199,2132.5617150791772,3821451.0067350203
4.0,19.161406321786394,134.7529642381748,1010.7126167507249,3344182.468336578
4.0,33.00801979086442,142.68605622867335,1447.5933595609843,3866528.503396973
3.0,23.58105405087433,147.847155336133,976.8041937814894,3209358.7202904406
1.0,27.32259789153956,99.50269026465315,976.4223389922674,1806443.1208089031
5.0,25.723423803068737,134.46669278959698,1635.6963976116544,4096555.9848904163
3.0,21.878024235148168,131.19064867257492,1378.575965811047,2785385.1813516812
4.0,28.91289411815675,97.57936618287079,1052.7729728665054,3302561.5538711664
4.0,26.79158298742021,112.39269141577569,1572.5819911342383,3055264.110453643
3.0,19.794570067133538,145.18153058550268,1515.775527734097,3051778.4845048147
4.0,25.97239815732873,178.54319434370623,1174.1597543989617,3972579.886388465
4.0,40.86468575184502,127.55944468750128,1433.6320019113284,4126600.420252131
3.0,19.536771267565953,137.9051813600403,1522.8221591241117,2829747.258985293
3.0,34.91869859089554,97.05653068896679,1618.5761869308096,3004842.3638417115
4.0,38.55421287620954,102.20735611109313,1716.2504997044161,3510048.282013864
3.0,18.110640657040694,120.29313774905606,1309.3258722314306,2645179.4814519724
4.0,22.739064250046557,145.85939067811466,1126.3655879783528,3455647.169227506
4.0,13.332643863795532,115.785725084621,1175.6149301115129,2550433.4786369107
4.0,25.86080032573796,116.4872575641639,1225.8428362662303,2992066.2288180464
5.0,28.19603846067088,119.61699005794654,1507.880055267341,3666982.5774754044
4.0,33.90819587068211,131.48412665616982,1612.9679938271508,3659933.419454156
2.0,40.08966569118683,138.60695994897623,999.3333568866487,3334354.9340585456
3.0,22.703494760694788,166.3181824276573,824.0339593537357,3555916.802135182
3.0,32.85603060655145,66.02545906969526,1112.6149334165143,2402804.751302544
4.0,25.827986363866046,106.19325406009725,1679.9001673291912,3134344.762776045
4.0,16.83770542814049,152.6070435112913,384.71200967810955,3274296.2301444467
4.0,24.872332085383807,138.4407436882721,1192.3877771167267,3438204.30262013
4.0,19.269960039413032,150.34589560635402,1894.7137268951997,3517666.655704047
4.0,23.07676946238549,109.93133139269841,1363.6528622002488,3215540.355174936
3.0,33.24245200216129,146.73158308536972,1559.4432788854283,3660883.8852251875
3.0,25.81622035345375,107.82747202788329,851.2495700012843,2651427.59732363
3.0,41.02055835360421,111.85216736560903,1527.7354923739576,3219754.555888848
4.0,20.75379599815455,113.18205607176287,1221.4955781961462,2970308.692866724
4.0,23.13988262609418,126.80985147274498,1946.8465923236356,3019123.1417481974
3.0,30.26645717446076,135.91290590353503,1195.5057769484129,3235452.8303259052
5.0,25.638574260105784,140.05261166344343,1236.147054635309,3903514.1156264464
3.0,26.468638153664354,148.35834404229684,1663.7310824088192,3376414.3410364473
3.0,14.37034260273183,116.45175553249334,1221.5232880181309,2041157.3525726278
4.0,21.120815772100084,121.13008234239066,1480.3727891006297,2977825.238877493
3.0,31.213855053260907,109.07113815760275,1277.8744678088763,2709721.3345861463
4.0,9.299907054621865,127.62945303180558,1297.9507112476324,2810113.663564083
3.0,25.114644968018823,138.4291212998167,1779.1555718844081,3045410.687445663
3.0,18.230419339998097,153.71785583101686,1650.0739171375862,3102919.1512443465
3.0,20.34008006672126,132.15117143164818,1663.0024986522837,2970650.939571549
3.0,32.180744839551714,167.5676028966391,1492.3212056620328,3865626.2393706464
4.0,25.431973048691066,101.51298116191376,1164.4326989874282,3136126.740441907
3.0,22.62970734227847,135.85321473835654,1129.0673494023974,3072215.511958998
3.0,16.960162535989053,165.85044282058075,1402.1609417208435,3262165.4650090924
2.0,20.93389693845962,152.48530763641375,1626.998143227006,2702370.4102308815
4.0,27.021945316498734,135.59474217086006,1494.284086159572,3633193.1817315957
4.0,29.3960373547808,106.47360011249198,1634.7735246147722,3331509.7477218653
4.0,15.804897474868293,155.40490468497603,1407.1188298535267,3235131.440192337
3.0,31.736929016298955,165.81734351929913,1367.2270875401866,3818250.897805699
4.0,16.833338778167022,104.95561401831105,1185.3830790319112,2622107.780067114
4.0,17.88575085981772,127.97839265023667,1609.832803725425,3096898.719907202
4.0,23.99394980581953,124.4641832837274,1330.8435128057636,3116294.461651834
4.0,28.077369426235787,126.65188003059764,838.9505867587136,3447771.683652364
4.0,30.67545049908305,101.20262271558647,1322.4578409520634,3072357.1387449866
4.0,24.33516655134595,148.82749254086826,544.2812680908435,3669453.387750957
4.0,40.10868334404991,132.43989831774894,1429.8817123488527,3804766.9431699654
4.0,35.87598668354795,115.8836976349443,1411.185911358956,3806108.440666833
3.0,20.352882229630534,152.5420494219888,1574.0003241042623,3009021.9967845697
3.0,26.219473771443493,114.40503923450055,1162.3775430282208,2913469.774907355
4.0,25.386595977495674,134.69491228798438,1829.372424732565,3242490.943083783
4.0,28.51103559801944,137.94813226312982,1634.1536922420987,3699658.750530286
4.0,41.59611362769115,127.46929231008674,874.7061694802966,3898496.3982329117
3.0,24.72621940868633,156.46870127133428,1390.325325011263,3339191.755569669
3.0,24.476155947724568,124.16910218160264,614.5172051082225,2729244.083464411
3.0,27.649841567559395,111.6185530840926,913.8111095573953,2729135.014572045
4.0,31.656386562407864,118.77045556978479,1649.3522525748936,3709181.4564215792
3.0,18.24565288705172,162.96420471598574,1705.767647658825,3117483.2660664646
4.0,23.571722869094184,100.7236148542145,1732.952381224191,3098099.2773403875
3.0,19.933176174354575,148.78252512285334,1426.300075097112,3194349.8248543018
3.0,28.096867674303954,104.91740139615013,1524.169206621612,2644144.2228216277
3.0,25.57993896006423,125.99481343976358,722.3318972598277,2827483.268020636
3.0,33.896470528723114,152.94225547743005,1869.433427302379,3669739.910721963
4.0,25.442824762753773,116.99019588168218,1277.4224924344778,3282698.9024393368
3.0,10.33293445073741,118.97996074163063,1854.6603467912614,2105951.3382299235
3.0,31.18352924196012,117.5137692260619,1349.2984685940405,2954100.151808697
4.0,15.366190220669177,128.28711098143498,1511.415137467824,3081397.6538944514
4.0,24.38253237068961,131.3029405191894,1327.7933209706716,3252856.0071239322
3.0,25.93358328821243,115.22735984788534,1205.991227000097,2806900.4635390956
3.0,25.20579219221482,126.93014657602521,1247.6139462969325,2863036.2203605
3.0,24.354862845650164,118.85536043113726,1293.256478323517,2915729.543169624
3.0,17.486281569005936,123.603423061939,1573.2751595172201,2355042.5286613717
3.0,29.534520963881885,163.88807551696954,1671.9122890491556,3690039.8673035987
3.0,13.969807128548872,146.046645626843,1423.1267674735564,2753625.6234800327
3.0,23.161099754421148,162.03650856813445,977.9930465894895,3443217.6501988657
3.0,22.165460244221517,118.35320849107325,1141.5990202708335,2457773.7750372095
3.0,32.48608523205756,138.6910837847722,1000.757696474237,3411237.0936484784
4.0,40.930085561792225,93.99980121484862,1062.3241398847085,3498353.972295715
5.0,28.98948608481792,136.35001444153718,1201.945316288502,3892187.6018939125
5.0,26.448584952350174,147.0408482442429,2086.7694984365608,4110970.86279604
4.0,29.14202198457664,160.96994526385282,1645.0543915859894,3960653.98406037
3.0,32.258846100363115,112.6634740439893,1476.184412161708,3134690.3388386313
4.0,17.008557592861614,155.59667708015593,1321.5232325050313,3454231.8386105406
3.0,24.6664568291137,131.5645102244958,1468.846946158208,2915327.5348376073
4.0,29.80577969893585,131.47699170135832,1364.5919813916032,3632585.6404666547
4.0,36.8030209715404,145.0351002445057,1704.1933726899924,3882133.3193351366
3.0,21.201710836481258,127.65492768169717,1457.4048116304887,2799085.1482916586
4.0,18.121753969363752,153.1875593613684,1183.1285577349602,3583519.7263147444
3.0,28.341199164193704,139.44385285549964,857.2669952450107,3282022.490207191
4.0,16.346278306438826,103.86853276963598,1251.5195834844346,2783151.8757746564
3.0,27.58327343770864,116.44137232504163,943.5915699881087,2942373.1428772015
3.0,28.560738462638287,125.94184761990992,1082.2209130158105,2780001.7084782175
3.0,33.92617160852403,115.52907283600555,1904.1665103577416,3083223.2338217557
4.0,19.819252302503717,132.70683396550567,1301.3572455410772,3318429.225081992
3.0,29.262754445872755,137.11312928651392,1440.1966034445368,3128245.0092248735
4.0,28.432443570101764,124.87604013769192,1639.4838101125888,3666279.541529835
4.0,15.606144893187988,110.75558499707813,1600.7525747854563,2675946.6236533076
3.0,29.359078135861164,128.99973504031271,1471.8378425656251,3292345.551195249
4.0,28.7933963441205,141.53331630417256,1425.6106265562273,3706053.967284959
4.0,28.116599273898125,121.5952360595499,1501.6400632386599,3358004.63103413
3.0,16.669403092105693,135.28074918954923,1268.554849015113,2714949.1283951504
3.0,20.221116062804068,132.79284444876765,1357.2012713271288,2581209.7433941904
4.0,7.971850031700813,168.89342875341003,1686.5209341229504,3030975.7076157155
3.0,13.24213069725198,127.84707380343747,1608.5767468285237,2560845.5187725592
4.0,28.54140333651405,118.12366849955376,2270.7966772467016,3187479.751992987
3.0,10.54631396483682,113.9690833709403,1147.249489425187,2152772.371327971
4.0,33.52405182693156,158.0358481512974,1851.7858407541503,4162134.3851277824
4.0,20.14490994494965,109.02055263008626,752.4810682150454,2638000.444313801
3.0,31.688072184261234,103.83063047193224,1629.410389596578,2808445.213218201
4.0,21.893859393699245,97.91770178471788,1372.3315605759144,2570525.957505346
3.0,30.72659981796161,143.2358242876984,1573.4244203762817,3220938.5627185
4.0,25.229018376250217,161.44334238545548,1314.067996818675,3903164.0171389035
4.0,24.1773857031299,140.49124812565034,683.1258504744483,3719424.5282143527
4.0,27.751531911638956,139.83201756494387,633.280278868873,3465155.0853934996
3.0,21.624175347018298,152.5882216863745,1233.3802527594971,3295464.819036174
2.0,20.10454701106399,108.07441762456493,1444.0494822431788,2110232.1384711796
4.0,18.60739312299907,134.0725067388358,1804.536301592397,3392851.74992505
3.0,23.475487363109664,121.26935002677288,1603.5018875579929,2779530.8533851006
4.0,17.082019265090686,114.61444456192427,987.4786799821272,2761770.712611315
3.0,27.339727753602954,109.020846959452,1332.0994624081331,2800884.639456954
4.0,42.624869049914295,119.18952544549741,1516.931194288801,3828218.226234637
3.0,24.66883041954578,185.2621380127182,1976.5160093523307,3881295.269383977
4.0,32.373207313073124,163.66209210252947,1300.2803217078726,4325254.76089283
4.0,18.710163305600982,146.09790527035955,1097.3284361792767,3292104.141607471
3.0,43.087697444708894,127.84804342725174,1463.4874709889036,3543229.2631043913
3.0,27.638852901805762,127.95614591740745,1729.5718773608976,3205766.97725463
3.0,10.92717014213816,83.03641387901811,991.3184143964944,1637220.8599290987
4.0,32.90786856236215,115.54416047976983,1977.832619235133,3493251.7921552355
3.0,31.576325470748323,127.02057535540835,1696.8074699762892,3073735.2194919577
4.0,26.55608056955899,137.88177673843114,1580.4702092290563,3661428.0352283767
4.0,22.354609617529192,139.5635961515929,1412.0060510768697,3436299.4541434525
4.0,27.750290308102397,108.13062344474105,1202.1619302777115,3155357.8307515224
4.0,22.01783049318209,140.11555753268465,1303.2236582523226,3337480.708443434
4.0,12.517860092728053,102.67960473293411,1277.618762139725,2507620.323798751
5.0,29.151070542855134,119.63284081402837,2047.788996217972,3967702.3832996404
2.0,43.14440671084079,127.16774455506729,1592.7180216049514,3278592.492285191
4.0,30.241054107781057,122.28992126718194,1932.6878824962516,3701771.8471806333
4.0,26.155791017882997,116.99656145511346,1288.9215581340218,3074408.1227345234
4.0,12.496521902395626,115.09446537452827,1121.8648142591599,2516910.148894337
4.0,37.18441261901775,176.76992366180346,734.638602705085,4448669.389262792
3.0,25.768379909207848,163.8952997150812,1463.508989855099,3184330.0004472868
5.0,25.855140219471878,136.84380942513616,1319.2070245958348,3995683.9795614076
4.0,22.39286001187797,151.67799962084374,2064.4372019310667,3535546.1176848887
3.0,14.90866944803492,124.59875418213232,1525.5284372406109,2500915.8937960323
4.0,21.9701866308779,128.32191106074703,1134.06584419209,2990945.1304623773
4.0,39.910667797246084,108.1498179377954,1093.7095455116091,3757968.5915284506
4.0,19.431993081297602,125.08018413437546,2125.759075754447,2954964.911555845
4.0,34.63961836300663,149.69317038238944,1157.0017528828062,3972267.2440005178
3.0,28.477223689918638,144.8769648982588,1647.7385114243705,3431604.179860922
4.0,29.253133690774295,128.24016227125958,1107.653055476465,3741606.1781386095
4.0,26.101250415073444,126.93794243690482,1722.6088418291338,3358490.3817811133
4.0,18.20276007641487,138.87968767401856,1510.7687241542976,3073769.4239999987
4.0,26.986032906293335,130.99001852295743,981.9940660696528,3612750.6864560703
3.0,33.303612710942396,95.61837863584529,1770.4674351631077,2835170.761169917
3.0,29.445183112267298,138.57168917054474,1981.2346734579644,3266054.0001563607
3.0,20.250427114577935,131.21042163816892,1063.3207551823284,2880119.525987665
3.0,29.758042825273932,121.41922235306325,1064.0383785146516,3106466.9925616505
4.0,22.925416697384314,93.45694457931255,1416.8810439378815,2782258.317335643
4.0,27.27233974184959,99.46703813309313,1419.094312178182,3020501.338806692
4.0,27.386711052413176,141.63336020665588,855.7961775383905,3401723.1097987257
5.0,23.300296514645545,155.5526833032776,478.95296175855606,3922110.831615985
5.0,24.009915270204758,107.85026672510551,600.4404562986361,3396141.058706747
3.0,15.606459116213772,116.72218649730927,1575.4230247741175,2306247.7799842698
4.0,32.16098412781882,123.2595400161512,1539.0383520911098,3481429.416057533
4.0,28.251674462674696,171.06243693029217,1080.0717896660767,3923693.014471805
3.0,24.732684099740357,139.98497314091063,1488.750828091567,3070042.8928310433
4.0,23.97636602683509,143.83420778402126,898.6916020574257,3600952.3704968966
5.0,9.714584770722755,125.75188271022475,643.5112882144759,3139978.5432919716
3.0,16.252056805548186,141.67501771049712,1823.3689697799223,2750959.586393011
3.0,27.92368270812627,125.17527455018507,1708.5144236558815,3181645.146518362
4.0,17.66873084573137,151.06098906243022,1412.8355615205778,3369601.971977866
3.0,41.40094037838816,166.05816633644213,1528.5063763487583,4260680.100905396
2.0,25.706368551082537,165.99471593623667,1840.3804274027646,3003744.9019158194
3.0,24.71054980209852,163.85595474157543,1578.4245729048096,3564282.844010916
3.0,26.88169557474862,113.33997404260319,1730.570133101024,2674569.739087616
3.0,26.771089563368506,163.72974285124872,1199.8248677118652,3461917.820254023
4.0,43.44060438347064,149.47082401736276,1684.267517274611,4488333.588644063
3.0,32.56900196982524,136.03667378516542,1597.767358394681,3192089.6418273514
3.0,16.54907540017242,138.46352168521798,1579.5997906677162,2735548.1538190655
4.0,20.069323279279082,126.38250928379414,1432.054985333524,3004321.127008319
4.0,20.409981737850565,131.58489918802863,1269.0483465665586,3144820.0746348538
4.0,17.0292530310779,137.91342165444564,1323.5913717922513,3138258.9853142723
4.0,32.011372119778365,121.54486059037885,1004.7416461746831,3521111.781329745
3.0,36.96728956295874,109.40491269293739,1149.4991804904475,3172802.3330021887
3.0,25.995493775843716,150.11153984323954,1255.2015454140262,3343080.2575276513
3.0,16.694960108476966,133.92565704667754,982.3050345685867,2799997.480798369
4.0,23.708989157610254,130.51635630733648,1770.9763860088392,3524337.479300931
3.0,34.97587481431805,115.82977921354191,1172.6689052606853,3270946.386174576
4.0,21.955606039361353,130.10838853176108,883.7450019192399,3076064.828139751
4.0,19.79035744896727,83.92781199694014,1541.371745932826,2309181.6916119773
4.0,14.097429775587951,146.22778311786715,1356.5432584261982,3136317.062233336
4.0,21.00539568368834,154.76765712175032,1152.5811307350937,3653409.1970798704
4.0,22.16135254590616,129.7398259922836,1103.4121795802398,3350374.216939441
3.0,27.9454880171231,151.1341510332798,1011.8300944803157,3556254.7626870684
4.0,28.708731658042634,128.94436352201507,1217.7107412652165,3302513.331383672
4.0,35.10804671205488,153.09757170598388,862.9641501316297,3919046.134467107
3.0,23.180132122794486,142.85758208903076,1585.231648203335,3124429.1290731933
2.0,24.609873153615673,136.8117517123651,1093.9791371275692,2661003.7059114007
4.0,29.032583901811922,113.45150868276352,1574.8179070233823,3148041.2952018646
3.0,16.734252512325366,118.08715362660098,1683.6025629789765,2585684.2118087434
4.0,22.219635310282342,131.47042201183103,1191.9986383798257,3444636.4250271143
3.0,31.605857068054128,144.14140415091634,1598.1437780025417,3369292.6794513315
4.0,45.38605219721368,115.70855244961567,1491.6826557950626,4073006.648259058
3.0,28.36829504157608,124.9496482888821,1719.2327863323055,3149486.426049723
4.0,29.842772271718037,110.92130832195438,1553.0814867267336,3061460.7319554975
3.0,22.591661772487026,104.9820017096072,387.3700869269154,2274025.5624733567
4.0,29.12065802782223,130.99614129775432,1972.1674531324084,3589033.570924649
4.0,15.287908252708144,79.78311494631859,1353.6625526474372,2205923.1205549594
4.0,18.24180535332155,108.82145866364523,1296.9908662557627,2609877.3580464106
3.0,31.462145914270486,107.51450231520158,1777.6325571457733,3024110.164410989
4.0,35.73607707723295,107.18314235138244,1426.1882168636387,3518177.2413085187
3.0,29.327620124228673,107.8551210546392,805.9771987467944,2604436.760398632
4.0,20.391327695172034,122.84478433164563,1123.0300548265216,3213191.276636223
4.0,24.116305346291334,103.40409719413756,1422.9745611490794,2727694.8254497824
4.0,23.449377542751673,121.60401638982933,1280.0122690264725,3374666.2763251397
4.0,16.776217191907165,135.9631628112661,1369.1694282871842,2966554.030366036
3.0,27.01938150170908,148.7314421810313,1582.8329642212923,3423944.5548185473
4.0,27.85396567722257,122.85784452717498,1403.0160640176807,3545710.470625445
4.0,14.269331832246186,114.54970925697506,1523.3919093775846,2757451.62489073
4.0,33.381322051994765,112.22122354395214,1443.2778597533384,3227886.0710282978
3.0,27.239321685338258,120.67673496892911,1019.2971757461078,3084901.471963046
3.0,19.482301411419577,165.19915640272012,1108.0001577177363,3309344.112976382
4.0,18.189229540046906,130.30754103210353,1386.1865753372454,2860565.9731495935
3.0,23.10112593179067,140.3113002541025,972.8812462080681,3060785.5488966983
4.0,25.145782252350138,120.67679118662139,1078.8183333414868,3272143.8312942088
4.0,18.036383119739757,140.22276043218716,1356.1836395196062,3047856.67268284
4.0,41.724876480763925,94.8022947069536,1340.8885438448942,3342727.943707716
3.0,27.14407779231509,123.17687386726746,857.9213344660515,2885005.0168363536
3.0,13.632349596812093,142.29545409654037,431.16491494752677,2576684.636995257
3.0,13.586903867059062,135.5414264820563,1267.491362475337,2342976.7891360223
4.0,29.44480204428934,115.55775132997346,1495.7060644768255,3392606.0030140216
4.0,11.417679435583954,151.2550829204771,1306.2998887100607,3321526.630497477
3.0,30.3780110937966,144.4041066622201,1534.545581174883,3110577.6271513086
4.0,28.270740399543868,134.55008723353114,759.4803470645921,3415434.526503838
3.0,30.651357659850852,135.23635349181885,1540.0982829508323,3116623.1349646756
3.0,22.25019115199952,139.423872138509,1370.6326331141483,3072571.3948420575
4.0,18.490484746113964,162.29217106376646,1945.1360326190706,3610976.2255132045
3.0,28.294995265616805,121.63564765411343,866.4585768304169,3070340.4784074835
3.0,23.548798993037483,145.11780668239243,1448.1220073457182,3128896.581307738
4.0,22.808911168290308,123.26019710588133,1239.2352676334697,3017593.740083077
4.0,27.123860978778733,152.4633886275624,1772.337062658817,3923127.4546571686
4.0,15.411656656678083,107.7362478410878,1143.6202975827023,2578160.5434139557
4.0,31.898993255982287,144.40126968383524,1159.1107922226065,3862063.7469873005
3.0,15.701786650814654,165.1305705203811,1924.7785794376932,3093163.391752098
3.0,15.550460881490098,97.36548875898973,1354.1261001277815,2020160.9572621165
3.0,31.652107128134983,116.96236127200031,1444.7531256666894,3175544.165905096
4.0,29.23859811935072,158.13951895120883,1670.0655654890372,3898554.5986889377
4.0,21.743521268709603,126.93836200845817,1998.4732320262822,3116739.2364127752
4.0,19.53622385190597,152.0425211140889,1677.0616571550106,3490553.630784936
4.0,20.765272782632113,140.81398898887142,819.722969317933,3579871.7364416625
4.0,32.350773579364485,139.63644764360325,1527.9744477511206,3936483.9142258586
4.0,26.380624367192798,106.52924045189889,1436.4679990235475,2999694.9973324873
3.0,12.818126508189144,151.5326322883559,1454.8571186944366,2663824.3262833897
4.0,17.439466001653834,130.38930804850645,1183.3840203700793,2944125.4733975213
4.0,28.63160453902365,127.1427471790766,1777.1820528573971,3268294.1293004723
4.0,23.81890239346965,121.8569540661162,1494.9430947591286,3326523.580862686
2.0,33.086004138767166,139.21099002284768,1166.5339293978402,2995660.8933378067
4.0,28.78140316714015,111.29572401754936,1374.0510766186103,3194670.0297345254
5.0,28.35534395510808,123.27085400338164,1373.2080943147114,3845864.793798393
4.0,18.38222262629054,145.20572961223465,1698.0694469101772,3448123.0687208986
3.0,17.850067040732952,132.62315110860175,1253.761280997704,2820677.9277229607
4.0,21.561649991115956,145.4652485076875,1151.8719878727798,3342871.0918110274
4.0,25.138690636009393,129.5237400961102,853.6988488465514,3579463.4984272392
2.0,31.71486570898912,132.94660931420339,1171.424878061678,2935789.4533904423
4.0,30.44953322614194,124.07599832493561,1444.8237725361491,3306645.7191103427
4.0,26.837945651037323,95.38426814972578,1378.4734799946805,2858446.337403959
4.0,22.190914327668693,103.34187700097416,1309.5027415489194,2660631.56544693
3.0,22.346504081742143,102.77879017612753,1620.537959214707,2472327.0348653714
4.0,22.553977569697395,117.42175932544532,1139.7782823823648,3183579.3330909694
3.0,35.16015165288295,129.99987073171212,957.0122373680746,3450397.540182527
4.0,21.18286972360512,104.66403589211689,996.6347770345621,3026877.435257982
4.0,25.382591806880246,142.67743812595717,1103.151141776161,3720165.4379238323
3.0,32.333823651323684,134.86837354039983,1375.188808783116,3365010.1371581233
4.0,28.517012482154414,125.02676337782037,1833.607995413803,3235730.004052791
4.0,21.68676438183633,125.2483413426198,1371.824744739629,3024743.4996533417
3.0,25.712899122161765,140.73156208502843,1559.2602357694896,3269027.398475505
4.0,18.601845502561847,155.7929550270558,1557.6946467181458,3707248.9655628623
3.0,6.408211973869023,140.61729036154532,621.2557177083537,2427268.6719602253
4.0,20.07986131691168,129.57087082697723,1737.193298787555,3055917.830008028
3.0,37.41194059974595,144.61810191314396,1488.7204721103583,3669843.497739824
4.0,31.11900894458803,104.881309620052,1091.6122573874095,3412870.0300462684
3.0,26.555775204588993,137.80952415920345,969.272573450856,3000079.062297328
4.0,16.124705912947793,136.80484330312413,1626.0245614161843,2962465.7193474574
3.0,20.581797912748666,129.00459188853193,1772.3900397868886,2788559.922622051
3.0,19.611345492816426,124.64562606568028,1885.6429602122657,2796950.2056775475
4.0,28.25036072493915,137.783185881608,1250.75564529489,3812315.2271088804
3.0,18.940383352293768,128.84885372467164,1480.6591042813016,2578328.6776972506
3.0,27.876046576405592,165.7198492868814,1463.915798186349,3744933.450308117
5.0,27.080784395918375,122.64320355905834,1718.878026650471,3814356.799412383
4.0,29.978948511882322,134.30109072663763,1531.4277535965346,3426243.971019064
3.0,25.170975071812748,143.32714844598013,1484.1252295778015,3210357.1449934454
3.0,32.21654590905246,114.70787848996338,1498.199607663626,3075004.65105491
2.0,37.01857074472631,89.94771011712332,1878.1334254506362,2478247.3676326843
3.0,28.114030885718428,113.61350451702087,1608.9209495037508,2892997.6521800323
3.0,36.521263033055945,133.9886567960923,1385.7210457005012,3658157.172129236
3.0,27.902861306978888,145.54947459655392,1893.68874442973,3096080.1914446484
3.0,25.616145189469204,143.93405352097614,1332.5525647302613,3265668.24614983
2.0,14.512304930316041,136.69051291706177,1547.9966303748663,2192534.392765797
3.0,35.48311295684997,148.6777877204006,1262.4948352920385,3670601.92727056
3.0,13.740022115153284,131.19541443770856,1288.6326225429787,2447180.547095642
3.0,36.15623377786124,95.43268946403967,780.341117393298,2927581.864685354
4.0,19.898186544368105,123.98117845386595,1410.6896283846052,3169068.5894219503
4.0,17.22050937044755,143.7193128352186,962.6359426271631,3079759.7503103036
3.0,18.191507344887313,109.42343947003778,1383.4602342985586,2326502.1733718207
4.0,27.95506462963524,172.67326618093512,1092.676754564948,4010597.6634963118
3.0,15.175401628316049,170.70906818457854,1018.8528381415526,3287149.852182261
3.0,32.26889539917652,117.8194962232616,1268.997029984678,3180257.3499908214
4.0,36.55968796947885,88.3287833863069,2118.565945066784,3185037.069315532
4.0,16.3981834537351,102.6181122225056,887.0022963071665,2814348.0550773116
3.0,24.381548898903084,151.86531161904009,1392.7843831449193,3249604.853057748
3.0,32.55239172405317,130.09117713978384,1770.062990442572,3364595.701518773
3.0,41.22057654463212,162.1408054740874,1217.0376619032902,3931675.6965577356
3.0,25.68618465931803,91.69011707045787,1549.8672261393413,2387027.4945217157
4.0,15.254407474868207,160.79223508934996,1980.4921932296304,3322188.4782697647
4.0,31.633074127717684,120.75535776499075,1421.9264681999032,3507827.7903835457
4.0,27.29129501802862,105.58391316601289,1667.094177338928,2928033.5479721716
4.0,31.022275562228995,142.056653365989,1587.1581054454186,3616935.1553593352
3.0,32.63079127797822,124.39275131811405,1305.9632516721354,3324007.0689157336
4.0,22.370921313246676,106.96669089737952,1696.714831360129,2873174.5857857475
3.0,29.74665875402965,122.4360905535984,2062.041193925833,2951925.3542037862
4.0,27.656167897844064,128.8229468800767,1640.239714369176,3395193.6806288897
4.0,23.389848746134994,156.71516914112448,1307.4353353493937,3673616.879606292
4.0,21.673819502667378,144.64251956932327,1084.6654846256206,3302706.152350799
3.0,12.832166810794268,117.02738629451142,2026.4349420020844,2434923.263002135
3.0,35.65653537437845,158.15616597360162,1287.2389031799405,3965839.349072708
4.0,11.596263185586976,129.1440618749853,1169.0798593271797,2911964.798823099
3.0,32.507307995708906,141.291946975734,1349.9477648325415,3391913.209637097
3.0,24.751366921902388,104.48565647880734,1355.804073667778,2666029.0419304287
3.0,27.17031433042704,96.86613443828634,989.8537931790169,2384685.115271236
2.0,11.922384940394092,135.75006856475846,1348.682163374981,2131622.4472437305
4.0,25.890092892667766,162.50035928320645,1563.3622093701886,4009636.6509120967
3.0,32.182170157443295,158.14800690266904,1284.9972808296518,3464222.5254898644
2.0,27.319082137187284,114.52273323605206,1059.3452607421214,2451179.3019432286
2.0,12.24206823562253,155.89891678150516,1554.2763437327314,2492046.7687500296
4.0,20.279668364253705,71.10978160090646,1252.363820028209,2184071.069133658
5.0,33.1533746550739,106.93959417028131,1637.1649038736205,3836608.826967251
4.0,27.4716607966518,152.22505318145213,927.5883728544767,3648061.3072424936
3.0,34.42319863714304,114.47763570125349,1148.3422137517266,3257142.649652972
4.0,18.99216865865229,135.4214900484817,1349.1406293558584,3107971.747110206
4.0,36.70855141819428,162.68615166591434,1188.5210635483309,4101551.9808671586
3.0,23.541422400495264,116.79152676079082,1903.0773571208333,2702346.9696600353
3.0,27.621366071415753,120.35667051281303,1712.4460253812395,2943127.7360281255
4.0,25.635898801893607,135.80200161288758,2086.8986756040604,3545272.4456054834
4.0,8.006357079206357,145.89586011179307,1798.441840075192,2795550.1816898985
4.0,30.615884130958815,114.14786044599131,1228.2213690061458,3370159.842613707
3.0,32.35206115240938,152.71548880305562,935.4956161049093,3469112.0779249715
3.0,14.094786554462724,116.70946515396525,1504.1962110854774,2053705.1235071903
3.0,17.847499095647194,129.48153793523346,1381.2641443061523,2632750.936440886
5.0,23.37638030568368,139.3579145636656,1298.1231110573246,3992522.096335491
3.0,29.725101973983215,103.06949179737725,1100.9412683073842,2681422.9921071287
3.0,29.342037399069483,146.19924829694656,1248.4550706364569,3372456.999883459
3.0,25.84725692608238,157.71520739492277,1937.2216227292818,3219834.475869702
3.0,28.213839969177364,77.81133814322854,1468.4473251313038,2495615.6542534707
4.0,21.07391238379277,130.21991859521808,1807.028690922241,3376237.8445332767
3.0,25.091570331045872,122.379204507483,1313.6179431172761,2551902.6331810663
3.0,14.40730495900196,104.61663657752145,1273.343874182568,2072228.2624867877
4.0,26.974687316703637,141.3122860818771,2194.4899343487573,3719874.5924524027
4.0,23.242510912949044,107.63096089684234,930.0565956201677,2817234.5114856847
3.0,29.54541886086704,139.90378339489172,1083.1204624971788,3208838.8189257
4.0,19.686659220329016,131.40634237921634,1134.6883586245506,3190884.31061185
2.0,16.150106387059033,156.42125378506432,1547.9262571840468,2524369.6555078165
4.0,16.008976612866448,145.8768662939592,1537.3318240070316,3038600.1734092524
3.0,19.958886237183155,128.0668641024077,1300.8075937232877,2637940.2631791877
4.0,35.463475758812976,116.13547765533794,1065.8493464963685,3409441.9790394716
4.0,29.751365038730267,117.58012806536445,1309.8373926479453,3160347.225674801
4.0,27.815723370829016,120.93335823101762,1273.0842515582476,3197734.685603134
4.0,20.4113101343468,173.5449843914983,1572.0887509265833,3808529.0863912106
4.0,13.189343738580202,125.4136993169245,1181.3178072380779,2660268.671103264
5.0,17.674148771358993,132.60692214017263,1126.0550940774658,3592124.8637107643
4.0,22.537805918019252,107.84637048838076,1478.0139854306717,2766620.668769241
4.0,23.051009726841087,137.3907316119023,872.5948438571771,3573467.4900689777
3.0,25.222286662417094,151.16954809377506,1419.5575991557819,3238850.6941702636
3.0,35.23347547116494,140.56798750053986,1852.9825747577322,3311314.151109419
4.0,14.054085544772567,135.54089860935574,889.7607867241671,2942450.2957185404
3.0,22.290061601633255,131.21019188293843,1717.9102304921735,2776568.9173369743
4.0,18.327834470408572,90.55531229681846,1645.4439840784437,2352125.058210803
4.0,19.210085450720648,156.46317999646777,2092.10755709565,3483072.2749278843
4.0,29.887407184799223,121.68828317277604,1226.3327606675132,3352302.123722294
3.0,24.762187596112643,125.26462580597767,1871.2649831936426,2773183.8471545363
4.0,24.364620580783782,103.28624725160088,1792.2183225798565,3018178.6843436453
4.0,24.01956786985729,124.41831867785136,1344.367435625473,3070218.052227906
4.0,29.72768944409315,131.63960292671075,1354.518130508565,3393326.2915605777
2.0,27.28025830208501,146.0788812338693,1891.3469088125223,2715906.4953406956
3.0,26.92428725900586,108.5108545769135,1464.0664522009051,2805803.8520014565
4.0,26.91296042096623,159.70837911062205,1444.8326056896253,4002648.9374051457
4.0,30.88715214138195,121.18239786279747,1572.9816247216183,3392097.0174929798
4.0,26.59041289998788,129.53915915691567,1431.4997121199588,3342115.541209451
4.0,11.015896623984991,126.62815203207863,1679.3093818143516,2946675.8396107694
4.0,12.326880232191584,138.00191108430033,1115.5325684506024,3117429.042459856
3.0,32.058906755067696,121.36660971768482,1469.8010534098441,3113291.5939794783
2.0,32.15968264908979,142.38675741641134,1361.8686099087588,2991706.8698964305
3.0,29.145837265539146,148.47158679851862,1480.687561142661,3397648.807579021
4.0,13.936672892130382,127.16742771285406,797.2376578626084,2931896.231378822
3.0,22.08939409894814,177.69341484072186,1185.6168369376082,3601317.79743483
4.0,31.999110274451812,147.30670431229817,1205.3389348329745,4051969.235683417
4.0,20.762083795559715,133.95352044771278,1489.226921455653,3032555.316911969
4.0,14.583370298353834,115.78124394190756,822.6681470024408,2512994.0554881506
4.0,23.620542695143715,143.88865476886525,1271.530700440035,3580144.437483551
4.0,33.267647281666065,135.23525355077055,1692.7762036019856,3614116.9835413313
3.0,27.429848216268976,130.5370828607715,1849.5600697570085,3135277.6253566705
4.0,27.024854752722923,156.96993903698018,1143.5494564350051,3866010.3834371595
5.0,26.985431984345382,98.33667984868977,1295.0227055160353,3259937.7281869147
3.0,20.749648554602263,156.70556700849585,1192.3930633457642,3056600.097421091
3.0,22.945377396189755,164.4043345552155,1515.4328131897894,3494980.0435927636
4.0,19.44920956039754,84.63889591427338,1040.9949417775206,2499555.4926948072
4.0,17.32400270665505,144.7109691067576,1608.8352121052508,3084564.4909614483
4.0,12.512372043779358,161.34766428375931,1290.6004872929063,3481611.207815874
4.0,29.103665289629,96.18351556424538,866.1493906936613,3170334.6435023844
4.0,30.344143455956324,185.8100432120944,1123.3755726094446,4517794.412822287
3.0,25.37125758706619,138.91379313265554,1653.0276794467923,3242740.3585038143
4.0,30.76165708713138,97.66072042950647,1080.5982840689421,2909298.5283053387
4.0,26.259469639355064,140.59325408349898,943.6544318511283,3816496.5219443245
3.0,23.650065895486435,139.50491132800147,1058.484346176897,3010353.152644391
3.0,25.123063824418978,115.18437224410442,1241.8763865298445,2665730.31066684
4.0,28.162301068746103,105.91322297673779,1977.3186075275075,2936819.511862725
4.0,36.47230605888445,137.02949577565022,1451.0246895563967,3954912.6905984953
2.0,27.279169738296467,175.51816114806877,1295.9946197492782,3392869.277589646
4.0,37.099443145594016,161.44795936933218,1089.6192244872173,4274417.090869233
5.0,22.133296080234548,141.02156191059836,1989.1487034489844,3713757.6999861863
4.0,25.159969348267122,92.56989848930138,1229.5240490901083,2865537.2020308794
3.0,38.412558842699475,136.03118307011277,1484.4431510472198,3717329.7013231176
5.0,20.67673471248999,135.61118090827452,1488.833302530989,3547985.0656838072
3.0,15.104106756728063,100.12223165518535,1712.8958946206612,2251305.252612495
3.0,27.784795919385274,174.91383502581834,1071.7546400500235,3690432.3303197306
5.0,18.731848090736847,149.13309138705367,1344.9214210239807,3766966.8073478113
4.0,22.40945023536716,163.67582273017223,1315.0463685432978,3886691.9531131866
3.0,18.989874259159343,117.16433528429015,1584.8767428082413,2440074.1471770895
2.0,17.97239069634274,125.01268445151291,1258.2804206749768,2233965.4256996224
4.0,24.99364730952731,159.07404998003187,1257.9984874636634,3794048.5188617515
3.0,27.52331172992281,117.76008738084283,1509.6590755362238,2857437.366082974
4.0,31.080470937947332,136.4227205994749,1125.5060804251032,3670616.7977997377
4.0,33.25702000623232,97.7529309485964,1422.1956362320789,3255788.6354872165
3.0,17.225994804559413,158.46915491434592,1710.5325280340985,3057000.647498047
4.0,29.805226388552963,87.1812805173594,1266.3928681483562,2732887.3915360956
4.0,22.048883900209564,118.25617738726567,1472.6097000444374,2978588.1629428007
3.0,28.25322562214186,141.496940783987,1418.4237037606774,3242108.7533823843
4.0,33.67605045975469,103.27416425693059,1725.2146185189808,3162624.285715636
3.0,19.159177482859025,93.48214963592801,1143.4326335520432,2096622.0262738918
4.0,39.10721538221798,115.01551034046446,1527.8016788878447,3624236.353916425
3.0,22.925515987323195,133.83600283516347,1392.436554800867,3002411.150230259
4.0,14.438918332661476,121.03089774000719,1234.3639951946247,2760912.260823121
4.0,23.05885144016086,114.09200333961357,1311.9708445214492,3198298.228246579
3.0,19.999204322154863,91.00236688344627,816.3821645269271,2320888.3074987335
5.0,20.29287148973971,114.62429825920869,1300.748813429064,3363511.455932115
3.0,30.2176995465324,135.17743136184814,1629.0508543594246,3200432.530600222
5.0,13.879345988861285,113.38596074201874,1222.891011048296,2955839.016114382
5.0,24.89805600281681,133.53814023685862,1404.853145977068,3833157.202769191
4.0,13.243510067733272,151.06860330966708,1436.4191628523974,3045380.866549684
4.0,24.822236681769784,127.44314831749826,1357.395562849009,3470702.7636460876
4.0,32.807939572563875,117.63957183702594,1450.7875687233409,3627187.8353085467
4.0,18.285661846380954,149.69597409495333,2119.7533910640877,3217586.498578929
3.0,36.00053651365529,105.7776010183687,1635.6028226771427,2763711.833297897
3.0,23.384051330705752,150.65274862377396,1721.7270791194699,3256098.7113608853
3.0,27.487863757257333,141.5581856016304,759.118178489152,3336098.9467440797
3.0,36.71203284073556,86.49666981456508,1119.3422465524911,2879431.946689516
3.0,18.535073416936932,131.94995872487294,1507.6366929857165,2619548.188746106
3.0,26.29691636894464,105.37733908244014,1847.2129109510543,2737441.6431275406
4.0,22.042144942713403,135.66787032701043,1952.6418748318388,3411829.673417951
3.0,34.88423205832108,108.65658069238314,1355.588299981086,2817399.574007094
4.0,27.76052068108946,108.89049798071596,1394.7883191647666,3210552.1252328716
3.0,36.36208522998455,162.66554224022474,1562.473707437921,4019058.326719664
3.0,25.431790193645146,133.36921791851177,878.3586894309002,2962002.2486510044
4.0,25.936627700471828,112.61625072391979,1175.3092711293941,3123032.694931775
4.0,8.858386854577281,154.05163377585507,1759.6599216574166,3284228.1469745487
4.0,25.57996557568665,139.52305140387028,1175.0309567620313,3343179.7695043264
3.0,22.150109724012914,113.85170958690058,1358.9863439464202,2780360.7265612464
4.0,16.70304504817514,132.8150075262195,1067.1635278637402,3121685.5171603737
4.0,35.61317920312026,130.79087933782668,1279.321159697729,3774093.6926065073
4.0,26.82852280918337,182.05481908950162,2151.571599362769,4072843.3222247483
4.0,18.06570988682517,124.20722675448228,1186.2363471105132,2814376.4692920586
3.0,5.401657791622464,118.58812450718338,925.8084566366927,2116810.829129938
3.0,25.722056723831557,100.77184648534227,1837.2932000153803,2534234.521768122
5.0,35.208603641081304,128.77202626084073,1622.9643128125313,4044997.4408945674
4.0,31.05370714120164,91.9409320537049,1217.2814170547633,2900958.62763274
3.0,14.250091088156942,128.08161383589214,1146.2938266106873,2345021.658836659
3.0,25.6144206104796,116.65410238093656,1819.303322577691,2537639.078122411
3.0,8.375687706231997,154.60556651813465,936.4684888998185,2711646.953500922
4.0,24.66399247536789,122.05051008944147,1142.6702150928434,3049063.4540032344
3.0,23.048473748488874,123.26949268701011,973.259676161918,2802447.34059315
4.0,21.136822759406304,99.79887496536803,1421.39258585899,2551808.8455565623
3.0,27.780550040088283,144.6825555790201,976.1856000219807,3086056.852324235
2.0,27.9501799637816,135.83915993185377,1616.6864847996812,2709919.3399807704
4.0,27.34771620684914,131.58634678947857,950.3458760186558,3615357.4090925
5.0,31.61130208346887,150.8902351013968,1012.6318873150567,4406490.444181472
3.0,20.252159179495003,142.01462938163422,1745.331705881967,3013730.333199599
4.0,14.783771913527213,95.76476677584887,1636.6778423873461,2232091.3682556385
4.0,19.82761824541346,140.49950088924123,1375.0849013985649,3400962.09464367
4.0,28.43186145544261,122.16116008738393,1135.6651546958776,3525525.4941509487
4.0,21.45077497546791,121.65643974336032,1383.5055857425125,3268022.6894360357
4.0,11.83443503041352,131.50539902163678,1091.8660194069441,2655052.1197779453
3.0,17.87367700152623,128.32386664575063,1243.1957405646049,2722023.7661441257
4.0,40.6370360673662,134.4350178390512,1360.7156375568588,3848035.4398348834
4.0,9.545043308649026,154.38906554028853,1264.1463984137079,3183241.4557560226
3.0,16.945680327615275,127.1244663927739,1426.7951361806174,2501373.6640682397
4.0,22.319694311440628,88.74646220955384,1883.103032593676,2758908.0933280904
